symbol,signal_day,signal_date,entry_date,exit_date,year,y,pred,thr,short_it
ABCL,2,2020-12-14,2020-12-15,2021-01-14,2020,0.1007624610271016,0.5689554069843403,0.5,True
ABCL,5,2020-12-17,2020-12-18,2021-01-20,2020,0.0453698965805154,0.7832450299147581,0.5,True
ABCL,10,2020-12-24,2020-12-28,2021-01-27,2020,-0.1188536541615345,0.80417214248982,0.5,True
ABNB,2,2020-12-11,2020-12-14,2021-01-13,2020,-0.2474592432992765,0.5753352612785464,0.5,True
ABNB,5,2020-12-16,2020-12-17,2021-01-19,2020,-0.2206745096780391,0.6510507958688148,0.5,True
ABNB,10,2020-12-23,2020-12-24,2021-01-26,2020,-0.1781099527534433,0.5209915192289328,0.5,True
ACI,2,2020-06-29,2020-06-30,2020-07-29,2020,0.086945668385614,0.8553060826333156,0.5,True
ACI,5,2020-07-02,2020-07-06,2020-08-03,2020,0.0895283415609086,0.8681170262796315,0.5,True
ACI,10,2020-07-10,2020-07-13,2020-08-10,2020,-0.0121645243240884,0.8208221982439255,0.5,True
ACI,15,2020-07-17,2020-07-20,2020-08-17,2020,0.066262033779508,0.7154267602814869,0.5,True
ACI,20,2020-07-24,2020-07-27,2020-08-24,2020,0.12135415398789,0.5972445555329987,0.5,True
ADCT,2,2020-05-19,2020-05-20,2020-06-18,2020,-0.2291631012398285,0.3073686825710561,0.5,False
ADCT,5,2020-05-22,2020-05-26,2020-06-23,2020,-0.1887212717479587,0.45686528368508345,0.5,False
ADCT,10,2020-06-01,2020-06-02,2020-06-30,2020,-0.3351785642514463,0.3602970580627122,0.5,False
ADCT,15,2020-06-08,2020-06-09,2020-07-08,2020,-0.290073603275789,0.4435843383077634,0.5,False
ADCT,20,2020-06-15,2020-06-16,2020-07-15,2020,-0.1720222725464181,0.6938417817849344,0.5,True
AI,2,2020-12-10,2020-12-11,2021-01-12,2020,-0.0579335949359346,0.4471692128833405,0.5,False
AI,5,2020-12-15,2020-12-16,2021-01-15,2020,-0.2928259435544695,0.5706772488650975,0.5,True
AI,10,2020-12-22,2020-12-23,2021-01-25,2020,0.1539117392935762,0.8597820778896118,0.5,True
AI,15,2020-12-30,2020-12-31,2021-02-01,2020,0.0214832048746206,0.5087522257889759,0.5,True
ALGM,2,2020-10-30,2020-11-02,2020-12-01,2020,-0.2256260436731536,0.7345892931959147,0.5,True
ALGM,5,2020-11-04,2020-11-05,2020-12-04,2020,-0.2788638523913604,0.787897091743129,0.5,True
ALGM,10,2020-11-11,2020-11-12,2020-12-11,2020,-0.1736489397651223,0.8139564842035607,0.5,True
ALGM,15,2020-11-18,2020-11-19,2020-12-18,2020,-0.1466668735422084,0.7682791449399567,0.5,True
ALGM,20,2020-11-25,2020-11-27,2020-12-28,2020,-0.0103704058355532,0.5343174689207044,0.5,True
ALXO,2,2020-07-20,2020-07-21,2020-08-18,2020,-0.3079435434641586,0.6884683655207825,0.5,True
ALXO,5,2020-07-23,2020-07-24,2020-08-21,2020,-0.4951156767170677,0.6484019284699425,0.5,True
ANNX,2,2020-07-27,2020-07-28,2020-08-25,2020,-0.2961121292678171,0.5359267031952331,0.5,True
ANVS,2,2020-01-30,2020-01-31,2020-03-02,2020,0.1512683218956482,0.7753722845506779,0.5,True
API,2,2020-06-29,2020-06-30,2020-07-29,2020,0.1570609561498493,0.721393355765538,0.5,True
API,5,2020-07-02,2020-07-06,2020-08-03,2020,0.3752197633026403,0.5947284437257642,0.5,True
API,10,2020-07-10,2020-07-13,2020-08-10,2020,0.3291775250948976,0.46111338659188106,0.5,False
API,15,2020-07-17,2020-07-20,2020-08-17,2020,0.2479356555680883,0.5496433374256366,0.5,True
API,20,2020-07-24,2020-07-27,2020-08-24,2020,0.1252709238001964,0.6413054890004031,0.5,True
ARQT,2,2020-02-03,2020-02-04,2020-03-04,2020,-0.2043455900313916,0.2892678976803127,0.5,False
ARQT,5,2020-02-06,2020-02-07,2020-03-09,2020,-0.4447967824433002,0.38580102065038574,0.5,False
ARQT,15,2020-02-21,2020-02-24,2020-03-23,2020,-0.592204289875491,0.350864434605893,0.5,False
ARQT,20,2020-02-28,2020-03-02,2020-03-30,2020,-0.2480314299728349,0.47417150807085334,0.5,False
ARRY,2,2020-10-16,2020-10-19,2020-11-16,2020,0.0169412921076568,0.5714600708229194,0.5,True
ARRY,5,2020-10-21,2020-10-22,2020-11-19,2020,-0.061732751745397,0.5961925606365197,0.5,True
ARRY,10,2020-10-28,2020-10-29,2020-11-27,2020,-0.1171412379826302,0.6789484247717137,0.5,True
ARRY,15,2020-11-04,2020-11-05,2020-12-04,2020,0.0903890026029602,0.7002326243898193,0.5,True
ARRY,20,2020-11-11,2020-11-12,2020-12-11,2020,0.0605094169652057,0.685934971298441,0.5,True
ASAN,2,2020-10-01,2020-10-02,2020-10-30,2020,0.0602525835170253,0.9343318527540371,0.5,True
ASAN,5,2020-10-06,2020-10-07,2020-11-04,2020,0.1348689622388666,0.9221636495181269,0.5,True
ASAN,10,2020-10-13,2020-10-14,2020-11-11,2020,0.0997686040125348,0.9012099302202167,0.5,True
ASAN,15,2020-10-20,2020-10-21,2020-11-18,2020,0.0533264226256392,0.8965866661837542,0.5,True
ASAN,20,2020-10-27,2020-10-28,2020-11-25,2020,-0.0869091897175136,0.8622393790749111,0.5,True
ASO,2,2020-10-05,2020-10-06,2020-11-03,2020,-0.2201888716048423,0.7946692321357611,0.5,True
ASO,5,2020-10-08,2020-10-09,2020-11-06,2020,-0.3183233539228894,0.7505903752136268,0.5,True
ASO,10,2020-10-15,2020-10-16,2020-11-13,2020,-0.2114158399529081,0.7113889765008893,0.5,True
ASO,15,2020-10-22,2020-10-23,2020-11-20,2020,-0.0930839978843879,0.6911768507131588,0.5,True
ASO,20,2020-10-29,2020-10-30,2020-11-30,2020,-0.1049684112460296,0.7083011904739827,0.5,True
AVIR,2,2020-11-02,2020-11-03,2020-12-02,2020,0.1159255370731962,0.7069158725672559,0.5,True
AVIR,5,2020-11-05,2020-11-06,2020-12-07,2020,0.2077036190757247,0.6814558005642661,0.5,True
AVIR,10,2020-11-12,2020-11-13,2020-12-14,2020,-0.0422590481950142,0.6685169258536797,0.5,True
AVIR,15,2020-11-19,2020-11-20,2020-12-21,2020,-0.0940997169927565,0.6271397928750918,0.5,True
AVIR,20,2020-11-27,2020-11-30,2020-12-29,2020,-0.1565747498798976,0.37219603470222695,0.5,False
AVO,2,2020-10-05,2020-10-06,2020-11-03,2020,-0.0969656964430276,0.8125497896594052,0.5,True
AVO,5,2020-10-08,2020-10-09,2020-11-06,2020,-0.1191751151183581,0.8804603388846468,0.5,True
BDTX,2,2020-02-03,2020-02-04,2020-03-04,2020,0.094077081038854,0.1543963971948552,0.5,False
BDTX,5,2020-02-06,2020-02-07,2020-03-09,2020,0.0588865117268492,0.19417294135543692,0.5,False
BDTX,10,2020-02-13,2020-02-14,2020-03-16,2020,0.0151676434361854,0.2428009535123104,0.5,False
BDTX,15,2020-02-21,2020-02-24,2020-03-23,2020,0.1738329313724852,0.23583460920417615,0.5,False
BDTX,20,2020-02-28,2020-03-02,2020-03-30,2020,-0.1802986844449815,0.549268387614996,0.5,True
BEAM,2,2020-02-07,2020-02-10,2020-03-10,2020,-0.2813435405374722,0.5151999304647538,0.5,True
BEAM,5,2020-02-12,2020-02-13,2020-03-13,2020,0.0503489821435754,0.4559583084455017,0.5,False
BEAM,10,2020-02-20,2020-02-21,2020-03-20,2020,-0.2267685463666269,0.4734378927564392,0.5,False
BEAM,15,2020-02-27,2020-02-28,2020-03-27,2020,-0.1823164592784176,0.6510532451871084,0.5,True
BEAM,20,2020-03-05,2020-03-06,2020-04-03,2020,0.0814502438458019,0.8347532147890115,0.5,True
BEKE,2,2020-08-14,2020-08-17,2020-09-15,2020,-0.6514704048739329,0.5288848704691503,0.5,True
BEKE,5,2020-08-19,2020-08-20,2020-09-18,2020,-0.3773399899885851,0.5667006412010309,0.5,True
BEKE,10,2020-08-26,2020-08-27,2020-09-25,2020,-0.2699024660825664,0.5935825229911265,0.5,True
BEKE,15,2020-09-02,2020-09-03,2020-10-02,2020,-0.283631816673336,0.4398997268352358,0.5,False
BEKE,20,2020-09-10,2020-09-11,2020-10-09,2020,-0.3301557961781422,0.5944118262484929,0.5,True
BILL,15,2020-01-03,2020-01-06,2020-02-04,2020,-0.4313523154317953,0.38868653733598046,0.5,False
BILL,20,2020-01-10,2020-01-13,2020-02-11,2020,-0.5442411904513739,0.20796673420920816,0.5,False
BNL,2,2020-09-18,2020-09-21,2020-10-19,2020,0.0467883274644544,0.7077908181369653,0.5,True
BNL,5,2020-09-23,2020-09-24,2020-10-22,2020,0.0733412539541527,0.7794305320131616,0.5,True
BNL,10,2020-09-30,2020-10-01,2020-10-29,2020,-0.0522220010428507,0.806712987201218,0.5,True
BNL,15,2020-10-07,2020-10-08,2020-11-05,2020,0.0028750490847805,0.7116208927044503,0.5,True
BNL,20,2020-10-14,2020-10-15,2020-11-12,2020,-0.0349284766266321,0.6540666995499615,0.5,True
BSY,2,2020-09-24,2020-09-25,2020-10-23,2020,-0.0896991233261154,0.6859775265757493,0.5,True
BSY,5,2020-09-29,2020-09-30,2020-10-28,2020,-0.2024355409977636,0.769711664479197,0.5,True
BSY,10,2020-10-06,2020-10-07,2020-11-04,2020,-0.191193710321489,0.7160492107755501,0.5,True
BSY,15,2020-10-13,2020-10-14,2020-11-11,2020,0.0005647782060336,0.6396966813128734,0.5,True
BSY,20,2020-10-20,2020-10-21,2020-11-18,2020,0.1051295829971992,0.6010319731127879,0.5,True
CCCC,2,2020-10-05,2020-10-06,2020-11-03,2020,0.0203919753875578,0.7387339681930079,0.5,True
CCCC,5,2020-10-08,2020-10-09,2020-11-06,2020,-0.1011208137827737,0.8201561668671264,0.5,True
CCCC,10,2020-10-15,2020-10-16,2020-11-13,2020,-0.0255902391321081,0.6778704469409679,0.5,True
CCCC,15,2020-10-22,2020-10-23,2020-11-20,2020,-0.0713872695034196,0.5691836564864735,0.5,True
CCCC,20,2020-10-29,2020-10-30,2020-11-30,2020,-0.322613765298447,0.7702817661280406,0.5,True
CERT,2,2020-12-14,2020-12-15,2021-01-14,2020,-0.0051500558890448,0.5695789446636194,0.5,True
CERT,5,2020-12-17,2020-12-18,2021-01-20,2020,0.0597531991010096,0.5294008881402952,0.5,True
CERT,10,2020-12-24,2020-12-28,2021-01-27,2020,0.1151889069488512,0.5702623058134602,0.5,True
CMPS,2,2020-09-21,2020-09-22,2020-10-20,2020,-0.2869044055046974,0.6708411357331818,0.5,True
CMPS,5,2020-09-24,2020-09-25,2020-10-23,2020,0.1261920669874026,0.7083965725870738,0.5,True
CMPS,10,2020-10-01,2020-10-02,2020-10-30,2020,-0.0264686481660649,0.770871649945765,0.5,True
CMPS,15,2020-10-08,2020-10-09,2020-11-06,2020,0.0059249695962323,0.7232765906337556,0.5,True
CMPS,20,2020-10-15,2020-10-16,2020-11-13,2020,0.0655542826772428,0.6532588534120539,0.5,True
CRSR,2,2020-09-24,2020-09-25,2020-10-23,2020,-0.4885103459098148,0.7651111236507537,0.5,True
CRSR,5,2020-09-29,2020-09-30,2020-10-28,2020,-0.342636190349906,0.855672747751101,0.5,True
CRSR,10,2020-10-06,2020-10-07,2020-11-04,2020,-0.4361689555117625,0.8321413630145594,0.5,True
CRSR,15,2020-10-13,2020-10-14,2020-11-11,2020,-0.5687751650543725,0.8092174518639161,0.5,True
CRSR,20,2020-10-20,2020-10-21,2020-11-18,2020,-0.3539342040702961,0.7733144287122076,0.5,True
DASH,2,2020-12-10,2020-12-11,2021-01-12,2020,-0.058401298005452,0.36542160648079086,0.5,False
DASH,5,2020-12-15,2020-12-16,2021-01-15,2020,-0.167968736133697,0.7679473518716454,0.5,True
DASH,10,2020-12-22,2020-12-23,2021-01-25,2020,-0.2049469841010542,0.7640980474429407,0.5,True
DASH,15,2020-12-30,2020-12-31,2021-02-01,2020,-0.3950789087264245,0.6836982520466094,0.5,True
DYN,2,2020-09-18,2020-09-21,2020-10-19,2020,0.274407111724523,0.7287859121363598,0.5,True
DYN,5,2020-09-23,2020-09-24,2020-10-22,2020,0.3252449274497865,0.7760775707962796,0.5,True
EBC,2,2020-10-16,2020-10-19,2020-11-16,2020,-0.1414653866863366,0.7847812365593543,0.5,True
EBC,5,2020-10-21,2020-10-22,2020-11-19,2020,-0.115242887100035,0.5857013216513914,0.5,True
EBC,10,2020-10-28,2020-10-29,2020-11-27,2020,-0.0977741159043466,0.8290530683665046,0.5,True
EBC,15,2020-11-04,2020-11-05,2020-12-04,2020,-0.2965674666720216,0.6822978658826061,0.5,True
EBC,20,2020-11-11,2020-11-12,2020-12-11,2020,-0.2594908665028073,0.6338209463681871,0.5,True
FDMT,2,2020-12-14,2020-12-15,2021-01-14,2020,-0.11454069983608,0.5342253652128842,0.5,True
FDMT,5,2020-12-17,2020-12-18,2021-01-20,2020,-0.1551534967929288,0.6314635608501493,0.5,True
FDMT,10,2020-12-24,2020-12-28,2021-01-27,2020,-0.0783208621589814,0.6442902397153747,0.5,True
FHTX,2,2020-10-26,2020-10-27,2020-11-24,2020,0.0792624191195532,0.7378545423613523,0.5,True
FHTX,5,2020-10-29,2020-10-30,2020-11-30,2020,-0.105205870705183,0.9124180519699698,0.5,True
FOUR,2,2020-06-08,2020-06-09,2020-07-08,2020,-0.3085210361672776,0.542363171753917,0.5,True
FOUR,5,2020-06-11,2020-06-12,2020-07-13,2020,-0.1820064592708029,0.6733759740016039,0.5,True
FOUR,10,2020-06-18,2020-06-19,2020-07-20,2020,0.0671234926381396,0.8477083453145192,0.5,True
FOUR,15,2020-06-25,2020-06-26,2020-07-27,2020,0.0518152564288791,0.8188718259257374,0.5,True
FOUR,20,2020-07-02,2020-07-06,2020-08-03,2020,-0.0669708007486873,0.8350420703378518,0.5,True
FROG,2,2020-09-17,2020-09-18,2020-10-16,2020,-0.2468854908822189,0.6080969526066647,0.5,True
FROG,5,2020-09-22,2020-09-23,2020-10-21,2020,0.0269910680726715,0.6551327629150875,0.5,True
FROG,10,2020-09-29,2020-09-30,2020-10-28,2020,0.0756324433459411,0.7467412135924227,0.5,True
FROG,15,2020-10-06,2020-10-07,2020-11-04,2020,0.0501030584407504,0.6375357793034384,0.5,True
FROG,20,2020-10-13,2020-10-14,2020-11-11,2020,0.1826827383441839,0.6234147567853048,0.5,True
FTHM,2,2020-08-03,2020-08-04,2020-09-01,2020,-0.6350489281873142,0.8864573643052076,0.5,True
GDRX,2,2020-09-24,2020-09-25,2020-10-23,2020,-0.0310288930073728,0.65488258883068,0.5,True
GDRX,5,2020-09-29,2020-09-30,2020-10-28,2020,0.0971848815043516,0.7278549325165984,0.5,True
GDRX,10,2020-10-06,2020-10-07,2020-11-04,2020,0.1171744238869912,0.6685939093667026,0.5,True
GDRX,15,2020-10-13,2020-10-14,2020-11-11,2020,0.0053227952681292,0.5949844896850496,0.5,True
GDRX,20,2020-10-20,2020-10-21,2020-11-18,2020,0.34154242305472,0.5884485032224943,0.5,True
GFL,2,2020-03-04,2020-03-05,2020-04-02,2020,-0.0307008587130028,0.6488563964566436,0.5,True
GFL,5,2020-03-09,2020-03-10,2020-04-07,2020,0.0732744283009188,0.9472305931884507,0.5,True
GFL,10,2020-03-16,2020-03-17,2020-04-15,2020,0.1591132328323559,0.9886794288045642,0.5,True
GFL,15,2020-03-23,2020-03-24,2020-04-22,2020,0.0548959359659368,0.9895437025209016,0.5,True
GFL,20,2020-03-30,2020-03-31,2020-04-29,2020,-0.0925831858482344,0.9895919443649801,0.5,True
HRMY,2,2020-08-20,2020-08-21,2020-09-21,2020,0.0559288119345705,0.5386528930814332,0.5,True
HRMY,5,2020-08-25,2020-08-26,2020-09-24,2020,-0.0390894614897715,0.7627718659639934,0.5,True
HRMY,10,2020-09-01,2020-09-02,2020-10-01,2020,0.0337033779342735,0.4543289482887381,0.5,False
HRMY,15,2020-09-09,2020-09-10,2020-10-08,2020,0.2380519812711667,0.5817160378475894,0.5,True
HRMY,20,2020-09-16,2020-09-17,2020-10-15,2020,-0.0438560461998152,0.49470358208004234,0.5,False
IBEX,2,2020-08-10,2020-08-11,2020-09-09,2020,0.4082706636022003,0.5814307533981264,0.5,True
IBEX,5,2020-08-13,2020-08-14,2020-09-14,2020,0.3180880093912644,0.7799597816578177,0.5,True
IH,2,2020-10-12,2020-10-13,2020-11-10,2020,-0.0075860140230073,0.8634281407909012,0.5,True
IH,5,2020-10-15,2020-10-16,2020-11-13,2020,0.0248940862855951,0.8299275669234037,0.5,True
IH,10,2020-10-22,2020-10-23,2020-11-20,2020,-0.3367395127331291,0.7954579488172515,0.5,True
IH,15,2020-10-29,2020-10-30,2020-11-30,2020,-0.269151275427633,0.8939819293671679,0.5,True
IMNM,2,2020-10-05,2020-10-06,2020-11-03,2020,0.0025456983505466,0.9472335169266125,0.5,True
IVA,2,2020-07-13,2020-07-14,2020-08-11,2020,-0.0028011717067948,0.8823545565006865,0.5,True
IVA,5,2020-07-16,2020-07-17,2020-08-14,2020,-0.0070342555255792,0.8578601635440234,0.5,True
KC,2,2020-05-11,2020-05-12,2020-06-10,2020,0.2890077094096682,0.3980689968023726,0.5,False
KC,5,2020-05-14,2020-05-15,2020-06-15,2020,0.1229748164659959,0.5460181342774827,0.5,True
KC,10,2020-05-21,2020-05-22,2020-06-22,2020,-0.4418764339528144,0.6248561035332239,0.5,True
KC,15,2020-05-29,2020-06-01,2020-06-29,2020,-0.3643145481474939,0.6262676940178432,0.5,True
KC,20,2020-06-05,2020-06-08,2020-07-07,2020,-0.7910378133235904,0.5439951810867547,0.5,True
KROS,2,2020-04-09,2020-04-13,2020-05-11,2020,-0.1936865865133325,0.8922181564831795,0.5,True
KYMR,2,2020-08-24,2020-08-25,2020-09-23,2020,-0.2026224107642182,0.6065056687578594,0.5,True
KYMR,5,2020-08-27,2020-08-28,2020-09-28,2020,-0.0191094758565649,0.43168754448009755,0.5,False
KYMR,10,2020-09-03,2020-09-04,2020-10-05,2020,0.0149188526879701,0.552938552459816,0.5,True
KYMR,15,2020-09-11,2020-09-14,2020-10-12,2020,-0.2024991823564656,0.5875739609331487,0.5,True
KYMR,20,2020-09-18,2020-09-21,2020-10-19,2020,-0.3088848815100367,0.6139043461667552,0.5,True
LEGN,2,2020-06-08,2020-06-09,2020-07-08,2020,-0.1506274607367426,0.4130676946246514,0.5,False
LEGN,5,2020-06-11,2020-06-12,2020-07-13,2020,-0.0221640955328171,0.5130428229456441,0.5,True
LEGN,10,2020-06-18,2020-06-19,2020-07-20,2020,0.1263111504238385,0.678192684160134,0.5,True
LEGN,15,2020-06-25,2020-06-26,2020-07-27,2020,0.1518574413773893,0.6652342113207886,0.5,True
LEGN,20,2020-07-02,2020-07-06,2020-08-03,2020,0.1693662386938516,0.6422155848545166,0.5,True
LI,2,2020-07-31,2020-08-03,2020-08-31,2020,0.0621017703391628,0.5688042198747565,0.5,True
LI,5,2020-08-05,2020-08-06,2020-09-03,2020,0.0256578294627366,0.5728065643697854,0.5,True
LI,10,2020-08-12,2020-08-13,2020-09-11,2020,-0.0761542083650298,0.5752550065211229,0.5,True
LI,15,2020-08-19,2020-08-20,2020-09-18,2020,-0.2079991034937595,0.7658559331481924,0.5,True
LI,20,2020-08-26,2020-08-27,2020-09-25,2020,0.0952081013374508,0.6699095885364887,0.5,True
LMND,2,2020-07-06,2020-07-07,2020-08-04,2020,0.312855363820548,0.828184421524433,0.5,True
LMND,5,2020-07-09,2020-07-10,2020-08-07,2020,0.2110615763444076,0.7866265765380294,0.5,True
LMND,10,2020-07-16,2020-07-17,2020-08-14,2020,0.2316648837985025,0.669659531050838,0.5,True
LMND,15,2020-07-23,2020-07-24,2020-08-21,2020,0.2527421135887561,0.5564001685930271,0.5,True
LMND,20,2020-07-30,2020-07-31,2020-08-28,2020,0.2406157398588475,0.5264604593012236,0.5,True
LSF,2,2020-09-24,2020-09-25,2020-10-23,2020,-0.3480003583861919,0.8282040857528803,0.5,True
LSF,5,2020-09-29,2020-09-30,2020-10-28,2020,-0.2540470799440107,0.8495930902810396,0.5,True
LSF,10,2020-10-06,2020-10-07,2020-11-04,2020,-0.1209895139011051,0.8098125639264935,0.5,True
LSF,15,2020-10-13,2020-10-14,2020-11-11,2020,0.1477465801879554,0.7712690777778456,0.5,True
LSF,20,2020-10-20,2020-10-21,2020-11-18,2020,0.2101568107976676,0.7760655329101497,0.5,True
LTRN,2,2020-06-12,2020-06-15,2020-07-14,2020,0.2053529531834546,0.6683600568586806,0.5,True
LU,2,2020-11-02,2020-11-03,2020-12-02,2020,-0.0828001687973217,0.44867252954406633,0.5,False
LU,5,2020-11-05,2020-11-06,2020-12-07,2020,-0.0289294335637598,0.42858393885294566,0.5,False
LU,10,2020-11-12,2020-11-13,2020-12-14,2020,0.3142379247322238,0.5372511074959515,0.5,True
LU,15,2020-11-19,2020-11-20,2020-12-21,2020,0.097087213715874,0.41442896142765073,0.5,False
LU,20,2020-11-27,2020-11-30,2020-12-29,2020,0.1172608450027143,0.3030596079734589,0.5,False
LUNG,2,2020-10-02,2020-10-05,2020-11-02,2020,-0.0600775502221495,0.7175035904942311,0.5,True
LUNG,5,2020-10-07,2020-10-08,2020-11-05,2020,-0.0104096761091583,0.7039856051800019,0.5,True
LUNG,10,2020-10-14,2020-10-15,2020-11-12,2020,-0.1027598154144899,0.6484185181417913,0.5,True
LUNG,15,2020-10-21,2020-10-22,2020-11-19,2020,-0.0727431792472729,0.5641309222002305,0.5,True
LUNG,20,2020-10-28,2020-10-29,2020-11-27,2020,-0.2908276080593133,0.6235309099243258,0.5,True
MASS,2,2020-12-21,2020-12-22,2021-01-22,2020,-0.2306244446826715,0.6183860810721813,0.5,True
MASS,5,2020-12-24,2020-12-28,2021-01-27,2020,0.2397795897569144,0.65658027323517,0.5,True
MAX,2,2020-10-29,2020-10-30,2020-11-30,2020,-0.0307341267452133,0.8316306383147305,0.5,True
MAX,5,2020-11-03,2020-11-04,2020-12-03,2020,0.0992052001143015,0.8235345727871779,0.5,True
MAX,10,2020-11-10,2020-11-11,2020-12-10,2020,0.0119951877074624,0.890300040604133,0.5,True
MAX,15,2020-11-17,2020-11-18,2020-12-17,2020,0.0659479032014308,0.8426936579125284,0.5,True
MAX,20,2020-11-24,2020-11-25,2020-12-24,2020,-0.1431142158285953,0.7583076837902044,0.5,True
MCFE,2,2020-10-23,2020-10-26,2020-11-23,2020,0.2146331576981,0.6084633102865122,0.5,True
MCFE,5,2020-10-28,2020-10-29,2020-11-27,2020,0.1547641291571412,0.8713823982570265,0.5,True
MCFE,10,2020-11-04,2020-11-05,2020-12-04,2020,0.0804806668519059,0.881760885759383,0.5,True
MCFE,15,2020-11-11,2020-11-12,2020-12-11,2020,0.048015172140314,0.8569165546561314,0.5,True
MCFE,20,2020-11-18,2020-11-19,2020-12-18,2020,-0.0217872978306204,0.7990455365105332,0.5,True
MNSO,2,2020-10-16,2020-10-19,2020-11-16,2020,0.1721920330650852,0.7568566757068835,0.5,True
MNSO,5,2020-10-21,2020-10-22,2020-11-19,2020,0.1095380541001814,0.7736789616169114,0.5,True
MNSO,10,2020-10-28,2020-10-29,2020-11-27,2020,0.0824314884961023,0.9152868336089611,0.5,True
MNSO,15,2020-11-04,2020-11-05,2020-12-04,2020,-0.0496933402718533,0.9351067206733468,0.5,True
MNSO,20,2020-11-11,2020-11-12,2020-12-11,2020,-0.0956973048284621,0.7896396177271405,0.5,True
MRM,2,2020-12-30,2020-12-31,2021-02-01,2020,0.0752654348864355,0.7792301933361321,0.5,True
MRVI,2,2020-11-23,2020-11-24,2020-12-23,2020,-0.0340171340172757,0.7709159265908808,0.5,True
MRVI,5,2020-11-27,2020-11-30,2020-12-29,2020,0.0804637343151235,0.6487445221286121,0.5,True
MRVI,10,2020-12-04,2020-12-07,2021-01-06,2020,0.0489253174308101,0.6514645113350722,0.5,True
MRVI,15,2020-12-11,2020-12-14,2021-01-13,2020,-0.0700876724127271,0.656040801439572,0.5,True
MRVI,20,2020-12-18,2020-12-21,2021-01-21,2020,-0.0387377178345118,0.5793259642470362,0.5,True
NBTX,2,2020-12-14,2020-12-15,2021-01-14,2020,-0.1066801577398224,0.8106716999230688,0.5,True
NCNO,2,2020-07-15,2020-07-16,2020-08-13,2020,-0.1615289224188927,0.4594291751817681,0.5,False
NCNO,5,2020-07-20,2020-07-21,2020-08-18,2020,-0.0413465603618358,0.4669501940159989,0.5,False
NCNO,10,2020-07-27,2020-07-28,2020-08-25,2020,-0.1710426165676823,0.3431657159913513,0.5,False
NCNO,15,2020-08-03,2020-08-04,2020-09-01,2020,-0.2637786530480319,0.3825228662288444,0.5,False
NCNO,20,2020-08-10,2020-08-11,2020-09-09,2020,-0.0561016883413281,0.2709912469101718,0.5,False
NKTX,2,2020-07-13,2020-07-14,2020-08-11,2020,0.4529175469925347,0.7710856501892942,0.5,True
NKTX,5,2020-07-16,2020-07-17,2020-08-14,2020,0.2862199489501441,0.7641352655239609,0.5,True
NKTX,10,2020-07-23,2020-07-24,2020-08-21,2020,0.2294369524304145,0.7382732876263035,0.5,True
NNOX,2,2020-08-24,2020-08-25,2020-09-23,2020,-0.1569109050708071,0.5308176843279769,0.5,True
NNOX,5,2020-08-27,2020-08-28,2020-09-28,2020,-0.1392900410563891,0.5551158053500826,0.5,True
NNOX,10,2020-09-03,2020-09-04,2020-10-05,2020,-0.0856375452782225,0.8671008073965859,0.5,True
NNOX,15,2020-09-11,2020-09-14,2020-10-12,2020,0.4936600043644892,0.9157286047002345,0.5,True
NNOX,20,2020-09-18,2020-09-21,2020-10-19,2020,-0.0122890766778769,0.6745457308524703,0.5,True
NREF,2,2020-02-10,2020-02-11,2020-03-11,2020,-0.1805997278543232,0.3870535874100188,0.5,False
NRIX,2,2020-07-27,2020-07-28,2020-08-25,2020,-0.1074305407250705,0.6014571828110151,0.5,True
NRIX,5,2020-07-30,2020-07-31,2020-08-28,2020,-0.1934400437417272,0.6666783043419532,0.5,True
NTST,2,2020-08-14,2020-08-17,2020-09-15,2020,-0.0464669641911019,0.5784505148411652,0.5,True
NTST,5,2020-08-19,2020-08-20,2020-09-18,2020,-0.0302434504193126,0.6523584329260081,0.5,True
NTST,10,2020-08-26,2020-08-27,2020-09-25,2020,-0.0901384330392874,0.6045078508585051,0.5,True
NTST,20,2020-09-10,2020-09-11,2020-10-09,2020,-0.0865936796854631,0.6135991315965144,0.5,True
OLMA,2,2020-11-20,2020-11-23,2020-12-22,2020,0.0489068143252251,0.42544344357899244,0.5,False
OLMA,5,2020-11-25,2020-11-27,2020-12-28,2020,0.0065397487946724,0.31034271399017654,0.5,False
OLMA,10,2020-12-03,2020-12-04,2021-01-05,2020,0.1622254786923797,0.36254787117567044,0.5,False
OLMA,15,2020-12-10,2020-12-11,2021-01-12,2020,0.0728042950717393,0.3901060802587495,0.5,False
OLMA,20,2020-12-17,2020-12-18,2021-01-20,2020,-0.0598049261701656,0.5116998304719017,0.5,True
ONEW,2,2020-02-10,2020-02-11,2020-03-11,2020,0.0678405326852804,0.3936303509095977,0.5,False
ORIC,2,2020-04-27,2020-04-28,2020-05-27,2020,-0.0012346518219233,0.5150935782903174,0.5,True
ORIC,5,2020-04-30,2020-05-01,2020-06-01,2020,-0.0712740751879706,0.41958680258778697,0.5,False
ORIC,10,2020-05-07,2020-05-08,2020-06-08,2020,-0.0591410595271128,0.5326149001141567,0.5,True
ORIC,15,2020-05-14,2020-05-15,2020-06-15,2020,0.0696871459148072,0.4562624779419851,0.5,False
ORIC,20,2020-05-21,2020-05-22,2020-06-22,2020,-0.1014597013137305,0.3106882739740657,0.5,False
PCVX,2,2020-06-15,2020-06-16,2020-07-15,2020,0.1090997965291609,0.7048278582032088,0.5,True
PCVX,5,2020-06-18,2020-06-19,2020-07-20,2020,0.091960837575742,0.7561552580861831,0.5,True
PCVX,10,2020-06-25,2020-06-26,2020-07-27,2020,0.1290599619725084,0.7544577896571386,0.5,True
PLRX,2,2020-06-04,2020-06-05,2020-07-06,2020,-0.2250081493164041,0.3634460669060409,0.5,False
PLRX,5,2020-06-09,2020-06-10,2020-07-09,2020,-0.2412726874190928,0.4888850106589395,0.5,False
PLRX,10,2020-06-16,2020-06-17,2020-07-16,2020,0.0215471220557647,0.7888659092027771,0.5,True
PLRX,15,2020-06-23,2020-06-24,2020-07-23,2020,0.1343515894975845,0.8190065301140862,0.5,True
PLTR,2,2020-10-01,2020-10-02,2020-10-30,2020,-0.1742856068632221,0.9167671606649958,0.5,True
PLTR,5,2020-10-06,2020-10-07,2020-11-04,2020,-0.0742628224618397,0.8908218243955456,0.5,True
PLTR,10,2020-10-13,2020-10-14,2020-11-11,2020,-0.6722887573729484,0.8648338401535298,0.5,True
PLTR,15,2020-10-20,2020-10-21,2020-11-18,2020,-0.9462290584029108,0.8447468378239931,0.5,True
PLTR,20,2020-10-27,2020-10-28,2020-11-25,2020,-1.723109304726602,0.7920691745311801,0.5,True
PMVP,2,2020-09-28,2020-09-29,2020-10-27,2020,0.0126999665583081,0.7211769945570243,0.5,True
PMVP,5,2020-10-01,2020-10-02,2020-10-30,2020,-0.1260092712165156,0.7841633191079093,0.5,True
PMVP,10,2020-10-08,2020-10-09,2020-11-06,2020,-0.079910404757198,0.6759224315604903,0.5,True
PMVP,15,2020-10-15,2020-10-16,2020-11-13,2020,0.0827604686407501,0.6143516206298912,0.5,True
PMVP,20,2020-10-22,2020-10-23,2020-11-20,2020,0.0649562523100114,0.5130845833600074,0.5,True
PPD,2,2020-02-07,2020-02-10,2020-03-10,2020,-0.079493721239599,0.2831759859523432,0.5,False
PPD,5,2020-02-12,2020-02-13,2020-03-13,2020,-0.0380032122388272,0.3005277906626448,0.5,False
PPD,10,2020-02-20,2020-02-21,2020-03-20,2020,0.0289746597244789,0.27622793191588846,0.5,False
PPD,15,2020-02-27,2020-02-28,2020-03-27,2020,0.2696977401457713,0.6526985756933374,0.5,True
PPD,20,2020-03-05,2020-03-06,2020-04-03,2020,0.3018955568142655,0.8173475648129686,0.5,True
PRLD,2,2020-09-28,2020-09-29,2020-10-27,2020,-0.3641220947322638,0.7950780777055827,0.5,True
PRLD,5,2020-10-01,2020-10-02,2020-10-30,2020,-0.1258929179041716,0.8065780532038868,0.5,True
PRLD,10,2020-10-08,2020-10-09,2020-11-06,2020,-0.0287144662768795,0.8592384827677635,0.5,True
PRLD,15,2020-10-15,2020-10-16,2020-11-13,2020,-0.3811662689132342,0.7040387420687153,0.5,True
PRLD,20,2020-10-22,2020-10-23,2020-11-20,2020,-0.7298258941166748,0.7237524327799949,0.5,True
PUBM,2,2020-12-10,2020-12-11,2021-01-12,2020,0.0508667903691239,0.6365931966279554,0.5,True
PUBM,5,2020-12-15,2020-12-16,2021-01-15,2020,-0.2242758740861544,0.901160442159989,0.5,True
PUBM,10,2020-12-22,2020-12-23,2021-01-25,2020,-0.134376306944849,0.7379496244252806,0.5,True
PUBM,15,2020-12-30,2020-12-31,2021-02-01,2020,-0.6651364712051465,0.6255271688949754,0.5,True
REYN,2,2020-02-03,2020-02-04,2020-03-04,2020,-0.0815085945530611,0.23434665186703763,0.5,False
REYN,5,2020-02-06,2020-02-07,2020-03-09,2020,-0.2199755237895981,0.31927589488704144,0.5,False
REYN,10,2020-02-13,2020-02-14,2020-03-16,2020,-0.2459270253285148,0.2795758142783754,0.5,False
REYN,15,2020-02-21,2020-02-24,2020-03-23,2020,-0.1909028037375509,0.26246286547097886,0.5,False
REYN,20,2020-02-28,2020-03-02,2020-03-30,2020,-0.0597032478518389,0.39010616748681787,0.5,False
RKT,2,2020-08-07,2020-08-10,2020-09-08,2020,0.022808690720806,0.6424822486525608,0.5,True
RKT,5,2020-08-12,2020-08-13,2020-09-11,2020,-0.2344426324645157,0.7149242518180934,0.5,True
RKT,10,2020-08-19,2020-08-20,2020-09-18,2020,-0.0448916246396046,0.7398133495265843,0.5,True
RKT,15,2020-08-26,2020-08-27,2020-09-25,2020,0.1755325232980558,0.6911206365814949,0.5,True
RKT,20,2020-09-02,2020-09-03,2020-10-02,2020,0.0444103211062488,0.5996406794337846,0.5,True
RLAY,2,2020-07-17,2020-07-20,2020-08-17,2020,0.2479620045360122,0.5087775662688249,0.5,True
RLAY,5,2020-07-22,2020-07-23,2020-08-20,2020,0.0811007218661353,0.5471136040391552,0.5,True
RLAY,10,2020-07-29,2020-07-30,2020-08-27,2020,0.0199146436823958,0.5743849759912997,0.5,True
RLAY,15,2020-08-05,2020-08-06,2020-09-03,2020,0.1091987204690369,0.578405435100969,0.5,True
RLAY,20,2020-08-12,2020-08-13,2020-09-11,2020,0.0371792963891566,0.45111906043901007,0.5,False
RPRX,2,2020-06-17,2020-06-18,2020-07-17,2020,0.2466184930288676,0.6568992577762233,0.5,True
RPRX,5,2020-06-22,2020-06-23,2020-07-22,2020,0.2239845787986235,0.6733602831681145,0.5,True
RPRX,10,2020-06-29,2020-06-30,2020-07-29,2020,0.1824143616176133,0.738570330851209,0.5,True
RPRX,15,2020-07-07,2020-07-08,2020-08-05,2020,0.1127475550695507,0.6944766299659451,0.5,True
RPRX,20,2020-07-14,2020-07-15,2020-08-12,2020,-0.0249245579743658,0.43091618460569164,0.5,False
RVMD,2,2020-02-14,2020-02-18,2020-03-17,2020,-0.1310548063960042,0.3563827517168154,0.5,False
RVMD,5,2020-02-20,2020-02-21,2020-03-20,2020,-0.2596625422591344,0.34839859604706425,0.5,False
RVMD,10,2020-02-27,2020-02-28,2020-03-27,2020,0.0798293012700072,0.5205434074669296,0.5,True
RVMD,15,2020-03-05,2020-03-06,2020-04-03,2020,0.1669243592984734,0.7174800980522265,0.5,True
RVMD,20,2020-03-12,2020-03-13,2020-04-13,2020,0.0454044181049485,0.9607766742943473,0.5,True
RXT,2,2020-08-06,2020-08-07,2020-09-04,2020,-0.2422210893691254,0.5645211919984764,0.5,True
RXT,5,2020-08-11,2020-08-12,2020-09-10,2020,-0.2311783906610638,0.6060685628018562,0.5,True
RXT,10,2020-08-18,2020-08-19,2020-09-17,2020,-0.0123380580661303,0.5866331394340205,0.5,True
RXT,15,2020-08-25,2020-08-26,2020-09-24,2020,-0.0401941241480204,0.45706893765248324,0.5,False
RXT,20,2020-09-01,2020-09-02,2020-10-01,2020,0.0504222993755179,0.4575768767950941,0.5,False
SDGR,2,2020-02-07,2020-02-10,2020-03-10,2020,-0.3113196827587242,0.32702786513784693,0.5,False
SDGR,5,2020-02-12,2020-02-13,2020-03-13,2020,-0.653939635091904,0.3823413728197496,0.5,False
SDGR,10,2020-02-20,2020-02-21,2020-03-20,2020,-0.2491848494106736,0.6497166429551195,0.5,True
SDGR,15,2020-02-27,2020-02-28,2020-03-27,2020,-0.0767617325738511,0.5257934871503903,0.5,True
SDGR,20,2020-03-05,2020-03-06,2020-04-03,2020,-0.169871296049418,0.7562791271896611,0.5,True
SEER,2,2020-12-07,2020-12-08,2021-01-07,2020,-0.0012657742419982,0.3452926694569453,0.5,False
SEER,5,2020-12-10,2020-12-11,2021-01-12,2020,0.2057360488947979,0.35681999311280826,0.5,False
SEER,10,2020-12-17,2020-12-18,2021-01-20,2020,-0.224990903499799,0.4713226494952815,0.5,False
SEER,15,2020-12-24,2020-12-28,2021-01-27,2020,-0.1064945567109186,0.5698179600207698,0.5,True
SHC,2,2020-11-23,2020-11-24,2020-12-23,2020,0.0463970448390669,0.5676309682654234,0.5,True
SHC,5,2020-11-27,2020-11-30,2020-12-29,2020,0.0273029633994049,0.45161927200216756,0.5,False
SHC,10,2020-12-04,2020-12-07,2021-01-06,2020,0.0480836145421083,0.4304173440536908,0.5,False
SHC,15,2020-12-11,2020-12-14,2021-01-13,2020,0.0201897980793811,0.4558768258842595,0.5,False
SHC,20,2020-12-18,2020-12-21,2021-01-21,2020,0.0398836894558145,0.547645470072481,0.5,True
SLQT,2,2020-05-22,2020-05-26,2020-06-23,2020,0.059747531853451,0.484735396028697,0.5,False
SLQT,5,2020-05-28,2020-05-29,2020-06-26,2020,0.0463140260139912,0.4763694585727173,0.5,False
SLQT,10,2020-06-04,2020-06-05,2020-07-06,2020,0.0079526682189806,0.3638084537557317,0.5,False
SLQT,15,2020-06-11,2020-06-12,2020-07-13,2020,0.0665796399018109,0.5873662645554923,0.5,True
SLQT,20,2020-06-18,2020-06-19,2020-07-20,2020,0.1242113649596449,0.7526810820750165,0.5,True
SNOW,2,2020-09-17,2020-09-18,2020-10-16,2020,-0.0098590959497827,0.7963820355753295,0.5,True
SNOW,5,2020-09-22,2020-09-23,2020-10-21,2020,-0.0884130809065281,0.7401557410035987,0.5,True
SNOW,10,2020-09-29,2020-09-30,2020-10-28,2020,-0.1004460895524218,0.7547504196159901,0.5,True
SNOW,15,2020-10-06,2020-10-07,2020-11-04,2020,-0.0718181464435156,0.6392450512981268,0.5,True
SNOW,20,2020-10-13,2020-10-14,2020-11-11,2020,0.0420707199245952,0.5947488394075112,0.5,True
STEP,2,2020-09-17,2020-09-18,2020-10-16,2020,-0.0281208759301186,0.6067203031456805,0.5,True
STEP,5,2020-09-22,2020-09-23,2020-10-21,2020,0.0003936184504939,0.719486504544074,0.5,True
STEP,10,2020-09-29,2020-09-30,2020-10-28,2020,-0.0590150641100303,0.7327397483687654,0.5,True
STEP,15,2020-10-06,2020-10-07,2020-11-04,2020,-0.1012929186577414,0.6708615467580396,0.5,True
STEP,20,2020-10-13,2020-10-14,2020-11-11,2020,-0.1545507887733413,0.6017251663213375,0.5,True
STTK,2,2020-10-12,2020-10-13,2020-11-10,2020,-0.2333207062948911,0.7953603663746114,0.5,True
STTK,5,2020-10-15,2020-10-16,2020-11-13,2020,-0.4919409311454644,0.7672882448088704,0.5,True
TARS,2,2020-10-19,2020-10-20,2020-11-17,2020,-0.0311948798598147,0.6887950441502535,0.5,True
TLS,2,2020-11-20,2020-11-23,2020-12-22,2020,-0.4565420078389178,0.7438661590542217,0.5,True
TLS,5,2020-11-25,2020-11-27,2020-12-28,2020,-0.4353923227793721,0.5475537199816295,0.5,True
TLS,10,2020-12-03,2020-12-04,2021-01-05,2020,-0.4236813613282314,0.5481674562347915,0.5,True
TLS,15,2020-12-10,2020-12-11,2021-01-12,2020,-0.6059625892534006,0.5433474814340075,0.5,True
TLS,20,2020-12-17,2020-12-18,2021-01-20,2020,-0.5884473455015669,0.6569055423738183,0.5,True
TSHA,2,2020-09-25,2020-09-28,2020-10-26,2020,0.1502835365198708,0.7720710658805986,0.5,True
TSHA,5,2020-09-30,2020-10-01,2020-10-29,2020,0.0521207676001872,0.8496876310057906,0.5,True
TSHA,10,2020-10-07,2020-10-08,2020-11-05,2020,-0.0212094136507646,0.8948605790169841,0.5,True
TSHA,15,2020-10-14,2020-10-15,2020-11-12,2020,0.0293428520811358,0.7780698155638566,0.5,True
U,2,2020-09-21,2020-09-22,2020-10-20,2020,-0.1042759335304179,0.683958573342917,0.5,True
U,5,2020-09-24,2020-09-25,2020-10-23,2020,-0.0719677782728138,0.7580633376670624,0.5,True
U,10,2020-10-01,2020-10-02,2020-10-30,2020,-0.2211954256929215,0.8368781614227345,0.5,True
U,15,2020-10-08,2020-10-09,2020-11-06,2020,-0.2887513443332146,0.7401344103099043,0.5,True
U,20,2020-10-15,2020-10-16,2020-11-13,2020,-0.2425463187415191,0.653071595040116,0.5,True
UCL,2,2020-06-11,2020-06-12,2020-07-13,2020,0.197440240926495,0.7613366787548308,0.5,True
UPST,2,2020-12-17,2020-12-18,2021-01-20,2020,-0.4389235824675276,0.6748281920837451,0.5,True
UPST,5,2020-12-22,2020-12-23,2021-01-25,2020,-0.3862868594542285,0.6628687597296175,0.5,True
UPST,10,2020-12-30,2020-12-31,2021-02-01,2020,-0.8656777280557673,0.6184390744933902,0.5,True
VEL,2,2020-01-21,2020-01-22,2020-02-20,2020,-0.0432157184366572,0.36369958347131953,0.5,False
VERX,2,2020-07-30,2020-07-31,2020-08-28,2020,-0.0936238421070196,0.5598563092743535,0.5,True
VERX,5,2020-08-04,2020-08-05,2020-09-02,2020,0.1157548807077908,0.6039656707032456,0.5,True
VERX,10,2020-08-11,2020-08-12,2020-09-10,2020,-0.0157096879793487,0.5589479033176042,0.5,True
VERX,15,2020-08-18,2020-08-19,2020-09-17,2020,0.0552932831562625,0.5074506973990115,0.5,True
VERX,20,2020-08-25,2020-08-26,2020-09-24,2020,0.0946022907382332,0.4475821514094537,0.5,False
VITL,2,2020-08-03,2020-08-04,2020-09-01,2020,0.0188133283919367,0.5822108945402442,0.5,True
VITL,5,2020-08-06,2020-08-07,2020-09-04,2020,0.111857726327397,0.5739364226906539,0.5,True
VITL,10,2020-08-13,2020-08-14,2020-09-14,2020,-0.0400023851659496,0.46173854218124877,0.5,False
VITL,15,2020-08-20,2020-08-21,2020-09-21,2020,-0.1365359771563857,0.4729686853362794,0.5,False
VITL,20,2020-08-27,2020-08-28,2020-09-28,2020,-0.1746714348953631,0.38215763501902345,0.5,False
WMG,2,2020-06-04,2020-06-05,2020-07-06,2020,-0.0085993697238839,0.30000909400832415,0.5,False
WMG,5,2020-06-09,2020-06-10,2020-07-09,2020,0.0029930871131658,0.4038671722243596,0.5,False
WMG,10,2020-06-16,2020-06-17,2020-07-16,2020,0.0682542438699336,0.7087441012399313,0.5,True
WMG,15,2020-06-23,2020-06-24,2020-07-23,2020,0.079774340615287,0.7106358344335013,0.5,True
WMG,20,2020-06-30,2020-07-01,2020-07-30,2020,-0.0017643401228947,0.745032364661793,0.5,True
XP,15,2020-01-02,2020-01-03,2020-02-03,2020,-0.0783310598029673,0.19080372786298724,0.5,False
XP,20,2020-01-09,2020-01-10,2020-02-10,2020,-0.0026604217258455,0.116526142840102,0.5,False
XPEV,2,2020-08-28,2020-08-31,2020-09-29,2020,0.0687243438425812,0.5867043893527559,0.5,True
XPEV,5,2020-09-02,2020-09-03,2020-10-02,2020,0.0099554729981678,0.7936872791265374,0.5,True
XPEV,10,2020-09-10,2020-09-11,2020-10-09,2020,-0.0072538031777992,0.8857601738703362,0.5,True
XPEV,15,2020-09-17,2020-09-18,2020-10-16,2020,-0.0888272824688065,0.8730317958141253,0.5,True
XPEV,20,2020-09-24,2020-09-25,2020-10-23,2020,-0.0268430721022767,0.9157312743096746,0.5,True
YALA,2,2020-10-01,2020-10-02,2020-10-30,2020,-0.3651877318280437,0.9844168636846045,0.5,True
YALA,5,2020-10-06,2020-10-07,2020-11-04,2020,-0.1307458830506774,0.9493133676956915,0.5,True
YALA,10,2020-10-13,2020-10-14,2020-11-11,2020,-0.1194288004266914,0.9392129207046002,0.5,True
YALA,15,2020-10-20,2020-10-21,2020-11-18,2020,-0.0792767068446802,0.904973541869413,0.5,True
YALA,20,2020-10-27,2020-10-28,2020-11-25,2020,-0.1769377549976884,0.8734471360907853,0.5,True
ZNTL,2,2020-04-06,2020-04-07,2020-05-06,2020,-0.3119005486673954,0.9562691215005198,0.5,True
ZNTL,5,2020-04-09,2020-04-13,2020-05-11,2020,-0.3615785287155604,0.9037956287008081,0.5,True
ZNTL,10,2020-04-17,2020-04-20,2020-05-18,2020,-0.5851043728559769,0.5977241348028829,0.5,True
ZNTL,15,2020-04-24,2020-04-27,2020-05-26,2020,-0.2862728075738612,0.5996127048120147,0.5,True
ZNTL,20,2020-05-01,2020-05-04,2020-06-02,2020,-0.6415389561904528,0.49844570246857045,0.5,False
ABCL,15,2021-01-04,2021-01-05,2021-02-03,2021,-0.2674147682013933,0.6766484845545312,0.5690698255029584,True
ABCL,20,2021-01-11,2021-01-12,2021-02-10,2021,-0.2659790730086944,0.5909175866710515,0.5690698255029584,True
ABNB,15,2020-12-31,2021-01-04,2021-02-02,2021,-0.2118354606271519,0.6097091105279656,0.5690698255029584,True
ABNB,20,2021-01-08,2021-01-11,2021-02-09,2021,-0.3585608865147581,0.5498467873294904,0.5690698255029584,False
ABOS,2,2021-07-02,2021-07-06,2021-08-03,2021,0.2236134664422097,0.20930728221359296,0.5690698255029584,False
ABSI,2,2021-07-23,2021-07-26,2021-08-23,2021,0.0298569898122818,0.25130593378573723,0.5690698255029584,False
ABSI,5,2021-07-28,2021-07-29,2021-08-26,2021,0.1307745541720637,0.29824905091318127,0.5690698255029584,False
ABSI,10,2021-08-04,2021-08-05,2021-09-02,2021,0.2348448817996122,0.3478047603889934,0.5690698255029584,False
ABSI,15,2021-08-11,2021-08-12,2021-09-10,2021,0.4028541320615403,0.2929940664833884,0.5690698255029584,False
ABSI,20,2021-08-18,2021-08-19,2021-09-17,2021,0.420568337732798,0.3757684920830042,0.5690698255029584,False
ACT,2,2021-09-17,2021-09-20,2021-10-18,2021,-0.1091090951636687,0.3589909456508472,0.5690698255029584,False
ACT,5,2021-09-22,2021-09-23,2021-10-21,2021,-0.0609212218098156,0.4096460967628658,0.5690698255029584,False
ACT,10,2021-09-29,2021-09-30,2021-10-28,2021,-0.0112797321518136,0.49863737895158916,0.5690698255029584,False
ACVA,2,2021-03-25,2021-03-26,2021-04-26,2021,-0.0423836616172654,0.3053793356556271,0.5690698255029584,False
ACVA,5,2021-03-30,2021-03-31,2021-04-29,2021,0.0156995332149187,0.3759213550590026,0.5690698255029584,False
ACVA,10,2021-04-07,2021-04-08,2021-05-06,2021,-0.0665812489577112,0.2160433649606073,0.5690698255029584,False
ACVA,15,2021-04-14,2021-04-15,2021-05-13,2021,0.1288727248045446,0.28756649306598847,0.5690698255029584,False
ACVA,20,2021-04-21,2021-04-22,2021-05-20,2021,0.1789010570143735,0.2173113780618322,0.5690698255029584,False
ADAG,2,2021-02-10,2021-02-11,2021-03-12,2021,0.1273341211013479,0.5382427400920653,0.5690698255029584,False
ADAG,5,2021-02-16,2021-02-17,2021-03-17,2021,0.1349691720363468,0.4887135627374912,0.5690698255029584,False
ADAG,10,2021-02-23,2021-02-24,2021-03-24,2021,0.2676469255865124,0.425511825173203,0.5690698255029584,False
AFCG,2,2021-03-22,2021-03-23,2021-04-21,2021,0.0891806421738809,0.4580426711446967,0.5690698255029584,False
AFCG,5,2021-03-25,2021-03-26,2021-04-26,2021,-0.0260489101727224,0.43661088510931745,0.5690698255029584,False
AFRM,2,2021-01-14,2021-01-15,2021-02-16,2021,0.0648847726970712,0.646158592501745,0.5690698255029584,True
AFRM,5,2021-01-20,2021-01-21,2021-02-19,2021,0.0002915156344808,0.5251341548721905,0.5690698255029584,False
AFRM,10,2021-01-27,2021-01-28,2021-02-26,2021,0.0976890072721144,0.5381338535923089,0.5690698255029584,False
AFRM,15,2021-02-03,2021-02-04,2021-03-05,2021,0.2345223135048598,0.48883079167126653,0.5690698255029584,False
AFRM,20,2021-02-10,2021-02-11,2021-03-12,2021,0.4132951215036182,0.5273725833812802,0.5690698255029584,False
AI,20,2021-01-07,2021-01-08,2021-02-08,2021,-0.1127662807070301,0.5347942897297538,0.5690698255029584,False
AIP,2,2021-10-28,2021-10-29,2021-11-29,2021,-0.4072005081690593,0.3762032148347347,0.5690698255029584,False
AIP,5,2021-11-02,2021-11-03,2021-12-02,2021,-0.1620794419410334,0.30485861274680054,0.5690698255029584,False
AIRS,2,2021-11-01,2021-11-02,2021-12-01,2021,0.2415809670845186,0.3348662668640736,0.5690698255029584,False
AIRS,5,2021-11-04,2021-11-05,2021-12-06,2021,0.16804120016619,0.39185584875515683,0.5690698255029584,False
AIRS,15,2021-11-18,2021-11-19,2021-12-20,2021,0.1444532585838437,0.3694040888598251,0.5690698255029584,False
ALHC,2,2021-03-29,2021-03-30,2021-04-28,2021,-0.3784578449442729,0.26317315004723624,0.5690698255029584,False
ALHC,5,2021-04-01,2021-04-05,2021-05-03,2021,-0.0811857097581609,0.26370401655507786,0.5690698255029584,False
ALHC,10,2021-04-09,2021-04-12,2021-05-10,2021,0.0891177475708032,0.2107856058286352,0.5690698255029584,False
ALHC,15,2021-04-16,2021-04-19,2021-05-17,2021,0.1044799700397987,0.2231731794143187,0.5690698255029584,False
ALHC,20,2021-04-23,2021-04-26,2021-05-24,2021,0.0484249504399885,0.23278972333405387,0.5690698255029584,False
ALKT,2,2021-04-15,2021-04-16,2021-05-14,2021,0.2715089879322308,0.277426040283349,0.5690698255029584,False
ALKT,5,2021-04-20,2021-04-21,2021-05-19,2021,0.3055540860972459,0.30164859533902927,0.5690698255029584,False
ALKT,10,2021-04-27,2021-04-28,2021-05-26,2021,0.2467415504731659,0.38279716626868476,0.5690698255029584,False
ALKT,15,2021-05-04,2021-05-05,2021-06-03,2021,0.2016119896960391,0.28450782730778773,0.5690698255029584,False
ALKT,20,2021-05-11,2021-05-12,2021-06-10,2021,0.0818134402684077,0.403279936750115,0.5690698255029584,False
AMPL,2,2021-09-29,2021-09-30,2021-10-28,2021,-0.3274756041009292,0.523193853671792,0.5690698255029584,False
AMPL,5,2021-10-04,2021-10-05,2021-11-02,2021,-0.3952468746356069,0.5781188382424122,0.5690698255029584,True
AMPL,10,2021-10-11,2021-10-12,2021-11-09,2021,-0.6543137729286103,0.655194420240016,0.5690698255029584,True
AMPL,15,2021-10-18,2021-10-19,2021-11-16,2021,-0.1461641250638999,0.511202146394032,0.5690698255029584,False
AMPL,20,2021-10-25,2021-10-26,2021-11-23,2021,0.0014712980520204,0.46329363642916577,0.5690698255029584,False
AOMR,2,2021-06-18,2021-06-21,2021-07-20,2021,0.073290749491655,0.5935868105645165,0.5690698255029584,True
AOMR,5,2021-06-23,2021-06-24,2021-07-23,2021,0.0520958543538476,0.6371785462032863,0.5690698255029584,True
APP,2,2021-04-16,2021-04-19,2021-05-17,2021,-0.0731479462801219,0.4040520031440226,0.5690698255029584,False
APP,5,2021-04-21,2021-04-22,2021-05-20,2021,-0.1276791438250727,0.4485421703315433,0.5690698255029584,False
APP,10,2021-04-28,2021-04-29,2021-05-27,2021,-0.2164097820094244,0.4703796503717389,0.5690698255029584,False
APP,15,2021-05-05,2021-05-06,2021-06-04,2021,-0.3075950428796002,0.48061849882155416,0.5690698255029584,False
APP,20,2021-05-12,2021-05-13,2021-06-11,2021,-0.5939032129854563,0.4609161641234583,0.5690698255029584,False
ARHS,2,2021-11-05,2021-11-08,2021-12-07,2021,0.2397334439435258,0.3192731328466813,0.5690698255029584,False
ARHS,5,2021-11-10,2021-11-11,2021-12-10,2021,-0.0527868761361564,0.5081240140810481,0.5690698255029584,False
ARHS,10,2021-11-17,2021-11-18,2021-12-17,2021,0.0007720729018571,0.4467125819076968,0.5690698255029584,False
ATAI,2,2021-06-21,2021-06-22,2021-07-21,2021,0.1722846509847026,0.35599079895659186,0.5690698255029584,False
ATAI,5,2021-06-24,2021-06-25,2021-07-26,2021,0.1039472558775924,0.4016372554959529,0.5690698255029584,False
ATAI,10,2021-07-01,2021-07-02,2021-08-02,2021,0.1265780108138858,0.25051509045603015,0.5690698255029584,False
ATAI,15,2021-07-09,2021-07-12,2021-08-09,2021,0.22397658202826,0.23609971470006888,0.5690698255029584,False
ATAI,20,2021-07-16,2021-07-19,2021-08-16,2021,0.1417833066171189,0.184153465252458,0.5690698255029584,False
AURA,2,2021-11-01,2021-11-02,2021-12-01,2021,-0.2720031159756979,0.25483214095969275,0.5690698255029584,False
AURA,5,2021-11-04,2021-11-05,2021-12-06,2021,0.0969231903564558,0.3136477101908567,0.5690698255029584,False
AVAH,2,2021-04-30,2021-05-03,2021-06-01,2021,-0.0354696117309768,0.31996255708078003,0.5690698255029584,False
AVAH,5,2021-05-05,2021-05-06,2021-06-04,2021,-0.0591278366270822,0.34615726272132646,0.5690698255029584,False
AVAH,10,2021-05-12,2021-05-13,2021-06-11,2021,-0.1634162227294488,0.49391034315306453,0.5690698255029584,False
AVAH,15,2021-05-19,2021-05-20,2021-06-18,2021,-0.1659784387534904,0.603843074877093,0.5690698255029584,True
AVAH,20,2021-05-26,2021-05-27,2021-06-25,2021,-0.1107330074083914,0.44453547633374957,0.5690698255029584,False
BLND,2,2021-07-19,2021-07-20,2021-08-17,2021,-0.0065276806466979,0.47977252168183404,0.5690698255029584,False
BLND,5,2021-07-22,2021-07-23,2021-08-20,2021,-0.0578340575393848,0.5275515775165738,0.5690698255029584,False
BLND,10,2021-07-29,2021-07-30,2021-08-27,2021,0.1309146302054978,0.4836232736699165,0.5690698255029584,False
BLND,15,2021-08-05,2021-08-06,2021-09-03,2021,0.0770091494812328,0.5077419928061981,0.5690698255029584,False
BLND,20,2021-08-12,2021-08-13,2021-09-13,2021,0.0989035584739545,0.5077533108629216,0.5690698255029584,False
BLZE,2,2021-11-12,2021-11-15,2021-12-14,2021,0.1783965490512851,0.3877351017998136,0.5690698255029584,False
BLZE,5,2021-11-17,2021-11-18,2021-12-17,2021,0.3292956068564246,0.3919233433934527,0.5690698255029584,False
BLZE,10,2021-11-24,2021-11-26,2021-12-27,2021,0.2689742151222051,0.28463484567952446,0.5690698255029584,False
BLZE,15,2021-12-02,2021-12-03,2022-01-03,2021,0.2734686510988293,0.27725463049710086,0.5690698255029584,False
BLZE,20,2021-12-09,2021-12-10,2022-01-10,2021,0.37852657246251,0.31203939520624524,0.5690698255029584,False
BMBL,2,2021-02-12,2021-02-16,2021-03-16,2021,0.058082629593536,0.3421620169304323,0.5690698255029584,False
BMBL,5,2021-02-18,2021-02-19,2021-03-19,2021,0.0535699295412794,0.3943544066141857,0.5690698255029584,False
BMBL,10,2021-02-25,2021-02-26,2021-03-26,2021,0.0452533629083728,0.36738812460385345,0.5690698255029584,False
BMBL,15,2021-03-04,2021-03-05,2021-04-05,2021,0.1152079229192614,0.35607705053616967,0.5690698255029584,False
BMBL,20,2021-03-11,2021-03-12,2021-04-12,2021,0.2552532650331251,0.4770691658700485,0.5690698255029584,False
BMEA,2,2021-04-19,2021-04-20,2021-05-18,2021,-0.0286037283414586,0.2002350928351054,0.5690698255029584,False
BRLT,2,2021-09-24,2021-09-27,2021-10-25,2021,0.2407225648300451,0.521023773679644,0.5690698255029584,False
BRLT,5,2021-09-29,2021-09-30,2021-10-28,2021,0.1052505540588307,0.6379237273470495,0.5690698255029584,True
BRLT,10,2021-10-06,2021-10-07,2021-11-04,2021,-0.0568960667109638,0.7497434046277831,0.5690698255029584,True
BRLT,15,2021-10-13,2021-10-14,2021-11-11,2021,-0.1950547365997658,0.7577062755033032,0.5690698255029584,True
BRLT,20,2021-10-20,2021-10-21,2021-11-18,2021,-0.2761872041935982,0.5033808544124754,0.5690698255029584,False
BROS,2,2021-09-16,2021-09-17,2021-10-15,2021,-0.1167950600686123,0.5059403121666282,0.5690698255029584,False
BROS,5,2021-09-21,2021-09-22,2021-10-20,2021,-0.0602782226307876,0.46019145511311843,0.5690698255029584,False
BROS,10,2021-09-28,2021-09-29,2021-10-27,2021,-0.4795388734090623,0.41896519902677193,0.5690698255029584,False
BROS,15,2021-10-05,2021-10-06,2021-11-03,2021,-0.5986581980133282,0.5607617884109574,0.5690698255029584,False
BROS,20,2021-10-12,2021-10-13,2021-11-10,2021,-0.2994913526080664,0.5919806899855574,0.5690698255029584,True
BRZE,2,2021-11-18,2021-11-19,2021-12-20,2021,0.1697971709423059,0.4914524193616955,0.5690698255029584,False
BRZE,5,2021-11-23,2021-11-24,2021-12-23,2021,-0.046046547704644,0.4710844306059975,0.5690698255029584,False
BRZE,10,2021-12-01,2021-12-02,2021-12-31,2021,-0.0432288131867169,0.4743348679198304,0.5690698255029584,False
BRZE,15,2021-12-08,2021-12-09,2022-01-07,2021,0.0420334844848251,0.4704166641731178,0.5690698255029584,False
BRZE,20,2021-12-15,2021-12-16,2022-01-14,2021,-0.0544334122620467,0.5473877817127147,0.5690698255029584,False
BVS,2,2021-02-12,2021-02-16,2021-03-16,2021,0.1687112684074995,0.40175126085652874,0.5690698255029584,False
BVS,5,2021-02-18,2021-02-19,2021-03-19,2021,-0.0897006307559831,0.6342652404096075,0.5690698255029584,True
BVS,10,2021-02-25,2021-02-26,2021-03-26,2021,-0.1278708814523132,0.5532293234962676,0.5690698255029584,False
BWMN,2,2021-05-10,2021-05-11,2021-06-09,2021,0.0982699150194867,0.23429770992117427,0.5690698255029584,False
BZ,2,2021-06-14,2021-06-15,2021-07-14,2021,0.1286500006318987,0.419439347719715,0.5690698255029584,False
BZ,5,2021-06-17,2021-06-18,2021-07-19,2021,0.0835734491793549,0.4429234743415454,0.5690698255029584,False
BZ,10,2021-06-24,2021-06-25,2021-07-26,2021,0.2717028841128703,0.4746182785697557,0.5690698255029584,False
BZ,15,2021-07-01,2021-07-02,2021-08-02,2021,0.0417335982282677,0.2706600203912145,0.5690698255029584,False
BZ,20,2021-07-09,2021-07-12,2021-08-09,2021,0.0096734195861684,0.24359146730818051,0.5690698255029584,False
CADL,2,2021-07-28,2021-07-29,2021-08-26,2021,-0.1554455506442358,0.45527869271658006,0.5690698255029584,False
CDRE,2,2021-11-05,2021-11-08,2021-12-07,2021,-0.321030863761056,0.259981601681916,0.5690698255029584,False
CERT,15,2021-01-04,2021-01-05,2021-02-03,2021,-0.0203169958041091,0.5403089340934182,0.5690698255029584,False
CERT,20,2021-01-11,2021-01-12,2021-02-10,2021,-0.0459448102287315,0.5179271562670006,0.5690698255029584,False
CGEM,2,2021-01-11,2021-01-12,2021-02-10,2021,-0.363126736935403,0.3768855546123408,0.5690698255029584,False
CGEM,5,2021-01-14,2021-01-15,2021-02-16,2021,-0.1026856310142572,0.49121744913338594,0.5690698255029584,False
CGEM,10,2021-01-22,2021-01-25,2021-02-23,2021,-0.097128581710578,0.4809241881077566,0.5690698255029584,False
CGEM,15,2021-01-29,2021-02-01,2021-03-02,2021,-0.2608734855564045,0.34954356378944956,0.5690698255029584,False
CGEM,20,2021-02-05,2021-02-08,2021-03-09,2021,-0.430299899422267,0.3073670440097888,0.5690698255029584,False
CGTX,2,2021-10-11,2021-10-12,2021-11-09,2021,0.0234485846496077,0.4520336267353302,0.5690698255029584,False
CINT,2,2021-11-11,2021-11-12,2021-12-13,2021,0.2092573084322863,0.33217659862686083,0.5690698255029584,False
CINT,5,2021-11-16,2021-11-17,2021-12-16,2021,0.2800060206653046,0.4000217321256979,0.5690698255029584,False
CINT,10,2021-11-23,2021-11-24,2021-12-23,2021,0.0408450973754926,0.47727521286869257,0.5690698255029584,False
CINT,15,2021-12-01,2021-12-02,2021-12-31,2021,-0.0625009606234666,0.5693831759858544,0.5690698255029584,True
CLST,2,2021-10-14,2021-10-15,2021-11-12,2021,0.0549202539508056,0.38216868773159907,0.5690698255029584,False
CMTG,2,2021-11-04,2021-11-05,2021-12-06,2021,-0.1029914960094151,0.3778068512362349,0.5690698255029584,False
CMTG,5,2021-11-09,2021-11-10,2021-12-09,2021,-0.0191306215918169,0.4120896930449735,0.5690698255029584,False
CNM,2,2021-07-26,2021-07-27,2021-08-24,2021,-0.2554163628389092,0.2739724434294125,0.5690698255029584,False
CNM,5,2021-07-29,2021-07-30,2021-08-27,2021,-0.0351949604181954,0.34058651071720775,0.5690698255029584,False
CNM,10,2021-08-05,2021-08-06,2021-09-03,2021,-0.0983899434788386,0.3743556875402081,0.5690698255029584,False
CNM,15,2021-08-12,2021-08-13,2021-09-13,2021,-0.0196879831236121,0.42417176077119817,0.5690698255029584,False
CNM,20,2021-08-19,2021-08-20,2021-09-20,2021,0.0265780753561753,0.37007259787495833,0.5690698255029584,False
CNTB,2,2021-03-22,2021-03-23,2021-04-21,2021,0.1062117898478335,0.3447402385174937,0.5690698255029584,False
CNTB,5,2021-03-25,2021-03-26,2021-04-26,2021,0.0268808390249287,0.5588262661721151,0.5690698255029584,False
CNTB,10,2021-04-01,2021-04-05,2021-05-03,2021,0.1035259314170641,0.4308768870894399,0.5690698255029584,False
CNTX,2,2021-10-21,2021-10-22,2021-11-19,2021,0.2078797216749036,0.4195197097063232,0.5690698255029584,False
CNTX,5,2021-10-26,2021-10-27,2021-11-24,2021,0.3042838909498629,0.4213501117991951,0.5690698255029584,False
CNTX,10,2021-11-02,2021-11-03,2021-12-02,2021,-0.0124523086567527,0.28696716333082445,0.5690698255029584,False
CNTX,15,2021-11-09,2021-11-10,2021-12-09,2021,-0.1736960182324226,0.30035803852324167,0.5690698255029584,False
COCO,2,2021-10-22,2021-10-25,2021-11-22,2021,-0.0539915601504774,0.4422490436021611,0.5690698255029584,False
COCO,5,2021-10-27,2021-10-28,2021-11-26,2021,-0.1416444294657719,0.4845852145704681,0.5690698255029584,False
COCO,10,2021-11-03,2021-11-04,2021-12-03,2021,0.1429472445397284,0.3693897799538334,0.5690698255029584,False
COCO,15,2021-11-10,2021-11-11,2021-12-10,2021,0.2228612756578556,0.29800199035310443,0.5690698255029584,False
COCO,20,2021-11-17,2021-11-18,2021-12-17,2021,0.4131738839073072,0.3062590360551007,0.5690698255029584,False
COIN,2,2021-04-15,2021-04-16,2021-05-14,2021,0.1809543538953984,0.27087949878079326,0.5690698255029584,False
COIN,5,2021-04-20,2021-04-21,2021-05-19,2021,0.2506941745253304,0.2793255028649893,0.5690698255029584,False
COIN,10,2021-04-27,2021-04-28,2021-05-26,2021,0.1749005057118353,0.4614822937190452,0.5690698255029584,False
COIN,15,2021-05-04,2021-05-05,2021-06-03,2021,0.1577521788638147,0.43489652975632953,0.5690698255029584,False
COIN,20,2021-05-11,2021-05-12,2021-06-10,2021,0.2496423988889463,0.47212156055448373,0.5690698255029584,False
COMP,2,2021-04-05,2021-04-06,2021-05-04,2021,0.0694386095449611,0.38899240359717624,0.5690698255029584,False
COMP,5,2021-04-08,2021-04-09,2021-05-07,2021,0.0087431108515908,0.4958378351500954,0.5690698255029584,False
COMP,10,2021-04-15,2021-04-16,2021-05-14,2021,0.1935352052558093,0.43147667454406174,0.5690698255029584,False
COMP,15,2021-04-22,2021-04-23,2021-05-21,2021,0.1780260445096751,0.42044136433832996,0.5690698255029584,False
COMP,20,2021-04-29,2021-04-30,2021-05-28,2021,0.2591131257738498,0.41203282874223685,0.5690698255029584,False
COUR,2,2021-04-01,2021-04-05,2021-05-03,2021,0.0849042684526529,0.3601137762253414,0.5690698255029584,False
COUR,5,2021-04-07,2021-04-08,2021-05-06,2021,0.3437593777568873,0.3448575742363942,0.5690698255029584,False
COUR,10,2021-04-14,2021-04-15,2021-05-13,2021,0.275026540119475,0.3045386766239346,0.5690698255029584,False
COUR,15,2021-04-21,2021-04-22,2021-05-20,2021,0.0702760381993886,0.2755410123496887,0.5690698255029584,False
COUR,20,2021-04-28,2021-04-29,2021-05-27,2021,0.1346800882123798,0.36466582202725484,0.5690698255029584,False
CPNG,2,2021-03-12,2021-03-15,2021-04-13,2021,0.1024889162806131,0.47813633245845377,0.5690698255029584,False
CPNG,5,2021-03-17,2021-03-18,2021-04-16,2021,0.0006994112845496,0.5410541403153118,0.5690698255029584,False
CPNG,10,2021-03-24,2021-03-25,2021-04-23,2021,0.0323591942941288,0.5611118722024129,0.5690698255029584,False
CPNG,15,2021-03-31,2021-04-01,2021-04-30,2021,0.1549555234005366,0.3710075670791454,0.5690698255029584,False
CPNG,20,2021-04-08,2021-04-09,2021-05-07,2021,0.1294640147225982,0.33726134748383313,0.5690698255029584,False
CRBU,2,2021-07-26,2021-07-27,2021-08-24,2021,-0.6204969780217138,0.2072798696484361,0.5690698255029584,False
CRBU,5,2021-07-29,2021-07-30,2021-08-27,2021,-0.7325898925788505,0.5319520273538372,0.5690698255029584,False
CRBU,10,2021-08-05,2021-08-06,2021-09-03,2021,-0.315619992107824,0.42365853778938634,0.5690698255029584,False
CRBU,15,2021-08-12,2021-08-13,2021-09-13,2021,-0.232275922998303,0.34596936600853007,0.5690698255029584,False
CRBU,20,2021-08-19,2021-08-20,2021-09-20,2021,0.0574728639757028,0.3405018001600201,0.5690698255029584,False
CRCT,2,2021-03-29,2021-03-30,2021-04-28,2021,-0.3577932500750352,0.3328429997742565,0.5690698255029584,False
CRCT,5,2021-04-01,2021-04-05,2021-05-03,2021,-0.2368978973659889,0.231033043936707,0.5690698255029584,False
CRCT,10,2021-04-09,2021-04-12,2021-05-10,2021,-0.0336221501050203,0.1906648400340256,0.5690698255029584,False
CRCT,20,2021-04-23,2021-04-26,2021-05-24,2021,-0.2588542406332825,0.25079262161930105,0.5690698255029584,False
CTKB,2,2021-07-26,2021-07-27,2021-08-24,2021,-0.3045029954516973,0.2189980960353052,0.5690698255029584,False
CTKB,5,2021-07-29,2021-07-30,2021-08-27,2021,0.0548769204505283,0.2539470951542993,0.5690698255029584,False
CTKB,10,2021-08-05,2021-08-06,2021-09-03,2021,0.0306503966660389,0.38356371269263767,0.5690698255029584,False
CTKB,15,2021-08-12,2021-08-13,2021-09-13,2021,-0.1428272764742502,0.3115550961774194,0.5690698255029584,False
CTKB,20,2021-08-19,2021-08-20,2021-09-20,2021,-0.2447290963590097,0.292000948799402,0.5690698255029584,False
CURV,2,2021-07-02,2021-07-06,2021-08-03,2021,0.0801734278901959,0.27114177349039065,0.5690698255029584,False
CURV,5,2021-07-08,2021-07-09,2021-08-06,2021,-0.0974499615831417,0.31947027536575795,0.5690698255029584,False
CURV,10,2021-07-15,2021-07-16,2021-08-13,2021,-0.3159580439898419,0.23377865535693404,0.5690698255029584,False
CURV,15,2021-07-22,2021-07-23,2021-08-20,2021,-0.3233825949115046,0.27995402719781554,0.5690698255029584,False
CURV,20,2021-07-29,2021-07-30,2021-08-27,2021,-0.0453830688731241,0.30828419336678214,0.5690698255029584,False
CVRX,2,2021-07-01,2021-07-02,2021-08-02,2021,0.1417874755642146,0.26368219439129925,0.5690698255029584,False
CVRX,5,2021-07-07,2021-07-08,2021-08-05,2021,-0.0425251585171132,0.4413020855380913,0.5690698255029584,False
CXM,2,2021-06-24,2021-06-25,2021-07-26,2021,0.0062110416078976,0.4662934794398139,0.5690698255029584,False
CXM,5,2021-06-29,2021-06-30,2021-07-29,2021,0.2042170886981591,0.42403279921426484,0.5690698255029584,False
CXM,10,2021-07-07,2021-07-08,2021-08-05,2021,0.022102466669634,0.29859149945730223,0.5690698255029584,False
CXM,15,2021-07-14,2021-07-15,2021-08-12,2021,0.0716588357955982,0.3567277004661799,0.5690698255029584,False
CXM,20,2021-07-21,2021-07-22,2021-08-19,2021,0.0375594771175955,0.34670145190242035,0.5690698255029584,False
DASH,20,2021-01-07,2021-01-08,2021-02-08,2021,-0.1603712635148094,0.7183065167709685,0.5690698255029584,True
DDI,2,2021-09-01,2021-09-02,2021-10-01,2021,-0.0689822289492547,0.3773084706695839,0.5690698255029584,False
DDI,5,2021-09-07,2021-09-08,2021-10-06,2021,-0.17004308478945,0.5737965639850415,0.5690698255029584,True
DDL,2,2021-06-30,2021-07-01,2021-07-30,2021,0.2803555524336813,0.28416699917826566,0.5690698255029584,False
DDL,5,2021-07-06,2021-07-07,2021-08-04,2021,0.1725468767227509,0.14073118443049643,0.5690698255029584,False
DDL,10,2021-07-13,2021-07-14,2021-08-11,2021,0.1091002272697083,0.19221385769063512,0.5690698255029584,False
DDL,15,2021-07-20,2021-07-21,2021-08-18,2021,0.1280487520238435,0.2017518527890033,0.5690698255029584,False
DDL,20,2021-07-27,2021-07-28,2021-08-25,2021,0.0573400947847492,0.4122003630047369,0.5690698255029584,False
DERM,2,2021-11-15,2021-11-16,2021-12-15,2021,0.2617684387124722,0.4619818767358663,0.5690698255029584,False
DFH,2,2021-01-22,2021-01-25,2021-02-23,2021,-0.1259966317732571,0.5770799251427458,0.5690698255029584,True
DFH,5,2021-01-27,2021-01-28,2021-02-26,2021,-0.0722178938558588,0.5270488244549626,0.5690698255029584,False
DFH,10,2021-02-03,2021-02-04,2021-03-05,2021,0.1496490042080755,0.5022601586377852,0.5690698255029584,False
DFH,15,2021-02-10,2021-02-11,2021-03-12,2021,0.0792317053265267,0.506142866154284,0.5690698255029584,False
DFH,20,2021-02-18,2021-02-19,2021-03-19,2021,0.1088283945900318,0.36475614602431733,0.5690698255029584,False
DH,2,2021-09-16,2021-09-17,2021-10-15,2021,0.0955972914581998,0.46320756306542216,0.5690698255029584,False
DH,5,2021-09-21,2021-09-22,2021-10-20,2021,0.1431390314698495,0.45669861930071465,0.5690698255029584,False
DH,10,2021-09-28,2021-09-29,2021-10-27,2021,0.174457219934116,0.46142304262526224,0.5690698255029584,False
DH,15,2021-10-05,2021-10-06,2021-11-03,2021,0.0573602843811069,0.5312726486845372,0.5690698255029584,False
DH,20,2021-10-12,2021-10-13,2021-11-10,2021,0.0652633124191001,0.49598951249452644,0.5690698255029584,False
DIBS,2,2021-06-11,2021-06-14,2021-07-13,2021,-0.0679854472212294,0.42498964015771923,0.5690698255029584,False
DIBS,5,2021-06-16,2021-06-17,2021-07-16,2021,0.0051182543878061,0.48379373272639264,0.5690698255029584,False
DLO,2,2021-06-04,2021-06-07,2021-07-06,2021,-0.3769691898894662,0.4161129693320256,0.5690698255029584,False
DLO,5,2021-06-09,2021-06-10,2021-07-09,2021,-0.5648130750525784,0.3628903484780946,0.5690698255029584,False
DLO,10,2021-06-16,2021-06-17,2021-07-16,2021,-0.3952233931601005,0.41582913991815107,0.5690698255029584,False
DLO,15,2021-06-23,2021-06-24,2021-07-23,2021,-0.1449351875431002,0.5514727585703875,0.5690698255029584,False
DLO,20,2021-06-30,2021-07-01,2021-07-30,2021,0.1145058490265605,0.4656240685501492,0.5690698255029584,False
DNUT,2,2021-07-02,2021-07-06,2021-08-03,2021,0.1670299337593529,0.3403361386447256,0.5690698255029584,False
DNUT,5,2021-07-08,2021-07-09,2021-08-06,2021,0.1726003137244589,0.3837904461528192,0.5690698255029584,False
DNUT,10,2021-07-15,2021-07-16,2021-08-13,2021,0.1220814883720109,0.2985110600057864,0.5690698255029584,False
DNUT,15,2021-07-22,2021-07-23,2021-08-20,2021,0.0331089714577066,0.4108700196368049,0.5690698255029584,False
DNUT,20,2021-07-29,2021-07-30,2021-08-27,2021,-0.0518714022643768,0.47056060169361247,0.5690698255029584,False
DOCN,2,2021-03-25,2021-03-26,2021-04-26,2021,0.0419424219172724,0.4169642806530339,0.5690698255029584,False
DOCN,5,2021-03-30,2021-03-31,2021-04-29,2021,-0.0156608760646342,0.5080600591350772,0.5690698255029584,False
DOCN,10,2021-04-07,2021-04-08,2021-05-06,2021,0.0286235895135511,0.35935000316494503,0.5690698255029584,False
DOCN,15,2021-04-14,2021-04-15,2021-05-13,2021,0.1640120638824476,0.35054838763753243,0.5690698255029584,False
DOCN,20,2021-04-21,2021-04-22,2021-05-20,2021,-0.0431946532484706,0.30332110323490097,0.5690698255029584,False
DOCS,2,2021-06-25,2021-06-28,2021-07-27,2021,-0.0307933104230931,0.5395207040761171,0.5690698255029584,False
DOCS,5,2021-06-30,2021-07-01,2021-07-30,2021,-0.0694892986636349,0.5413255492076402,0.5690698255029584,False
DOCS,10,2021-07-08,2021-07-09,2021-08-06,2021,-0.0770696712574924,0.39356350240597127,0.5690698255029584,False
DOCS,15,2021-07-15,2021-07-16,2021-08-13,2021,-0.4215871525786305,0.4106090716528171,0.5690698255029584,False
DOCS,20,2021-07-22,2021-07-23,2021-08-20,2021,-0.2948009802343271,0.45596059794922655,0.5690698255029584,False
DOLE,2,2021-08-02,2021-08-03,2021-08-31,2021,-0.0262821784785228,0.3707558203848795,0.5690698255029584,False
DOLE,5,2021-08-05,2021-08-06,2021-09-03,2021,-0.0452319844638926,0.4392535819766257,0.5690698255029584,False
DOLE,10,2021-08-12,2021-08-13,2021-09-13,2021,0.0144692596474739,0.4443669235948631,0.5690698255029584,False
DOLE,15,2021-08-19,2021-08-20,2021-09-20,2021,-0.0416917762089012,0.42502996491821404,0.5690698255029584,False
DOLE,20,2021-08-26,2021-08-27,2021-09-27,2021,0.0747387152562371,0.2929353016574847,0.5690698255029584,False
DRVN,2,2021-01-20,2021-01-21,2021-02-19,2021,0.0086538565543457,0.42163704081912917,0.5690698255029584,False
DRVN,5,2021-01-25,2021-01-26,2021-02-24,2021,-0.0173777971763546,0.4390798444358857,0.5690698255029584,False
DRVN,10,2021-02-01,2021-02-02,2021-03-03,2021,-0.0358330194859138,0.4119863432199732,0.5690698255029584,False
DRVN,15,2021-02-08,2021-02-09,2021-03-10,2021,0.1316751077029207,0.4026104189510453,0.5690698255029584,False
DRVN,20,2021-02-16,2021-02-17,2021-03-17,2021,0.144587887709032,0.3085816517873603,0.5690698255029584,False
DSGN,2,2021-03-30,2021-03-31,2021-04-29,2021,0.2413160205846808,0.4803330663845131,0.5690698255029584,False
DSGN,5,2021-04-05,2021-04-06,2021-05-04,2021,0.0790517280636483,0.3491345689307769,0.5690698255029584,False
DSGN,10,2021-04-12,2021-04-13,2021-05-11,2021,-0.0728853081272483,0.34268848084468395,0.5690698255029584,False
DSP,2,2021-02-11,2021-02-12,2021-03-15,2021,0.1412217140499875,0.48242549035442034,0.5690698255029584,False
DSP,5,2021-02-17,2021-02-18,2021-03-18,2021,0.1540273397792694,0.45659585900897914,0.5690698255029584,False
DSP,10,2021-02-24,2021-02-25,2021-03-25,2021,0.1342149769992848,0.38586983340027153,0.5690698255029584,False
DSP,15,2021-03-03,2021-03-04,2021-04-01,2021,-0.0594095047265745,0.24019437748686043,0.5690698255029584,False
DSP,20,2021-03-10,2021-03-11,2021-04-09,2021,0.1362968329694399,0.36855231595414456,0.5690698255029584,False
DUOL,2,2021-07-29,2021-07-30,2021-08-27,2021,0.1236924538741888,0.2895551523742017,0.5690698255029584,False
DUOL,5,2021-08-03,2021-08-04,2021-09-01,2021,0.0037888657894314,0.33399468260205917,0.5690698255029584,False
DUOL,10,2021-08-10,2021-08-11,2021-09-09,2021,-0.2210182777402904,0.3549672014462159,0.5690698255029584,False
DUOL,15,2021-08-17,2021-08-18,2021-09-16,2021,-0.4149080671035847,0.30394673864640104,0.5690698255029584,False
DUOL,20,2021-08-24,2021-08-25,2021-09-23,2021,-0.6356146090653749,0.438082173053308,0.5690698255029584,False
DV,2,2021-04-22,2021-04-23,2021-05-21,2021,0.0587612792753361,0.25247238392849575,0.5690698255029584,False
DV,5,2021-04-27,2021-04-28,2021-05-26,2021,-0.0478324610752852,0.36687164040574155,0.5690698255029584,False
DV,10,2021-05-04,2021-05-05,2021-06-03,2021,-0.0425599836570109,0.3414441455553696,0.5690698255029584,False
DV,15,2021-05-11,2021-05-12,2021-06-10,2021,-0.008368013875743,0.323133339420286,0.5690698255029584,False
DV,20,2021-05-18,2021-05-19,2021-06-17,2021,-0.2672149415851528,0.4950468157548138,0.5690698255029584,False
ERAS,2,2021-07-19,2021-07-20,2021-08-17,2021,-0.0302275085132438,0.24461472519928384,0.5690698255029584,False
ERAS,5,2021-07-22,2021-07-23,2021-08-20,2021,-0.0701117233222716,0.2974436367582762,0.5690698255029584,False
ERAS,10,2021-07-29,2021-07-30,2021-08-27,2021,-0.1038433388468675,0.34779349770378015,0.5690698255029584,False
ERAS,15,2021-08-05,2021-08-06,2021-09-03,2021,-0.1686867570699269,0.3581298333320511,0.5690698255029584,False
ERAS,20,2021-08-12,2021-08-13,2021-09-13,2021,-0.0861050184438709,0.3399171250623763,0.5690698255029584,False
EVCM,2,2021-07-02,2021-07-06,2021-08-03,2021,-0.041826659931642,0.21625376557919052,0.5690698255029584,False
EVCM,5,2021-07-08,2021-07-09,2021-08-06,2021,-0.1140657569624676,0.34683395894795305,0.5690698255029584,False
EVCM,10,2021-07-15,2021-07-16,2021-08-13,2021,-0.1504466699256554,0.21271364733726286,0.5690698255029584,False
EVCM,15,2021-07-22,2021-07-23,2021-08-20,2021,-0.1981779886960527,0.29596326196968364,0.5690698255029584,False
EVCM,20,2021-07-29,2021-07-30,2021-08-27,2021,-0.2268155327847719,0.2734224685673006,0.5690698255029584,False
EWTX,2,2021-03-29,2021-03-30,2021-04-28,2021,0.2715664277348052,0.40363763511935286,0.5690698255029584,False
EWTX,5,2021-04-01,2021-04-05,2021-05-03,2021,0.0776236980490027,0.3115693330930672,0.5690698255029584,False
EWTX,10,2021-04-09,2021-04-12,2021-05-10,2021,0.0913839409139432,0.25874239741471644,0.5690698255029584,False
EWTX,15,2021-04-16,2021-04-19,2021-05-17,2021,-0.0382416851650145,0.23469570880905466,0.5690698255029584,False
EWTX,20,2021-04-23,2021-04-26,2021-05-24,2021,-0.0622053355007562,0.3221812642626886,0.5690698255029584,False
EXFY,2,2021-11-11,2021-11-12,2021-12-13,2021,0.1736052570336371,0.3237789097287245,0.5690698255029584,False
EXFY,5,2021-11-16,2021-11-17,2021-12-16,2021,0.1765793122561396,0.3949310500601525,0.5690698255029584,False
EXFY,10,2021-11-23,2021-11-24,2021-12-23,2021,0.152682476114483,0.36152705348676195,0.5690698255029584,False
EXFY,15,2021-12-01,2021-12-02,2021-12-31,2021,0.0267578943717064,0.3319161170523038,0.5690698255029584,False
EXFY,20,2021-12-08,2021-12-09,2022-01-07,2021,0.1393736215406612,0.30091054346701473,0.5690698255029584,False
FA,2,2021-06-24,2021-06-25,2021-07-26,2021,0.0578653982041416,0.3494222156208468,0.5690698255029584,False
FA,5,2021-06-29,2021-06-30,2021-07-29,2021,0.0671869037801545,0.3092179742770883,0.5690698255029584,False
FA,10,2021-07-07,2021-07-08,2021-08-05,2021,0.0256109029648504,0.23776765811622222,0.5690698255029584,False
FA,15,2021-07-14,2021-07-15,2021-08-12,2021,-0.1502267899508376,0.2668638032761573,0.5690698255029584,False
FA,20,2021-07-21,2021-07-22,2021-08-19,2021,-0.1870400744797104,0.2479557295121791,0.5690698255029584,False
FDMT,15,2021-01-04,2021-01-05,2021-02-03,2021,-0.2718627911398596,0.48382301480959045,0.5690698255029584,False
FDMT,20,2021-01-11,2021-01-12,2021-02-10,2021,-0.1157135086079719,0.44070523982041176,0.5690698255029584,False
FIGS,2,2021-05-28,2021-06-01,2021-06-29,2021,-0.3436979954770066,0.47631929771516157,0.5690698255029584,False
FIGS,5,2021-06-03,2021-06-04,2021-07-02,2021,-0.3708988627284163,0.4067785588320652,0.5690698255029584,False
FIGS,10,2021-06-10,2021-06-11,2021-07-12,2021,-0.292795578322452,0.3468457740645202,0.5690698255029584,False
FIGS,15,2021-06-17,2021-06-18,2021-07-19,2021,0.0008033838174958,0.4284000955783671,0.5690698255029584,False
FIGS,20,2021-06-24,2021-06-25,2021-07-26,2021,0.1745591354412122,0.49768957381859635,0.5690698255029584,False
FINW,2,2021-11-22,2021-11-23,2021-12-22,2021,-0.0308667446061575,0.2919118875037591,0.5690698255029584,False
FLNC,2,2021-10-29,2021-11-01,2021-11-30,2021,0.0631360009773288,0.3148705544951157,0.5690698255029584,False
FLNC,5,2021-11-03,2021-11-04,2021-12-03,2021,0.0753850353175474,0.33793403413628864,0.5690698255029584,False
FLNC,10,2021-11-10,2021-11-11,2021-12-10,2021,0.0582712948197094,0.2704285482008475,0.5690698255029584,False
FLNC,15,2021-11-17,2021-11-18,2021-12-17,2021,0.1063588940782452,0.36918578239914723,0.5690698255029584,False
FLNC,20,2021-11-24,2021-11-26,2021-12-27,2021,-0.0132226724237232,0.2873828639713948,0.5690698255029584,False
FLYW,2,2021-05-27,2021-05-28,2021-06-28,2021,-0.1421234738818136,0.4292768257920201,0.5690698255029584,False
FLYW,5,2021-06-02,2021-06-03,2021-07-01,2021,-0.0638777468530995,0.4403899226704259,0.5690698255029584,False
FLYW,10,2021-06-09,2021-06-10,2021-07-09,2021,-0.1713105885138366,0.45483962261978295,0.5690698255029584,False
FLYW,15,2021-06-16,2021-06-17,2021-07-16,2021,0.0435328361681066,0.5417497378630521,0.5690698255029584,False
FLYW,20,2021-06-23,2021-06-24,2021-07-23,2021,0.1262923056135841,0.4185328242658893,0.5690698255029584,False
FRSH,2,2021-09-23,2021-09-24,2021-10-22,2021,0.0131345232190776,0.45052647295521536,0.5690698255029584,False
FRSH,5,2021-09-28,2021-09-29,2021-10-27,2021,-0.0134769135028628,0.6319992862332694,0.5690698255029584,True
FRSH,10,2021-10-05,2021-10-06,2021-11-03,2021,0.0071506594385681,0.6723958174131613,0.5690698255029584,True
FRSH,15,2021-10-12,2021-10-13,2021-11-10,2021,0.119117108361764,0.6794315615779242,0.5690698255029584,True
FRSH,20,2021-10-19,2021-10-20,2021-11-17,2021,0.0927953324257252,0.5403256002619365,0.5690698255029584,False
FSBC,2,2021-05-06,2021-05-07,2021-06-07,2021,-0.0857678937963214,0.22558772542555253,0.5690698255029584,False
FWRG,2,2021-10-04,2021-10-05,2021-11-02,2021,0.1198226080874176,0.5094934482347524,0.5690698255029584,False
FWRG,5,2021-10-07,2021-10-08,2021-11-05,2021,0.1615402044306963,0.547743069387081,0.5690698255029584,False
FWRG,10,2021-10-14,2021-10-15,2021-11-12,2021,0.1070675129038317,0.43014004884857965,0.5690698255029584,False
FWRG,15,2021-10-21,2021-10-22,2021-11-19,2021,0.0173042063797013,0.38060722905022426,0.5690698255029584,False
FWRG,20,2021-10-28,2021-10-29,2021-11-29,2021,0.0421422265209799,0.3381495670348463,0.5690698255029584,False
GANX,2,2021-03-22,2021-03-23,2021-04-21,2021,0.0861910265601983,0.3474898175970503,0.5690698255029584,False
GFS,2,2021-10-29,2021-11-01,2021-11-30,2021,-0.3257386490950021,0.28385050261397987,0.5690698255029584,False
GFS,5,2021-11-03,2021-11-04,2021-12-03,2021,-0.2143428475721582,0.3150316282026501,0.5690698255029584,False
GFS,10,2021-11-10,2021-11-11,2021-12-10,2021,-0.1021604236506048,0.26994653971070665,0.5690698255029584,False
GFS,15,2021-11-17,2021-11-18,2021-12-17,2021,0.0196791880401721,0.3683779470316489,0.5690698255029584,False
GFS,20,2021-11-24,2021-11-26,2021-12-27,2021,0.0901026928148253,0.31186445473593427,0.5690698255029584,False
GHRS,2,2021-06-28,2021-06-29,2021-07-28,2021,0.1365027607649698,0.31474466732875345,0.5690698255029584,False
GHRS,5,2021-07-01,2021-07-02,2021-08-02,2021,0.0651410490131544,0.24288311917873598,0.5690698255029584,False
GLBE,2,2021-05-13,2021-05-14,2021-06-14,2021,-0.9058151399215372,0.2964914005757925,0.5690698255029584,False
GLBE,5,2021-05-18,2021-05-19,2021-06-17,2021,-0.9083034669045966,0.4107819913684929,0.5690698255029584,False
GLBE,10,2021-05-25,2021-05-26,2021-06-24,2021,-0.7766406076407425,0.5151849778546099,0.5690698255029584,False
GLBE,15,2021-06-02,2021-06-03,2021-07-01,2021,-0.6253180067807107,0.4496367329941388,0.5690698255029584,False
GLBE,20,2021-06-09,2021-06-10,2021-07-09,2021,-0.3825476547074208,0.3842268507530512,0.5690698255029584,False
GLUE,2,2021-06-25,2021-06-28,2021-07-27,2021,-0.136072171732851,0.595398810719416,0.5690698255029584,True
GLUE,5,2021-06-30,2021-07-01,2021-07-30,2021,-0.0701429249130284,0.28900798141822587,0.5690698255029584,False
GLUE,10,2021-07-08,2021-07-09,2021-08-06,2021,-0.4945102675526414,0.22023200683045,0.5690698255029584,False
GTLB,2,2021-10-15,2021-10-18,2021-11-15,2021,0.0025511806528727,0.44067359196959804,0.5690698255029584,False
GTLB,5,2021-10-20,2021-10-21,2021-11-18,2021,-0.033466566158072,0.4552662792547435,0.5690698255029584,False
GTLB,10,2021-10-27,2021-10-28,2021-11-26,2021,0.0688410413974763,0.4666931155042186,0.5690698255029584,False
GTLB,15,2021-11-03,2021-11-04,2021-12-03,2021,0.1236042677842099,0.37741649004844696,0.5690698255029584,False
GTLB,20,2021-11-10,2021-11-11,2021-12-10,2021,0.4337902434690002,0.3442083101503772,0.5690698255029584,False
HAYW,2,2021-03-15,2021-03-16,2021-04-14,2021,0.0832795633972402,0.328852561633833,0.5690698255029584,False
HAYW,5,2021-03-18,2021-03-19,2021-04-19,2021,0.1056761867131003,0.3029342379755306,0.5690698255029584,False
HAYW,10,2021-03-25,2021-03-26,2021-04-26,2021,-0.0694977482991467,0.5570580393226787,0.5690698255029584,False
HAYW,15,2021-04-01,2021-04-05,2021-05-03,2021,-0.1874122942071046,0.3673965278404292,0.5690698255029584,False
HAYW,20,2021-04-09,2021-04-12,2021-05-10,2021,-0.4354060920172112,0.2657862847288736,0.5690698255029584,False
HEPS,2,2021-07-02,2021-07-06,2021-08-03,2021,0.0928548049752269,0.23119185040862117,0.5690698255029584,False
HEPS,5,2021-07-08,2021-07-09,2021-08-06,2021,0.052458845836571,0.29947334342971943,0.5690698255029584,False
HEPS,10,2021-07-15,2021-07-16,2021-08-13,2021,0.014545652399618,0.21557155346349605,0.5690698255029584,False
HEPS,15,2021-07-22,2021-07-23,2021-08-20,2021,0.0722413359008236,0.25086204382848215,0.5690698255029584,False
HEPS,20,2021-07-29,2021-07-30,2021-08-27,2021,0.3069648486736279,0.2758930866118285,0.5690698255029584,False
HNST,2,2021-05-06,2021-05-07,2021-06-07,2021,0.2083433164983339,0.24746328645181942,0.5690698255029584,False
HNST,5,2021-05-11,2021-05-12,2021-06-10,2021,-0.2704666355680212,0.6105153517601359,0.5690698255029584,True
HNST,10,2021-05-18,2021-05-19,2021-06-17,2021,-0.0017717477950334,0.5758575890094613,0.5690698255029584,True
HNST,15,2021-05-25,2021-05-26,2021-06-24,2021,-0.0927880548296337,0.6404421924482437,0.5690698255029584,True
HNST,20,2021-06-02,2021-06-03,2021-07-01,2021,0.2056237095822553,0.6227654566018704,0.5690698255029584,True
HOOD,2,2021-07-30,2021-08-02,2021-08-30,2021,-0.2128244276912104,0.37849644445567593,0.5690698255029584,False
HOOD,5,2021-08-04,2021-08-05,2021-09-02,2021,0.3125003103153244,0.28587252027114135,0.5690698255029584,False
HOOD,10,2021-08-11,2021-08-12,2021-09-10,2021,0.1568275474456726,0.22241480567552,0.5690698255029584,False
HOOD,15,2021-08-18,2021-08-19,2021-09-17,2021,0.0360178224314736,0.2904432068722188,0.5690698255029584,False
HOOD,20,2021-08-25,2021-08-26,2021-09-24,2021,0.0315450341841187,0.27724590460837,0.5690698255029584,False
HOWL,2,2021-05-03,2021-05-04,2021-06-02,2021,0.138954939395559,0.24140966710574052,0.5690698255029584,False
HOWL,5,2021-05-06,2021-05-07,2021-06-07,2021,0.1127121746624382,0.4538022454288682,0.5690698255029584,False
IHS,2,2021-10-15,2021-10-18,2021-11-15,2021,0.1059554581879328,0.6293631314852103,0.5690698255029584,True
IHS,5,2021-10-20,2021-10-21,2021-11-18,2021,0.119569576046231,0.509736654177198,0.5690698255029584,False
IHS,10,2021-10-27,2021-10-28,2021-11-26,2021,0.1113889044048074,0.6486915187405227,0.5690698255029584,True
IHS,15,2021-11-03,2021-11-04,2021-12-03,2021,0.1594423655215157,0.5352399545421345,0.5690698255029584,False
IHS,20,2021-11-10,2021-11-11,2021-12-10,2021,0.1496595767322289,0.45129539290985377,0.5690698255029584,False
IMCR,2,2021-02-08,2021-02-09,2021-03-10,2021,0.3284209886299045,0.4467613149408182,0.5690698255029584,False
IMCR,5,2021-02-11,2021-02-12,2021-03-15,2021,0.242286825535137,0.3690324650477805,0.5690698255029584,False
IMCR,10,2021-02-19,2021-02-22,2021-03-22,2021,0.1052592461169185,0.382134705542154,0.5690698255029584,False
IMCR,15,2021-02-26,2021-03-01,2021-03-29,2021,0.2462933914987033,0.28583246408794205,0.5690698255029584,False
IMRX,2,2021-08-02,2021-08-03,2021-08-31,2021,-0.4418861937801668,0.27564885052230303,0.5690698255029584,False
IMRX,5,2021-08-05,2021-08-06,2021-09-03,2021,-0.0230253492516232,0.31906507207351237,0.5690698255029584,False
INNV,2,2021-03-05,2021-03-08,2021-04-06,2021,0.0252679477753274,0.2542231778981766,0.5690698255029584,False
INNV,5,2021-03-10,2021-03-11,2021-04-09,2021,0.0577936235355965,0.3347672411215446,0.5690698255029584,False
INNV,10,2021-03-17,2021-03-18,2021-04-16,2021,0.0738796038420513,0.3807365960817593,0.5690698255029584,False
INTA,2,2021-07-01,2021-07-02,2021-08-02,2021,-0.3395937083399866,0.2599810820533845,0.5690698255029584,False
INTA,5,2021-07-07,2021-07-08,2021-08-05,2021,-0.1727899281458582,0.279481417231401,0.5690698255029584,False
INTA,10,2021-07-14,2021-07-15,2021-08-12,2021,-0.1568066426018549,0.29825112994998443,0.5690698255029584,False
INTA,15,2021-07-21,2021-07-22,2021-08-19,2021,-0.2700279789195235,0.2959510429187095,0.5690698255029584,False
INTA,20,2021-07-28,2021-07-29,2021-08-26,2021,-0.2477660817997563,0.33890213839733807,0.5690698255029584,False
IOT,2,2021-12-16,2021-12-17,2022-01-18,2021,0.0242935650268619,0.4947137670382807,0.5690698255029584,False
IOT,5,2021-12-21,2021-12-22,2022-01-21,2021,0.1388965300479605,0.381853867420057,0.5690698255029584,False
IOT,10,2021-12-29,2021-12-30,2022-01-28,2021,0.2445710908052601,0.39916832002511876,0.5690698255029584,False
IPSC,2,2021-06-21,2021-06-22,2021-07-21,2021,-0.0888678827514598,0.40196515821032686,0.5690698255029584,False
IPSC,5,2021-06-24,2021-06-25,2021-07-26,2021,-0.1232993023468888,0.44376174192828954,0.5690698255029584,False
IPSC,10,2021-07-01,2021-07-02,2021-08-02,2021,-0.016630441316524,0.3339534227399272,0.5690698255029584,False
IPSC,15,2021-07-09,2021-07-12,2021-08-09,2021,-0.1174885737904339,0.2573919579659881,0.5690698255029584,False
IPSC,20,2021-07-16,2021-07-19,2021-08-16,2021,-0.0771944795299245,0.24308515486453125,0.5690698255029584,False
IREN,2,2021-11-18,2021-11-19,2021-12-20,2021,0.2017006735907614,0.35547225317019504,0.5690698255029584,False
IREN,5,2021-11-23,2021-11-24,2021-12-23,2021,0.1725386704151271,0.5215551304873906,0.5690698255029584,False
IREN,10,2021-12-01,2021-12-02,2021-12-31,2021,0.1669367450189026,0.5134211934703966,0.5690698255029584,False
IREN,15,2021-12-08,2021-12-09,2022-01-07,2021,0.1964961377598282,0.44509041608999506,0.5690698255029584,False
IREN,20,2021-12-15,2021-12-16,2022-01-14,2021,0.0532523009522143,0.4826631482581795,0.5690698255029584,False
JANX,2,2021-06-14,2021-06-15,2021-07-14,2021,-0.2688380725151018,0.45428746442116397,0.5690698255029584,False
JANX,5,2021-06-17,2021-06-18,2021-07-19,2021,-0.5775857021272812,0.4618336354619078,0.5690698255029584,False
JANX,10,2021-06-24,2021-06-25,2021-07-26,2021,-0.1144531311226753,0.4288836184161461,0.5690698255029584,False
JANX,15,2021-07-01,2021-07-02,2021-08-02,2021,-0.3713973445740113,0.2101984931392093,0.5690698255029584,False
JANX,20,2021-07-09,2021-07-12,2021-08-09,2021,-0.1674113780351523,0.20970153006689518,0.5690698255029584,False
KARO,2,2021-04-05,2021-04-06,2021-05-04,2021,-0.0961862795704399,0.30925281111569974,0.5690698255029584,False
KARO,5,2021-04-08,2021-04-09,2021-05-07,2021,-0.1332810857095646,0.31140162335160204,0.5690698255029584,False
KLTR,2,2021-07-22,2021-07-23,2021-08-20,2021,-0.1406628566562043,0.24824414253206603,0.5690698255029584,False
KLTR,5,2021-07-27,2021-07-28,2021-08-25,2021,-0.101283854031873,0.3064588373007847,0.5690698255029584,False
KRT,2,2021-04-16,2021-04-19,2021-05-17,2021,0.0060261698122842,0.2042890828766596,0.5690698255029584,False
LAW,2,2021-07-22,2021-07-23,2021-08-20,2021,-0.2559042737733855,0.2594617951194339,0.5690698255029584,False
LAW,5,2021-07-27,2021-07-28,2021-08-25,2021,-0.2965778672714265,0.2932070277497483,0.5690698255029584,False
LAW,10,2021-08-03,2021-08-04,2021-09-01,2021,-0.2658477546340811,0.34157606775309013,0.5690698255029584,False
LAW,15,2021-08-10,2021-08-11,2021-09-09,2021,-0.3772518350270401,0.36417907971581054,0.5690698255029584,False
LAW,20,2021-08-17,2021-08-18,2021-09-16,2021,-0.1041810520420588,0.3406648572083743,0.5690698255029584,False
LDI,2,2021-02-12,2021-02-16,2021-03-16,2021,0.269689320610379,0.6809868952572782,0.5690698255029584,True
LDI,5,2021-02-18,2021-02-19,2021-03-19,2021,0.1441704854659371,0.5997508637322594,0.5690698255029584,True
LDI,10,2021-02-25,2021-02-26,2021-03-26,2021,0.0401309169656016,0.3826699909092878,0.5690698255029584,False
LDI,15,2021-03-04,2021-03-05,2021-04-05,2021,0.06330085420807,0.4243614307649868,0.5690698255029584,False
LDI,20,2021-03-11,2021-03-12,2021-04-12,2021,0.0606390277052994,0.5472784980830471,0.5690698255029584,False
LFST,2,2021-06-11,2021-06-14,2021-07-13,2021,-0.1620080707107848,0.3323144180048169,0.5690698255029584,False
LFST,5,2021-06-16,2021-06-17,2021-07-16,2021,0.0023691877543785,0.41158326836226244,0.5690698255029584,False
LFST,10,2021-06-23,2021-06-24,2021-07-23,2021,0.2211168426236794,0.44838610665699336,0.5690698255029584,False
LFST,15,2021-06-30,2021-07-01,2021-07-30,2021,0.1380334831054861,0.37595844298006514,0.5690698255029584,False
LFST,20,2021-07-08,2021-07-09,2021-08-06,2021,0.1028960843693047,0.30280696688291064,0.5690698255029584,False
LTH,2,2021-10-08,2021-10-11,2021-11-08,2021,-0.0593275365657153,0.5993655260900232,0.5690698255029584,True
LTH,5,2021-10-13,2021-10-14,2021-11-11,2021,-0.1306755443133258,0.6042331820007837,0.5690698255029584,True
LTH,10,2021-10-20,2021-10-21,2021-11-18,2021,-0.0985166673063761,0.5240258107358431,0.5690698255029584,False
LTH,15,2021-10-27,2021-10-28,2021-11-26,2021,-0.2587366320583492,0.42293981496760685,0.5690698255029584,False
LTH,20,2021-11-03,2021-11-04,2021-12-03,2021,-0.1437059839015495,0.3698686099481197,0.5690698255029584,False
LUCD,2,2021-10-15,2021-10-18,2021-11-15,2021,-0.0282467275000764,0.621282342595393,0.5690698255029584,True
LZ,2,2021-07-01,2021-07-02,2021-08-02,2021,0.0185288478568479,0.2503602018278123,0.5690698255029584,False
LZ,5,2021-07-07,2021-07-08,2021-08-05,2021,-0.0721609068055118,0.2888599965162953,0.5690698255029584,False
LZ,10,2021-07-14,2021-07-15,2021-08-12,2021,0.0578159722987105,0.30461869969474176,0.5690698255029584,False
LZ,15,2021-07-21,2021-07-22,2021-08-19,2021,0.098273165516317,0.284391977649996,0.5690698255029584,False
LZ,20,2021-07-28,2021-07-29,2021-08-26,2021,0.0163507895500806,0.4034590125730734,0.5690698255029584,False
MASS,10,2021-01-04,2021-01-05,2021-02-03,2021,-0.2054755578437223,0.5429896335612191,0.5690698255029584,False
MASS,15,2021-01-11,2021-01-12,2021-02-10,2021,-0.2094133817232303,0.5450103851126175,0.5690698255029584,False
MASS,20,2021-01-19,2021-01-20,2021-02-18,2021,0.0037677035522305,0.6809804055111939,0.5690698255029584,True
MDXH,2,2021-11-05,2021-11-08,2021-12-07,2021,0.2082118786187025,0.22335767365908896,0.5690698255029584,False
MNDY,2,2021-06-11,2021-06-14,2021-07-13,2021,-0.1793158366029401,0.33974477592753777,0.5690698255029584,False
MNDY,5,2021-06-16,2021-06-17,2021-07-16,2021,0.0630531781644302,0.4271092514826207,0.5690698255029584,False
MNDY,10,2021-06-23,2021-06-24,2021-07-23,2021,0.152156153985821,0.46154248200516224,0.5690698255029584,False
MNDY,15,2021-06-30,2021-07-01,2021-07-30,2021,-0.0153096684714235,0.36193880189313465,0.5690698255029584,False
MNDY,20,2021-07-08,2021-07-09,2021-08-06,2021,-0.0381985837336159,0.3101796340775476,0.5690698255029584,False
MNTK,2,2021-01-25,2021-01-26,2021-02-24,2021,-0.1756091340362001,0.43407392345628715,0.5690698255029584,False
MNTK,5,2021-01-28,2021-01-29,2021-03-01,2021,-0.2357914254670217,0.36791229868466546,0.5690698255029584,False
MOLN,2,2021-06-17,2021-06-18,2021-07-19,2021,0.0031739358582856,0.4022451618289041,0.5690698255029584,False
MOLN,5,2021-06-22,2021-06-23,2021-07-22,2021,0.0084388493222862,0.4655357400093108,0.5690698255029584,False
MQ,2,2021-06-10,2021-06-11,2021-07-12,2021,0.1865845647642383,0.43753654974930206,0.5690698255029584,False
MQ,5,2021-06-15,2021-06-16,2021-07-15,2021,0.1863659535153176,0.5551062583434676,0.5690698255029584,False
MQ,10,2021-06-22,2021-06-23,2021-07-22,2021,0.1018722063085827,0.5191415062302864,0.5690698255029584,False
MQ,15,2021-06-29,2021-06-30,2021-07-29,2021,0.0061787984410506,0.6065688822168768,0.5690698255029584,True
MQ,20,2021-07-07,2021-07-08,2021-08-05,2021,-0.0249684511711589,0.5282740351992883,0.5690698255029584,False
MXCT,2,2021-08-02,2021-08-03,2021-08-31,2021,0.0342471774213927,0.30059930187486855,0.5690698255029584,False
MXCT,5,2021-08-05,2021-08-06,2021-09-03,2021,-0.1502773479448895,0.5306455207002236,0.5690698255029584,False
MXCT,10,2021-08-12,2021-08-13,2021-09-13,2021,0.0063812690344767,0.3647217428199771,0.5690698255029584,False
MXCT,15,2021-08-19,2021-08-20,2021-09-20,2021,-0.0406719795199577,0.4358027842558479,0.5690698255029584,False
MXCT,20,2021-08-26,2021-08-27,2021-09-27,2021,-0.0115045422464831,0.41602105011488116,0.5690698255029584,False
NPCE,2,2021-04-23,2021-04-26,2021-05-24,2021,0.1372189792879623,0.3057904151479746,0.5690698255029584,False
NPCE,5,2021-04-28,2021-04-29,2021-05-27,2021,0.1406294580766013,0.32124625667446255,0.5690698255029584,False
NPCE,10,2021-05-05,2021-05-06,2021-06-04,2021,0.0159891066679725,0.2729173131825696,0.5690698255029584,False
NRDS,2,2021-11-05,2021-11-08,2021-12-07,2021,0.3347265611138059,0.3717639790064954,0.5690698255029584,False
NRDS,5,2021-11-10,2021-11-11,2021-12-10,2021,0.2897977461386481,0.38802313520387205,0.5690698255029584,False
NRDS,10,2021-11-17,2021-11-18,2021-12-17,2021,0.3933471719726812,0.5191474963389506,0.5690698255029584,False
NRDS,15,2021-11-24,2021-11-26,2021-12-27,2021,0.3192561400712783,0.49193052538916693,0.5690698255029584,False
NRDS,20,2021-12-02,2021-12-03,2022-01-03,2021,0.0069272054088646,0.5305177034839336,0.5690698255029584,False
NTRB,2,2021-10-04,2021-10-05,2021-11-02,2021,0.1021345132370521,0.6804681056240092,0.5690698255029584,True
NTRB,10,2021-10-14,2021-10-15,2021-11-12,2021,0.2728840774503684,0.04650894681124246,0.5690698255029584,False
NU,2,2021-12-10,2021-12-13,2022-01-11,2021,0.1302183944322023,0.25195865315376753,0.5690698255029584,False
NU,5,2021-12-15,2021-12-16,2022-01-14,2021,0.1704259304962414,0.31551879392692866,0.5690698255029584,False
NU,10,2021-12-22,2021-12-23,2022-01-24,2021,0.0825963785660055,0.4966170677645793,0.5690698255029584,False
NU,15,2021-12-30,2021-12-31,2022-01-31,2021,0.0176990216290921,0.45577514825585147,0.5690698255029584,False
ONON,2,2021-09-16,2021-09-17,2021-10-15,2021,0.2277644200876614,0.4084575261298332,0.5690698255029584,False
ONON,5,2021-09-21,2021-09-22,2021-10-20,2021,0.2351296622516608,0.41180647169912404,0.5690698255029584,False
ONON,10,2021-09-28,2021-09-29,2021-10-27,2021,-0.0198160531781969,0.5268451843136875,0.5690698255029584,False
ONON,15,2021-10-05,2021-10-06,2021-11-03,2021,-0.1827108861360332,0.6304645026330309,0.5690698255029584,True
ONON,20,2021-10-12,2021-10-13,2021-11-10,2021,-0.1494833435435893,0.6288928411401233,0.5690698255029584,True
OSCR,2,2021-03-04,2021-03-05,2021-04-05,2021,0.3004253071898857,0.46259204588881336,0.5690698255029584,False
OSCR,5,2021-03-09,2021-03-10,2021-04-08,2021,0.346457457024023,0.336990840221984,0.5690698255029584,False
OSCR,10,2021-03-16,2021-03-17,2021-04-15,2021,0.3598006783475341,0.49350484410268974,0.5690698255029584,False
OSCR,15,2021-03-23,2021-03-24,2021-04-22,2021,0.32593558873278,0.5028050421549195,0.5690698255029584,False
OSCR,20,2021-03-30,2021-03-31,2021-04-29,2021,0.2540420662176775,0.5438574660383761,0.5690698255029584,False
PATH,2,2021-04-22,2021-04-23,2021-05-21,2021,-0.0501543406383629,0.26095039918705026,0.5690698255029584,False
PATH,5,2021-04-27,2021-04-28,2021-05-26,2021,-0.1352306462626791,0.35991117705234,0.5690698255029584,False
PATH,10,2021-05-04,2021-05-05,2021-06-03,2021,-0.013478121551824,0.3432891228427196,0.5690698255029584,False
PATH,15,2021-05-11,2021-05-12,2021-06-10,2021,-0.0505500642057765,0.3391542466545052,0.5690698255029584,False
PATH,20,2021-05-18,2021-05-19,2021-06-17,2021,0.0005832976556577,0.39568585330453326,0.5690698255029584,False
PAX,2,2021-01-25,2021-01-26,2021-02-24,2021,-0.1127975523846315,0.5904252705516525,0.5690698255029584,True
PAX,5,2021-01-28,2021-01-29,2021-03-01,2021,-0.1296728577793473,0.527289087168728,0.5690698255029584,False
PAX,10,2021-02-04,2021-02-05,2021-03-08,2021,0.0876475581977891,0.44208300238452675,0.5690698255029584,False
PAX,15,2021-02-11,2021-02-12,2021-03-15,2021,0.1872292068260582,0.33962018960891777,0.5690698255029584,False
PAX,20,2021-02-19,2021-02-22,2021-03-22,2021,0.1433868914513986,0.29522859168709414,0.5690698255029584,False
PAY,2,2021-05-27,2021-05-28,2021-06-28,2021,-0.2508736519317942,0.43087214770327115,0.5690698255029584,False
PAY,5,2021-06-02,2021-06-03,2021-07-01,2021,-0.0179023607133434,0.4443845531075897,0.5690698255029584,False
PAY,10,2021-06-09,2021-06-10,2021-07-09,2021,-0.2499447526784166,0.2839809083341543,0.5690698255029584,False
PAY,15,2021-06-16,2021-06-17,2021-07-16,2021,-0.0554770227554189,0.38303591383503605,0.5690698255029584,False
PAY,20,2021-06-23,2021-06-24,2021-07-23,2021,0.231165158433773,0.4181857255369935,0.5690698255029584,False
PCOR,2,2021-05-21,2021-05-24,2021-06-22,2021,-0.0881392511430689,0.45899474582908756,0.5690698255029584,False
PCOR,5,2021-05-26,2021-05-27,2021-06-25,2021,-0.1701286533403164,0.5132870430170198,0.5690698255029584,False
PCOR,10,2021-06-03,2021-06-04,2021-07-02,2021,-0.1717393701978747,0.4399178071283196,0.5690698255029584,False
PCOR,15,2021-06-10,2021-06-11,2021-07-12,2021,-0.1265198720359461,0.3495589422617728,0.5690698255029584,False
PCOR,20,2021-06-17,2021-06-18,2021-07-19,2021,-0.1334897731467096,0.38356422483991603,0.5690698255029584,False
PHVS,2,2021-02-08,2021-02-09,2021-03-10,2021,-0.0578366691741489,0.4319341597593167,0.5690698255029584,False
PHVS,5,2021-02-11,2021-02-12,2021-03-15,2021,-0.2608385412558199,0.4387958360550698,0.5690698255029584,False
PHVS,10,2021-02-19,2021-02-22,2021-03-22,2021,0.0430283370097998,0.5198146811453933,0.5690698255029584,False
PHVS,15,2021-02-26,2021-03-01,2021-03-29,2021,0.3193703789950807,0.34711718927761664,0.5690698255029584,False
PHVS,20,2021-03-05,2021-03-08,2021-04-06,2021,0.0920613877216013,0.22154057513961473,0.5690698255029584,False
PLTK,2,2021-01-20,2021-01-21,2021-02-19,2021,-0.0110856436835427,0.3889475612533934,0.5690698255029584,False
PLTK,5,2021-01-25,2021-01-26,2021-02-24,2021,-0.063684362516413,0.6022789747148204,0.5690698255029584,True
PLTK,10,2021-02-01,2021-02-02,2021-03-03,2021,-0.0478615878332732,0.5281855766203548,0.5690698255029584,False
PLTK,15,2021-02-08,2021-02-09,2021-03-10,2021,0.1561431426374453,0.36229399399090095,0.5690698255029584,False
PLTK,20,2021-02-16,2021-02-17,2021-03-17,2021,0.1848507080301845,0.293930721001598,0.5690698255029584,False
PRCT,2,2021-09-16,2021-09-17,2021-10-15,2021,-0.2182858621160547,0.4724201392042868,0.5690698255029584,False
PRCT,5,2021-09-21,2021-09-22,2021-10-20,2021,-0.0850541346882238,0.44228292556776533,0.5690698255029584,False
PRCT,10,2021-09-28,2021-09-29,2021-10-27,2021,-0.1088204910695238,0.45710366323010176,0.5690698255029584,False
PRCT,15,2021-10-05,2021-10-06,2021-11-03,2021,-0.165149715799878,0.56546999026038,0.5690698255029584,False
PRCT,20,2021-10-12,2021-10-13,2021-11-10,2021,0.0388344393368007,0.5679931894763034,0.5690698255029584,False
PRVA,2,2021-04-30,2021-05-03,2021-06-01,2021,0.0651682065572614,0.3433536368832256,0.5690698255029584,False
PRVA,5,2021-05-05,2021-05-06,2021-06-04,2021,0.1132709336217255,0.3565233817236739,0.5690698255029584,False
PRVA,10,2021-05-12,2021-05-13,2021-06-11,2021,-0.3063232434869296,0.29659405240070263,0.5690698255029584,False
PRVA,15,2021-05-19,2021-05-20,2021-06-18,2021,-0.5366157968800487,0.44243211736311605,0.5690698255029584,False
PRVA,20,2021-05-26,2021-05-27,2021-06-25,2021,-0.4191714570890124,0.4807214094847227,0.5690698255029584,False
PTLO,2,2021-10-22,2021-10-25,2021-11-22,2021,0.0592145958609319,0.49379258563397393,0.5690698255029584,False
PTLO,5,2021-10-27,2021-10-28,2021-11-26,2021,-0.0748525155821271,0.46475251049835725,0.5690698255029584,False
PTLO,10,2021-11-03,2021-11-04,2021-12-03,2021,0.1060315629314733,0.396489169339214,0.5690698255029584,False
PTLO,15,2021-11-10,2021-11-11,2021-12-10,2021,0.2031814937903228,0.35342809415180104,0.5690698255029584,False
PTLO,20,2021-11-17,2021-11-18,2021-12-17,2021,0.2251857349867556,0.5334629962117123,0.5690698255029584,False
PUBM,20,2021-01-07,2021-01-08,2021-02-08,2021,-0.8897706910087094,0.5037278787393867,0.5690698255029584,False
PYXS,2,2021-10-11,2021-10-12,2021-11-09,2021,0.0444693790650718,0.6385069493478607,0.5690698255029584,True
PYXS,5,2021-10-14,2021-10-15,2021-11-12,2021,0.0350479083277788,0.6051406861364816,0.5690698255029584,True
RANI,2,2021-08-02,2021-08-03,2021-08-31,2021,-0.7988953365549408,0.3552940463368919,0.5690698255029584,False
RBLX,2,2021-03-11,2021-03-12,2021-04-12,2021,0.0101928414842336,0.3614839164585853,0.5690698255029584,False
RBLX,5,2021-03-16,2021-03-17,2021-04-15,2021,0.004447687851709,0.48783972748562254,0.5690698255029584,False
RBLX,10,2021-03-23,2021-03-24,2021-04-22,2021,0.052316932995394,0.3831909569747299,0.5690698255029584,False
RBLX,15,2021-03-30,2021-03-31,2021-04-29,2021,-0.008793981676745,0.4138551689373849,0.5690698255029584,False
RBLX,20,2021-04-07,2021-04-08,2021-05-06,2021,0.1130023471548355,0.2873182675295172,0.5690698255029584,False
REFI,2,2021-12-09,2021-12-10,2022-01-10,2021,-0.1264158338377094,0.23357198173717125,0.5690698255029584,False
RELY,2,2021-09-24,2021-09-27,2021-10-25,2021,0.2426678507936439,0.5476302820601795,0.5690698255029584,False
RELY,5,2021-09-29,2021-09-30,2021-10-28,2021,0.1820039340526556,0.7512359345761352,0.5690698255029584,True
RELY,10,2021-10-06,2021-10-07,2021-11-04,2021,0.2148693093630915,0.7506530713398704,0.5690698255029584,True
RELY,15,2021-10-13,2021-10-14,2021-11-11,2021,0.282885585702318,0.6792703390855676,0.5690698255029584,True
RELY,20,2021-10-20,2021-10-21,2021-11-18,2021,0.253782661590718,0.5582593628195158,0.5690698255029584,False
RERE,2,2021-06-21,2021-06-22,2021-07-21,2021,0.0395408886862462,0.5088089087362312,0.5690698255029584,False
RERE,5,2021-06-24,2021-06-25,2021-07-26,2021,0.1112520932338378,0.5279840166981563,0.5690698255029584,False
RERE,10,2021-07-01,2021-07-02,2021-08-02,2021,0.2014745963855118,0.39315324891623865,0.5690698255029584,False
RERE,20,2021-07-16,2021-07-19,2021-08-16,2021,0.2105352141312321,0.31856159879694773,0.5690698255029584,False
RIVN,2,2021-11-11,2021-11-12,2021-12-13,2021,0.050967027071942,0.2909032224978063,0.5690698255029584,False
RIVN,5,2021-11-16,2021-11-17,2021-12-16,2021,0.2916119797735609,0.3888262272289289,0.5690698255029584,False
RIVN,10,2021-11-23,2021-11-24,2021-12-23,2021,0.174925969035012,0.21248892102980518,0.5690698255029584,False
RIVN,15,2021-12-01,2021-12-02,2021-12-31,2021,0.2064510186163026,0.32807613753381315,0.5690698255029584,False
RIVN,20,2021-12-08,2021-12-09,2022-01-07,2021,0.2461310567194954,0.3180338171536422,0.5690698255029584,False
RNXT,2,2021-08-27,2021-08-30,2021-09-28,2021,0.0220667137434036,0.2705607215334821,0.5690698255029584,False
RNXT,5,2021-09-01,2021-09-02,2021-10-01,2021,0.2533741458028991,0.01306823153392734,0.5690698255029584,False
RNXT,10,2021-09-09,2021-09-10,2021-10-08,2021,0.3342042342137281,0.06223366324243983,0.5690698255029584,False
RNXT,15,2021-09-16,2021-09-17,2021-10-15,2021,0.2233472561185912,0.24135869812645686,0.5690698255029584,False
RNXT,20,2021-09-23,2021-09-24,2021-10-22,2021,0.2415829761216661,0.3011793849455412,0.5690698255029584,False
RPID,2,2021-07-16,2021-07-19,2021-08-16,2021,0.2109232970979933,0.20830456527499258,0.5690698255029584,False
RPID,5,2021-07-21,2021-07-22,2021-08-19,2021,0.0444307856094977,0.2378317860179587,0.5690698255029584,False
RPID,10,2021-07-28,2021-07-29,2021-08-26,2021,-0.0056009783905402,0.2727045845910156,0.5690698255029584,False
RSKD,2,2021-07-30,2021-08-02,2021-08-30,2021,-0.199218629758262,0.3018425434082615,0.5690698255029584,False
RSKD,5,2021-08-04,2021-08-05,2021-09-02,2021,-0.1969531864444696,0.373817215683625,0.5690698255029584,False
RSKD,10,2021-08-11,2021-08-12,2021-09-10,2021,-0.0805280758190678,0.33927267809107253,0.5690698255029584,False
RSKD,15,2021-08-18,2021-08-19,2021-09-17,2021,-0.031738718912805,0.31151937870667484,0.5690698255029584,False
RSKD,20,2021-08-25,2021-08-26,2021-09-24,2021,-0.0396217605859194,0.28894305251954183,0.5690698255029584,False
RXRX,2,2021-04-19,2021-04-20,2021-05-18,2021,0.1263234935605251,0.24946079919653108,0.5690698255029584,False
RXRX,5,2021-04-22,2021-04-23,2021-05-21,2021,0.1785634301390346,0.24550964974682393,0.5690698255029584,False
RXRX,10,2021-04-29,2021-04-30,2021-05-28,2021,0.2201008829667727,0.3406493716496548,0.5690698255029584,False
RXRX,15,2021-05-06,2021-05-07,2021-06-07,2021,0.0007884693944955,0.20864650931098647,0.5690698255029584,False
RXRX,20,2021-05-13,2021-05-14,2021-06-14,2021,-0.5644689699913957,0.36100315184558024,0.5690698255029584,False
RXST,2,2021-08-02,2021-08-03,2021-08-31,2021,0.1155311012714147,0.2743848388858696,0.5690698255029584,False
RXST,5,2021-08-05,2021-08-06,2021-09-03,2021,-0.1504128286562368,0.557458767962681,0.5690698255029584,False
RYAN,2,2021-07-23,2021-07-26,2021-08-23,2021,-0.1223261566533339,0.2842094820352287,0.5690698255029584,False
RYAN,5,2021-07-28,2021-07-29,2021-08-26,2021,-0.0797557128521464,0.3495328423231228,0.5690698255029584,False
RYAN,10,2021-08-04,2021-08-05,2021-09-02,2021,-0.1403233211532423,0.38195599572800093,0.5690698255029584,False
RYAN,15,2021-08-11,2021-08-12,2021-09-10,2021,-0.1352924340175036,0.3686004166957904,0.5690698255029584,False
RYAN,20,2021-08-18,2021-08-19,2021-09-17,2021,-0.0840898008753539,0.3314335763761627,0.5690698255029584,False
S,2,2021-07-01,2021-07-02,2021-08-02,2021,-0.2481147533919449,0.3948199256742819,0.5690698255029584,False
S,5,2021-07-07,2021-07-08,2021-08-05,2021,-0.0345866179676077,0.25609655286257166,0.5690698255029584,False
S,10,2021-07-14,2021-07-15,2021-08-12,2021,-0.0517184133069395,0.26059813240895835,0.5690698255029584,False
S,15,2021-07-21,2021-07-22,2021-08-19,2021,-0.1126645080540263,0.2820530471759696,0.5690698255029584,False
S,20,2021-07-28,2021-07-29,2021-08-26,2021,-0.2341987373223247,0.29460270485016016,0.5690698255029584,False
SANA,2,2021-02-05,2021-02-08,2021-03-09,2021,0.2822847504823008,0.4091302098940035,0.5690698255029584,False
SANA,5,2021-02-10,2021-02-11,2021-03-12,2021,0.2649310946628336,0.3942385896110557,0.5690698255029584,False
SANA,10,2021-02-18,2021-02-19,2021-03-19,2021,0.0575834059682706,0.3055870321486908,0.5690698255029584,False
SANA,15,2021-02-25,2021-02-26,2021-03-26,2021,0.0600344893255018,0.35094180342253517,0.5690698255029584,False
SANA,20,2021-03-04,2021-03-05,2021-04-05,2021,-0.1985066537790428,0.3354619093614825,0.5690698255029584,False
SEER,20,2021-01-04,2021-01-05,2021-02-03,2021,-0.1061455102929237,0.5788190615148241,0.5690698255029584,True
SERA,2,2021-07-16,2021-07-19,2021-08-16,2021,0.1226221949019414,0.3792609026300202,0.5690698255029584,False
SG,2,2021-11-19,2021-11-22,2021-12-21,2021,0.3950752074516742,0.41290189074066713,0.5690698255029584,False
SG,5,2021-11-24,2021-11-26,2021-12-27,2021,0.1475042748801873,0.48363881590089536,0.5690698255029584,False
SG,10,2021-12-02,2021-12-03,2022-01-03,2021,-0.0055448148623637,0.4020798859979568,0.5690698255029584,False
SG,15,2021-12-09,2021-12-10,2022-01-10,2021,0.0532095732100257,0.4075797607415556,0.5690698255029584,False
SG,20,2021-12-16,2021-12-17,2022-01-18,2021,0.1196535295471861,0.47462018998015226,0.5690698255029584,False
SGHT,2,2021-07-16,2021-07-19,2021-08-16,2021,-0.1549220872732049,0.26760250778151073,0.5690698255029584,False
SGHT,5,2021-07-21,2021-07-22,2021-08-19,2021,-0.0408722696524549,0.32400751567548525,0.5690698255029584,False
SGHT,10,2021-07-28,2021-07-29,2021-08-26,2021,0.0476404051051143,0.3524497376137995,0.5690698255029584,False
SGHT,15,2021-08-04,2021-08-05,2021-09-02,2021,0.2506067270609635,0.4102808552221557,0.5690698255029584,False
SGHT,20,2021-08-11,2021-08-12,2021-09-10,2021,0.1400955612736869,0.3605210379567479,0.5690698255029584,False
SHLS,2,2021-01-29,2021-02-01,2021-03-02,2021,-0.0382506406427766,0.37559523935676076,0.5690698255029584,False
SHLS,5,2021-02-03,2021-02-04,2021-03-05,2021,0.1106700366841898,0.35075453765033976,0.5690698255029584,False
SHLS,10,2021-02-10,2021-02-11,2021-03-12,2021,0.0473242304831063,0.3693818783072486,0.5690698255029584,False
SHLS,15,2021-02-18,2021-02-19,2021-03-19,2021,0.1509468076433384,0.35025426432570694,0.5690698255029584,False
SHLS,20,2021-02-25,2021-02-26,2021-03-26,2021,0.1250414385208511,0.19808259895962027,0.5690698255029584,False
SKYT,2,2021-04-22,2021-04-23,2021-05-21,2021,-0.3828253058679152,0.2752591075351505,0.5690698255029584,False
SKYT,5,2021-04-27,2021-04-28,2021-05-26,2021,-0.4384045704721619,0.3530211199030217,0.5690698255029584,False
SKYT,10,2021-05-04,2021-05-05,2021-06-03,2021,-0.2552088894271394,0.40705338877629016,0.5690698255029584,False
SKYT,15,2021-05-11,2021-05-12,2021-06-10,2021,-0.345812422452284,0.33149470952079446,0.5690698255029584,False
SKYT,20,2021-05-18,2021-05-19,2021-06-17,2021,-0.6847605555905478,0.4086030673520987,0.5690698255029584,False
SMWB,2,2021-05-13,2021-05-14,2021-06-14,2021,0.0056967061262159,0.4161923528317425,0.5690698255029584,False
SMWB,5,2021-05-18,2021-05-19,2021-06-17,2021,0.1052567760530793,0.5464133225522416,0.5690698255029584,False
SOPH,2,2021-07-26,2021-07-27,2021-08-24,2021,-0.0448138321046898,0.26326858702577655,0.5690698255029584,False
SOPH,5,2021-07-29,2021-07-30,2021-08-27,2021,-0.2444888633807223,0.5132251409960913,0.5690698255029584,False
SOPH,10,2021-08-05,2021-08-06,2021-09-03,2021,-0.0762000288449194,0.43222634551201583,0.5690698255029584,False
SOPH,15,2021-08-12,2021-08-13,2021-09-13,2021,0.0290631068042238,0.2872308130689958,0.5690698255029584,False
SRAD,2,2021-09-15,2021-09-16,2021-10-14,2021,0.1118280430905111,0.3230293090653194,0.5690698255029584,False
SRAD,5,2021-09-20,2021-09-21,2021-10-19,2021,0.1912233859564148,0.4888039186112902,0.5690698255029584,False
SRAD,10,2021-09-27,2021-09-28,2021-10-26,2021,0.1535489176718467,0.4896886688196548,0.5690698255029584,False
SRAD,15,2021-10-04,2021-10-05,2021-11-02,2021,0.1354854300417262,0.6827691002911406,0.5690698255029584,True
SRAD,20,2021-10-11,2021-10-12,2021-11-09,2021,0.14321485513156,0.6673442123657789,0.5690698255029584,True
STVN,2,2021-07-19,2021-07-20,2021-08-17,2021,-0.0033754404310195,0.36217816987589774,0.5690698255029584,False
STVN,5,2021-07-22,2021-07-23,2021-08-20,2021,-0.2480563325743289,0.4339296509576967,0.5690698255029584,False
STVN,10,2021-07-29,2021-07-30,2021-08-27,2021,-0.2486415717644646,0.46504004727319265,0.5690698255029584,False
STVN,15,2021-08-05,2021-08-06,2021-09-03,2021,-0.322104873297945,0.5129433434824621,0.5690698255029584,False
STVN,20,2021-08-12,2021-08-13,2021-09-13,2021,-0.2711054088449504,0.39929079225549235,0.5690698255029584,False
SWIM,2,2021-04-26,2021-04-27,2021-05-25,2021,-0.1459313844599698,0.2631058392642981,0.5690698255029584,False
SWIM,5,2021-04-29,2021-04-30,2021-05-28,2021,-0.2091969252981424,0.32293231005705847,0.5690698255029584,False
SWIM,10,2021-05-06,2021-05-07,2021-06-07,2021,-0.0820266022518496,0.2644208564603017,0.5690698255029584,False
SWIM,15,2021-05-13,2021-05-14,2021-06-14,2021,0.0817233741137304,0.3770302240137739,0.5690698255029584,False
SWIM,20,2021-05-20,2021-05-21,2021-06-21,2021,-0.0237179519949654,0.4203725571025032,0.5690698255029584,False
TASK,2,2021-06-14,2021-06-15,2021-07-14,2021,0.0591569909423414,0.37981857448899486,0.5690698255029584,False
TASK,5,2021-06-17,2021-06-18,2021-07-19,2021,0.0533896791797938,0.4145554950111232,0.5690698255029584,False
TASK,10,2021-06-24,2021-06-25,2021-07-26,2021,0.0868091781206456,0.461381801006088,0.5690698255029584,False
TASK,15,2021-07-01,2021-07-02,2021-08-02,2021,0.0808616106827169,0.29251371038110036,0.5690698255029584,False
TASK,20,2021-07-09,2021-07-12,2021-08-09,2021,0.0358871358243944,0.24761446408435728,0.5690698255029584,False
TCBX,2,2021-11-10,2021-11-11,2021-12-10,2021,-0.1528897912260064,0.21827104077685883,0.5690698255029584,False
TCBX,5,2021-11-15,2021-11-16,2021-12-15,2021,-0.0540992592101469,0.3168718632013862,0.5690698255029584,False
TCRX,2,2021-07-19,2021-07-20,2021-08-17,2021,-0.1435493335206705,0.39051681833531565,0.5690698255029584,False
TDUP,2,2021-03-29,2021-03-30,2021-04-28,2021,0.4050235238538887,0.40502642454165316,0.5690698255029584,False
TDUP,5,2021-04-01,2021-04-05,2021-05-03,2021,0.2871928039158195,0.19793747983137017,0.5690698255029584,False
TDUP,10,2021-04-09,2021-04-12,2021-05-10,2021,-0.0015937009285224,0.13713706588618466,0.5690698255029584,False
TDUP,15,2021-04-16,2021-04-19,2021-05-17,2021,-0.2601744751336963,0.25219622227244287,0.5690698255029584,False
TDUP,20,2021-04-23,2021-04-26,2021-05-24,2021,-0.3098442036061741,0.32922964360397855,0.5690698255029584,False
TKNO,2,2021-06-28,2021-06-29,2021-07-28,2021,0.3524074809470755,0.4572746297629416,0.5690698255029584,False
TKNO,5,2021-07-01,2021-07-02,2021-08-02,2021,0.0637570873291535,0.3239996879990558,0.5690698255029584,False
TMCI,2,2021-04-26,2021-04-27,2021-05-25,2021,-0.0075979208509701,0.26209090744310254,0.5690698255029584,False
TMCI,5,2021-04-29,2021-04-30,2021-05-28,2021,-0.121557183225303,0.30127673302229163,0.5690698255029584,False
TMCI,10,2021-05-06,2021-05-07,2021-06-07,2021,-0.1644085630678017,0.2683683931044619,0.5690698255029584,False
TMCI,15,2021-05-13,2021-05-14,2021-06-14,2021,-0.2747617833817888,0.28414417239522494,0.5690698255029584,False
TMCI,20,2021-05-20,2021-05-21,2021-06-21,2021,-0.1474678339422797,0.4167765759783717,0.5690698255029584,False
TNYA,2,2021-08-02,2021-08-03,2021-08-31,2021,-0.1158915602634522,0.25608601092799727,0.5690698255029584,False
TNYA,5,2021-08-05,2021-08-06,2021-09-03,2021,-0.2674197707170629,0.26488903106802725,0.5690698255029584,False
TNYA,10,2021-08-12,2021-08-13,2021-09-13,2021,-0.0465301991331569,0.3361839955778948,0.5690698255029584,False
TNYA,15,2021-08-19,2021-08-20,2021-09-20,2021,0.0436102647639748,0.2684818255379846,0.5690698255029584,False
TNYA,20,2021-08-26,2021-08-27,2021-09-27,2021,0.084135876961942,0.26462600975204137,0.5690698255029584,False
TOST,2,2021-09-23,2021-09-24,2021-10-22,2021,0.1783160024488947,0.4520988782275306,0.5690698255029584,False
TOST,5,2021-09-28,2021-09-29,2021-10-27,2021,-0.0095723719833634,0.629820099293616,0.5690698255029584,True
TOST,10,2021-10-05,2021-10-06,2021-11-03,2021,-0.130361262087409,0.683979660024754,0.5690698255029584,True
TOST,15,2021-10-12,2021-10-13,2021-11-10,2021,0.1004520617806029,0.6535853736856199,0.5690698255029584,True
TOST,20,2021-10-19,2021-10-20,2021-11-17,2021,0.1487804077179508,0.5386632908371014,0.5690698255029584,False
TRDA,2,2021-11-01,2021-11-02,2021-12-01,2021,-0.4574878417494832,0.2324383582702531,0.5690698255029584,False
TRDA,5,2021-11-04,2021-11-05,2021-12-06,2021,0.0529219715718936,0.2550791978687981,0.5690698255029584,False
TRDA,10,2021-11-11,2021-11-12,2021-12-13,2021,0.3415091330557304,0.3639131192731175,0.5690698255029584,False
TRDA,15,2021-11-18,2021-11-19,2021-12-20,2021,0.5560543324618654,0.2917517952560962,0.5690698255029584,False
TRDA,20,2021-11-26,2021-11-29,2021-12-28,2021,0.3970691239714186,0.21493054032477488,0.5690698255029584,False
TUYA,2,2021-03-22,2021-03-23,2021-04-21,2021,0.2965862913923087,0.4940720968974109,0.5690698255029584,False
TUYA,5,2021-03-25,2021-03-26,2021-04-26,2021,0.054156403698013,0.5207700046103886,0.5690698255029584,False
TUYA,10,2021-04-01,2021-04-05,2021-05-03,2021,0.1646379814958229,0.41558232298956677,0.5690698255029584,False
TUYA,15,2021-04-09,2021-04-12,2021-05-10,2021,0.2792110115044283,0.2720133908704836,0.5690698255029584,False
TUYA,20,2021-04-16,2021-04-19,2021-05-17,2021,0.0364389108513587,0.31603254205750464,0.5690698255029584,False
TYRA,2,2021-09-16,2021-09-17,2021-10-15,2021,0.2005419612134973,0.5229899047110899,0.5690698255029584,False
TYRA,5,2021-09-21,2021-09-22,2021-10-20,2021,-0.0529125562863457,0.4854912878597725,0.5690698255029584,False
TYRA,10,2021-09-28,2021-09-29,2021-10-27,2021,-0.2453880837896777,0.4758119726016329,0.5690698255029584,False
TYRA,15,2021-10-05,2021-10-06,2021-11-03,2021,-1.153566364237275,0.5712747937619019,0.5690698255029584,True
TYRA,20,2021-10-12,2021-10-13,2021-11-10,2021,-0.770508788848798,0.6911073612057874,0.5690698255029584,True
ULCC,2,2021-04-05,2021-04-06,2021-05-04,2021,-0.0137918083289161,0.22853253615322947,0.5690698255029584,False
ULCC,5,2021-04-08,2021-04-09,2021-05-07,2021,0.0574762842231685,0.2399063574401074,0.5690698255029584,False
ULCC,10,2021-04-15,2021-04-16,2021-05-14,2021,-0.0482087265466681,0.23396495182543542,0.5690698255029584,False
ULCC,15,2021-04-22,2021-04-23,2021-05-21,2021,0.0379963863039846,0.20815245694062173,0.5690698255029584,False
ULCC,20,2021-04-29,2021-04-30,2021-05-28,2021,-0.0305972068898386,0.24564985876135467,0.5690698255029584,False
UPST,15,2021-01-07,2021-01-08,2021-02-08,2021,-0.3308050437437769,0.7784867308215434,0.5690698255029584,True
UPST,20,2021-01-14,2021-01-15,2021-02-16,2021,-0.537031746797786,0.7635584829072897,0.5690698255029584,True
VALN,2,2021-05-07,2021-05-10,2021-06-08,2021,0.0554436361597367,0.23491950739815237,0.5690698255029584,False
VINP,2,2021-01-29,2021-02-01,2021-03-02,2021,0.0677091811659496,0.45076381713843694,0.5690698255029584,False
VINP,5,2021-02-03,2021-02-04,2021-03-05,2021,0.0415209296639053,0.3644998604235737,0.5690698255029584,False
VINP,10,2021-02-10,2021-02-11,2021-03-12,2021,0.2009850022970003,0.3472167964356945,0.5690698255029584,False
VINP,15,2021-02-18,2021-02-19,2021-03-19,2021,0.2032693002070461,0.3988709673611231,0.5690698255029584,False
VINP,20,2021-02-25,2021-02-26,2021-03-26,2021,0.1871755317915771,0.37414904194025284,0.5690698255029584,False
VTEX,2,2021-07-22,2021-07-23,2021-08-20,2021,0.1330437792847937,0.24813267815390835,0.5690698255029584,False
VTEX,5,2021-07-27,2021-07-28,2021-08-25,2021,-0.0743470037360491,0.26710610504258986,0.5690698255029584,False
VTEX,10,2021-08-03,2021-08-04,2021-09-01,2021,0.0235472432319947,0.328459880422104,0.5690698255029584,False
VTEX,15,2021-08-10,2021-08-11,2021-09-09,2021,0.171567878371594,0.3918166499526294,0.5690698255029584,False
VTEX,20,2021-08-17,2021-08-18,2021-09-16,2021,0.0492533547352683,0.25440825243855264,0.5690698255029584,False
WEAV,2,2021-11-12,2021-11-15,2021-12-14,2021,0.1534599975330263,0.4245062731212252,0.5690698255029584,False
WEAV,5,2021-11-17,2021-11-18,2021-12-17,2021,0.2797486865471889,0.3926283117257456,0.5690698255029584,False
WEAV,10,2021-11-24,2021-11-26,2021-12-27,2021,0.2695867287549295,0.35379101518663275,0.5690698255029584,False
WOOF,2,2021-01-15,2021-01-19,2021-02-17,2021,0.1677217178198633,0.5445499890538161,0.5690698255029584,False
WOOF,5,2021-01-21,2021-01-22,2021-02-22,2021,0.1201650747632708,0.5649070318480293,0.5690698255029584,False
WOOF,10,2021-01-28,2021-01-29,2021-03-01,2021,0.2252938868096591,0.4317956814557755,0.5690698255029584,False
WOOF,15,2021-02-04,2021-02-05,2021-03-08,2021,0.1723578967121775,0.47944920326894747,0.5690698255029584,False
WOOF,20,2021-02-11,2021-02-12,2021-03-15,2021,0.0533419096300381,0.5488952980951168,0.5690698255029584,False
WRBY,2,2021-09-30,2021-10-01,2021-10-29,2021,0.0289206745981089,0.48814919210269614,0.5690698255029584,False
WRBY,5,2021-10-05,2021-10-06,2021-11-03,2021,0.0373108923176367,0.5267722525788665,0.5690698255029584,False
WRBY,10,2021-10-12,2021-10-13,2021-11-10,2021,-0.0342799686791566,0.6541993978771556,0.5690698255029584,True
WRBY,15,2021-10-19,2021-10-20,2021-11-17,2021,-0.0519796074690976,0.42351251427471776,0.5690698255029584,False
WRBY,20,2021-10-26,2021-10-27,2021-11-24,2021,0.0800916067408245,0.4101752752206831,0.5690698255029584,False
XMTR,2,2021-07-01,2021-07-02,2021-08-02,2021,-0.2108944722157959,0.5341178076051252,0.5690698255029584,False
XMTR,5,2021-07-07,2021-07-08,2021-08-05,2021,-0.2722287564751665,0.5051842060664345,0.5690698255029584,False
XMTR,10,2021-07-14,2021-07-15,2021-08-12,2021,-0.2836703913243998,0.5430213747078756,0.5690698255029584,False
XMTR,15,2021-07-21,2021-07-22,2021-08-19,2021,0.0125955951047924,0.41999697797019914,0.5690698255029584,False
XMTR,20,2021-07-28,2021-07-29,2021-08-26,2021,-0.0513267268846954,0.38054683588243043,0.5690698255029584,False
XPOF,2,2021-07-26,2021-07-27,2021-08-24,2021,0.041654447889656,0.2603163971226989,0.5690698255029584,False
YMM,2,2021-06-24,2021-06-25,2021-07-26,2021,0.5538380090744502,0.3703330153946759,0.5690698255029584,False
YMM,5,2021-06-29,2021-06-30,2021-07-29,2021,0.3755010657442127,0.5712686102899174,0.5690698255029584,True
YMM,10,2021-07-07,2021-07-08,2021-08-05,2021,0.2890801713060625,0.4411088049522739,0.5690698255029584,False
YMM,15,2021-07-14,2021-07-15,2021-08-12,2021,0.3095925258546864,0.4872161626513291,0.5690698255029584,False
YMM,20,2021-07-21,2021-07-22,2021-08-19,2021,0.333512304313045,0.44913816200190754,0.5690698255029584,False
YOU,2,2021-07-01,2021-07-02,2021-08-02,2021,-0.3022255809738831,0.29484876321892484,0.5690698255029584,False
YOU,5,2021-07-07,2021-07-08,2021-08-05,2021,-0.3456278094880385,0.2770965102860251,0.5690698255029584,False
YOU,10,2021-07-14,2021-07-15,2021-08-12,2021,-0.3313297605859946,0.3074941644413603,0.5690698255029584,False
YOU,15,2021-07-21,2021-07-22,2021-08-19,2021,-0.1310276550546403,0.315003049639533,0.5690698255029584,False
YOU,20,2021-07-28,2021-07-29,2021-08-26,2021,-0.0817265145689604,0.3292983696331912,0.5690698255029584,False
ZETA,2,2021-06-11,2021-06-14,2021-07-13,2021,0.2277237983960085,0.547513484715242,0.5690698255029584,False
ZETA,5,2021-06-16,2021-06-17,2021-07-16,2021,0.2956128234127726,0.4371398396558602,0.5690698255029584,False
ZETA,10,2021-06-23,2021-06-24,2021-07-23,2021,0.3219645971901435,0.46276395759924566,0.5690698255029584,False
ZIM,2,2021-01-29,2021-02-01,2021-03-02,2021,-0.6611177377461023,0.48082580536966957,0.5690698255029584,False
ZIM,5,2021-02-03,2021-02-04,2021-03-05,2021,-0.3397537789840263,0.48713728723347866,0.5690698255029584,False
ZIM,10,2021-02-10,2021-02-11,2021-03-12,2021,-0.4306445197329395,0.4544802087483747,0.5690698255029584,False
ZIM,15,2021-02-18,2021-02-19,2021-03-19,2021,-0.335101737780869,0.43858082259632997,0.5690698255029584,False
ZIM,20,2021-02-25,2021-02-26,2021-03-26,2021,-0.3072308341496773,0.25004368418640477,0.5690698255029584,False
ZIP,2,2021-05-27,2021-05-28,2021-06-28,2021,-0.2042944219873846,0.44033279457805896,0.5690698255029584,False
ZIP,5,2021-06-02,2021-06-03,2021-07-01,2021,-0.0085300795450118,0.4425776410006152,0.5690698255029584,False
ZIP,10,2021-06-09,2021-06-10,2021-07-09,2021,-0.0488225311931626,0.33802310350792436,0.5690698255029584,False
ZIP,15,2021-06-16,2021-06-17,2021-07-16,2021,-0.2053118872642446,0.34835470567524246,0.5690698255029584,False
ZIP,20,2021-06-23,2021-06-24,2021-07-23,2021,-0.0582456234827204,0.41402376602286295,0.5690698255029584,False
ZVIA,2,2021-07-23,2021-07-26,2021-08-23,2021,0.0714146892905844,0.36392648773059066,0.5690698255029584,False
ZVIA,5,2021-07-28,2021-07-29,2021-08-26,2021,-0.1228535831170678,0.44246542794915406,0.5690698255029584,False
ACRV,2,2022-11-16,2022-11-17,2022-12-16,2022,0.2224582468724993,0.4715927237546318,0.3217137604685756,True
AMLX,2,2022-01-10,2022-01-11,2022-02-09,2022,-0.3097744551980909,0.5861116931574389,0.3217137604685756,True
AMLX,5,2022-01-13,2022-01-14,2022-02-14,2022,-0.045433799056328,0.4636552862165751,0.3217137604685756,True
AMLX,10,2022-01-21,2022-01-24,2022-02-22,2022,-0.7104619294235303,0.5129207056081541,0.3217137604685756,True
AMLX,15,2022-01-28,2022-01-31,2022-03-01,2022,-0.4497324956860334,0.506687140769879,0.3217137604685756,True
AMLX,20,2022-02-04,2022-02-07,2022-03-08,2022,-0.4145092824626224,0.5485750793247798,0.3217137604685756,True
ANTX,2,2022-03-28,2022-03-29,2022-04-27,2022,-0.1474566298065666,0.41999576596118005,0.3217137604685756,True
ATAT,2,2022-11-14,2022-11-15,2022-12-14,2022,-0.2028020146681793,0.4743518879895626,0.3217137604685756,True
ATAT,5,2022-11-17,2022-11-18,2022-12-19,2022,-0.2060395988761822,0.5447530910750135,0.3217137604685756,True
ATAT,10,2022-11-25,2022-11-28,2022-12-27,2022,-0.5669504825123167,0.4896790749911606,0.3217137604685756,True
ATAT,15,2022-12-02,2022-12-05,2023-01-04,2022,-0.1710335811533593,0.5901931085920481,0.3217137604685756,True
ATAT,20,2022-12-09,2022-12-12,2023-01-11,2022,-0.4555682438195541,0.5917969563084204,0.3217137604685756,True
BLCO,2,2022-05-09,2022-05-10,2022-06-08,2022,0.1723732548836639,0.6677765771604101,0.3217137604685756,True
BLCO,5,2022-05-12,2022-05-13,2022-06-13,2022,0.121297991052716,0.7147225151831105,0.3217137604685756,True
BLCO,10,2022-05-19,2022-05-20,2022-06-21,2022,0.0282062249729071,0.7223664462188402,0.3217137604685756,True
BLCO,15,2022-05-26,2022-05-27,2022-06-28,2022,0.0406463678687728,0.5942777952786101,0.3217137604685756,True
BLCO,20,2022-06-03,2022-06-06,2022-07-06,2022,-0.0601570475404089,0.5886783739171247,0.3217137604685756,True
BLTE,2,2022-05-02,2022-05-03,2022-06-01,2022,-0.4688747409850862,0.6794797823117142,0.3217137604685756,True
BLTE,5,2022-05-05,2022-05-06,2022-06-06,2022,0.0461868661210004,0.8032535664744682,0.3217137604685756,True
BLTE,10,2022-05-12,2022-05-13,2022-06-13,2022,-0.6370932563724429,0.7810734710051377,0.3217137604685756,True
CRBG,2,2022-09-19,2022-09-20,2022-10-18,2022,-0.0832255736315464,0.6669514038189506,0.3217137604685756,True
CRBG,5,2022-09-22,2022-09-23,2022-10-21,2022,-0.057455424720825,0.7096633357012767,0.3217137604685756,True
CRBG,10,2022-09-29,2022-09-30,2022-10-28,2022,-0.0893036814267515,0.7473863674974163,0.3217137604685756,True
CRBG,15,2022-10-06,2022-10-07,2022-11-04,2022,-0.1038409925121131,0.7451938371826186,0.3217137604685756,True
CRBG,20,2022-10-13,2022-10-14,2022-11-11,2022,-0.0656150910219516,0.6479856800388752,0.3217137604685756,True
CRDO,2,2022-01-28,2022-01-31,2022-03-01,2022,-0.4064788526839079,0.5178123279646022,0.3217137604685756,True
CRDO,5,2022-02-02,2022-02-03,2022-03-04,2022,-0.2812286295940214,0.5057949578360903,0.3217137604685756,True
CRDO,10,2022-02-09,2022-02-10,2022-03-11,2022,-0.1881938014361219,0.4767958282530652,0.3217137604685756,True
CRDO,15,2022-02-16,2022-02-17,2022-03-18,2022,0.0581338362521504,0.4807361444803139,0.3217137604685756,True
CRDO,20,2022-02-24,2022-02-25,2022-03-25,2022,0.0440464021257108,0.4929980645203339,0.3217137604685756,True
ECBK,2,2022-07-29,2022-08-01,2022-08-29,2022,-0.0604058592984625,0.4851469249261378,0.3217137604685756,True
EE,2,2022-04-14,2022-04-18,2022-05-16,2022,-0.0165231519965173,0.4764930685988824,0.3217137604685756,True
EE,5,2022-04-20,2022-04-21,2022-05-19,2022,-0.1485116144156842,0.5832292632398657,0.3217137604685756,True
EE,10,2022-04-27,2022-04-28,2022-05-26,2022,-0.0572472920845069,0.49756620726210526,0.3217137604685756,True
EE,15,2022-05-04,2022-05-05,2022-06-03,2022,-0.1859534263233835,0.5348277962759002,0.3217137604685756,True
EE,20,2022-05-11,2022-05-12,2022-06-10,2022,-0.1896050453379736,0.5923490189307961,0.3217137604685756,True
FGI,2,2022-01-26,2022-01-27,2022-02-25,2022,0.1874859354733558,0.5001712431536689,0.3217137604685756,True
GCT,2,2022-08-19,2022-08-22,2022-09-20,2022,0.6130845660325841,0.8885627677596898,0.3217137604685756,True
GCT,5,2022-08-24,2022-08-25,2022-09-23,2022,0.3824810473678317,0.9850835743791663,0.3217137604685756,True
GCT,10,2022-08-31,2022-09-01,2022-09-30,2022,0.149363346361146,0.9378362427260027,0.3217137604685756,True
GCT,15,2022-09-08,2022-09-09,2022-10-07,2022,0.6144615597252878,0.9653081957871985,0.3217137604685756,True
GCT,20,2022-09-15,2022-09-16,2022-10-14,2022,0.5513754705583537,0.9311889711781228,0.3217137604685756,True
IE,2,2022-06-29,2022-06-30,2022-07-29,2022,0.1324174394368521,0.6925348888196695,0.3217137604685756,True
IE,5,2022-07-05,2022-07-06,2022-08-03,2022,0.1321337287572613,0.6601846201970311,0.3217137604685756,True
IMMX,20,2022-01-13,2022-01-14,2022-02-14,2022,0.1221497040258604,0.9476363425779005,0.3217137604685756,True
IOT,15,2022-01-05,2022-01-06,2022-02-04,2022,-0.0450034675722919,0.5212205367901603,0.3217137604685756,True
IOT,20,2022-01-12,2022-01-13,2022-02-11,2022,-0.0578483284714291,0.40300509950810953,0.3217137604685756,True
MAIA,2,2022-07-29,2022-08-01,2022-08-29,2022,0.4243218392068154,0.608175015297881,0.3217137604685756,True
MAIA,5,2022-08-03,2022-08-04,2022-09-01,2022,0.1469299729486956,0.8074789487365982,0.3217137604685756,True
MBLY,2,2022-10-27,2022-10-28,2022-11-28,2022,0.0021660937410848,0.5389119054809973,0.3217137604685756,True
MBLY,5,2022-11-01,2022-11-02,2022-12-01,2022,-0.0932553267158788,0.5991026169266923,0.3217137604685756,True
MBLY,10,2022-11-08,2022-11-09,2022-12-08,2022,-0.1677144286363672,0.45667230978487194,0.3217137604685756,True
MBLY,15,2022-11-15,2022-11-16,2022-12-15,2022,-0.212404116055181,0.5196052618064755,0.3217137604685756,True
MBLY,20,2022-11-22,2022-11-23,2022-12-22,2022,-0.2438736151384311,0.488143319455012,0.3217137604685756,True
NSTS,2,2022-01-20,2022-01-21,2022-02-18,2022,-0.0677005273645171,0.41010185716215936,0.3217137604685756,True
NU,20,2022-01-06,2022-01-07,2022-02-07,2022,0.0230040668197246,0.648280586721818,0.3217137604685756,True
PEPG,2,2022-05-09,2022-05-10,2022-06-08,2022,0.0720132014462474,0.6403977288306747,0.3217137604685756,True
PRME,2,2022-10-21,2022-10-24,2022-11-21,2022,-0.0932818455344744,0.5895495445338641,0.3217137604685756,True
PRME,5,2022-10-26,2022-10-27,2022-11-25,2022,-0.2190875890407574,0.5369956876552854,0.3217137604685756,True
PRME,10,2022-11-02,2022-11-03,2022-12-02,2022,0.2390859957931738,0.5184856564483641,0.3217137604685756,True
PRME,15,2022-11-09,2022-11-10,2022-12-09,2022,0.1305634563579915,0.41842477021940155,0.3217137604685756,True
PRME,20,2022-11-16,2022-11-17,2022-12-16,2022,0.0293456575768041,0.39717489436878395,0.3217137604685756,True
SKYX,2,2022-02-11,2022-02-14,2022-03-15,2022,-0.3223581577455195,0.5234837608920951,0.3217137604685756,True
SNAL,2,2022-11-11,2022-11-14,2022-12-13,2022,0.3133071600779249,0.7870142661431098,0.3217137604685756,True
SNAL,5,2022-11-16,2022-11-17,2022-12-16,2022,0.4535544953331389,0.6367379801437545,0.3217137604685756,True
TPG,2,2022-01-14,2022-01-18,2022-02-15,2022,-0.0261148573337196,0.47877512700633373,0.3217137604685756,True
TPG,5,2022-01-20,2022-01-21,2022-02-18,2022,0.06424147329425,0.452549196661009,0.3217137604685756,True
TPG,10,2022-01-27,2022-01-28,2022-02-28,2022,0.0336003346757421,0.5739407738857646,0.3217137604685756,True
TPG,15,2022-02-03,2022-02-04,2022-03-07,2022,0.0822737791671796,0.5199655426987546,0.3217137604685756,True
TPG,20,2022-02-10,2022-02-11,2022-03-14,2022,0.0620203179379711,0.5384182037730951,0.3217137604685756,True
ABVX,2,2023-10-23,2023-10-24,2023-11-21,2023,-0.1774605104687071,0.6255423621046571,0.5466640851998966,True
AESI,2,2023-03-10,2023-03-13,2023-04-11,2023,0.0259522541389276,0.4036669929182395,0.5466640851998966,False
AESI,5,2023-03-15,2023-03-16,2023-04-14,2023,-0.0692304676815201,0.40734022715943335,0.5466640851998966,False
AESI,10,2023-03-22,2023-03-23,2023-04-21,2023,-0.0710287614093431,0.39104547073138274,0.5466640851998966,False
AESI,15,2023-03-29,2023-03-30,2023-04-28,2023,-0.0621893909013221,0.41526619366864165,0.5466640851998966,False
AESI,20,2023-04-05,2023-04-06,2023-05-05,2023,0.0002916304381604,0.4158288678147067,0.5466640851998966,False
APGE,2,2023-07-17,2023-07-18,2023-08-15,2023,-0.1246720711301117,0.36590214704390234,0.5466640851998966,False
APGE,5,2023-07-20,2023-07-21,2023-08-18,2023,-0.2611457258203322,0.3123849462965728,0.5466640851998966,False
ARM,2,2023-09-15,2023-09-18,2023-10-16,2023,0.0488606510762161,0.5911856791055653,0.5466640851998966,True
ARM,5,2023-09-20,2023-09-21,2023-10-19,2023,-0.0235929396394965,0.6042672084718973,0.5466640851998966,True
ARM,10,2023-09-27,2023-09-28,2023-10-26,2023,-0.0132436547412907,0.667411582630529,0.5466640851998966,True
ARM,15,2023-10-04,2023-10-05,2023-11-02,2023,0.0256323347654,0.7169560888027672,0.5466640851998966,True
ARM,20,2023-10-11,2023-10-12,2023-11-09,2023,0.0124111548671296,0.7096577440595009,0.5466640851998966,True
ATMU,2,2023-05-30,2023-05-31,2023-06-29,2023,-0.0018586780345458,0.4115473273598706,0.5466640851998966,False
ATMU,5,2023-06-02,2023-06-05,2023-07-05,2023,-0.0989948062639197,0.4422558488361397,0.5466640851998966,False
ATMU,10,2023-06-09,2023-06-12,2023-07-12,2023,-0.1725505360792334,0.42044282897751306,0.5466640851998966,False
ATMU,15,2023-06-16,2023-06-20,2023-07-19,2023,-0.1814971280025034,0.3861580400461549,0.5466640851998966,False
ATMU,20,2023-06-26,2023-06-27,2023-07-26,2023,-0.0615568000027104,0.37620340018579235,0.5466640851998966,False
BFRG,2,2023-02-15,2023-02-16,2023-03-17,2023,0.3829179148816788,0.42932372945004166,0.5466640851998966,False
BIRK,2,2023-10-12,2023-10-13,2023-11-10,2023,-0.0928799111528467,0.6221966042677393,0.5466640851998966,True
BIRK,5,2023-10-17,2023-10-18,2023-11-15,2023,-0.0267844080180344,0.5911111280013143,0.5466640851998966,True
BIRK,10,2023-10-24,2023-10-25,2023-11-22,2023,0.0078982527023161,0.5959932189425045,0.5466640851998966,True
BIRK,15,2023-10-31,2023-11-01,2023-11-30,2023,-0.1003926447120752,0.632408261096515,0.5466640851998966,True
BIRK,20,2023-11-07,2023-11-08,2023-12-07,2023,-0.0818332182175332,0.5545721959823043,0.5466640851998966,True
CART,2,2023-09-20,2023-09-21,2023-10-19,2023,0.1317071387344239,0.6356855973052545,0.5466640851998966,True
CART,5,2023-09-25,2023-09-26,2023-10-24,2023,0.0795372550009562,0.6308709039113649,0.5466640851998966,True
CART,10,2023-10-02,2023-10-03,2023-10-31,2023,0.022656249617524,0.6976771713028195,0.5466640851998966,True
CART,15,2023-10-09,2023-10-10,2023-11-07,2023,-0.1793190255851074,0.6863361012849295,0.5466640851998966,True
CART,20,2023-10-16,2023-10-17,2023-11-14,2023,-0.0374247256535505,0.719507086548993,0.5466640851998966,True
CAVA,2,2023-06-16,2023-06-20,2023-07-19,2023,-0.2504997168172824,0.5358214281482465,0.5466640851998966,False
CAVA,5,2023-06-22,2023-06-23,2023-07-24,2023,-0.3274569121285808,0.5062787987665612,0.5466640851998966,False
CAVA,10,2023-06-29,2023-06-30,2023-07-31,2023,-0.2844612359994774,0.4362047701099734,0.5466640851998966,False
CAVA,15,2023-07-07,2023-07-10,2023-08-07,2023,-0.3246680233996217,0.4376023613255566,0.5466640851998966,False
CAVA,20,2023-07-14,2023-07-17,2023-08-14,2023,-0.0407386471604313,0.44970152470242714,0.5466640851998966,False
FEBO,2,2023-12-01,2023-12-04,2024-01-03,2023,-0.2336583362634838,0.525665378347015,0.5466640851998966,False
GENK,2,2023-06-29,2023-06-30,2023-07-31,2023,-0.3161821898210397,0.49133260231761966,0.5466640851998966,False
GENK,5,2023-07-05,2023-07-06,2023-08-03,2023,-0.1722532888403352,0.3927296524680962,0.5466640851998966,False
GNLX,2,2023-01-27,2023-01-30,2023-02-28,2023,-1.618284439980571,0.36130013866216976,0.5466640851998966,False
GPCR,2,2023-02-06,2023-02-07,2023-03-08,2023,-0.040052032252616,0.39219769124029646,0.5466640851998966,False
HG,2,2023-11-13,2023-11-14,2023-12-13,2023,0.0247553810705514,0.5293755783977911,0.5466640851998966,False
HG,5,2023-11-16,2023-11-17,2023-12-18,2023,0.10330636298868,0.4191627156731873,0.5466640851998966,False
HG,10,2023-11-24,2023-11-27,2023-12-26,2023,0.1120084998025244,0.398086769789496,0.5466640851998966,False
HSAI,2,2023-02-10,2023-02-13,2023-03-14,2023,0.1074085270688005,0.4514953411037436,0.5466640851998966,False
HSAI,5,2023-02-15,2023-02-16,2023-03-17,2023,0.2718997417161183,0.43017184826697463,0.5466640851998966,False
HSAI,10,2023-02-23,2023-02-24,2023-03-24,2023,0.1675342408691682,0.5037726777435456,0.5466640851998966,False
HSAI,15,2023-03-02,2023-03-03,2023-03-31,2023,0.231310150435109,0.5365849914568296,0.5466640851998966,False
HSAI,20,2023-03-09,2023-03-10,2023-04-10,2023,0.3930239919040644,0.5180887791235954,0.5466640851998966,False
KGS,2,2023-06-30,2023-07-03,2023-08-01,2023,-0.1440663678374726,0.3249790134088419,0.5466640851998966,False
KGS,5,2023-07-06,2023-07-07,2023-08-04,2023,-0.1948959460017782,0.27377005564888385,0.5466640851998966,False
KGS,10,2023-07-13,2023-07-14,2023-08-11,2023,-0.2404247634218077,0.24866345620295105,0.5466640851998966,False
KGS,15,2023-07-20,2023-07-21,2023-08-18,2023,-0.1796509402794509,0.27355704307670203,0.5466640851998966,False
KGS,20,2023-07-27,2023-07-28,2023-08-25,2023,-0.0378858384341611,0.30518552578898456,0.5466640851998966,False
KVUE,2,2023-05-05,2023-05-08,2023-06-06,2023,0.0683059880539189,0.5407099345330463,0.5466640851998966,False
KVUE,5,2023-05-10,2023-05-11,2023-06-09,2023,0.0705078170311231,0.4657468076927699,0.5466640851998966,False
KVUE,10,2023-05-17,2023-05-18,2023-06-16,2023,0.0952323935619352,0.5269068838508854,0.5466640851998966,False
KVUE,15,2023-05-24,2023-05-25,2023-06-26,2023,0.0039481910577137,0.49741534020196554,0.5466640851998966,False
KVUE,20,2023-06-01,2023-06-02,2023-07-03,2023,-0.0388634585277189,0.43405721484472026,0.5466640851998966,False
KVYO,2,2023-09-21,2023-09-22,2023-10-20,2023,0.0838145344824337,0.4540090515734019,0.5466640851998966,False
KVYO,5,2023-09-26,2023-09-27,2023-10-25,2023,0.1022163397651085,0.442795729932456,0.5466640851998966,False
KVYO,10,2023-10-03,2023-10-04,2023-11-01,2023,0.0682585839503094,0.49145012581920744,0.5466640851998966,False
KVYO,15,2023-10-10,2023-10-11,2023-11-08,2023,0.1907954379581774,0.504759996060945,0.5466640851998966,False
KVYO,20,2023-10-17,2023-10-18,2023-11-15,2023,0.1600107733612204,0.49621652080041495,0.5466640851998966,False
LXEO,2,2023-11-06,2023-11-07,2023-12-06,2023,-0.2983311933100288,0.5921470060899356,0.5466640851998966,True
MLYS,2,2023-02-13,2023-02-14,2023-03-15,2023,-0.0035693105501729,0.32268256619464597,0.5466640851998966,False
MNR,2,2023-10-26,2023-10-27,2023-11-27,2023,0.1788986569440121,0.5401934959713013,0.5466640851998966,False
NMRA,2,2023-09-18,2023-09-19,2023-10-17,2023,0.2718070764472098,0.5460072975618898,0.5466640851998966,False
NMRA,5,2023-09-21,2023-09-22,2023-10-20,2023,-0.0219839123503102,0.5563329216880708,0.5466640851998966,True
NMRA,10,2023-09-28,2023-09-29,2023-10-27,2023,0.0178779754426545,0.648727157550932,0.5466640851998966,True
NMRA,15,2023-10-05,2023-10-06,2023-11-03,2023,0.0039888719466377,0.5989195800491758,0.5466640851998966,True
NMRA,20,2023-10-12,2023-10-13,2023-11-10,2023,-0.2173482251931689,0.5835976329851856,0.5466640851998966,True
NXT,2,2023-02-10,2023-02-13,2023-03-14,2023,-0.1326426263817546,0.40523409208639255,0.5466640851998966,False
NXT,5,2023-02-15,2023-02-16,2023-03-17,2023,-0.0153899868043888,0.394250663654528,0.5466640851998966,False
NXT,10,2023-02-23,2023-02-24,2023-03-24,2023,-0.0196651965773913,0.38895728140946906,0.5466640851998966,False
NXT,15,2023-03-02,2023-03-03,2023-03-31,2023,-0.0942969915706851,0.4235592193723912,0.5466640851998966,False
NXT,20,2023-03-09,2023-03-10,2023-04-10,2023,-0.0117287769659871,0.41192401337001444,0.5466640851998966,False
ODD,2,2023-07-20,2023-07-21,2023-08-18,2023,0.0283714156025234,0.3834447566463486,0.5466640851998966,False
ODD,5,2023-07-25,2023-07-26,2023-08-23,2023,0.0598084830912239,0.31170207743490624,0.5466640851998966,False
ODD,10,2023-08-01,2023-08-02,2023-08-30,2023,0.1567678925070856,0.4028594553760461,0.5466640851998966,False
ODD,15,2023-08-08,2023-08-09,2023-09-07,2023,0.2401556830085614,0.4067923663909742,0.5466640851998966,False
ODD,20,2023-08-15,2023-08-16,2023-09-14,2023,0.1389295392890911,0.4964631079127062,0.5466640851998966,False
RR,2,2023-11-20,2023-11-21,2023-12-20,2023,0.1693287436210577,0.5597486744338345,0.5466640851998966,True
SGMT,2,2023-07-17,2023-07-18,2023-08-15,2023,-0.0394403361068045,0.3481453643435095,0.5466640851998966,False
SKWD,2,2023-01-17,2023-01-18,2023-02-15,2023,-0.0352750837144252,0.4150871148394904,0.5466640851998966,False
SKWD,5,2023-01-20,2023-01-23,2023-02-21,2023,-0.0373537564020644,0.3117269228960178,0.5466640851998966,False
SRFM,2,2023-07-28,2023-07-31,2023-08-28,2023,0.3824281327726057,0.5839588977562433,0.5466640851998966,True
SRFM,5,2023-08-02,2023-08-03,2023-08-31,2023,-0.0131548816532343,0.6363990994040646,0.5466640851998966,True
SVV,2,2023-06-30,2023-07-03,2023-08-01,2023,0.0006204161887506,0.35582479503968595,0.5466640851998966,False
SVV,5,2023-07-06,2023-07-07,2023-08-04,2023,-0.0524465993043698,0.30216313123037275,0.5466640851998966,False
SVV,10,2023-07-13,2023-07-14,2023-08-11,2023,-0.1385076408242468,0.28557618408514734,0.5466640851998966,False
SVV,15,2023-07-20,2023-07-21,2023-08-18,2023,-0.1914804899245337,0.30885694338225056,0.5466640851998966,False
SVV,20,2023-07-27,2023-07-28,2023-08-25,2023,-0.056014039307504,0.3220326050136245,0.5466640851998966,False
TXO,2,2023-01-30,2023-01-31,2023-03-01,2023,-0.1603338429857203,0.3975087724331902,0.5466640851998966,False
VTMX,2,2023-07-03,2023-07-05,2023-08-02,2023,-0.0132494709313439,0.34761277262384227,0.5466640851998966,False
VTMX,5,2023-07-07,2023-07-10,2023-08-07,2023,0.0409949822240481,0.30704885489734246,0.5466640851998966,False
VTMX,10,2023-07-14,2023-07-17,2023-08-14,2023,-0.023787219718609,0.27227106793797906,0.5466640851998966,False
VTMX,15,2023-07-21,2023-07-24,2023-08-21,2023,-0.1532152483831996,0.2865188210885652,0.5466640851998966,False
VTMX,20,2023-07-28,2023-07-31,2023-08-28,2023,-0.0987838108233788,0.3269280064151841,0.5466640851998966,False
AHR,2,2024-02-08,2024-02-09,2024-03-11,2024,-0.0589664117356367,0.4325494986249774,0.4914501258192075,False
AHR,5,2024-02-13,2024-02-14,2024-03-14,2024,-0.0061805428996754,0.3875648520896106,0.4914501258192075,False
AHR,10,2024-02-21,2024-02-22,2024-03-21,2024,-0.0394661540699046,0.3654966804356259,0.4914501258192075,False
AHR,15,2024-02-28,2024-02-29,2024-03-28,2024,-0.0917174946719776,0.37410138705917595,0.4914501258192075,False
AHR,20,2024-03-06,2024-03-07,2024-04-05,2024,-0.0094608901115951,0.384659315792729,0.4914501258192075,False
ALAB,2,2024-03-21,2024-03-22,2024-04-22,2024,-0.1020514705407609,0.6180661209359737,0.4914501258192075,True
ALAB,5,2024-03-26,2024-03-27,2024-04-25,2024,0.0386454884868281,0.6811443750802704,0.4914501258192075,True
ALAB,10,2024-04-03,2024-04-04,2024-05-02,2024,-0.2192192277149011,0.6182471596940433,0.4914501258192075,True
ALAB,15,2024-04-10,2024-04-11,2024-05-09,2024,-0.0072652264464504,0.5834328412433761,0.4914501258192075,True
ALAB,20,2024-04-17,2024-04-18,2024-05-16,2024,-0.0041573953358679,0.5851173818668514,0.4914501258192075,True
ALMS,2,2024-07-01,2024-07-02,2024-07-31,2024,0.0055825700283682,0.38178055240571096,0.4914501258192075,False
ANRO,2,2024-02-05,2024-02-06,2024-03-06,2024,0.3170117079142729,0.4171377008912726,0.4914501258192075,False
ANRO,5,2024-02-08,2024-02-09,2024-03-11,2024,0.2300107217042519,0.4508956198941057,0.4914501258192075,False
ANRO,10,2024-02-15,2024-02-16,2024-03-18,2024,0.0973134171719893,0.4230083210641149,0.4914501258192075,False
ARDT,2,2024-07-19,2024-07-22,2024-08-19,2024,-0.0234744984662055,0.3377469309166547,0.4914501258192075,False
ARDT,5,2024-07-24,2024-07-25,2024-08-22,2024,-0.0056478767937312,0.3045241231960154,0.4914501258192075,False
ARDT,10,2024-07-31,2024-08-01,2024-08-29,2024,-0.1303078228264239,0.37905741823248607,0.4914501258192075,False
ARDT,15,2024-08-07,2024-08-08,2024-09-06,2024,-0.1914805196832712,0.3705393554004571,0.4914501258192075,False
ARTV,2,2024-07-22,2024-07-23,2024-08-20,2024,0.2078510411909377,0.4973726194873031,0.4914501258192075,True
AS,2,2024-02-02,2024-02-05,2024-03-05,2024,-0.0588991133307887,0.46260696995619704,0.4914501258192075,False
AS,5,2024-02-07,2024-02-08,2024-03-08,2024,-0.0162935936020162,0.46379993101741157,0.4914501258192075,False
AS,10,2024-02-14,2024-02-15,2024-03-15,2024,-0.0117706515512746,0.41484754394325285,0.4914501258192075,False
AS,15,2024-02-22,2024-02-23,2024-03-22,2024,-0.0493509847240757,0.4228845655230301,0.4914501258192075,False
AS,20,2024-02-29,2024-03-01,2024-04-01,2024,0.0803833349526456,0.4348367853809325,0.4914501258192075,False
AUNA,2,2024-03-25,2024-03-26,2024-04-24,2024,0.1817028383921349,0.44399727952882106,0.4914501258192075,False
AUNA,5,2024-03-28,2024-04-01,2024-04-29,2024,0.2766763228732862,0.42346636233658075,0.4914501258192075,False
AUNA,10,2024-04-05,2024-04-08,2024-05-06,2024,0.2248808214309241,0.4462865016295248,0.4914501258192075,False
AUNA,15,2024-04-12,2024-04-15,2024-05-13,2024,-0.1991080571970369,0.47130639395732615,0.4914501258192075,False
AUNA,20,2024-04-19,2024-04-22,2024-05-20,2024,-0.2559215546013701,0.47919503419148807,0.4914501258192075,False
AVBP,2,2024-01-29,2024-01-30,2024-02-28,2024,0.0382157598642199,0.5468595227559306,0.4914501258192075,True
AVBP,5,2024-02-01,2024-02-02,2024-03-04,2024,0.0042101944801304,0.47170318508891745,0.4914501258192075,False
AVR,2,2024-12-16,2024-12-17,2025-01-17,2024,-0.1093075992537997,0.4008119945022812,0.4914501258192075,False
BCAX,2,2024-09-16,2024-09-17,2024-10-15,2024,0.2782195135014049,0.47221728323841916,0.4914501258192075,False
BCAX,5,2024-09-19,2024-09-20,2024-10-18,2024,0.1124608796419095,0.4646048957661261,0.4914501258192075,False
BCAX,10,2024-09-26,2024-09-27,2024-10-25,2024,0.1135478075885121,0.4153205087266998,0.4914501258192075,False
BCAX,15,2024-10-03,2024-10-04,2024-11-01,2024,-0.0418511694755431,0.3670258910863471,0.4914501258192075,False
BCAX,20,2024-10-10,2024-10-11,2024-11-08,2024,-0.2757830838031725,0.4557690586744488,0.4914501258192075,False
BKV,2,2024-09-27,2024-09-30,2024-10-28,2024,0.0378815621115373,0.3257937327487425,0.4914501258192075,False
BKV,5,2024-10-02,2024-10-03,2024-10-31,2024,-0.0239439737355166,0.27010093641398525,0.4914501258192075,False
BKV,10,2024-10-09,2024-10-10,2024-11-07,2024,-0.0479328490839575,0.28820028683745263,0.4914501258192075,False
BKV,15,2024-10-16,2024-10-17,2024-11-14,2024,-0.1865066629649623,0.2953710633109806,0.4914501258192075,False
BKV,20,2024-10-23,2024-10-24,2024-11-21,2024,-0.1987155919962048,0.288207417832886,0.4914501258192075,False
BOLD,2,2024-04-01,2024-04-02,2024-04-30,2024,0.191782362794723,0.5303334089196581,0.4914501258192075,True
BOLD,5,2024-04-04,2024-04-05,2024-05-03,2024,0.2639767329950285,0.4543198113788243,0.4914501258192075,False
BOW,2,2024-05-24,2024-05-28,2024-06-26,2024,0.0800875264404007,0.3549553173714453,0.4914501258192075,False
BOW,5,2024-05-30,2024-05-31,2024-07-01,2024,0.0851670849246805,0.3220602216039603,0.4914501258192075,False
BOW,10,2024-06-06,2024-06-07,2024-07-09,2024,0.0242662573499633,0.30031777741838994,0.4914501258192075,False
BOW,15,2024-06-13,2024-06-14,2024-07-16,2024,0.0082576721744526,0.3409363754820263,0.4914501258192075,False
BTSG,2,2024-01-29,2024-01-30,2024-02-28,2024,0.0903794929096494,0.5879895842464306,0.4914501258192075,True
BTSG,5,2024-02-01,2024-02-02,2024-03-04,2024,0.2014998866541408,0.5078603816778229,0.4914501258192075,True
BTSG,10,2024-02-08,2024-02-09,2024-03-11,2024,0.1961837720422254,0.4713171796452425,0.4914501258192075,False
BTSG,15,2024-02-15,2024-02-16,2024-03-18,2024,0.155212554569411,0.5127669585645825,0.4914501258192075,True
BTSG,20,2024-02-23,2024-02-26,2024-03-25,2024,-0.0580976564116564,0.5304106099172982,0.4914501258192075,True
CAMP,2,2024-10-14,2024-10-15,2024-11-12,2024,-0.2093573289565869,0.4794330816516325,0.4914501258192075,False
CBLL,2,2024-10-14,2024-10-15,2024-11-12,2024,-0.138307617229048,0.42178378339088207,0.4914501258192075,False
CBLL,5,2024-10-17,2024-10-18,2024-11-15,2024,-0.0126411676920777,0.40504315766259413,0.4914501258192075,False
CBLL,10,2024-10-24,2024-10-25,2024-11-22,2024,0.0151126319338978,0.386996544832114,0.4914501258192075,False
CBLL,15,2024-10-31,2024-11-01,2024-12-02,2024,-0.0464001625906711,0.4328037703008438,0.4914501258192075,False
CBLL,20,2024-11-07,2024-11-08,2024-12-09,2024,-0.0533849792467413,0.4173949948667692,0.4914501258192075,False
CGON,2,2024-01-26,2024-01-29,2024-02-27,2024,-0.2518790414294934,0.6066795933932433,0.4914501258192075,True
CGON,5,2024-01-31,2024-02-01,2024-03-01,2024,-0.1315599513462462,0.5577248481573938,0.4914501258192075,True
CGON,10,2024-02-07,2024-02-08,2024-03-08,2024,0.1536879177664954,0.5985293869508402,0.4914501258192075,True
CGON,15,2024-02-14,2024-02-15,2024-03-15,2024,0.1139161886263845,0.5897210048066536,0.4914501258192075,True
CGON,20,2024-02-22,2024-02-23,2024-03-22,2024,0.1232091992518022,0.6055549727999484,0.4914501258192075,True
CON,2,2024-07-26,2024-07-29,2024-08-26,2024,-0.0224622916208225,0.3735341741725186,0.4914501258192075,False
CON,5,2024-07-31,2024-08-01,2024-08-29,2024,-0.0308670864668758,0.3833353973855277,0.4914501258192075,False
CON,10,2024-08-07,2024-08-08,2024-09-06,2024,-0.0742281676319259,0.36702918711677884,0.4914501258192075,False
CON,15,2024-08-14,2024-08-15,2024-09-13,2024,-0.0103581501027805,0.3399346796979302,0.4914501258192075,False
CON,20,2024-08-21,2024-08-22,2024-09-20,2024,0.0034035472412883,0.32973578161621936,0.4914501258192075,False
CTNM,2,2024-04-08,2024-04-09,2024-05-07,2024,-0.0214991695311029,0.4506184750232562,0.4914501258192075,False
CTRI,2,2024-04-22,2024-04-23,2024-05-21,2024,-0.0528849119280229,0.39763377116000836,0.4914501258192075,False
CTRI,5,2024-04-25,2024-04-26,2024-05-24,2024,-0.042152028844223,0.40549606225074725,0.4914501258192075,False
CTRI,10,2024-05-02,2024-05-03,2024-06-03,2024,-0.1141340571353257,0.3517496367171275,0.4914501258192075,False
CTRI,15,2024-05-09,2024-05-10,2024-06-10,2024,-0.0574195505299343,0.3101325778415759,0.4914501258192075,False
CTRI,20,2024-05-16,2024-05-17,2024-06-17,2024,-0.0148355114461726,0.3192722772344335,0.4914501258192075,False
FBLA,2,2024-10-24,2024-10-25,2024-11-22,2024,-0.0380820543203627,0.4829884956765539,0.4914501258192075,False
FLX,2,2024-10-07,2024-10-08,2024-11-05,2024,0.1273457011293717,0.5038240667421916,0.4914501258192075,True
FVR,2,2024-10-03,2024-10-04,2024-11-01,2024,-0.0060833490873395,0.314008216836772,0.4914501258192075,False
FVR,5,2024-10-08,2024-10-09,2024-11-06,2024,0.0137549468936356,0.3068768765022924,0.4914501258192075,False
FVR,10,2024-10-15,2024-10-16,2024-11-13,2024,-0.011477811775009,0.3122455298771127,0.4914501258192075,False
FVR,15,2024-10-22,2024-10-23,2024-11-20,2024,0.0244466205072218,0.3127710936906782,0.4914501258192075,False
FVR,20,2024-10-29,2024-10-30,2024-11-27,2024,-0.0550538880498757,0.33028966508752666,0.4914501258192075,False
GAUZ,2,2024-06-07,2024-06-10,2024-07-10,2024,0.5050051991435157,0.42192382294873165,0.4914501258192075,False
GRDN,2,2024-09-27,2024-09-30,2024-10-28,2024,0.0004877161563061,0.36052312296942035,0.4914501258192075,False
GRDN,5,2024-10-02,2024-10-03,2024-10-31,2024,-0.0925645183427821,0.32103594930707935,0.4914501258192075,False
GUTS,2,2024-02-05,2024-02-06,2024-03-06,2024,0.2377601979427583,0.5454228733242266,0.4914501258192075,True
HDL,2,2024-05-20,2024-05-21,2024-06-20,2024,0.2229146295197425,0.4387182969380652,0.4914501258192075,False
IBTA,2,2024-04-22,2024-04-23,2024-05-21,2024,0.0010400201703628,0.38609421405767375,0.4914501258192075,False
IBTA,5,2024-04-25,2024-04-26,2024-05-24,2024,0.0211219843755784,0.4015434988776814,0.4914501258192075,False
IBTA,10,2024-05-02,2024-05-03,2024-06-03,2024,0.1984876056732568,0.3467402604035274,0.4914501258192075,False
IBTA,15,2024-05-09,2024-05-10,2024-06-10,2024,0.198740093461125,0.300794913017623,0.4914501258192075,False
IBTA,20,2024-05-16,2024-05-17,2024-06-17,2024,0.3798993344230171,0.30941904876569337,0.4914501258192075,False
INGM,2,2024-10-25,2024-10-28,2024-11-25,2024,0.1121014368144843,0.3821130025708286,0.4914501258192075,False
INGM,5,2024-10-30,2024-10-31,2024-11-29,2024,0.0638557287682275,0.4289600231885465,0.4914501258192075,False
INGM,10,2024-11-06,2024-11-07,2024-12-06,2024,0.0628527263547596,0.35129778603519507,0.4914501258192075,False
INGM,15,2024-11-13,2024-11-14,2024-12-13,2024,0.0943857419659224,0.3902529005939213,0.4914501258192075,False
INGM,20,2024-11-20,2024-11-21,2024-12-20,2024,0.0630603457153204,0.4168863162383085,0.4914501258192075,False
KLC,2,2024-10-10,2024-10-11,2024-11-08,2024,0.0085659484076529,0.3936965370802558,0.4914501258192075,False
KLC,5,2024-10-15,2024-10-16,2024-11-13,2024,0.1007560003109385,0.3483335707468427,0.4914501258192075,False
KLC,10,2024-10-22,2024-10-23,2024-11-20,2024,0.1734402175931125,0.35367608667245726,0.4914501258192075,False
KLC,15,2024-10-29,2024-10-30,2024-11-27,2024,0.1739613221350986,0.3706649236893018,0.4914501258192075,False
KLC,20,2024-11-05,2024-11-06,2024-12-05,2024,0.1578034343957362,0.36104675768269556,0.4914501258192075,False
KSPI,2,2024-01-22,2024-01-23,2024-02-21,2024,-0.0860076763036506,0.42769635175724535,0.4914501258192075,False
KSPI,5,2024-01-25,2024-01-26,2024-02-26,2024,-0.102471413935693,0.5061683147905928,0.4914501258192075,True
KSPI,10,2024-02-01,2024-02-02,2024-03-04,2024,-0.1276225383443045,0.42850244948992017,0.4914501258192075,False
KSPI,15,2024-02-08,2024-02-09,2024-03-11,2024,-0.222795717346319,0.4740732179226757,0.4914501258192075,False
KSPI,20,2024-02-15,2024-02-16,2024-03-18,2024,-0.222195468996186,0.3989920188332545,0.4914501258192075,False
KYTX,2,2024-02-12,2024-02-13,2024-03-13,2024,0.0052120410372696,0.4932704357886027,0.4914501258192075,True
KYTX,5,2024-02-15,2024-02-16,2024-03-18,2024,0.0910526612987633,0.3979484817972436,0.4914501258192075,False
KYTX,10,2024-02-23,2024-02-26,2024-03-25,2024,0.1552526636725828,0.49146399814627467,0.4914501258192075,True
KYTX,15,2024-03-01,2024-03-04,2024-04-02,2024,0.16732162732035,0.45883498600501704,0.4914501258192075,False
KYTX,20,2024-03-08,2024-03-11,2024-04-09,2024,0.1193504271081502,0.4544259544434674,0.4914501258192075,False
LB,2,2024-07-01,2024-07-02,2024-07-31,2024,-0.4546657239504251,0.38698849844498373,0.4914501258192075,False
LB,5,2024-07-05,2024-07-08,2024-08-05,2024,-0.1515791037262769,0.45217147652311,0.4914501258192075,False
LB,10,2024-07-12,2024-07-15,2024-08-12,2024,-0.1589203376546717,0.4778557240396988,0.4914501258192075,False
LB,15,2024-07-19,2024-07-22,2024-08-19,2024,-0.2319365865713291,0.39113645974944916,0.4914501258192075,False
LB,20,2024-07-26,2024-07-29,2024-08-26,2024,-0.2710723340492018,0.43309457318550326,0.4914501258192075,False
LIF,2,2024-06-07,2024-06-10,2024-07-10,2024,-0.2030715329950596,0.36318992834771957,0.4914501258192075,False
LIF,5,2024-06-12,2024-06-13,2024-07-15,2024,-0.2399090150901098,0.29559525847770535,0.4914501258192075,False
LIF,10,2024-06-20,2024-06-21,2024-07-22,2024,-0.0571410842946644,0.3680631293695153,0.4914501258192075,False
LIF,15,2024-06-27,2024-06-28,2024-07-29,2024,-0.0426842267381226,0.3221114594156488,0.4914501258192075,False
LIF,20,2024-07-05,2024-07-08,2024-08-05,2024,0.0033380811004582,0.3298071261832772,0.4914501258192075,False
LINE,2,2024-07-26,2024-07-29,2024-08-26,2024,-0.0148916914962592,0.45893047024881223,0.4914501258192075,False
LINE,5,2024-07-31,2024-08-01,2024-08-29,2024,0.0327517089406434,0.4964394971540556,0.4914501258192075,True
LINE,10,2024-08-07,2024-08-08,2024-09-06,2024,0.0827438218587842,0.46302633147109445,0.4914501258192075,False
LINE,15,2024-08-14,2024-08-15,2024-09-13,2024,-0.0064836530841321,0.4131170765490169,0.4914501258192075,False
LINE,20,2024-08-21,2024-08-22,2024-09-20,2024,0.0341058382298132,0.4160782716349455,0.4914501258192075,False
LOAR,2,2024-04-26,2024-04-29,2024-05-28,2024,-0.0245365505017481,0.47222977124271476,0.4914501258192075,False
LOAR,5,2024-05-01,2024-05-02,2024-05-31,2024,-0.1196143243194121,0.41719035783085573,0.4914501258192075,False
LOAR,10,2024-05-08,2024-05-09,2024-06-07,2024,-0.2134558111583175,0.42003875330454643,0.4914501258192075,False
LOAR,15,2024-05-15,2024-05-16,2024-06-14,2024,-0.1585589614110088,0.3771514142863654,0.4914501258192075,False
LOAR,20,2024-05-22,2024-05-23,2024-06-24,2024,0.0293445699082659,0.4586186448786854,0.4914501258192075,False
MBX,2,2024-09-16,2024-09-17,2024-10-15,2024,-0.0892618513839077,0.5021203504115619,0.4914501258192075,True
MGX,2,2024-02-12,2024-02-13,2024-03-13,2024,0.0373614027241061,0.48888218583582876,0.4914501258192075,False
MGX,5,2024-02-15,2024-02-16,2024-03-18,2024,0.0928477824945463,0.4043992159980949,0.4914501258192075,False
MRX,2,2024-04-26,2024-04-29,2024-05-28,2024,-0.166966140761835,0.45329812340452635,0.4914501258192075,False
MRX,5,2024-05-01,2024-05-02,2024-05-31,2024,-0.0322897759887414,0.37833194578231544,0.4914501258192075,False
MRX,10,2024-05-08,2024-05-09,2024-06-07,2024,-0.0371036452065702,0.3851304710313746,0.4914501258192075,False
MRX,15,2024-05-15,2024-05-16,2024-06-14,2024,-0.0014315467887177,0.33804149981232223,0.4914501258192075,False
MRX,20,2024-05-22,2024-05-23,2024-06-24,2024,0.1163222195227737,0.39124791030801226,0.4914501258192075,False
NBBK,2,2023-12-29,2024-01-02,2024-01-31,2024,-0.0419804729131646,0.5297511182081032,0.4914501258192075,True
NBBK,5,2024-01-04,2024-01-05,2024-02-05,2024,0.0233747465722651,0.376891893521451,0.4914501258192075,False
NBBK,10,2024-01-11,2024-01-12,2024-02-12,2024,0.0182744036746648,0.3848187771329588,0.4914501258192075,False
NBBK,15,2024-01-19,2024-01-22,2024-02-20,2024,-0.0012432135649146,0.37314942216719243,0.4914501258192075,False
NBBK,20,2024-01-26,2024-01-29,2024-02-27,2024,0.0434543962531658,0.43016350158389516,0.4914501258192075,False
PACS,2,2024-04-12,2024-04-15,2024-05-13,2024,-0.0482034349850583,0.4101782764124067,0.4914501258192075,False
PACS,5,2024-04-17,2024-04-18,2024-05-16,2024,-0.1621522646047239,0.35690883297072945,0.4914501258192075,False
PACS,10,2024-04-24,2024-04-25,2024-05-23,2024,-0.1858693982259931,0.37459574942187285,0.4914501258192075,False
PACS,15,2024-05-01,2024-05-02,2024-05-31,2024,-0.2317830282372131,0.3509046164120195,0.4914501258192075,False
PACS,20,2024-05-08,2024-05-09,2024-06-07,2024,-0.2121165652102598,0.3485956280837453,0.4914501258192075,False
PAL,2,2024-05-10,2024-05-13,2024-06-11,2024,0.0327006135622774,0.39838667015491636,0.4914501258192075,False
PONY,2,2024-11-29,2024-12-02,2024-12-31,2024,-0.1627112081089424,0.4554939787160043,0.4914501258192075,False
PONY,5,2024-12-04,2024-12-05,2025-01-06,2024,-0.3242466363926153,0.4521567310745472,0.4914501258192075,False
PONY,10,2024-12-11,2024-12-12,2025-01-14,2024,-0.0898347183939011,0.4377007571729955,0.4914501258192075,False
PONY,15,2024-12-18,2024-12-19,2025-01-22,2024,-0.064022419243038,0.4505288123355217,0.4914501258192075,False
PONY,20,2024-12-26,2024-12-27,2025-01-29,2024,0.040582761830067,0.47192249873347386,0.4914501258192075,False
RAPP,2,2024-06-10,2024-06-11,2024-07-11,2024,0.0805277911518685,0.4578241540276615,0.4914501258192075,False
RAPP,5,2024-06-13,2024-06-14,2024-07-16,2024,-0.1889138365199368,0.5147723183310113,0.4914501258192075,True
RAPP,10,2024-06-21,2024-06-24,2024-07-23,2024,0.0671567102082713,0.45930124510668563,0.4914501258192075,False
RAPP,15,2024-06-28,2024-07-01,2024-07-30,2024,0.0741646763302442,0.42789161058108405,0.4914501258192075,False
RAPP,20,2024-07-08,2024-07-09,2024-08-06,2024,-0.0946906689441367,0.44729581711966193,0.4914501258192075,False
RBRK,2,2024-04-26,2024-04-29,2024-05-28,2024,0.1316292735561757,0.4710853194321231,0.4914501258192075,False
RBRK,5,2024-05-01,2024-05-02,2024-05-31,2024,0.115024668889143,0.4892734097005171,0.4914501258192075,False
RBRK,10,2024-05-08,2024-05-09,2024-06-07,2024,0.0054665744737066,0.49083069628644316,0.4914501258192075,False
RBRK,15,2024-05-15,2024-05-16,2024-06-14,2024,0.0980322181235581,0.434996974095131,0.4914501258192075,False
RBRK,20,2024-05-22,2024-05-23,2024-06-24,2024,0.1427918042061834,0.4497692243525131,0.4914501258192075,False
RDDT,2,2024-03-22,2024-03-25,2024-04-23,2024,0.0196835691601874,0.6277023206602325,0.4914501258192075,True
RDDT,5,2024-03-27,2024-03-28,2024-04-26,2024,0.0982983087524713,0.6893234693797652,0.4914501258192075,True
RDDT,10,2024-04-04,2024-04-05,2024-05-03,2024,-0.0597911462339215,0.6231202090637714,0.4914501258192075,True
RDDT,15,2024-04-11,2024-04-12,2024-05-10,2024,-0.2565111913863733,0.6976613147486158,0.4914501258192075,True
RDDT,20,2024-04-18,2024-04-19,2024-05-17,2024,-0.5178736806932164,0.6695228426721579,0.4914501258192075,True
SARO,2,2024-10-03,2024-10-04,2024-11-01,2024,0.0987526355460056,0.38642351807581243,0.4914501258192075,False
SARO,5,2024-10-08,2024-10-09,2024-11-06,2024,0.1063327574167574,0.36638065520446605,0.4914501258192075,False
SARO,10,2024-10-15,2024-10-16,2024-11-13,2024,0.1179512064330839,0.37431581487661947,0.4914501258192075,False
SARO,15,2024-10-22,2024-10-23,2024-11-20,2024,0.0589647267321316,0.3849896017437248,0.4914501258192075,False
SARO,20,2024-10-29,2024-10-30,2024-11-27,2024,0.0056962238193289,0.46766839853328585,0.4914501258192075,False
SDHC,2,2024-01-12,2024-01-16,2024-02-13,2024,-0.1237091893503012,0.3340648697499621,0.4914501258192075,False
SDHC,5,2024-01-18,2024-01-19,2024-02-16,2024,-0.0904258358214149,0.3021381597607632,0.4914501258192075,False
SDHC,10,2024-01-25,2024-01-26,2024-02-26,2024,-0.0770712021861076,0.36737743623443353,0.4914501258192075,False
SDHC,15,2024-02-01,2024-02-02,2024-03-04,2024,-0.2278716887981265,0.36596738842128007,0.4914501258192075,False
SEPN,2,2024-10-28,2024-10-29,2024-11-26,2024,-0.151883894711871,0.5417188374907438,0.4914501258192075,True
SEPN,5,2024-10-31,2024-11-01,2024-12-02,2024,-0.0290574281240162,0.49028133345843605,0.4914501258192075,False
SEPN,10,2024-11-07,2024-11-08,2024-12-09,2024,0.1067770963742419,0.46051377104296304,0.4914501258192075,False
SEPN,15,2024-11-14,2024-11-15,2024-12-16,2024,0.0189193178430556,0.4027236097842621,0.4914501258192075,False
SVCO,2,2024-05-10,2024-05-13,2024-06-11,2024,0.0696955701448641,0.5104075598905656,0.4914501258192075,True
SVCO,5,2024-05-15,2024-05-16,2024-06-14,2024,0.1151911908527941,0.3444945888815222,0.4914501258192075,False
TBBB,2,2024-02-12,2024-02-13,2024-03-13,2024,-0.0735448413302349,0.4724751221128941,0.4914501258192075,False
TBBB,5,2024-02-15,2024-02-16,2024-03-18,2024,-0.0830305874691562,0.4005122268361175,0.4914501258192075,False
TBBB,10,2024-02-23,2024-02-26,2024-03-25,2024,-0.1621157823714132,0.4152215172359825,0.4914501258192075,False
TBBB,15,2024-03-01,2024-03-04,2024-04-02,2024,-0.108348301932495,0.39832748227492093,0.4914501258192075,False
TBBB,20,2024-03-08,2024-03-11,2024-04-09,2024,-0.0562805315685442,0.39887064158657287,0.4914501258192075,False
TBN,2,2024-06-28,2024-07-01,2024-07-30,2024,-0.1219767658541473,0.2947132333799043,0.4914501258192075,False
TEM,2,2024-06-17,2024-06-18,2024-07-18,2024,-0.0983803351974194,0.5561362228564379,0.4914501258192075,True
TEM,5,2024-06-21,2024-06-24,2024-07-23,2024,-0.3896100177151345,0.5380761083428959,0.4914501258192075,True
TEM,10,2024-06-28,2024-07-01,2024-07-30,2024,-0.2842857380324259,0.5487729637740714,0.4914501258192075,True
TEM,15,2024-07-08,2024-07-09,2024-08-06,2024,-0.2360025278828619,0.513979775116674,0.4914501258192075,True
TEM,20,2024-07-15,2024-07-16,2024-08-13,2024,-0.1580383287591308,0.5486093131447185,0.4914501258192075,True
TTAN,2,2024-12-13,2024-12-16,2025-01-16,2024,-0.0705871035816423,0.4937302641998389,0.4914501258192075,True
TTAN,5,2024-12-18,2024-12-19,2025-01-22,2024,0.1211577986880185,0.4098797673022715,0.4914501258192075,False
TTAN,10,2024-12-26,2024-12-27,2025-01-29,2024,0.0500804773664076,0.39914433600434257,0.4914501258192075,False
TWFG,2,2024-07-19,2024-07-22,2024-08-19,2024,-0.1835537456936817,0.3601924561427233,0.4914501258192075,False
TWFG,5,2024-07-24,2024-07-25,2024-08-22,2024,-0.1671501379502228,0.321361658381236,0.4914501258192075,False
TWFG,10,2024-07-31,2024-08-01,2024-08-29,2024,-0.1012492488519084,0.4442627957982401,0.4914501258192075,False
TWFG,15,2024-08-07,2024-08-08,2024-09-06,2024,-0.2510621791272609,0.4180018208377402,0.4914501258192075,False
TWFG,20,2024-08-14,2024-08-15,2024-09-13,2024,-0.163893549874725,0.3821308512491809,0.4914501258192075,False
ULS,2,2024-04-15,2024-04-16,2024-05-14,2024,-0.0349359067529955,0.4004686972136874,0.4914501258192075,False
ULS,5,2024-04-18,2024-04-19,2024-05-17,2024,-0.0430809989427047,0.37477831577771975,0.4914501258192075,False
ULS,10,2024-04-25,2024-04-26,2024-05-24,2024,-0.2174666997899496,0.40386086925270887,0.4914501258192075,False
ULS,15,2024-05-02,2024-05-03,2024-06-03,2024,-0.1006818078395867,0.38666623163479824,0.4914501258192075,False
ULS,20,2024-05-09,2024-05-10,2024-06-10,2024,-0.0850174065293451,0.35280840796612933,0.4914501258192075,False
UPB,2,2024-10-14,2024-10-15,2024-11-12,2024,-0.1456206618474922,0.4301309597258359,0.4914501258192075,False
UPB,5,2024-10-17,2024-10-18,2024-11-15,2024,-0.088915557749094,0.42333048541118723,0.4914501258192075,False
UPB,10,2024-10-24,2024-10-25,2024-11-22,2024,0.2803737797632948,0.43085141026140483,0.4914501258192075,False
UPB,15,2024-10-31,2024-11-01,2024-12-02,2024,0.2388679925407352,0.4679032100802727,0.4914501258192075,False
UPB,20,2024-11-07,2024-11-08,2024-12-09,2024,0.1781094702804922,0.4464250923439441,0.4914501258192075,False
VIK,2,2024-05-02,2024-05-03,2024-06-03,2024,-0.1210850710635358,0.4750756104599405,0.4914501258192075,False
VIK,5,2024-05-07,2024-05-08,2024-06-06,2024,-0.043120566088856,0.4198147336066512,0.4914501258192075,False
VIK,10,2024-05-14,2024-05-15,2024-06-13,2024,-0.1426486293160381,0.39672437745217,0.4914501258192075,False
VIK,15,2024-05-21,2024-05-22,2024-06-21,2024,-0.0363618174373268,0.3915270413036578,0.4914501258192075,False
VIK,20,2024-05-29,2024-05-30,2024-06-28,2024,-0.0730591637059348,0.3695392613082542,0.4914501258192075,False
WAY,2,2024-06-10,2024-06-11,2024-07-11,2024,0.0668820677935038,0.4420789392859319,0.4914501258192075,False
WAY,5,2024-06-13,2024-06-14,2024-07-16,2024,0.0073352123725117,0.44298790496995866,0.4914501258192075,False
WAY,10,2024-06-21,2024-06-24,2024-07-23,2024,-0.1005593389882511,0.4010632578337693,0.4914501258192075,False
WAY,15,2024-06-28,2024-07-01,2024-07-30,2024,-0.1128834496686616,0.382506000023108,0.4914501258192075,False
WAY,20,2024-07-08,2024-07-09,2024-08-06,2024,-0.0938471719952389,0.41329041392383387,0.4914501258192075,False
WBTN,2,2024-06-28,2024-07-01,2024-07-30,2024,0.0490320271340597,0.43380683874252335,0.4914501258192075,False
WBTN,5,2024-07-03,2024-07-05,2024-08-02,2024,-0.0503827934114753,0.503995938769886,0.4914501258192075,True
WBTN,10,2024-07-11,2024-07-12,2024-08-09,2024,0.2571598335160013,0.48610418376316644,0.4914501258192075,False
WBTN,15,2024-07-18,2024-07-19,2024-08-16,2024,0.379888997525791,0.4861725556632661,0.4914501258192075,False
WBTN,20,2024-07-25,2024-07-26,2024-08-23,2024,0.3858407895910358,0.5282055235569694,0.4914501258192075,True
WRD,2,2024-10-28,2024-10-29,2024-11-26,2024,-0.018939787918883,0.474940699756072,0.4914501258192075,False
WRD,5,2024-10-31,2024-11-01,2024-12-02,2024,-0.0830400777120258,0.5554198736500638,0.4914501258192075,True
XCH,2,2024-09-11,2024-09-12,2024-10-10,2024,-0.6356484066286368,0.5421466680831869,0.4914501258192075,True
ZBIO,2,2024-09-16,2024-09-17,2024-10-15,2024,-0.0897630978190285,0.40958292988519884,0.4914501258192075,False
AAPG,2,2025-01-27,2025-01-28,2025-02-26,2025,-0.2378824481384815,0.39495998731943266,0.41769840785225465,False
AARD,2,2025-02-14,2025-02-18,2025-03-18,2025,0.1465462364942461,0.4178107162488171,0.41769840785225465,True
AERO,2,2025-11-07,2025-11-10,2025-12-09,2025,0.0518485685838261,0.3125948934630286,0.41769840785225465,False
AERO,5,2025-11-12,2025-11-13,2025-12-12,2025,-0.0546996889121015,0.37597662641185986,0.41769840785225465,False
AERO,10,2025-11-19,2025-11-20,2025-12-19,2025,-0.2530505840931683,0.33075631104226244,0.41769840785225465,False
AERO,15,2025-11-26,2025-11-28,2025-12-29,2025,-0.1896165791003354,0.4183923268015141,0.41769840785225465,True
AERO,20,2025-12-04,2025-12-05,2026-01-06,2025,-0.1155681809087869,0.26785328964315297,0.41769840785225465,False
AII,2,2025-05-09,2025-05-12,2025-06-10,2025,0.0918832761028529,0.33629431562849976,0.41769840785225465,False
AIRO,2,2025-06-16,2025-06-17,2025-07-17,2025,0.2292601578027868,0.9264039868166131,0.41769840785225465,True
AIRO,5,2025-06-20,2025-06-23,2025-07-22,2025,-0.0627187037645772,0.8771318819890355,0.41769840785225465,True
AIRO,10,2025-06-27,2025-06-30,2025-07-29,2025,0.140325971637313,0.8846869092885697,0.41769840785225465,True
AIRO,15,2025-07-07,2025-07-08,2025-08-05,2025,-0.0324079163656695,0.8658738304196598,0.41769840785225465,True
AIRO,20,2025-07-14,2025-07-15,2025-08-12,2025,0.2993335684290595,0.9248755022984458,0.41769840785225465,True
ALH,2,2025-10-10,2025-10-13,2025-11-10,2025,-0.0644158608734641,0.3560535318533736,0.41769840785225465,False
ALH,5,2025-10-15,2025-10-16,2025-11-13,2025,-0.0241433188997819,0.30913924612563953,0.41769840785225465,False
ALH,10,2025-10-22,2025-10-23,2025-11-20,2025,0.0754441643305628,0.32073968343183906,0.41769840785225465,False
ALH,15,2025-10-29,2025-10-30,2025-11-28,2025,0.0545975179066513,0.3075262755060701,0.41769840785225465,False
ALH,20,2025-11-05,2025-11-06,2025-12-05,2025,0.1503650263137307,0.3254042111195643,0.41769840785225465,False
AMBQ,2,2025-07-31,2025-08-01,2025-08-29,2025,0.0591837231314977,0.5166939493533237,0.41769840785225465,True
AMBQ,5,2025-08-05,2025-08-06,2025-09-04,2025,-0.1453999419468888,0.5330469658519503,0.41769840785225465,True
AMBQ,10,2025-08-12,2025-08-13,2025-09-11,2025,0.1158897088620157,0.4661650574675331,0.41769840785225465,True
AMBQ,15,2025-08-19,2025-08-20,2025-09-18,2025,0.1369740720598977,0.5054031492886116,0.41769840785225465,True
AMBQ,20,2025-08-26,2025-08-27,2025-09-25,2025,0.2916707302255824,0.4469462448369478,0.41769840785225465,True
ANDG,2,2025-12-18,2025-12-19,2026-01-21,2025,0.1497407179277933,0.4129277082783738,0.41769840785225465,False
ANDG,5,2025-12-23,2025-12-24,2026-01-26,2025,0.0672734858113301,0.37314843085200927,0.41769840785225465,False
ANTA,2,2025-05-15,2025-05-16,2025-06-16,2025,-0.077443198427502,0.6974085052079292,0.41769840785225465,True
ANTA,5,2025-05-20,2025-05-21,2025-06-20,2025,0.0909237813262092,0.6791100621811821,0.41769840785225465,True
ARX,2,2025-07-25,2025-07-28,2025-08-25,2025,-0.0204523101669975,0.4301515622809299,0.41769840785225465,True
ARX,5,2025-07-30,2025-07-31,2025-08-28,2025,0.195784358136069,0.41527164455350807,0.41769840785225465,False
ARX,10,2025-08-06,2025-08-07,2025-09-05,2025,0.2899383856382971,0.38914387908611725,0.41769840785225465,False
ARX,15,2025-08-13,2025-08-14,2025-09-12,2025,0.4125696172291936,0.36829304778895494,0.41769840785225465,False
ARX,20,2025-08-20,2025-08-21,2025-09-19,2025,0.5002880640112009,0.42257131707975754,0.41769840785225465,True
ASIC,2,2025-06-12,2025-06-13,2025-07-15,2025,0.1540108031307117,0.3037337217603889,0.41769840785225465,False
AUGO,2,2025-07-17,2025-07-18,2025-08-15,2025,-0.189163429945706,0.38043660246147176,0.41769840785225465,False
AUGO,5,2025-07-22,2025-07-23,2025-08-20,2025,-0.1163255134918534,0.3043717466072848,0.41769840785225465,False
AUGO,10,2025-07-29,2025-07-30,2025-08-27,2025,-0.2130707084284902,0.3473004894301872,0.41769840785225465,False
AUGO,15,2025-08-05,2025-08-06,2025-09-04,2025,-0.2248956651500606,0.3241151919873844,0.41769840785225465,False
AUGO,20,2025-08-12,2025-08-13,2025-09-11,2025,-0.2065599893659424,0.328903302940393,0.41769840785225465,False
BBNX,2,2025-01-31,2025-02-03,2025-03-04,2025,0.1627167703799716,0.4511378622851175,0.41769840785225465,True
BBNX,5,2025-02-05,2025-02-06,2025-03-07,2025,0.1910425223176148,0.3823137831758157,0.41769840785225465,False
BBNX,10,2025-02-12,2025-02-13,2025-03-14,2025,0.2026831981607889,0.4428358881042006,0.41769840785225465,True
BBNX,15,2025-02-20,2025-02-21,2025-03-21,2025,0.1897708584599418,0.44008986161506225,0.41769840785225465,True
BBNX,20,2025-02-27,2025-02-28,2025-03-28,2025,0.3467852741371455,0.4605308705140759,0.41769840785225465,True
BETA,2,2025-11-05,2025-11-06,2025-12-05,2025,0.2425981094346687,0.40956850742011225,0.41769840785225465,False
BETA,5,2025-11-10,2025-11-11,2025-12-10,2025,0.066053552266433,0.3924534137343752,0.41769840785225465,False
BETA,10,2025-11-17,2025-11-18,2025-12-17,2025,-0.0187813684960079,0.43211967878303736,0.41769840785225465,True
BETA,15,2025-11-24,2025-11-25,2025-12-24,2025,-0.0964359555259399,0.44021631582003873,0.41769840785225465,True
BETA,20,2025-12-02,2025-12-03,2026-01-02,2025,0.047206673727056,0.47874220558518843,0.41769840785225465,True
BLLN,2,2025-11-07,2025-11-10,2025-12-09,2025,-0.0980529789080795,0.39900239499542495,0.41769840785225465,False
BLLN,5,2025-11-12,2025-11-13,2025-12-12,2025,-0.0436607042203701,0.3633518068764928,0.41769840785225465,False
BLLN,10,2025-11-19,2025-11-20,2025-12-19,2025,-0.0520285871626936,0.3329825963369198,0.41769840785225465,False
BLLN,15,2025-11-26,2025-11-28,2025-12-29,2025,0.3530034709611557,0.50603925549657,0.41769840785225465,True
BLLN,20,2025-12-04,2025-12-05,2026-01-06,2025,0.0965453534710037,0.35632711392767974,0.41769840785225465,False
BLSH,2,2025-08-14,2025-08-15,2025-09-15,2025,0.3318743650198562,0.6552646249591024,0.41769840785225465,True
BLSH,5,2025-08-19,2025-08-20,2025-09-18,2025,-0.0641502317800451,0.6789861629073711,0.41769840785225465,True
BLSH,10,2025-08-26,2025-08-27,2025-09-25,2025,0.0639765935482647,0.6999955233890568,0.41769840785225465,True
BLSH,15,2025-09-03,2025-09-04,2025-10-02,2025,-0.288137548087394,0.6343671832221637,0.41769840785225465,True
BLSH,20,2025-09-10,2025-09-11,2025-10-09,2025,-0.3063540627004414,0.6499504497483629,0.41769840785225465,True
BRCB,2,2025-09-15,2025-09-16,2025-10-14,2025,0.0982422278210562,0.42522791771147317,0.41769840785225465,True
BRCB,5,2025-09-18,2025-09-19,2025-10-17,2025,0.133073441954213,0.3837023202552134,0.41769840785225465,False
BRCB,10,2025-09-25,2025-09-26,2025-10-24,2025,-0.0330811253527773,0.4730303931107811,0.41769840785225465,True
BRCB,15,2025-10-02,2025-10-03,2025-10-31,2025,-0.1604714907590335,0.4271241246674876,0.41769840785225465,True
BRCB,20,2025-10-09,2025-10-10,2025-11-07,2025,-0.0715125469121893,0.4186968117135756,0.41769840785225465,True
CAI,2,2025-06-20,2025-06-23,2025-07-22,2025,-0.0852859228955966,0.38968110251206284,0.41769840785225465,False
CAI,5,2025-06-25,2025-06-26,2025-07-25,2025,-0.0803588611858804,0.3660573660118299,0.41769840785225465,False
CAI,10,2025-07-02,2025-07-03,2025-08-01,2025,-0.0802107585907936,0.3996916852545997,0.41769840785225465,False
CAI,15,2025-07-10,2025-07-11,2025-08-08,2025,-0.1114002343142545,0.38701044212085617,0.41769840785225465,False
CAI,20,2025-07-17,2025-07-18,2025-08-15,2025,-0.1493402047356263,0.442017545757337,0.41769840785225465,True
CARL,2,2025-07-24,2025-07-25,2025-08-22,2025,0.1089853800650742,0.3771981871830165,0.41769840785225465,False
CARL,5,2025-07-29,2025-07-30,2025-08-27,2025,0.0396356139376326,0.3508587814508305,0.41769840785225465,False
CARL,10,2025-08-05,2025-08-06,2025-09-04,2025,-0.049295440701383,0.4070043632120757,0.41769840785225465,False
CBC,2,2025-11-24,2025-11-25,2025-12-24,2025,0.027640250595474,0.3813613111858559,0.41769840785225465,False
CBC,5,2025-11-28,2025-12-01,2025-12-30,2025,-0.023352355495802,0.3557422188299535,0.41769840785225465,False
CBC,10,2025-12-05,2025-12-08,2026-01-07,2025,-0.0446140107991944,0.31849320750724003,0.41769840785225465,False
CBC,15,2025-12-12,2025-12-15,2026-01-14,2025,-0.073625167966796,0.3323039591268807,0.41769840785225465,False
CBC,20,2025-12-19,2025-12-22,2026-01-22,2025,-0.0992804809584904,0.34216248743469013,0.41769840785225465,False
CBK,2,2025-10-03,2025-10-06,2025-11-03,2025,-0.0100736520966939,0.3369543135944097,0.41769840785225465,False
CDNL,2,2025-12-11,2025-12-12,2026-01-13,2025,-0.0416137306563963,0.38059057149221553,0.41769840785225465,False
CDNL,5,2025-12-16,2025-12-17,2026-01-16,2025,-0.0314580124478723,0.4137024045491702,0.41769840785225465,False
CDNL,10,2025-12-23,2025-12-24,2026-01-26,2025,-0.1974119769677934,0.32675462731164434,0.41769840785225465,False
CEPF,2,2025-08-22,2025-08-25,2025-09-23,2025,0.0111210926041045,0.39667637077125134,0.41769840785225465,False
CEPF,5,2025-08-27,2025-08-28,2025-09-26,2025,-0.0027683584200795,0.35382837759831703,0.41769840785225465,False
CHA,2,2025-04-21,2025-04-22,2025-05-20,2025,0.2655664531424231,0.6625453976799188,0.41769840785225465,True
CHA,5,2025-04-24,2025-04-25,2025-05-23,2025,0.1198833341818304,0.60511577183594,0.41769840785225465,True
CHA,10,2025-05-01,2025-05-02,2025-06-02,2025,0.1873195945639442,0.5580158306527897,0.41769840785225465,True
CHA,15,2025-05-08,2025-05-09,2025-06-09,2025,0.018957147179576,0.49027967393187866,0.41769840785225465,True
CHA,20,2025-05-15,2025-05-16,2025-06-16,2025,-0.0039226570371899,0.5530767274229825,0.41769840785225465,True
CHYM,2,2025-06-13,2025-06-16,2025-07-16,2025,0.1306237893164072,0.5636142414044151,0.41769840785225465,True
CHYM,5,2025-06-18,2025-06-20,2025-07-21,2025,0.0032310748858672,0.5145947372083746,0.41769840785225465,True
CHYM,10,2025-06-26,2025-06-27,2025-07-28,2025,0.0217164538517954,0.5339617847794441,0.41769840785225465,True
CHYM,15,2025-07-03,2025-07-07,2025-08-04,2025,-0.070636026514281,0.5289673250625089,0.41769840785225465,True
CHYM,20,2025-07-11,2025-07-14,2025-08-11,2025,0.0135431331517899,0.5346384551266353,0.41769840785225465,True
CRCL,2,2025-06-06,2025-06-09,2025-07-09,2025,-0.4911039472811279,0.7483564407799214,0.41769840785225465,True
CRCL,5,2025-06-11,2025-06-12,2025-07-14,2025,-0.7381663355033428,0.7839720829571643,0.41769840785225465,True
CRCL,10,2025-06-18,2025-06-20,2025-07-21,2025,0.1146976737417987,0.960712279044304,0.41769840785225465,True
CRCL,15,2025-06-26,2025-06-27,2025-07-28,2025,0.163462817872733,0.9671018836297606,0.41769840785225465,True
CRCL,20,2025-07-03,2025-07-07,2025-08-04,2025,0.1249405830215804,0.9291466321983239,0.41769840785225465,True
CRWV,2,2025-03-31,2025-04-01,2025-04-30,2025,-0.1150990271199202,0.6660947490025146,0.41769840785225465,True
CRWV,5,2025-04-03,2025-04-04,2025-05-05,2025,0.0581383614371705,0.6986740571727624,0.41769840785225465,True
CRWV,10,2025-04-10,2025-04-11,2025-05-12,2025,-0.237022760480503,0.5474680483466311,0.41769840785225465,True
CRWV,15,2025-04-17,2025-04-21,2025-05-19,2025,-1.0306344352987522,0.536540496693232,0.41769840785225465,True
CRWV,20,2025-04-25,2025-04-28,2025-05-27,2025,-1.865463217124248,0.5714304862058944,0.41769840785225465,True
ETOR,2,2025-05-15,2025-05-16,2025-06-16,2025,0.0756621975330857,0.4818323351879684,0.41769840785225465,True
ETOR,5,2025-05-20,2025-05-21,2025-06-20,2025,0.0827722710224669,0.4021648035993977,0.41769840785225465,False
ETOR,10,2025-05-28,2025-05-29,2025-06-27,2025,0.0187138271838307,0.4898396063749575,0.41769840785225465,True
ETOR,15,2025-06-04,2025-06-05,2025-07-07,2025,0.0616711835814537,0.38357733625010126,0.41769840785225465,False
ETOR,20,2025-06-11,2025-06-12,2025-07-14,2025,0.0942720938078717,0.5247745149281184,0.41769840785225465,True
EVMN,2,2025-11-07,2025-11-10,2025-12-09,2025,0.0430247712970465,0.3330826783401004,0.41769840785225465,False
FATN,2,2025-04-09,2025-04-10,2025-05-09,2025,0.1083955172116443,0.9853115201103964,0.41769840785225465,True
FATN,5,2025-04-14,2025-04-15,2025-05-14,2025,-0.1760427682222831,0.9914961437669232,0.41769840785225465,True
FATN,10,2025-04-22,2025-04-23,2025-05-21,2025,-0.0578288414698131,0.993451901814077,0.41769840785225465,True
FATN,15,2025-04-29,2025-04-30,2025-05-29,2025,-0.0714190509135174,0.9882262057373216,0.41769840785225465,True
FIG,2,2025-08-01,2025-08-04,2025-09-02,2025,0.4375573534697433,0.7151245425654944,0.41769840785225465,True
FIG,5,2025-08-06,2025-08-07,2025-09-05,2025,0.3666859555544786,0.5630420571334391,0.41769840785225465,True
FIG,10,2025-08-13,2025-08-14,2025-09-12,2025,0.3575507181837236,0.553260213486006,0.41769840785225465,True
FIG,15,2025-08-20,2025-08-21,2025-09-19,2025,0.2184911362545294,0.5615313592554565,0.41769840785225465,True
FIG,20,2025-08-27,2025-08-28,2025-09-26,2025,0.2319772765041945,0.5073085467824455,0.41769840785225465,True
FIGR,2,2025-09-12,2025-09-15,2025-10-13,2025,-0.3426610065706467,0.541779819792029,0.41769840785225465,True
FIGR,5,2025-09-17,2025-09-18,2025-10-16,2025,-0.0863686024960469,0.5525278251700682,0.41769840785225465,True
FIGR,10,2025-09-24,2025-09-25,2025-10-23,2025,-0.0355621995749588,0.5396599590579388,0.41769840785225465,True
FIGR,15,2025-10-01,2025-10-02,2025-10-30,2025,-0.0650210353106059,0.5131287823663861,0.41769840785225465,True
FIGR,20,2025-10-08,2025-10-09,2025-11-06,2025,0.2304901965872713,0.5720531724687634,0.41769840785225465,True
FLOC,2,2025-01-17,2025-01-21,2025-02-19,2025,0.1090008553360764,0.4220113439876055,0.41769840785225465,True
FLOC,5,2025-01-23,2025-01-24,2025-02-24,2025,0.0423707596386723,0.3786355422062835,0.41769840785225465,False
FLOC,10,2025-01-30,2025-01-31,2025-03-03,2025,0.0542797665654595,0.35611111910147014,0.41769840785225465,False
FLOC,15,2025-02-06,2025-02-07,2025-03-10,2025,0.1673376173654001,0.30942094279657,0.41769840785225465,False
FLOC,20,2025-02-13,2025-02-14,2025-03-17,2025,0.0057989312820944,0.3894283585210703,0.41769840785225465,False
FLY,2,2025-08-08,2025-08-11,2025-09-09,2025,0.101750274229214,0.6142269947902556,0.41769840785225465,True
FLY,5,2025-08-13,2025-08-14,2025-09-12,2025,0.1348465524130497,0.5867755672100996,0.41769840785225465,True
FLY,10,2025-08-20,2025-08-21,2025-09-19,2025,0.0382710222373584,0.5950467202072237,0.41769840785225465,True
FLY,15,2025-08-27,2025-08-28,2025-09-26,2025,0.2288869030287,0.5882171671582468,0.41769840785225465,True
FLY,20,2025-09-04,2025-09-05,2025-10-03,2025,0.3486725293966819,0.5784057596605507,0.41769840785225465,True
FRMI,2,2025-10-02,2025-10-03,2025-10-31,2025,0.1261142881378258,0.529391354242657,0.41769840785225465,True
FRMI,5,2025-10-07,2025-10-08,2025-11-05,2025,0.0203254180815222,0.4948578572126886,0.41769840785225465,True
FRMI,10,2025-10-14,2025-10-15,2025-11-12,2025,0.3071115505114581,0.4726325780198676,0.41769840785225465,True
FRMI,15,2025-10-21,2025-10-22,2025-11-19,2025,0.1875880014810295,0.505642906765192,0.41769840785225465,True
FRMI,20,2025-10-28,2025-10-29,2025-11-26,2025,0.4157636183691734,0.5097033781851097,0.41769840785225465,True
GEMI,2,2025-09-15,2025-09-16,2025-10-14,2025,0.2917059154850542,0.6152296946549367,0.41769840785225465,True
GEMI,5,2025-09-18,2025-09-19,2025-10-17,2025,0.1650761282667148,0.6787530190362221,0.41769840785225465,True
GEMI,10,2025-09-25,2025-09-26,2025-10-24,2025,0.2316275514766128,0.6722233216482308,0.41769840785225465,True
GEMI,15,2025-10-02,2025-10-03,2025-10-31,2025,0.1937766554084989,0.6304720325815157,0.41769840785225465,True
GEMI,20,2025-10-09,2025-10-10,2025-11-07,2025,0.3375191565223975,0.631239554541743,0.41769840785225465,True
GLOO,2,2025-11-20,2025-11-21,2025-12-22,2025,0.3951462125621009,0.3497798639265497,0.41769840785225465,False
GLOO,5,2025-11-25,2025-11-26,2025-12-26,2025,0.3067163662828912,0.36629862700476873,0.41769840785225465,False
HCHL,2,2025-06-25,2025-06-26,2025-07-25,2025,0.1941229704615903,0.5078202303121115,0.41769840785225465,True
HNGE,2,2025-05-23,2025-05-27,2025-06-25,2025,-0.0647656263973978,0.3930995264343693,0.41769840785225465,False
HNGE,5,2025-05-29,2025-05-30,2025-06-30,2025,-0.3028770702400213,0.3372581206165749,0.41769840785225465,False
HNGE,10,2025-06-05,2025-06-06,2025-07-08,2025,-0.0967723088482563,0.330910113823801,0.41769840785225465,False
HNGE,15,2025-06-12,2025-06-13,2025-07-15,2025,-0.3089070728517442,0.38483594629234785,0.41769840785225465,False
HNGE,20,2025-06-20,2025-06-23,2025-07-22,2025,-0.0892181566452487,0.3180646549929936,0.41769840785225465,False
HTFL,2,2025-08-12,2025-08-13,2025-09-11,2025,-0.1005007539086292,0.41778105129125015,0.41769840785225465,True
HTFL,5,2025-08-15,2025-08-18,2025-09-16,2025,0.0072431617282571,0.49955441498159,0.41769840785225465,True
HTFL,10,2025-08-22,2025-08-25,2025-09-23,2025,-0.2107555822895369,0.3773285893057965,0.41769840785225465,False
HTFL,15,2025-08-29,2025-09-02,2025-09-30,2025,-0.0595689487401077,0.4283061833576756,0.41769840785225465,True
HTFL,20,2025-09-08,2025-09-09,2025-10-07,2025,0.031498148764216,0.42860768162524604,0.41769840785225465,True
HYNE,2,2025-12-05,2025-12-08,2026-01-07,2025,-0.0413603313795873,0.31657516202229397,0.41769840785225465,False
INR,2,2025-02-03,2025-02-04,2025-03-05,2025,0.1625635569114075,0.3803812365078112,0.41769840785225465,False
INR,5,2025-02-06,2025-02-07,2025-03-10,2025,0.0756767814412989,0.42199742803462154,0.41769840785225465,True
INR,10,2025-02-13,2025-02-14,2025-03-17,2025,0.0168056397472034,0.41759225252537296,0.41769840785225465,False
INR,15,2025-02-21,2025-02-24,2025-03-24,2025,0.0378772161135153,0.4550150592222785,0.41769840785225465,True
INR,20,2025-02-28,2025-03-03,2025-03-31,2025,-0.1265515679913976,0.40463531057962326,0.41769840785225465,False
JCAP,2,2025-06-27,2025-06-30,2025-07-29,2025,0.123213294170598,0.358512590790572,0.41769840785225465,False
JCAP,5,2025-07-02,2025-07-03,2025-08-01,2025,0.0533138221674001,0.3430249072223065,0.41769840785225465,False
JCAP,10,2025-07-10,2025-07-11,2025-08-08,2025,-0.0442373252122737,0.41405276940034347,0.41769840785225465,False
KLAR,2,2025-09-12,2025-09-15,2025-10-13,2025,0.0818393318986608,0.427576895209832,0.41769840785225465,True
KLAR,5,2025-09-17,2025-09-18,2025-10-16,2025,0.1912363696134118,0.36905335316345683,0.41769840785225465,False
KLAR,10,2025-09-24,2025-09-25,2025-10-23,2025,0.1220116917793798,0.32741252553790057,0.41769840785225465,False
KLAR,15,2025-10-01,2025-10-02,2025-10-30,2025,0.0122162048686773,0.4285261937623727,0.41769840785225465,True
KLAR,20,2025-10-08,2025-10-09,2025-11-06,2025,0.1555541727005968,0.4082872649931413,0.41769840785225465,False
KMTS,2,2025-03-07,2025-03-10,2025-04-07,2025,-0.3158509940176692,0.5563562604227997,0.41769840785225465,True
KMTS,5,2025-03-12,2025-03-13,2025-04-10,2025,-0.2802645887450204,0.43315862266893385,0.41769840785225465,True
KMTS,10,2025-03-19,2025-03-20,2025-04-17,2025,-0.2006439930496682,0.4812128849716995,0.41769840785225465,True
KMTS,15,2025-03-26,2025-03-27,2025-04-25,2025,-0.1168825547285376,0.45201780085750914,0.41769840785225465,True
KMTS,20,2025-04-02,2025-04-03,2025-05-02,2025,0.0998005767229024,0.41500379718511643,0.41769840785225465,False
KRMN,2,2025-02-14,2025-02-18,2025-03-18,2025,-0.2320095983032302,0.40397089672669373,0.41769840785225465,False
KRMN,5,2025-02-20,2025-02-21,2025-03-21,2025,-0.33669827161702,0.34671752292981667,0.41769840785225465,False
KRMN,10,2025-02-27,2025-02-28,2025-03-28,2025,-0.2694683129338309,0.3761454879284951,0.41769840785225465,False
KRMN,15,2025-03-06,2025-03-07,2025-04-04,2025,-0.110165132137404,0.3811172043552611,0.41769840785225465,False
KRMN,20,2025-03-13,2025-03-14,2025-04-11,2025,-0.0655514636028184,0.46257229590447785,0.41769840785225465,True
LBRX,2,2025-09-12,2025-09-15,2025-10-13,2025,0.02475155055693,0.4293104385265173,0.41769840785225465,True
LGN,2,2025-09-15,2025-09-16,2025-10-14,2025,-0.0668191738869926,0.4401431923889487,0.41769840785225465,True
LGN,5,2025-09-18,2025-09-19,2025-10-17,2025,-0.1679101950915386,0.3868684593139933,0.41769840785225465,False
LGN,10,2025-09-25,2025-09-26,2025-10-24,2025,-0.1183872049040805,0.4174753826124567,0.41769840785225465,False
LGN,15,2025-10-02,2025-10-03,2025-10-31,2025,-0.393148128395451,0.37280446773726994,0.41769840785225465,False
LGN,20,2025-10-09,2025-10-10,2025-11-07,2025,-0.1771798477420149,0.3583150689977418,0.41769840785225465,False
LMRI,2,2025-12-12,2025-12-15,2026-01-14,2025,0.1529493197429436,0.3753497361492085,0.41769840785225465,False
LMRI,5,2025-12-17,2025-12-18,2026-01-20,2025,0.0999858847972997,0.43093182269048474,0.41769840785225465,True
LMRI,10,2025-12-24,2025-12-26,2026-01-27,2025,0.2242965248702808,0.35202318904435137,0.41769840785225465,False
MAZE,2,2025-02-03,2025-02-04,2025-03-05,2025,0.1427396457415616,0.5190985668532261,0.41769840785225465,True
MAZE,5,2025-02-06,2025-02-07,2025-03-10,2025,-0.081741667360542,0.46218889952473785,0.41769840785225465,True
MDLN,2,2025-12-18,2025-12-19,2026-01-21,2025,-0.1288178941074619,0.5150210671982587,0.41769840785225465,True
MDLN,5,2025-12-23,2025-12-24,2026-01-26,2025,-0.0368783566629708,0.46769311346817916,0.41769840785225465,True
MENS,2,2025-06-18,2025-06-20,2025-07-21,2025,-0.3151384343031408,0.46244959222588944,0.41769840785225465,True
MH,2,2025-07-25,2025-07-28,2025-08-25,2025,0.1308352045639759,0.36967048560116716,0.41769840785225465,False
MH,5,2025-07-30,2025-07-31,2025-08-28,2025,0.046776851094372,0.44747395027535647,0.41769840785225465,True
MH,10,2025-08-06,2025-08-07,2025-09-05,2025,-0.1479132658556107,0.39298375855953865,0.41769840785225465,False
MH,15,2025-08-13,2025-08-14,2025-09-12,2025,-0.0383149894748029,0.3943708791519946,0.41769840785225465,False
MH,20,2025-08-20,2025-08-21,2025-09-19,2025,0.1567115413938072,0.45061498995656024,0.41769840785225465,True
MIAX,2,2025-08-15,2025-08-18,2025-09-16,2025,-0.1909130326749211,0.4347984257991363,0.41769840785225465,True
MIAX,5,2025-08-20,2025-08-21,2025-09-19,2025,-0.1323470080469009,0.42456089967999455,0.41769840785225465,True
MIAX,10,2025-08-27,2025-08-28,2025-09-26,2025,-0.2060798253673168,0.41047668687730965,0.41769840785225465,False
MIAX,15,2025-09-04,2025-09-05,2025-10-03,2025,-0.2005070775579759,0.4216493578406154,0.41769840785225465,True
MIAX,20,2025-09-11,2025-09-12,2025-10-10,2025,-0.1964399784076165,0.44518737262767855,0.41769840785225465,True
MNTN,2,2025-05-23,2025-05-27,2025-06-25,2025,0.2375518513764008,0.46940445956295723,0.41769840785225465,True
MNTN,5,2025-05-29,2025-05-30,2025-06-30,2025,0.2060691449401603,0.3956931751347234,0.41769840785225465,False
MNTN,10,2025-06-05,2025-06-06,2025-07-08,2025,0.1536286391638661,0.38191978588706404,0.41769840785225465,False
MNTN,15,2025-06-12,2025-06-13,2025-07-15,2025,-0.2194716031278647,0.4105535066387218,0.41769840785225465,False
MNTN,20,2025-06-20,2025-06-23,2025-07-22,2025,-0.3304372182601249,0.4102082103476417,0.41769840785225465,False
MPLT,2,2025-10-28,2025-10-29,2025-11-26,2025,0.1780324703935952,0.4561383044484225,0.41769840785225465,True
MPLT,5,2025-10-31,2025-11-03,2025-12-02,2025,0.206170057525466,0.48577084669560266,0.41769840785225465,True
NAVN,2,2025-10-31,2025-11-03,2025-12-02,2025,0.1873795127827557,0.44646407574233904,0.41769840785225465,True
NAVN,5,2025-11-05,2025-11-06,2025-12-05,2025,0.2058146675255661,0.5427472213981481,0.41769840785225465,True
NAVN,10,2025-11-12,2025-11-13,2025-12-12,2025,0.1690689896695109,0.4995513039017677,0.41769840785225465,True
NAVN,15,2025-11-19,2025-11-20,2025-12-19,2025,-0.0713231351086452,0.4387171217356252,0.41769840785225465,True
NAVN,20,2025-11-26,2025-11-28,2025-12-29,2025,-0.005289088427038,0.5439625462648395,0.41769840785225465,True
NIQ,2,2025-07-24,2025-07-25,2025-08-22,2025,0.0845405065256552,0.4047263359330929,0.41769840785225465,False
NIQ,5,2025-07-29,2025-07-30,2025-08-27,2025,0.1156825477897009,0.489406245980836,0.41769840785225465,True
NIQ,10,2025-08-05,2025-08-06,2025-09-04,2025,-0.0478295421493457,0.4387086842734803,0.41769840785225465,True
NIQ,15,2025-08-12,2025-08-13,2025-09-11,2025,-0.0077254292568504,0.45133223816402324,0.41769840785225465,True
NIQ,20,2025-08-19,2025-08-20,2025-09-18,2025,0.0356022073194528,0.43561148912223424,0.41769840785225465,True
NNNN,2,2025-02-20,2025-02-21,2025-03-21,2025,-0.4707270481536802,0.36176405693216285,0.41769840785225465,False
NP,2,2025-10-02,2025-10-03,2025-10-31,2025,0.0870612980765422,0.39349931727925064,0.41769840785225465,False
NP,5,2025-10-07,2025-10-08,2025-11-05,2025,0.015421547937099,0.3814950817442679,0.41769840785225465,False
NP,10,2025-10-14,2025-10-15,2025-11-12,2025,0.1013422900437103,0.35449266304764343,0.41769840785225465,False
NP,15,2025-10-21,2025-10-22,2025-11-19,2025,0.0198866887480667,0.3439970650781542,0.41769840785225465,False
NP,20,2025-10-28,2025-10-29,2025-11-26,2025,-0.0254362264645736,0.3295940257115437,0.41769840785225465,False
NTSK,2,2025-09-19,2025-09-22,2025-10-20,2025,0.1053362114560069,0.4648550843023142,0.41769840785225465,True
NTSK,5,2025-09-24,2025-09-25,2025-10-23,2025,-0.0076598729951043,0.4325736432684858,0.41769840785225465,True
NTSK,10,2025-10-01,2025-10-02,2025-10-30,2025,-0.0680111269071261,0.5035862669211892,0.41769840785225465,True
NTSK,15,2025-10-08,2025-10-09,2025-11-06,2025,-0.0146608653642522,0.3812075065181263,0.41769840785225465,False
NTSK,20,2025-10-15,2025-10-16,2025-11-13,2025,0.1256565159049787,0.37969477403562113,0.41769840785225465,False
OMDA,2,2025-06-09,2025-06-10,2025-07-10,2025,0.2131876549899368,0.4869897804665926,0.41769840785225465,True
OMDA,5,2025-06-12,2025-06-13,2025-07-15,2025,-0.062734457937753,0.5516790517876207,0.41769840785225465,True
OMDA,10,2025-06-20,2025-06-23,2025-07-22,2025,-0.2410751871659194,0.4789443879074587,0.41769840785225465,True
OMDA,15,2025-06-27,2025-06-30,2025-07-29,2025,-0.0381224863826616,0.5387053138333706,0.41769840785225465,True
OMDA,20,2025-07-07,2025-07-08,2025-08-05,2025,0.052728943101647,0.5520499932337618,0.41769840785225465,True
OMSE,2,2025-05-14,2025-05-15,2025-06-13,2025,0.1507525245050181,0.4044652400135536,0.41769840785225465,False
PTRN,2,2025-09-22,2025-09-23,2025-10-21,2025,0.0113419032243724,0.435201157344438,0.41769840785225465,True
PTRN,5,2025-09-25,2025-09-26,2025-10-24,2025,-0.41098093965742,0.4314807837837095,0.41769840785225465,True
PTRN,10,2025-10-02,2025-10-03,2025-10-31,2025,-0.2450115035812693,0.4120488811158025,0.41769840785225465,False
PTRN,15,2025-10-09,2025-10-10,2025-11-07,2025,-0.2569577791221508,0.3690116598481815,0.41769840785225465,False
PTRN,20,2025-10-16,2025-10-17,2025-11-14,2025,-0.2750980308269122,0.39419174789294203,0.41769840785225465,False
PXED,2,2025-10-10,2025-10-13,2025-11-10,2025,0.1110314919836967,0.4647546819989274,0.41769840785225465,True
SAIL,2,2025-02-14,2025-02-18,2025-03-18,2025,0.0604215472777113,0.49504071689636536,0.41769840785225465,True
SAIL,5,2025-02-20,2025-02-21,2025-03-21,2025,0.0319189225727676,0.45595404836940684,0.41769840785225465,True
SAIL,10,2025-02-27,2025-02-28,2025-03-28,2025,0.0606777778662282,0.4752367266109383,0.41769840785225465,True
SAIL,15,2025-03-06,2025-03-07,2025-04-04,2025,0.0829560935270319,0.4917201710440529,0.41769840785225465,True
SAIL,20,2025-03-13,2025-03-14,2025-04-11,2025,-0.0675290666864965,0.618488953948108,0.41769840785225465,True
SFD,2,2025-01-29,2025-01-30,2025-02-28,2025,-0.0598544447461602,0.4825766928300496,0.41769840785225465,True
SFD,5,2025-02-03,2025-02-04,2025-03-05,2025,-0.0010592267929305,0.4234733707030397,0.41769840785225465,True
SFD,10,2025-02-10,2025-02-11,2025-03-12,2025,-0.0583405315665442,0.3769883782369089,0.41769840785225465,False
SFD,15,2025-02-18,2025-02-19,2025-03-19,2025,0.011829199103685,0.39165660695931653,0.41769840785225465,False
SFD,20,2025-02-25,2025-02-26,2025-03-26,2025,0.042256209733866,0.3758794899922492,0.41769840785225465,False
SI,2,2025-08-01,2025-08-04,2025-09-02,2025,-0.1141754456461865,0.48701582821580325,0.41769840785225465,True
SION,2,2025-02-10,2025-02-11,2025-03-12,2025,0.1050841068320113,0.3776864786507123,0.41769840785225465,False
SLDE,2,2025-06-20,2025-06-23,2025-07-22,2025,0.2374656062447425,0.40748187238542743,0.41769840785225465,False
SLDE,5,2025-06-25,2025-06-26,2025-07-25,2025,0.0820383953544609,0.3749758184955104,0.41769840785225465,False
SLDE,10,2025-07-02,2025-07-03,2025-08-01,2025,0.0755738306155645,0.3953551483649607,0.41769840785225465,False
SLDE,15,2025-07-10,2025-07-11,2025-08-08,2025,0.0654671295290016,0.46441722892845505,0.41769840785225465,True
SLDE,20,2025-07-17,2025-07-18,2025-08-15,2025,0.1968313875244793,0.4709996164184492,0.41769840785225465,True
SMA,2,2025-04-03,2025-04-04,2025-05-05,2025,-0.0165190315033616,0.4213410131199442,0.41769840785225465,True
SMA,5,2025-04-08,2025-04-09,2025-05-08,2025,-0.0080504159954123,0.48010230961370376,0.41769840785225465,True
SMA,10,2025-04-15,2025-04-16,2025-05-15,2025,0.0162408636171154,0.3544699427022629,0.41769840785225465,False
SMA,15,2025-04-23,2025-04-24,2025-05-22,2025,-0.0827585668686264,0.37697157242015655,0.41769840785225465,False
SMA,20,2025-04-30,2025-05-01,2025-05-30,2025,-0.0416023273035944,0.3593984000680479,0.41769840785225465,False
STUB,2,2025-09-18,2025-09-19,2025-10-17,2025,0.136644068793383,0.5737371147139965,0.41769840785225465,True
STUB,5,2025-09-23,2025-09-24,2025-10-22,2025,-0.0831803326185558,0.5360891604581769,0.41769840785225465,True
STUB,10,2025-09-30,2025-10-01,2025-10-29,2025,-0.14330707478609,0.5003266277648868,0.41769840785225465,True
STUB,15,2025-10-07,2025-10-08,2025-11-05,2025,-0.0567717947719687,0.5009708441776887,0.41769840785225465,True
STUB,20,2025-10-14,2025-10-15,2025-11-12,2025,-0.0251867714670676,0.48990578832537834,0.41769840785225465,True
TTAM,2,2025-02-10,2025-02-11,2025-03-12,2025,0.0397118526974579,0.35906838637151905,0.41769840785225465,False
TTAM,5,2025-02-13,2025-02-14,2025-03-17,2025,0.0207904515936558,0.32708833591158704,0.41769840785225465,False
TTAM,10,2025-02-21,2025-02-24,2025-03-24,2025,0.0585115797465193,0.47118675462498866,0.41769840785225465,True
TTAM,15,2025-02-28,2025-03-03,2025-03-31,2025,0.0809606243105247,0.44018223446090726,0.41769840785225465,True
TTAM,20,2025-03-07,2025-03-10,2025-04-07,2025,0.1413459628179642,0.4951796117161938,0.41769840785225465,True
TTAN,15,2025-01-03,2025-01-06,2025-02-05,2025,0.0224653197170196,0.4084668556008275,0.41769840785225465,False
TTAN,20,2025-01-13,2025-01-14,2025-02-12,2025,-0.0180520277652859,0.38009833891423944,0.41769840785225465,False
VIA,2,2025-09-15,2025-09-16,2025-10-14,2025,0.0721962719930561,0.3946532701844627,0.41769840785225465,False
VIA,5,2025-09-18,2025-09-19,2025-10-17,2025,-0.0006153195352291,0.3486175016491247,0.41769840785225465,False
VIA,10,2025-09-25,2025-09-26,2025-10-24,2025,-0.0449240582508834,0.35561689618684533,0.41769840785225465,False
VIA,15,2025-10-02,2025-10-03,2025-10-31,2025,-0.1414200898884706,0.32671918304284236,0.41769840785225465,False
VIA,20,2025-10-09,2025-10-10,2025-11-07,2025,-0.1334515960531433,0.30144196742770313,0.41769840785225465,False
VOYG,2,2025-06-12,2025-06-13,2025-07-15,2025,0.2117876995385102,0.5833253593058156,0.41769840785225465,True
VOYG,5,2025-06-17,2025-06-18,2025-07-18,2025,0.1910004046756728,0.5642963551257627,0.41769840785225465,True
VOYG,10,2025-06-25,2025-06-26,2025-07-25,2025,0.0778325348314926,0.504170450983365,0.41769840785225465,True
VOYG,15,2025-07-02,2025-07-03,2025-08-01,2025,-0.0116231491420343,0.5327202872420428,0.41769840785225465,True
VOYG,20,2025-07-10,2025-07-11,2025-08-08,2025,0.2712571838449837,0.5492913871414662,0.41769840785225465,True
WBI,2,2025-09-18,2025-09-19,2025-10-17,2025,-0.0840780616285668,0.3670488271438994,0.41769840785225465,False
WBI,5,2025-09-23,2025-09-24,2025-10-22,2025,-0.0417834447736042,0.32508907794146463,0.41769840785225465,False
WBI,10,2025-09-30,2025-10-01,2025-10-29,2025,0.0934026887885691,0.35164179381251737,0.41769840785225465,False
WBI,15,2025-10-07,2025-10-08,2025-11-05,2025,0.0679738399669351,0.3407289842812697,0.41769840785225465,False
WBI,20,2025-10-14,2025-10-15,2025-11-12,2025,0.0067197483637592,0.30210800689963374,0.41769840785225465,False
WLTH,2,2025-12-16,2025-12-17,2026-01-16,2025,0.2539317301204207,0.5691875721116004,0.41769840785225465,True
WLTH,5,2025-12-19,2025-12-22,2026-01-22,2025,0.2772619010277791,0.5033336865798356,0.41769840785225465,True
WLTH,10,2025-12-29,2025-12-30,2026-01-29,2025,0.3222781910430358,0.3605085420652101,0.41769840785225465,False
WYFI,2,2025-08-08,2025-08-11,2025-09-09,2025,-0.2091487861373217,0.654956800794758,0.41769840785225465,True
WYFI,5,2025-08-13,2025-08-14,2025-09-12,2025,-0.2282031901750611,0.5174720194038492,0.41769840785225465,True
WYFI,10,2025-08-20,2025-08-21,2025-09-19,2025,-0.5680274400388142,0.5666444039290387,0.41769840785225465,True
WYFI,15,2025-08-27,2025-08-28,2025-09-26,2025,-0.3151506287300416,0.5358077973807454,0.41769840785225465,True
WYFI,20,2025-09-04,2025-09-05,2025-10-03,2025,-0.918545237279736,0.5320700976933401,0.41769840785225465,True
XZO,2,2025-11-06,2025-11-07,2025-12-08,2025,0.1030224259651117,0.42201556856860384,0.41769840785225465,True
XZO,5,2025-11-11,2025-11-12,2025-12-11,2025,-0.06837454569229,0.3735837373780125,0.41769840785225465,False
XZO,10,2025-11-18,2025-11-19,2025-12-18,2025,-0.2623142179920635,0.3102259281934782,0.41769840785225465,False
YB,2,2025-05-01,2025-05-02,2025-06-02,2025,0.0549178367179602,0.6538872195444504,0.41769840785225465,True
YDDL,2,2025-10-10,2025-10-13,2025-11-10,2025,0.1891335982660385,0.693453759076057,0.41769840785225465,True
AADX,2,2026-06-04,2026-06-05,2026-07-07,2026,-0.2946866218105973,0.4274176718288015,0.5478327161055981,False
AADX,5,2026-06-09,2026-06-10,2026-07-10,2026,-0.0708105516429278,0.4254928601531791,0.5478327161055981,False
AADX,10,2026-06-16,2026-06-17,2026-07-17,2026,0.1728242219292302,0.449317485222375,0.5478327161055981,False
AADX,15,2026-06-24,2026-06-25,2026-07-24,2026,-0.0227706693584046,0.503104457568712,0.5478327161055981,False
AADX,20,2026-07-01,2026-07-02,2026-07-31,2026,0.1916779769121308,0.4665068444487696,0.5478327161055981,False
AGBK,2,2026-02-12,2026-02-13,2026-03-16,2026,0.0117167607543038,0.4389965377116374,0.5478327161055981,False
AGBK,5,2026-02-18,2026-02-19,2026-03-19,2026,0.0913591928684741,0.292274503522614,0.5478327161055981,False
AGBK,10,2026-02-25,2026-02-26,2026-03-26,2026,0.2577264789836814,0.34839363080963653,0.5478327161055981,False
AGBK,15,2026-03-04,2026-03-05,2026-04-02,2026,0.2648179374112902,0.2890442853778108,0.5478327161055981,False
AGBK,20,2026-03-11,2026-03-12,2026-04-10,2026,0.293604367479549,0.3560091393859671,0.5478327161055981,False
AGMB,2,2026-02-09,2026-02-10,2026-03-11,2026,0.0243263025714889,0.40013473847760955,0.5478327161055981,False
AKTS,2,2026-01-12,2026-01-13,2026-02-11,2026,0.1816007181052582,0.45632285329431715,0.5478327161055981,False
AKTS,5,2026-01-15,2026-01-16,2026-02-17,2026,0.0475124966909285,0.3565484813516545,0.5478327161055981,False
AKTS,10,2026-01-23,2026-01-26,2026-02-24,2026,0.0414893988187388,0.40777000853736783,0.5478327161055981,False
AKTS,15,2026-01-30,2026-02-02,2026-03-03,2026,-0.0691874374584676,0.3779371919702694,0.5478327161055981,False
AKTS,20,2026-02-06,2026-02-09,2026-03-10,2026,-0.0817370913922295,0.4729409271459094,0.5478327161055981,False
ALMR,2,2026-04-20,2026-04-21,2026-05-19,2026,0.073678658258962,0.3833540659420943,0.5478327161055981,False
ALMR,5,2026-04-23,2026-04-24,2026-05-22,2026,0.2239658145452146,0.3342873231380987,0.5478327161055981,False
ALMR,10,2026-04-30,2026-05-01,2026-06-01,2026,0.2338326532440296,0.330088024971455,0.5478327161055981,False
ALMR,15,2026-05-07,2026-05-08,2026-06-08,2026,0.1507093695958533,0.3303583758590564,0.5478327161055981,False
ALMR,20,2026-05-14,2026-05-15,2026-06-15,2026,0.060934095495666,0.33553380380625863,0.5478327161055981,False
ANDG,10,2025-12-31,2026-01-02,2026-02-02,2026,0.1253523176981262,0.4108471069942379,0.5478327161055981,False
ANDG,15,2026-01-08,2026-01-09,2026-02-09,2026,0.0952873354428009,0.36924150879424655,0.5478327161055981,False
ANDG,20,2026-01-15,2026-01-16,2026-02-17,2026,0.0218619277799588,0.3187370988625338,0.5478327161055981,False
APC,2,2026-02-13,2026-02-17,2026-03-17,2026,-0.1002582764357848,0.3620096677790444,0.5478327161055981,False
APC,5,2026-02-19,2026-02-20,2026-03-20,2026,-0.0568415110014865,0.31387028923206595,0.5478327161055981,False
ARXS,2,2026-04-17,2026-04-20,2026-05-18,2026,0.1381804106219032,0.45129690848837933,0.5478327161055981,False
ARXS,5,2026-04-22,2026-04-23,2026-05-21,2026,0.0863765030601518,0.37369813164743637,0.5478327161055981,False
ARXS,10,2026-04-29,2026-04-30,2026-05-29,2026,-0.2258096813680554,0.45103971165003365,0.5478327161055981,False
ARXS,15,2026-05-06,2026-05-07,2026-06-05,2026,-0.1569742948635483,0.4468585338471113,0.5478327161055981,False
ARXS,20,2026-05-13,2026-05-14,2026-06-12,2026,-0.1887052908039081,0.3546027909077557,0.5478327161055981,False
AVEX,2,2026-04-20,2026-04-21,2026-05-19,2026,0.3213193188329946,0.5290948502511368,0.5478327161055981,False
AVEX,5,2026-04-23,2026-04-24,2026-05-22,2026,0.1884646063744031,0.4643522831731286,0.5478327161055981,False
AVEX,10,2026-04-30,2026-05-01,2026-06-01,2026,-0.2478370798309601,0.4060073231242403,0.5478327161055981,False
AVEX,15,2026-05-07,2026-05-08,2026-06-08,2026,0.0103236723160775,0.36099279219692637,0.5478327161055981,False
AVEX,20,2026-05-14,2026-05-15,2026-06-15,2026,0.0459311116735754,0.4203098197316223,0.5478327161055981,False
AVLN,2,2026-05-01,2026-05-04,2026-06-02,2026,0.2001126436086869,0.3840018927107721,0.5478327161055981,False
AVLN,5,2026-05-06,2026-05-07,2026-06-05,2026,-0.0125365593832761,0.32630899817650977,0.5478327161055981,False
AVLN,10,2026-05-13,2026-05-14,2026-06-12,2026,-0.0097045130185498,0.3831735865993759,0.5478327161055981,False
AVLN,15,2026-05-20,2026-05-21,2026-06-22,2026,-0.2209184513224305,0.3559453759984449,0.5478327161055981,False
AVLN,20,2026-05-28,2026-05-29,2026-06-29,2026,-0.1318424153971732,0.3706034063271845,0.5478327161055981,False
BOBS,2,2026-02-06,2026-02-09,2026-03-10,2026,-0.1011108530062549,0.5256525654372908,0.5478327161055981,False
BOBS,5,2026-02-11,2026-02-12,2026-03-13,2026,0.0920216366132007,0.37872558663413675,0.5478327161055981,False
BOBS,10,2026-02-19,2026-02-20,2026-03-20,2026,0.2896468069485193,0.33257936681897665,0.5478327161055981,False
BOBS,15,2026-02-26,2026-02-27,2026-03-27,2026,0.4529275434458075,0.41454030910133033,0.5478327161055981,False
BOBS,20,2026-03-05,2026-03-06,2026-04-06,2026,0.3314980367621252,0.3197638784584082,0.5478327161055981,False
BTGO,2,2026-01-23,2026-01-26,2026-02-24,2026,0.3049523893021608,0.5440946669578036,0.5478327161055981,False
BTGO,5,2026-01-28,2026-01-29,2026-02-27,2026,0.1931734466135548,0.5052739309143061,0.5478327161055981,False
BTGO,10,2026-02-04,2026-02-05,2026-03-06,2026,-0.0443713937202956,0.4282962958202667,0.5478327161055981,False
BTGO,15,2026-02-11,2026-02-12,2026-03-13,2026,-0.1911759547356744,0.4412061905427142,0.5478327161055981,False
BTGO,20,2026-02-19,2026-02-20,2026-03-20,2026,-0.0995164191743465,0.40587600321556466,0.5478327161055981,False
BXDC,2,2026-05-15,2026-05-18,2026-06-16,2026,-0.080358355632962,0.3957121289982467,0.5478327161055981,False
BXDC,5,2026-05-20,2026-05-21,2026-06-22,2026,0.0183321767372566,0.41382893535928306,0.5478327161055981,False
BXDC,10,2026-05-28,2026-05-29,2026-06-29,2026,-0.0308510496005203,0.37807545063435594,0.5478327161055981,False
BXDC,15,2026-06-04,2026-06-05,2026-07-07,2026,0.0153979462503976,0.38521600906290004,0.5478327161055981,False
BXDC,20,2026-06-11,2026-06-12,2026-07-14,2026,0.0443535811226087,0.3927356717364143,0.5478327161055981,False
CBRS,2,2026-05-15,2026-05-18,2026-06-16,2026,0.2673257352506278,0.6378420695478526,0.5478327161055981,True
CBRS,5,2026-05-20,2026-05-21,2026-06-22,2026,0.2225628936267444,0.6294338276517588,0.5478327161055981,True
CBRS,10,2026-05-28,2026-05-29,2026-06-29,2026,0.0684195225570082,0.5691775646141854,0.5478327161055981,True
CBRS,15,2026-06-04,2026-06-05,2026-07-07,2026,0.1203091074514408,0.5801049672806009,0.5478327161055981,True
CBRS,20,2026-06-11,2026-06-12,2026-07-14,2026,0.095150860771187,0.603816385993209,0.5478327161055981,True
CDNL,15,2025-12-31,2026-01-02,2026-02-02,2026,-0.0462341731731584,0.4026948797700205,0.5478327161055981,False
CDNL,20,2026-01-08,2026-01-09,2026-02-09,2026,-0.1609554900080158,0.375732136483486,0.5478327161055981,False
COAG,2,2026-05-04,2026-05-05,2026-06-03,2026,-0.0654673952837022,0.4648663207623253,0.5478327161055981,False
COAG,5,2026-05-07,2026-05-08,2026-06-08,2026,-0.0154582915635357,0.4566580422614278,0.5478327161055981,False
COAG,10,2026-05-14,2026-05-15,2026-06-15,2026,0.113112191139327,0.3862525277915349,0.5478327161055981,False
COAG,15,2026-05-21,2026-05-22,2026-06-23,2026,-0.1912798437618277,0.4482549869627388,0.5478327161055981,False
DPC,2,2026-06-26,2026-06-29,2026-07-28,2026,0.012354753849984,0.4135761065370045,0.5478327161055981,False
DPC,5,2026-07-01,2026-07-02,2026-07-31,2026,0.0086958795491325,0.4469768411225396,0.5478327161055981,False
EIKN,2,2026-02-06,2026-02-09,2026-03-10,2026,0.0613766395046762,0.42050759410725264,0.5478327161055981,False
EIKN,5,2026-02-11,2026-02-12,2026-03-13,2026,0.1105139655544884,0.3533129384318806,0.5478327161055981,False
EIKN,10,2026-02-19,2026-02-20,2026-03-20,2026,0.1554136007613889,0.3145927401289046,0.5478327161055981,False
EIKN,15,2026-02-26,2026-02-27,2026-03-27,2026,0.2086713650360825,0.45417472059225383,0.5478327161055981,False
EIKN,20,2026-03-05,2026-03-06,2026-04-06,2026,0.2946398409861369,0.3165067835565803,0.5478327161055981,False
ELMT,2,2026-04-24,2026-04-27,2026-05-26,2026,0.0893290429629649,0.5012387664131387,0.5478327161055981,False
ELMT,5,2026-04-29,2026-04-30,2026-05-29,2026,0.1224192198248049,0.45235469765435726,0.5478327161055981,False
ELMT,10,2026-05-06,2026-05-07,2026-06-05,2026,-0.1224065188067849,0.4364610062179885,0.5478327161055981,False
ELMT,15,2026-05-13,2026-05-14,2026-06-12,2026,-0.2496970065368166,0.46670384716301094,0.5478327161055981,False
ELMT,20,2026-05-20,2026-05-21,2026-06-22,2026,-0.3771643226661236,0.43917991938849316,0.5478327161055981,False
EQPT,2,2026-01-26,2026-01-27,2026-02-25,2026,-0.001580066911894,0.4537571652023708,0.5478327161055981,False
EQPT,5,2026-01-29,2026-01-30,2026-03-02,2026,-0.0179026822184681,0.423676581214282,0.5478327161055981,False
EQPT,10,2026-02-05,2026-02-06,2026-03-09,2026,0.0882346212465226,0.35122206518779875,0.5478327161055981,False
EQPT,15,2026-02-12,2026-02-13,2026-03-16,2026,0.1640833892237083,0.38048280421523767,0.5478327161055981,False
EQPT,20,2026-02-20,2026-02-23,2026-03-23,2026,0.2783275766618047,0.4145167499475092,0.5478327161055981,False
EROC,2,2026-06-11,2026-06-12,2026-07-14,2026,0.3099380890111454,0.44063429920261676,0.5478327161055981,False
EROC,5,2026-06-16,2026-06-17,2026-07-17,2026,0.2494016256722597,0.5025969082492163,0.5478327161055981,False
EROC,10,2026-06-24,2026-06-25,2026-07-24,2026,0.2607454238989009,0.5094466542798726,0.5478327161055981,False
EROC,15,2026-07-01,2026-07-02,2026-07-31,2026,0.2984851606889294,0.49443069655747696,0.5478327161055981,False
EROK,2,2026-05-15,2026-05-18,2026-06-16,2026,0.0560715597911852,0.47663435957009725,0.5478327161055981,False
EROK,5,2026-05-20,2026-05-21,2026-06-22,2026,0.0665997064589237,0.3548521150341165,0.5478327161055981,False
EROK,10,2026-05-28,2026-05-29,2026-06-29,2026,-0.0246651658069546,0.33180894406926115,0.5478327161055981,False
EROK,15,2026-06-04,2026-06-05,2026-07-07,2026,0.0238798973971329,0.3503427883266613,0.5478327161055981,False
EROK,20,2026-06-11,2026-06-12,2026-07-14,2026,-0.0503623270171336,0.44989478815106143,0.5478327161055981,False
FCBM,2,2026-06-22,2026-06-23,2026-07-22,2026,0.0066889105321404,0.47720684370219874,0.5478327161055981,False
FISN,2,2026-06-22,2026-06-23,2026-07-22,2026,0.0356005791651607,0.5572506854721523,0.5478327161055981,True
FISN,5,2026-06-25,2026-06-26,2026-07-27,2026,0.0482331797902906,0.5409379684856378,0.5478327161055981,False
FPS,2,2026-02-06,2026-02-09,2026-03-10,2026,-0.1068118530446779,0.4944707396570923,0.5478327161055981,False
FPS,5,2026-02-11,2026-02-12,2026-03-13,2026,-0.0307798596116041,0.4426979340549446,0.5478327161055981,False
FPS,10,2026-02-19,2026-02-20,2026-03-20,2026,-0.0697661008322255,0.37445407578918694,0.5478327161055981,False
FPS,15,2026-02-26,2026-02-27,2026-03-27,2026,-0.1571890793251347,0.4434265672390746,0.5478327161055981,False
FPS,20,2026-03-05,2026-03-06,2026-04-06,2026,-0.0080550374188539,0.37801570570449944,0.5478327161055981,False
FRBT,2,2026-06-12,2026-06-15,2026-07-15,2026,-0.0670535806554813,0.419141861686524,0.5478327161055981,False
FRVO,2,2026-05-14,2026-05-15,2026-06-15,2026,0.0515579387023151,0.48457657763835255,0.5478327161055981,False
FRVO,5,2026-05-19,2026-05-20,2026-06-18,2026,0.0683922766300842,0.46181504953033986,0.5478327161055981,False
FRVO,10,2026-05-27,2026-05-28,2026-06-26,2026,0.0568948476777125,0.42023330158567407,0.5478327161055981,False
FRVO,15,2026-06-03,2026-06-04,2026-07-06,2026,0.2617013236618051,0.45682364437540296,0.5478327161055981,False
FRVO,20,2026-06-10,2026-06-11,2026-07-13,2026,0.231695731137545,0.5505970424086687,0.5478327161055981,True
GENB,2,2026-03-02,2026-03-03,2026-03-31,2026,-0.0965162348036883,0.36956522442911965,0.5478327161055981,False
GENB,5,2026-03-05,2026-03-06,2026-04-06,2026,-0.0441952488876818,0.3581406160891853,0.5478327161055981,False
GENB,10,2026-03-12,2026-03-13,2026-04-13,2026,0.0482225606199333,0.37291867605022616,0.5478327161055981,False
GENB,15,2026-03-19,2026-03-20,2026-04-20,2026,0.0303772176365069,0.3628805121252278,0.5478327161055981,False
GENB,20,2026-03-26,2026-03-27,2026-04-27,2026,0.0629975473201207,0.3741753916556737,0.5478327161055981,False
GMRS,2,2026-05-14,2026-05-15,2026-06-15,2026,0.1212237502242228,0.37484155757826604,0.5478327161055981,False
GMRS,5,2026-05-19,2026-05-20,2026-06-18,2026,-0.0623951404646452,0.44221157036381287,0.5478327161055981,False
GMRS,10,2026-05-27,2026-05-28,2026-06-26,2026,-0.2891047489824678,0.42590098356828804,0.5478327161055981,False
GMRS,15,2026-06-03,2026-06-04,2026-07-06,2026,-0.4046450166120796,0.39887498554655065,0.5478327161055981,False
GMRS,20,2026-06-10,2026-06-11,2026-07-13,2026,-0.1192988921252506,0.41761662953707585,0.5478327161055981,False
GMTL,2,2026-03-23,2026-03-24,2026-04-22,2026,-0.3144804784690567,0.4648868299239059,0.5478327161055981,False
GMTL,5,2026-03-26,2026-03-27,2026-04-27,2026,-0.1119265931129024,0.49844876053492015,0.5478327161055981,False
HAWK,2,2026-05-08,2026-05-11,2026-06-09,2026,0.2258770112645007,0.3730553230563147,0.5478327161055981,False
HAWK,5,2026-05-13,2026-05-14,2026-06-12,2026,0.2685625097706735,0.34732751112042515,0.5478327161055981,False
HAWK,10,2026-05-20,2026-05-21,2026-06-22,2026,0.2590395983640103,0.44755181949974665,0.5478327161055981,False
HAWK,15,2026-05-28,2026-05-29,2026-06-29,2026,0.2738926794342035,0.4736262284793154,0.5478327161055981,False
HAWK,20,2026-06-04,2026-06-05,2026-07-07,2026,0.207728459869527,0.4369950033315907,0.5478327161055981,False
HMH,2,2026-04-02,2026-04-06,2026-05-04,2026,-0.0704765145488568,0.3767271580781717,0.5478327161055981,False
HMH,5,2026-04-08,2026-04-09,2026-05-07,2026,-0.1989167196037673,0.4712875518790224,0.5478327161055981,False
HMH,10,2026-04-15,2026-04-16,2026-05-14,2026,-0.1147144441226328,0.4443768673398636,0.5478327161055981,False
HMH,15,2026-04-22,2026-04-23,2026-05-21,2026,-0.1288768517191867,0.342466835417907,0.5478327161055981,False
HMH,20,2026-04-29,2026-04-30,2026-05-29,2026,-0.0092440486505197,0.30532597566481834,0.5478327161055981,False
INIO,2,2026-06-09,2026-06-10,2026-07-10,2026,0.0128366455376421,0.5652037292604761,0.5478327161055981,True
INIO,5,2026-06-12,2026-06-15,2026-07-15,2026,0.0599999526546382,0.6382172773991174,0.5478327161055981,True
INIO,10,2026-06-22,2026-06-23,2026-07-22,2026,0.2776763771441076,0.6099302480818795,0.5478327161055981,True
INIO,15,2026-06-29,2026-06-30,2026-07-29,2026,0.3561322053591772,0.5515658810114314,0.5478327161055981,True
JAN,2,2026-03-23,2026-03-24,2026-04-22,2026,0.0766847996494103,0.3970158313924703,0.5478327161055981,False
JAN,5,2026-03-26,2026-03-27,2026-04-27,2026,0.0656625988146204,0.3767480322106462,0.5478327161055981,False
JAN,10,2026-04-02,2026-04-06,2026-05-04,2026,0.0137076041485817,0.34396395724442325,0.5478327161055981,False
JAN,15,2026-04-10,2026-04-13,2026-05-11,2026,-0.1188198436966898,0.36549638327622674,0.5478327161055981,False
JAN,20,2026-04-17,2026-04-20,2026-05-18,2026,-0.0298860502611889,0.35319141226032513,0.5478327161055981,False
KARD,2,2026-06-22,2026-06-23,2026-07-22,2026,0.0014248766090318,0.486500472744107,0.5478327161055981,False
KARD,5,2026-06-25,2026-06-26,2026-07-27,2026,0.0362845764140617,0.4753898329884802,0.5478327161055981,False
KLRA,2,2026-04-20,2026-04-21,2026-05-19,2026,0.2320541381512199,0.4149106636360351,0.5478327161055981,False
KLRA,5,2026-04-23,2026-04-24,2026-05-22,2026,0.1883201925466407,0.3681505510879741,0.5478327161055981,False
KLRA,10,2026-04-30,2026-05-01,2026-06-01,2026,0.123399662395904,0.3529513764487047,0.5478327161055981,False
KLRA,15,2026-05-07,2026-05-08,2026-06-08,2026,0.0993468476529071,0.42713438800771186,0.5478327161055981,False
KLRA,20,2026-05-14,2026-05-15,2026-06-15,2026,0.0440621796589892,0.45062977292969636,0.5478327161055981,False
LCLN,2,2026-05-21,2026-05-22,2026-06-23,2026,-0.0635770478651664,0.4020035135942811,0.5478327161055981,False
LCLN,5,2026-05-27,2026-05-28,2026-06-26,2026,-0.1580447362588158,0.3392974860447368,0.5478327161055981,False
LCLN,10,2026-06-03,2026-06-04,2026-07-06,2026,-0.0391330451535059,0.35323240092247615,0.5478327161055981,False
LCLN,15,2026-06-10,2026-06-11,2026-07-13,2026,0.1035360869630835,0.40323797543455286,0.5478327161055981,False
LCLN,20,2026-06-17,2026-06-18,2026-07-20,2026,0.0344934096646081,0.34599910411304236,0.5478327161055981,False
LFTO,2,2026-06-05,2026-06-08,2026-07-08,2026,0.1041125331735676,0.49212046542061133,0.5478327161055981,False
LFTO,5,2026-06-10,2026-06-11,2026-07-13,2026,0.0394327320928844,0.44236753087275976,0.5478327161055981,False
LFTO,10,2026-06-17,2026-06-18,2026-07-20,2026,0.0442473964500584,0.43000909537776644,0.5478327161055981,False
LFTO,15,2026-06-25,2026-06-26,2026-07-27,2026,0.0909840779172737,0.45962622909272466,0.5478327161055981,False
LIFE,2,2026-01-30,2026-02-02,2026-03-03,2026,0.1143816061071843,0.531626658134157,0.5478327161055981,False
LIFE,5,2026-02-04,2026-02-05,2026-03-06,2026,-0.0513677722068188,0.43689555701241745,0.5478327161055981,False
LIFE,10,2026-02-11,2026-02-12,2026-03-13,2026,-0.2767279186003699,0.4026325735975798,0.5478327161055981,False
LMRI,15,2026-01-02,2026-01-05,2026-02-03,2026,0.3070282156573022,0.4753291124068967,0.5478327161055981,False
LMRI,20,2026-01-09,2026-01-12,2026-02-10,2026,0.1520767767562009,0.44199260990174355,0.5478327161055981,False
MAIR,2,2026-04-17,2026-04-20,2026-05-18,2026,-0.1713186574903984,0.4340985434387865,0.5478327161055981,False
MAIR,5,2026-04-22,2026-04-23,2026-05-21,2026,-0.0808366981937621,0.381910894912116,0.5478327161055981,False
MAIR,10,2026-04-29,2026-04-30,2026-05-29,2026,-0.1483119319311038,0.35725203447963855,0.5478327161055981,False
MAIR,15,2026-05-06,2026-05-07,2026-06-05,2026,-0.0148740258991053,0.38005425613889104,0.5478327161055981,False
MAIR,20,2026-05-13,2026-05-14,2026-06-12,2026,0.0514119695088839,0.41063635122887626,0.5478327161055981,False
MANE,2,2026-02-05,2026-02-06,2026-03-09,2026,-0.4305736917863125,0.34864069561375,0.5478327161055981,False
MANE,5,2026-02-10,2026-02-11,2026-03-12,2026,-0.3751065381070938,0.41499416010896684,0.5478327161055981,False
MANE,10,2026-02-18,2026-02-19,2026-03-19,2026,-0.2200700128810712,0.45833498357691393,0.5478327161055981,False
MANE,15,2026-02-25,2026-02-26,2026-03-26,2026,-0.6745911553270181,0.39989871809068406,0.5478327161055981,False
MANE,20,2026-03-04,2026-03-05,2026-04-02,2026,-0.3926756990978888,0.41355195674634043,0.5478327161055981,False
MDLN,10,2025-12-31,2026-01-02,2026-02-02,2026,-0.0844028393478024,0.4758288132551633,0.5478327161055981,False
MDLN,15,2026-01-08,2026-01-09,2026-02-09,2026,-0.1702734910627571,0.4691664110846836,0.5478327161055981,False
MDLN,20,2026-01-15,2026-01-16,2026-02-17,2026,-0.1203015358381774,0.42713026040973634,0.5478327161055981,False
MMED,2,2026-03-09,2026-03-10,2026-04-08,2026,0.2171484010916412,0.4962721631029236,0.5478327161055981,False
MMED,5,2026-03-12,2026-03-13,2026-04-13,2026,0.1409982014094889,0.452008636705931,0.5478327161055981,False
MMED,10,2026-03-19,2026-03-20,2026-04-20,2026,0.2853380310027896,0.48850698409624876,0.5478327161055981,False
MMED,15,2026-03-26,2026-03-27,2026-04-27,2026,0.3651585458485298,0.4427168436050796,0.5478327161055981,False
MMED,20,2026-04-02,2026-04-06,2026-05-04,2026,0.3045343556801954,0.4205744901115747,0.5478327161055981,False
MOBI,2,2026-05-11,2026-05-12,2026-06-10,2026,-0.1129511205715488,0.38148537688482387,0.5478327161055981,False
MWH,2,2026-02-13,2026-02-17,2026-03-17,2026,0.023170533497442,0.39458356244568904,0.5478327161055981,False
MWH,5,2026-02-19,2026-02-20,2026-03-20,2026,-0.0152956808368842,0.371964271214673,0.5478327161055981,False
MWH,10,2026-02-26,2026-02-27,2026-03-27,2026,-0.0680088804052691,0.40215880640564433,0.5478327161055981,False
MWH,15,2026-03-05,2026-03-06,2026-04-06,2026,-0.0655621729910051,0.42571472815034245,0.5478327161055981,False
MWH,20,2026-03-12,2026-03-13,2026-04-13,2026,-0.1389706696686124,0.47449415705983156,0.5478327161055981,False
NHP,2,2026-04-23,2026-04-24,2026-05-22,2026,-0.1390081502414302,0.38963034112439293,0.5478327161055981,False
NHP,5,2026-04-28,2026-04-29,2026-05-28,2026,-0.0874112930015194,0.3406354697245681,0.5478327161055981,False
NHP,10,2026-05-05,2026-05-06,2026-06-04,2026,-0.0712045723787555,0.3252843617072733,0.5478327161055981,False
NHP,15,2026-05-12,2026-05-13,2026-06-11,2026,-0.1026890729392125,0.3737750573285941,0.5478327161055981,False
NHP,20,2026-05-19,2026-05-20,2026-06-18,2026,0.0276282100953626,0.4252403139576546,0.5478327161055981,False
ODTX,2,2026-05-11,2026-05-12,2026-06-10,2026,0.0268170185362252,0.3901746249040184,0.5478327161055981,False
ODTX,5,2026-05-14,2026-05-15,2026-06-15,2026,-0.0333924536897251,0.34706107322016794,0.5478327161055981,False
ODTX,10,2026-05-21,2026-05-22,2026-06-23,2026,-0.1122835423122272,0.3596302296770098,0.5478327161055981,False
ODTX,15,2026-05-29,2026-06-01,2026-06-30,2026,-0.105315498388213,0.32736481118816546,0.5478327161055981,False
ODTX,20,2026-06-05,2026-06-08,2026-07-08,2026,0.0304001692072532,0.3639332878691039,0.5478327161055981,False
OFRM,2,2026-02-09,2026-02-10,2026-03-11,2026,-0.0428940364262057,0.43201385458234604,0.5478327161055981,False
OFRM,5,2026-02-12,2026-02-13,2026-03-16,2026,0.0665290018596979,0.3443310964963284,0.5478327161055981,False
OFRM,10,2026-02-20,2026-02-23,2026-03-23,2026,0.2028934737498418,0.4253807250693267,0.5478327161055981,False
OFRM,15,2026-02-27,2026-03-02,2026-03-30,2026,0.2661174662613397,0.31732260206135565,0.5478327161055981,False
OFRM,20,2026-03-06,2026-03-09,2026-04-07,2026,0.1821562975596402,0.2910480144957075,0.5478327161055981,False
OPTH,2,2026-05-21,2026-05-22,2026-06-23,2026,0.1809099052844749,0.3681636400324442,0.5478327161055981,False
PAYP,2,2026-03-13,2026-03-16,2026-04-14,2026,0.0074909801296282,0.4886907927808919,0.5478327161055981,False
PAYP,5,2026-03-18,2026-03-19,2026-04-17,2026,-0.0808861890205351,0.4256309474890098,0.5478327161055981,False
PAYP,10,2026-03-25,2026-03-26,2026-04-24,2026,0.3063278947727156,0.5343623027957235,0.5478327161055981,False
PAYP,15,2026-04-01,2026-04-02,2026-05-01,2026,0.137571826413896,0.416698289625849,0.5478327161055981,False
PAYP,20,2026-04-09,2026-04-10,2026-05-08,2026,0.1661477059024263,0.470122952725635,0.5478327161055981,False
PBLS,2,2026-06-11,2026-06-12,2026-07-14,2026,-0.0500360365196963,0.4998931257476867,0.5478327161055981,False
PBLS,5,2026-06-16,2026-06-17,2026-07-17,2026,-0.0305147443367567,0.5697060638331848,0.5478327161055981,True
PBLS,10,2026-06-24,2026-06-25,2026-07-24,2026,-0.1777983035187501,0.46948185842028156,0.5478327161055981,False
PBLS,15,2026-07-01,2026-07-02,2026-07-31,2026,-0.253831667936825,0.4146892730212436,0.5478327161055981,False
PICS,2,2026-01-30,2026-02-02,2026-03-03,2026,0.154380508449957,0.5459057446336172,0.5478327161055981,False
PICS,5,2026-02-04,2026-02-05,2026-03-06,2026,0.097664593655151,0.4439759148848196,0.5478327161055981,False
PICS,10,2026-02-11,2026-02-12,2026-03-13,2026,-0.0964466711602387,0.4307653387459644,0.5478327161055981,False
PICS,15,2026-02-19,2026-02-20,2026-03-20,2026,0.0490288715384041,0.4137427412189073,0.5478327161055981,False
PICS,20,2026-02-26,2026-02-27,2026-03-27,2026,0.1812682837296397,0.5128011958245827,0.5478327161055981,False
PPHC,2,2026-01-29,2026-01-30,2026-03-02,2026,-0.0381995827896877,0.35417524677388285,0.5478327161055981,False
PS,2,2026-04-30,2026-05-01,2026-06-01,2026,-0.2126777996689479,0.40192839129693003,0.5478327161055981,False
PS,5,2026-05-05,2026-05-06,2026-06-04,2026,-0.1528209524510226,0.45279085642200445,0.5478327161055981,False
PS,10,2026-05-12,2026-05-13,2026-06-11,2026,0.3227253929308895,0.6528603958140269,0.5478327161055981,True
PS,15,2026-05-19,2026-05-20,2026-06-18,2026,0.1634631219546471,0.4567269525762202,0.5478327161055981,False
PS,20,2026-05-27,2026-05-28,2026-06-26,2026,0.0338284225504735,0.4527533115754253,0.5478327161055981,False
QNT,2,2026-06-05,2026-06-08,2026-07-08,2026,-0.3198450650533426,0.6332751382531284,0.5478327161055981,True
QNT,5,2026-06-10,2026-06-11,2026-07-13,2026,-0.2424509364736549,0.5927492489252458,0.5478327161055981,True
QNT,10,2026-06-17,2026-06-18,2026-07-20,2026,0.0508809231290878,0.5076551882841581,0.5478327161055981,False
QNT,15,2026-06-25,2026-06-26,2026-07-27,2026,0.2092007947658312,0.5706077047608749,0.5478327161055981,True
REA,2,2026-05-07,2026-05-08,2026-06-08,2026,0.210221208470145,0.3829646744704525,0.5478327161055981,False
REA,5,2026-05-12,2026-05-13,2026-06-11,2026,0.3954767655493274,0.4229446919693631,0.5478327161055981,False
REA,10,2026-05-19,2026-05-20,2026-06-18,2026,0.2023075022345619,0.3623976149064082,0.5478327161055981,False
REA,15,2026-05-27,2026-05-28,2026-06-26,2026,0.2163500383535004,0.3383149311402572,0.5478327161055981,False
SBMT,2,2026-05-01,2026-05-04,2026-06-02,2026,0.1784023519653172,0.2901696003874709,0.5478327161055981,False
SGP,2,2026-02-09,2026-02-10,2026-03-11,2026,-0.1006989876115582,0.43318702691346395,0.5478327161055981,False
SHAZ,2,2026-02-19,2026-02-20,2026-03-20,2026,0.1321666318270773,0.3241583073261277,0.5478327161055981,False
SHAZ,5,2026-02-24,2026-02-25,2026-03-25,2026,0.0909566384670034,0.2915675296654145,0.5478327161055981,False
SHAZ,10,2026-03-03,2026-03-04,2026-04-01,2026,-0.7224252400754576,0.33460946403422726,0.5478327161055981,False
SIND,2,2026-06-29,2026-06-30,2026-07-29,2026,-0.1005601719137794,0.4048904127554001,0.5478327161055981,False
SPCX,2,2026-06-15,2026-06-16,2026-07-16,2026,0.3136969554663141,0.6628670676569209,0.5478327161055981,True
SPCX,5,2026-06-18,2026-06-22,2026-07-21,2026,0.2732805900998099,0.6530409219787192,0.5478327161055981,True
SPCX,10,2026-06-26,2026-06-29,2026-07-28,2026,0.2418666194220745,0.528477903865055,0.5478327161055981,False
SPTX,2,2026-05-04,2026-05-05,2026-06-03,2026,0.0446743125777919,0.4540702239293078,0.5478327161055981,False
SPTX,5,2026-05-07,2026-05-08,2026-06-08,2026,-0.0522506701356848,0.4159564299850859,0.5478327161055981,False
SPTX,10,2026-05-14,2026-05-15,2026-06-15,2026,-0.0449219411595096,0.46243722327185943,0.5478327161055981,False
SPTX,15,2026-05-21,2026-05-22,2026-06-23,2026,-0.1687486708431916,0.45324934183111487,0.5478327161055981,False
SPTX,20,2026-05-29,2026-06-01,2026-06-30,2026,-0.2423416258723138,0.4454843783424311,0.5478327161055981,False
SSMR,2,2026-06-05,2026-06-08,2026-07-08,2026,0.1006327666591847,0.4241544531286173,0.5478327161055981,False
SSMR,5,2026-06-10,2026-06-11,2026-07-13,2026,0.0572637782860165,0.5140884504508295,0.5478327161055981,False
SSMR,10,2026-06-17,2026-06-18,2026-07-20,2026,0.0204687908795925,0.44767464603511054,0.5478327161055981,False
SUJA,2,2026-05-08,2026-05-11,2026-06-09,2026,0.0988648274761649,0.337746336018607,0.5478327161055981,False
SUJA,5,2026-05-13,2026-05-14,2026-06-12,2026,0.3524583252328302,0.3977499460661304,0.5478327161055981,False
SUJA,10,2026-05-20,2026-05-21,2026-06-22,2026,0.4303576858916459,0.44046946410713067,0.5478327161055981,False
SUJA,15,2026-05-28,2026-05-29,2026-06-29,2026,0.2829459209690689,0.4183605499648151,0.5478327161055981,False
SWMR,2,2026-03-18,2026-03-19,2026-04-17,2026,0.4279823418832075,0.9912906082173989,0.5478327161055981,True
SWMR,5,2026-03-23,2026-03-24,2026-04-22,2026,-0.4049986892531736,0.7358969630932305,0.5478327161055981,True
SWMR,10,2026-03-30,2026-03-31,2026-04-29,2026,0.3177442857300585,0.9729788090009444,0.5478327161055981,True
SWMR,15,2026-04-07,2026-04-08,2026-05-06,2026,0.3641957709355854,0.9669189829693775,0.5478327161055981,True
SWMR,20,2026-04-14,2026-04-15,2026-05-13,2026,0.2933532768771864,0.9455971002828195,0.5478327161055981,True
WHK,2,2026-06-10,2026-06-11,2026-07-13,2026,0.0123691264473665,0.41665646887430535,0.5478327161055981,False
WHK,5,2026-06-15,2026-06-16,2026-07-16,2026,5.4904872523454246e-05,0.3649299549182683,0.5478327161055981,False
WHK,10,2026-06-23,2026-06-24,2026-07-23,2026,0.0112988963185864,0.3563592782102903,0.5478327161055981,False
WHK,15,2026-06-30,2026-07-01,2026-07-30,2026,0.0367432228685247,0.328955733863765,0.5478327161055981,False
WLTH,15,2026-01-06,2026-01-07,2026-02-05,2026,0.3351656411512998,0.3577406979626903,0.5478327161055981,False
WLTH,20,2026-01-13,2026-01-14,2026-02-12,2026,0.2514163341444053,0.43436388069541615,0.5478327161055981,False
XE,2,2026-04-27,2026-04-28,2026-05-27,2026,0.2607215647173764,0.49119591836012005,0.5478327161055981,False
XE,5,2026-04-30,2026-05-01,2026-06-01,2026,0.2370851409970635,0.4539925068621974,0.5478327161055981,False
XE,10,2026-05-07,2026-05-08,2026-06-08,2026,0.242013996357761,0.44236760615085635,0.5478327161055981,False
XE,15,2026-05-14,2026-05-15,2026-06-15,2026,0.2793175534615492,0.4390347889180717,0.5478327161055981,False
XE,20,2026-05-21,2026-05-22,2026-06-23,2026,0.2004504244651027,0.4734573391059149,0.5478327161055981,False
YSS,2,2026-01-30,2026-02-02,2026-03-03,2026,0.241705833891436,0.4384482032590589,0.5478327161055981,False
YSS,5,2026-02-04,2026-02-05,2026-03-06,2026,0.034791009589145,0.4447878565960142,0.5478327161055981,False
YSS,10,2026-02-11,2026-02-12,2026-03-13,2026,0.1786756675578998,0.48954137621267435,0.5478327161055981,False
YSS,15,2026-02-19,2026-02-20,2026-03-20,2026,0.0878906412424678,0.42721763441149735,0.5478327161055981,False
YSS,20,2026-02-26,2026-02-27,2026-03-27,2026,-0.0653738940672386,0.4664828629817614,0.5478327161055981,False
YSWY,2,2026-04-23,2026-04-24,2026-05-22,2026,-0.041188381260979,0.37507971898482834,0.5478327161055981,False
YSWY,5,2026-04-28,2026-04-29,2026-05-28,2026,0.1557392239851564,0.34402697836641893,0.5478327161055981,False
YSWY,10,2026-05-05,2026-05-06,2026-06-04,2026,0.2675191627226148,0.3919603955097384,0.5478327161055981,False
YSWY,15,2026-05-12,2026-05-13,2026-06-11,2026,0.0047779757641603,0.3750305210384545,0.5478327161055981,False
YSWY,20,2026-05-19,2026-05-20,2026-06-18,2026,0.1021016164939817,0.38438043602642846,0.5478327161055981,False
