symbol,signal_day,signal_date,entry_date,exit_date,year,y,pred,thr,short_it
ABCL,2,2020-12-14,2020-12-15,2021-01-14,2020,0.1007624610271016,0.02708903357299736,0.0,True
ABCL,5,2020-12-17,2020-12-18,2021-01-20,2020,0.0453698965805154,-0.022490367936140777,0.0,False
ABCL,10,2020-12-24,2020-12-28,2021-01-27,2020,-0.1188536541615345,-0.030659410469113028,0.0,False
ABNB,2,2020-12-11,2020-12-14,2021-01-13,2020,-0.2474592432992765,-0.005262916904550638,0.0,False
ABNB,5,2020-12-16,2020-12-17,2021-01-19,2020,-0.2206745096780391,0.03032511636601889,0.0,True
ABNB,10,2020-12-23,2020-12-24,2021-01-26,2020,-0.1781099527534433,-0.030659410469113028,0.0,False
ACI,2,2020-06-29,2020-06-30,2020-07-29,2020,0.086945668385614,0.008166842625920061,0.0,True
ACI,5,2020-07-02,2020-07-06,2020-08-03,2020,0.0895283415609086,0.008166842625920061,0.0,True
ACI,10,2020-07-10,2020-07-13,2020-08-10,2020,-0.0121645243240884,-0.03620767554590051,0.0,False
ACI,15,2020-07-17,2020-07-20,2020-08-17,2020,0.066262033779508,-0.03640569640990724,0.0,False
ACI,20,2020-07-24,2020-07-27,2020-08-24,2020,0.12135415398789,-0.03640569640990724,0.0,False
ADCT,2,2020-05-19,2020-05-20,2020-06-18,2020,-0.2291631012398285,0.010726483600738967,0.0,True
ADCT,5,2020-05-22,2020-05-26,2020-06-23,2020,-0.1887212717479587,0.013874469449367292,0.0,True
ADCT,10,2020-06-01,2020-06-02,2020-06-30,2020,-0.3351785642514463,0.013874469449367292,0.0,True
ADCT,15,2020-06-08,2020-06-09,2020-07-08,2020,-0.290073603275789,0.005224274554991692,0.0,True
ADCT,20,2020-06-15,2020-06-16,2020-07-15,2020,-0.1720222725464181,0.008634775657839298,0.0,True
AI,2,2020-12-10,2020-12-11,2021-01-12,2020,-0.0579335949359346,-0.0316391616402276,0.0,False
AI,5,2020-12-15,2020-12-16,2021-01-15,2020,-0.2928259435544695,0.02708903357299736,0.0,True
AI,10,2020-12-22,2020-12-23,2021-01-25,2020,0.1539117392935762,0.04161728473207356,0.0,True
AI,15,2020-12-30,2020-12-31,2021-02-01,2020,0.0214832048746206,-0.033809581901181045,0.0,False
ALGM,2,2020-10-30,2020-11-02,2020-12-01,2020,-0.2256260436731536,-0.07416409893732119,0.0,False
ALGM,5,2020-11-04,2020-11-05,2020-12-04,2020,-0.2788638523913604,-0.04385583178405681,0.0,False
ALGM,10,2020-11-11,2020-11-12,2020-12-11,2020,-0.1736489397651223,-0.04061974899103528,0.0,False
ALGM,15,2020-11-18,2020-11-19,2020-12-18,2020,-0.1466668735422084,-0.03689749686055086,0.0,False
ALGM,20,2020-11-25,2020-11-27,2020-12-28,2020,-0.0103704058355532,-0.06256349174159162,0.0,False
ALXO,2,2020-07-20,2020-07-21,2020-08-18,2020,-0.3079435434641586,-0.054698017632840025,0.0,False
ALXO,5,2020-07-23,2020-07-24,2020-08-21,2020,-0.4951156767170677,-0.03640569640990724,0.0,False
ANNX,2,2020-07-27,2020-07-28,2020-08-25,2020,-0.2961121292678171,0.08699868514721978,0.0,True
ANVS,2,2020-01-30,2020-01-31,2020-03-02,2020,0.1512683218956482,-0.016602789765822953,0.0,False
API,2,2020-06-29,2020-06-30,2020-07-29,2020,0.1570609561498493,0.008166842625920061,0.0,True
API,5,2020-07-02,2020-07-06,2020-08-03,2020,0.3752197633026403,0.008166842625920061,0.0,True
API,10,2020-07-10,2020-07-13,2020-08-10,2020,0.3291775250948976,-0.03620767554590051,0.0,False
API,15,2020-07-17,2020-07-20,2020-08-17,2020,0.2479356555680883,-0.03640569640990724,0.0,False
API,20,2020-07-24,2020-07-27,2020-08-24,2020,0.1252709238001964,-0.03640569640990724,0.0,False
ARQT,2,2020-02-03,2020-02-04,2020-03-04,2020,-0.2043455900313916,-0.07454318764919338,0.0,False
ARQT,5,2020-02-06,2020-02-07,2020-03-09,2020,-0.4447967824433002,-0.03355968909847568,0.0,False
ARQT,15,2020-02-21,2020-02-24,2020-03-23,2020,-0.592204289875491,-0.04888831177825579,0.0,False
ARQT,20,2020-02-28,2020-03-02,2020-03-30,2020,-0.2480314299728349,-0.10982192610871176,0.0,False
ARRY,2,2020-10-16,2020-10-19,2020-11-16,2020,0.0169412921076568,0.01073673242534713,0.0,True
ARRY,5,2020-10-21,2020-10-22,2020-11-19,2020,-0.061732751745397,-0.03568678925108455,0.0,False
ARRY,10,2020-10-28,2020-10-29,2020-11-27,2020,-0.1171412379826302,0.04939998908253714,0.0,True
ARRY,15,2020-11-04,2020-11-05,2020-12-04,2020,0.0903890026029602,-0.04385583178405681,0.0,False
ARRY,20,2020-11-11,2020-11-12,2020-12-11,2020,0.0605094169652057,-0.04061974899103528,0.0,False
ASAN,2,2020-10-01,2020-10-02,2020-10-30,2020,0.0602525835170253,-0.015483791445080289,0.0,False
ASAN,5,2020-10-06,2020-10-07,2020-11-04,2020,0.1348689622388666,0.006684447032550119,0.0,True
ASAN,10,2020-10-13,2020-10-14,2020-11-11,2020,0.0997686040125348,0.01073673242534713,0.0,True
ASAN,15,2020-10-20,2020-10-21,2020-11-18,2020,0.0533264226256392,-0.03568678925108455,0.0,False
ASAN,20,2020-10-27,2020-10-28,2020-11-25,2020,-0.0869091897175136,-0.08533864257553463,0.0,False
ASO,2,2020-10-05,2020-10-06,2020-11-03,2020,-0.2201888716048423,-0.023685133034743094,0.0,False
ASO,5,2020-10-08,2020-10-09,2020-11-06,2020,-0.3183233539228894,0.01073673242534713,0.0,True
ASO,10,2020-10-15,2020-10-16,2020-11-13,2020,-0.2114158399529081,0.01073673242534713,0.0,True
ASO,15,2020-10-22,2020-10-23,2020-11-20,2020,-0.0930839978843879,-0.03568678925108455,0.0,False
ASO,20,2020-10-29,2020-10-30,2020-11-30,2020,-0.1049684112460296,-0.08236544052698401,0.0,False
AVIR,2,2020-11-02,2020-11-03,2020-12-02,2020,0.1159255370731962,-0.0811909651750146,0.0,False
AVIR,5,2020-11-05,2020-11-06,2020-12-07,2020,0.2077036190757247,-0.04385583178405681,0.0,False
AVIR,10,2020-11-12,2020-11-13,2020-12-14,2020,-0.0422590481950142,-0.04385583178405681,0.0,False
AVIR,15,2020-11-19,2020-11-20,2020-12-21,2020,-0.0940997169927565,-0.06075929328439436,0.0,False
AVIR,20,2020-11-27,2020-11-30,2020-12-29,2020,-0.1565747498798976,-0.040922727140450095,0.0,False
AVO,2,2020-10-05,2020-10-06,2020-11-03,2020,-0.0969656964430276,-0.023685133034743094,0.0,False
AVO,5,2020-10-08,2020-10-09,2020-11-06,2020,-0.1191751151183581,0.01073673242534713,0.0,True
BDTX,2,2020-02-03,2020-02-04,2020-03-04,2020,0.094077081038854,-0.07454318764919338,0.0,False
BDTX,5,2020-02-06,2020-02-07,2020-03-09,2020,0.0588865117268492,-0.03355968909847568,0.0,False
BDTX,10,2020-02-13,2020-02-14,2020-03-16,2020,0.0151676434361854,-0.11237921349304764,0.0,False
BDTX,15,2020-02-21,2020-02-24,2020-03-23,2020,0.1738329313724852,-0.04888831177825579,0.0,False
BDTX,20,2020-02-28,2020-03-02,2020-03-30,2020,-0.1802986844449815,-0.10982192610871176,0.0,False
BEAM,2,2020-02-07,2020-02-10,2020-03-10,2020,-0.2813435405374722,-0.12569675704265754,0.0,False
BEAM,5,2020-02-12,2020-02-13,2020-03-13,2020,0.0503489821435754,-0.11873842211915159,0.0,False
BEAM,10,2020-02-20,2020-02-21,2020-03-20,2020,-0.2267685463666269,-0.04051802402198163,0.0,False
BEAM,15,2020-02-27,2020-02-28,2020-03-27,2020,-0.1823164592784176,-0.10864178542474671,0.0,False
BEAM,20,2020-03-05,2020-03-06,2020-04-03,2020,0.0814502438458019,-0.1038473554097694,0.0,False
BEKE,2,2020-08-14,2020-08-17,2020-09-15,2020,-0.6514704048739329,0.09819358963445239,0.0,True
BEKE,5,2020-08-19,2020-08-20,2020-09-18,2020,-0.3773399899885851,0.08164603678047433,0.0,True
BEKE,10,2020-08-26,2020-08-27,2020-09-25,2020,-0.2699024660825664,-0.031092347748996826,0.0,False
BEKE,15,2020-09-02,2020-09-03,2020-10-02,2020,-0.283631816673336,-0.06645141098281858,0.0,False
BEKE,20,2020-09-10,2020-09-11,2020-10-09,2020,-0.3301557961781422,-0.04851314923209506,0.0,False
BILL,15,2020-01-03,2020-01-06,2020-02-04,2020,-0.4313523154317953,0.08317506434646783,0.0,True
BILL,20,2020-01-10,2020-01-13,2020-02-11,2020,-0.5442411904513739,-0.00569466965234966,0.0,False
BNL,2,2020-09-18,2020-09-21,2020-10-19,2020,0.0467883274644544,0.03470014932974141,0.0,True
BNL,5,2020-09-23,2020-09-24,2020-10-22,2020,0.0733412539541527,0.01376179954774057,0.0,True
BNL,10,2020-09-30,2020-10-01,2020-10-29,2020,-0.0522220010428507,-0.023685133034743094,0.0,False
BNL,15,2020-10-07,2020-10-08,2020-11-05,2020,0.0028750490847805,0.006684447032550119,0.0,True
BNL,20,2020-10-14,2020-10-15,2020-11-12,2020,-0.0349284766266321,0.01709594105145105,0.0,True
BSY,2,2020-09-24,2020-09-25,2020-10-23,2020,-0.0896991233261154,0.028312241001253728,0.0,True
BSY,5,2020-09-29,2020-09-30,2020-10-28,2020,-0.2024355409977636,-0.015483791445080289,0.0,False
BSY,10,2020-10-06,2020-10-07,2020-11-04,2020,-0.191193710321489,0.006684447032550119,0.0,True
BSY,15,2020-10-13,2020-10-14,2020-11-11,2020,0.0005647782060336,0.01073673242534713,0.0,True
BSY,20,2020-10-20,2020-10-21,2020-11-18,2020,0.1051295829971992,-0.03568678925108455,0.0,False
CCCC,2,2020-10-05,2020-10-06,2020-11-03,2020,0.0203919753875578,-0.023685133034743094,0.0,False
CCCC,5,2020-10-08,2020-10-09,2020-11-06,2020,-0.1011208137827737,0.01073673242534713,0.0,True
CCCC,10,2020-10-15,2020-10-16,2020-11-13,2020,-0.0255902391321081,0.01073673242534713,0.0,True
CCCC,15,2020-10-22,2020-10-23,2020-11-20,2020,-0.0713872695034196,-0.03568678925108455,0.0,False
CCCC,20,2020-10-29,2020-10-30,2020-11-30,2020,-0.322613765298447,-0.08236544052698401,0.0,False
CERT,2,2020-12-14,2020-12-15,2021-01-14,2020,-0.0051500558890448,0.02708903357299736,0.0,True
CERT,5,2020-12-17,2020-12-18,2021-01-20,2020,0.0597531991010096,-0.022490367936140777,0.0,False
CERT,10,2020-12-24,2020-12-28,2021-01-27,2020,0.1151889069488512,-0.030659410469113028,0.0,False
CMPS,2,2020-09-21,2020-09-22,2020-10-20,2020,-0.2869044055046974,-0.04221583397782799,0.0,False
CMPS,5,2020-09-24,2020-09-25,2020-10-23,2020,0.1261920669874026,0.028312241001253728,0.0,True
CMPS,10,2020-10-01,2020-10-02,2020-10-30,2020,-0.0264686481660649,-0.015483791445080289,0.0,False
CMPS,15,2020-10-08,2020-10-09,2020-11-06,2020,0.0059249695962323,0.01073673242534713,0.0,True
CMPS,20,2020-10-15,2020-10-16,2020-11-13,2020,0.0655542826772428,0.01073673242534713,0.0,True
CRSR,2,2020-09-24,2020-09-25,2020-10-23,2020,-0.4885103459098148,0.028312241001253728,0.0,True
CRSR,5,2020-09-29,2020-09-30,2020-10-28,2020,-0.342636190349906,-0.015483791445080289,0.0,False
CRSR,10,2020-10-06,2020-10-07,2020-11-04,2020,-0.4361689555117625,0.006684447032550119,0.0,True
CRSR,15,2020-10-13,2020-10-14,2020-11-11,2020,-0.5687751650543725,0.01073673242534713,0.0,True
CRSR,20,2020-10-20,2020-10-21,2020-11-18,2020,-0.3539342040702961,-0.03568678925108455,0.0,False
DASH,2,2020-12-10,2020-12-11,2021-01-12,2020,-0.058401298005452,-0.0316391616402276,0.0,False
DASH,5,2020-12-15,2020-12-16,2021-01-15,2020,-0.167968736133697,0.02708903357299736,0.0,True
DASH,10,2020-12-22,2020-12-23,2021-01-25,2020,-0.2049469841010542,0.04161728473207356,0.0,True
DASH,15,2020-12-30,2020-12-31,2021-02-01,2020,-0.3950789087264245,-0.033809581901181045,0.0,False
DYN,2,2020-09-18,2020-09-21,2020-10-19,2020,0.274407111724523,0.03470014932974141,0.0,True
DYN,5,2020-09-23,2020-09-24,2020-10-22,2020,0.3252449274497865,0.01376179954774057,0.0,True
EBC,2,2020-10-16,2020-10-19,2020-11-16,2020,-0.1414653866863366,0.01073673242534713,0.0,True
EBC,5,2020-10-21,2020-10-22,2020-11-19,2020,-0.115242887100035,-0.03568678925108455,0.0,False
EBC,10,2020-10-28,2020-10-29,2020-11-27,2020,-0.0977741159043466,0.04939998908253714,0.0,True
EBC,15,2020-11-04,2020-11-05,2020-12-04,2020,-0.2965674666720216,-0.04385583178405681,0.0,False
EBC,20,2020-11-11,2020-11-12,2020-12-11,2020,-0.2594908665028073,-0.04061974899103528,0.0,False
FDMT,2,2020-12-14,2020-12-15,2021-01-14,2020,-0.11454069983608,0.02708903357299736,0.0,True
FDMT,5,2020-12-17,2020-12-18,2021-01-20,2020,-0.1551534967929288,-0.022490367936140777,0.0,False
FDMT,10,2020-12-24,2020-12-28,2021-01-27,2020,-0.0783208621589814,-0.030659410469113028,0.0,False
FHTX,2,2020-10-26,2020-10-27,2020-11-24,2020,0.0792624191195532,-0.06404674367078926,0.0,False
FHTX,5,2020-10-29,2020-10-30,2020-11-30,2020,-0.105205870705183,-0.08236544052698401,0.0,False
FOUR,2,2020-06-08,2020-06-09,2020-07-08,2020,-0.3085210361672776,0.005224274554991692,0.0,True
FOUR,5,2020-06-11,2020-06-12,2020-07-13,2020,-0.1820064592708029,-0.07564667490259051,0.0,False
FOUR,10,2020-06-18,2020-06-19,2020-07-20,2020,0.0671234926381396,0.005224274554991692,0.0,True
FOUR,15,2020-06-25,2020-06-26,2020-07-27,2020,0.0518152564288791,0.009297315510493565,0.0,True
FOUR,20,2020-07-02,2020-07-06,2020-08-03,2020,-0.0669708007486873,0.008166842625920061,0.0,True
FROG,2,2020-09-17,2020-09-18,2020-10-16,2020,-0.2468854908822189,-0.09392735744498565,0.0,False
FROG,5,2020-09-22,2020-09-23,2020-10-21,2020,0.0269910680726715,-0.07472987667449649,0.0,False
FROG,10,2020-09-29,2020-09-30,2020-10-28,2020,0.0756324433459411,-0.015483791445080289,0.0,False
FROG,15,2020-10-06,2020-10-07,2020-11-04,2020,0.0501030584407504,0.006684447032550119,0.0,True
FROG,20,2020-10-13,2020-10-14,2020-11-11,2020,0.1826827383441839,0.01073673242534713,0.0,True
FTHM,2,2020-08-03,2020-08-04,2020-09-01,2020,-0.6350489281873142,-0.028242042128663103,0.0,False
GDRX,2,2020-09-24,2020-09-25,2020-10-23,2020,-0.0310288930073728,0.028312241001253728,0.0,True
GDRX,5,2020-09-29,2020-09-30,2020-10-28,2020,0.0971848815043516,-0.015483791445080289,0.0,False
GDRX,10,2020-10-06,2020-10-07,2020-11-04,2020,0.1171744238869912,0.006684447032550119,0.0,True
GDRX,15,2020-10-13,2020-10-14,2020-11-11,2020,0.0053227952681292,0.01073673242534713,0.0,True
GDRX,20,2020-10-20,2020-10-21,2020-11-18,2020,0.34154242305472,-0.03568678925108455,0.0,False
GFL,2,2020-03-04,2020-03-05,2020-04-02,2020,-0.0307008587130028,-0.1952061733950558,0.0,False
GFL,5,2020-03-09,2020-03-10,2020-04-07,2020,0.0732744283009188,-0.08106959585087418,0.0,False
GFL,10,2020-03-16,2020-03-17,2020-04-15,2020,0.1591132328323559,-0.08106959585087418,0.0,False
GFL,15,2020-03-23,2020-03-24,2020-04-22,2020,0.0548959359659368,0.02594101691435725,0.0,True
GFL,20,2020-03-30,2020-03-31,2020-04-29,2020,-0.0925831858482344,-0.08106959585087418,0.0,False
HRMY,2,2020-08-20,2020-08-21,2020-09-21,2020,0.0559288119345705,0.02774241175689532,0.0,True
HRMY,5,2020-08-25,2020-08-26,2020-09-24,2020,-0.0390894614897715,-0.06709333866725886,0.0,False
HRMY,10,2020-09-01,2020-09-02,2020-10-01,2020,0.0337033779342735,-0.06768823720564157,0.0,False
HRMY,15,2020-09-09,2020-09-10,2020-10-08,2020,0.2380519812711667,-0.09618546569090577,0.0,False
HRMY,20,2020-09-16,2020-09-17,2020-10-15,2020,-0.0438560461998152,-0.14063927126669068,0.0,False
IBEX,2,2020-08-10,2020-08-11,2020-09-09,2020,0.4082706636022003,0.010582060809786754,0.0,True
IBEX,5,2020-08-13,2020-08-14,2020-09-14,2020,0.3180880093912644,0.0757106459781393,0.0,True
IH,2,2020-10-12,2020-10-13,2020-11-10,2020,-0.0075860140230073,0.01073673242534713,0.0,True
IH,5,2020-10-15,2020-10-16,2020-11-13,2020,0.0248940862855951,0.01073673242534713,0.0,True
IH,10,2020-10-22,2020-10-23,2020-11-20,2020,-0.3367395127331291,-0.03568678925108455,0.0,False
IH,15,2020-10-29,2020-10-30,2020-11-30,2020,-0.269151275427633,-0.08236544052698401,0.0,False
IMNM,2,2020-10-05,2020-10-06,2020-11-03,2020,0.0025456983505466,-0.023685133034743094,0.0,False
IVA,2,2020-07-13,2020-07-14,2020-08-11,2020,-0.0028011717067948,0.06144972591918822,0.0,True
IVA,5,2020-07-16,2020-07-17,2020-08-14,2020,-0.0070342555255792,-0.03640569640990724,0.0,False
KC,2,2020-05-11,2020-05-12,2020-06-10,2020,0.2890077094096682,-0.028764724197444583,0.0,False
KC,5,2020-05-14,2020-05-15,2020-06-15,2020,0.1229748164659959,-0.03628087213432856,0.0,False
KC,10,2020-05-21,2020-05-22,2020-06-22,2020,-0.4418764339528144,0.010726483600738967,0.0,True
KC,15,2020-05-29,2020-06-01,2020-06-29,2020,-0.3643145481474939,0.013874469449367292,0.0,True
KC,20,2020-06-05,2020-06-08,2020-07-07,2020,-0.7910378133235904,0.011782761506467619,0.0,True
KROS,2,2020-04-09,2020-04-13,2020-05-11,2020,-0.1936865865133325,-0.02192515946024529,0.0,False
KYMR,2,2020-08-24,2020-08-25,2020-09-23,2020,-0.2026224107642182,-0.0985921814364264,0.0,False
KYMR,5,2020-08-27,2020-08-28,2020-09-28,2020,-0.0191094758565649,-0.031092347748996826,0.0,False
KYMR,10,2020-09-03,2020-09-04,2020-10-05,2020,0.0149188526879701,-0.025790950822555177,0.0,False
KYMR,15,2020-09-11,2020-09-14,2020-10-12,2020,-0.2024991823564656,-0.05981580121085701,0.0,False
KYMR,20,2020-09-18,2020-09-21,2020-10-19,2020,-0.3088848815100367,0.03470014932974141,0.0,True
LEGN,2,2020-06-08,2020-06-09,2020-07-08,2020,-0.1506274607367426,0.005224274554991692,0.0,True
LEGN,5,2020-06-11,2020-06-12,2020-07-13,2020,-0.0221640955328171,-0.07564667490259051,0.0,False
LEGN,10,2020-06-18,2020-06-19,2020-07-20,2020,0.1263111504238385,0.005224274554991692,0.0,True
LEGN,15,2020-06-25,2020-06-26,2020-07-27,2020,0.1518574413773893,0.009297315510493565,0.0,True
LEGN,20,2020-07-02,2020-07-06,2020-08-03,2020,0.1693662386938516,0.008166842625920061,0.0,True
LI,2,2020-07-31,2020-08-03,2020-08-31,2020,0.0621017703391628,0.08457349006001813,0.0,True
LI,5,2020-08-05,2020-08-06,2020-09-03,2020,0.0256578294627366,0.08740472251498964,0.0,True
LI,10,2020-08-12,2020-08-13,2020-09-11,2020,-0.0761542083650298,0.0647598404152248,0.0,True
LI,15,2020-08-19,2020-08-20,2020-09-18,2020,-0.2079991034937595,0.08164603678047433,0.0,True
LI,20,2020-08-26,2020-08-27,2020-09-25,2020,0.0952081013374508,-0.031092347748996826,0.0,False
LMND,2,2020-07-06,2020-07-07,2020-08-04,2020,0.312855363820548,-0.012618084773613342,0.0,False
LMND,5,2020-07-09,2020-07-10,2020-08-07,2020,0.2110615763444076,-0.03636398512166631,0.0,False
LMND,10,2020-07-16,2020-07-17,2020-08-14,2020,0.2316648837985025,-0.03640569640990724,0.0,False
LMND,15,2020-07-23,2020-07-24,2020-08-21,2020,0.2527421135887561,-0.03640569640990724,0.0,False
LMND,20,2020-07-30,2020-07-31,2020-08-28,2020,0.2406157398588475,0.09612846553774036,0.0,True
LSF,2,2020-09-24,2020-09-25,2020-10-23,2020,-0.3480003583861919,0.028312241001253728,0.0,True
LSF,5,2020-09-29,2020-09-30,2020-10-28,2020,-0.2540470799440107,-0.015483791445080289,0.0,False
LSF,10,2020-10-06,2020-10-07,2020-11-04,2020,-0.1209895139011051,0.006684447032550119,0.0,True
LSF,15,2020-10-13,2020-10-14,2020-11-11,2020,0.1477465801879554,0.01073673242534713,0.0,True
LSF,20,2020-10-20,2020-10-21,2020-11-18,2020,0.2101568107976676,-0.03568678925108455,0.0,False
LTRN,2,2020-06-12,2020-06-15,2020-07-14,2020,0.2053529531834546,-0.05683255228516928,0.0,False
LU,2,2020-11-02,2020-11-03,2020-12-02,2020,-0.0828001687973217,-0.0811909651750146,0.0,False
LU,5,2020-11-05,2020-11-06,2020-12-07,2020,-0.0289294335637598,-0.04385583178405681,0.0,False
LU,10,2020-11-12,2020-11-13,2020-12-14,2020,0.3142379247322238,-0.04385583178405681,0.0,False
LU,15,2020-11-19,2020-11-20,2020-12-21,2020,0.097087213715874,-0.06075929328439436,0.0,False
LU,20,2020-11-27,2020-11-30,2020-12-29,2020,0.1172608450027143,-0.040922727140450095,0.0,False
LUNG,2,2020-10-02,2020-10-05,2020-11-02,2020,-0.0600775502221495,-0.015483791445080289,0.0,False
LUNG,5,2020-10-07,2020-10-08,2020-11-05,2020,-0.0104096761091583,0.006684447032550119,0.0,True
LUNG,10,2020-10-14,2020-10-15,2020-11-12,2020,-0.1027598154144899,0.01709594105145105,0.0,True
LUNG,15,2020-10-21,2020-10-22,2020-11-19,2020,-0.0727431792472729,-0.03568678925108455,0.0,False
LUNG,20,2020-10-28,2020-10-29,2020-11-27,2020,-0.2908276080593133,0.04939998908253714,0.0,True
MASS,2,2020-12-21,2020-12-22,2021-01-22,2020,-0.2306244446826715,0.03525807610596962,0.0,True
MASS,5,2020-12-24,2020-12-28,2021-01-27,2020,0.2397795897569144,-0.030659410469113028,0.0,False
MAX,2,2020-10-29,2020-10-30,2020-11-30,2020,-0.0307341267452133,-0.08236544052698401,0.0,False
MAX,5,2020-11-03,2020-11-04,2020-12-03,2020,0.0992052001143015,-0.07287094588870895,0.0,False
MAX,10,2020-11-10,2020-11-11,2020-12-10,2020,0.0119951877074624,-0.04385583178405681,0.0,False
MAX,15,2020-11-17,2020-11-18,2020-12-17,2020,0.0659479032014308,-0.03689749686055086,0.0,False
MAX,20,2020-11-24,2020-11-25,2020-12-24,2020,-0.1431142158285953,-0.04269030030414726,0.0,False
MCFE,2,2020-10-23,2020-10-26,2020-11-23,2020,0.2146331576981,-0.03568678925108455,0.0,False
MCFE,5,2020-10-28,2020-10-29,2020-11-27,2020,0.1547641291571412,0.04939998908253714,0.0,True
MCFE,10,2020-11-04,2020-11-05,2020-12-04,2020,0.0804806668519059,-0.04385583178405681,0.0,False
MCFE,15,2020-11-11,2020-11-12,2020-12-11,2020,0.048015172140314,-0.04061974899103528,0.0,False
MCFE,20,2020-11-18,2020-11-19,2020-12-18,2020,-0.0217872978306204,-0.03689749686055086,0.0,False
MNSO,2,2020-10-16,2020-10-19,2020-11-16,2020,0.1721920330650852,0.01073673242534713,0.0,True
MNSO,5,2020-10-21,2020-10-22,2020-11-19,2020,0.1095380541001814,-0.03568678925108455,0.0,False
MNSO,10,2020-10-28,2020-10-29,2020-11-27,2020,0.0824314884961023,0.04939998908253714,0.0,True
MNSO,15,2020-11-04,2020-11-05,2020-12-04,2020,-0.0496933402718533,-0.04385583178405681,0.0,False
MNSO,20,2020-11-11,2020-11-12,2020-12-11,2020,-0.0956973048284621,-0.04061974899103528,0.0,False
MRM,2,2020-12-30,2020-12-31,2021-02-01,2020,0.0752654348864355,-0.033809581901181045,0.0,False
MRVI,2,2020-11-23,2020-11-24,2020-12-23,2020,-0.0340171340172757,-0.06320821450340572,0.0,False
MRVI,5,2020-11-27,2020-11-30,2020-12-29,2020,0.0804637343151235,-0.040922727140450095,0.0,False
MRVI,10,2020-12-04,2020-12-07,2021-01-06,2020,0.0489253174308101,-0.0316391616402276,0.0,False
MRVI,15,2020-12-11,2020-12-14,2021-01-13,2020,-0.0700876724127271,-0.005262916904550638,0.0,False
MRVI,20,2020-12-18,2020-12-21,2021-01-21,2020,-0.0387377178345118,0.03525807610596962,0.0,True
NBTX,2,2020-12-14,2020-12-15,2021-01-14,2020,-0.1066801577398224,0.02708903357299736,0.0,True
NCNO,2,2020-07-15,2020-07-16,2020-08-13,2020,-0.1615289224188927,-0.02372365586866522,0.0,False
NCNO,5,2020-07-20,2020-07-21,2020-08-18,2020,-0.0413465603618358,-0.054698017632840025,0.0,False
NCNO,10,2020-07-27,2020-07-28,2020-08-25,2020,-0.1710426165676823,0.08699868514721978,0.0,True
NCNO,15,2020-08-03,2020-08-04,2020-09-01,2020,-0.2637786530480319,-0.028242042128663103,0.0,False
NCNO,20,2020-08-10,2020-08-11,2020-09-09,2020,-0.0561016883413281,0.010582060809786754,0.0,True
NKTX,2,2020-07-13,2020-07-14,2020-08-11,2020,0.4529175469925347,0.06144972591918822,0.0,True
NKTX,5,2020-07-16,2020-07-17,2020-08-14,2020,0.2862199489501441,-0.03640569640990724,0.0,False
NKTX,10,2020-07-23,2020-07-24,2020-08-21,2020,0.2294369524304145,-0.03640569640990724,0.0,False
NNOX,2,2020-08-24,2020-08-25,2020-09-23,2020,-0.1569109050708071,-0.0985921814364264,0.0,False
NNOX,5,2020-08-27,2020-08-28,2020-09-28,2020,-0.1392900410563891,-0.031092347748996826,0.0,False
NNOX,10,2020-09-03,2020-09-04,2020-10-05,2020,-0.0856375452782225,-0.025790950822555177,0.0,False
NNOX,15,2020-09-11,2020-09-14,2020-10-12,2020,0.4936600043644892,-0.05981580121085701,0.0,False
NNOX,20,2020-09-18,2020-09-21,2020-10-19,2020,-0.0122890766778769,0.03470014932974141,0.0,True
NREF,2,2020-02-10,2020-02-11,2020-03-11,2020,-0.1805997278543232,0.040161970633579853,0.0,True
NRIX,2,2020-07-27,2020-07-28,2020-08-25,2020,-0.1074305407250705,0.08699868514721978,0.0,True
NRIX,5,2020-07-30,2020-07-31,2020-08-28,2020,-0.1934400437417272,0.09612846553774036,0.0,True
NTST,2,2020-08-14,2020-08-17,2020-09-15,2020,-0.0464669641911019,0.09819358963445239,0.0,True
NTST,5,2020-08-19,2020-08-20,2020-09-18,2020,-0.0302434504193126,0.08164603678047433,0.0,True
NTST,10,2020-08-26,2020-08-27,2020-09-25,2020,-0.0901384330392874,-0.031092347748996826,0.0,False
NTST,20,2020-09-10,2020-09-11,2020-10-09,2020,-0.0865936796854631,-0.04851314923209506,0.0,False
OLMA,2,2020-11-20,2020-11-23,2020-12-22,2020,0.0489068143252251,-0.055044807420104556,0.0,False
OLMA,5,2020-11-25,2020-11-27,2020-12-28,2020,0.0065397487946724,-0.06256349174159162,0.0,False
OLMA,10,2020-12-03,2020-12-04,2021-01-05,2020,0.1622254786923797,-0.047092763076045596,0.0,False
OLMA,15,2020-12-10,2020-12-11,2021-01-12,2020,0.0728042950717393,-0.0316391616402276,0.0,False
OLMA,20,2020-12-17,2020-12-18,2021-01-20,2020,-0.0598049261701656,-0.022490367936140777,0.0,False
ONEW,2,2020-02-10,2020-02-11,2020-03-11,2020,0.0678405326852804,0.040161970633579853,0.0,True
ORIC,2,2020-04-27,2020-04-28,2020-05-27,2020,-0.0012346518219233,-0.05130698411958306,0.0,False
ORIC,5,2020-04-30,2020-05-01,2020-06-01,2020,-0.0712740751879706,-0.04807890798283999,0.0,False
ORIC,10,2020-05-07,2020-05-08,2020-06-08,2020,-0.0591410595271128,0.05032043697348255,0.0,True
ORIC,15,2020-05-14,2020-05-15,2020-06-15,2020,0.0696871459148072,-0.03628087213432856,0.0,False
ORIC,20,2020-05-21,2020-05-22,2020-06-22,2020,-0.1014597013137305,0.010726483600738967,0.0,True
PCVX,2,2020-06-15,2020-06-16,2020-07-15,2020,0.1090997965291609,0.008634775657839298,0.0,True
PCVX,5,2020-06-18,2020-06-19,2020-07-20,2020,0.091960837575742,0.005224274554991692,0.0,True
PCVX,10,2020-06-25,2020-06-26,2020-07-27,2020,0.1290599619725084,0.009297315510493565,0.0,True
PLRX,2,2020-06-04,2020-06-05,2020-07-06,2020,-0.2250081493164041,0.011782761506467619,0.0,True
PLRX,5,2020-06-09,2020-06-10,2020-07-09,2020,-0.2412726874190928,0.005224274554991692,0.0,True
PLRX,10,2020-06-16,2020-06-17,2020-07-16,2020,0.0215471220557647,0.008634775657839298,0.0,True
PLRX,15,2020-06-23,2020-06-24,2020-07-23,2020,0.1343515894975845,0.014055856940618205,0.0,True
PLTR,2,2020-10-01,2020-10-02,2020-10-30,2020,-0.1742856068632221,-0.015483791445080289,0.0,False
PLTR,5,2020-10-06,2020-10-07,2020-11-04,2020,-0.0742628224618397,0.006684447032550119,0.0,True
PLTR,10,2020-10-13,2020-10-14,2020-11-11,2020,-0.6722887573729484,0.01073673242534713,0.0,True
PLTR,15,2020-10-20,2020-10-21,2020-11-18,2020,-0.9462290584029108,-0.03568678925108455,0.0,False
PLTR,20,2020-10-27,2020-10-28,2020-11-25,2020,-1.723109304726602,-0.08533864257553463,0.0,False
PMVP,2,2020-09-28,2020-09-29,2020-10-27,2020,0.0126999665583081,-0.026833118883371414,0.0,False
PMVP,5,2020-10-01,2020-10-02,2020-10-30,2020,-0.1260092712165156,-0.015483791445080289,0.0,False
PMVP,10,2020-10-08,2020-10-09,2020-11-06,2020,-0.079910404757198,0.01073673242534713,0.0,True
PMVP,15,2020-10-15,2020-10-16,2020-11-13,2020,0.0827604686407501,0.01073673242534713,0.0,True
PMVP,20,2020-10-22,2020-10-23,2020-11-20,2020,0.0649562523100114,-0.03568678925108455,0.0,False
PPD,2,2020-02-07,2020-02-10,2020-03-10,2020,-0.079493721239599,-0.12569675704265754,0.0,False
PPD,5,2020-02-12,2020-02-13,2020-03-13,2020,-0.0380032122388272,-0.11873842211915159,0.0,False
PPD,10,2020-02-20,2020-02-21,2020-03-20,2020,0.0289746597244789,-0.04051802402198163,0.0,False
PPD,15,2020-02-27,2020-02-28,2020-03-27,2020,0.2696977401457713,-0.10864178542474671,0.0,False
PPD,20,2020-03-05,2020-03-06,2020-04-03,2020,0.3018955568142655,-0.1038473554097694,0.0,False
PRLD,2,2020-09-28,2020-09-29,2020-10-27,2020,-0.3641220947322638,-0.026833118883371414,0.0,False
PRLD,5,2020-10-01,2020-10-02,2020-10-30,2020,-0.1258929179041716,-0.015483791445080289,0.0,False
PRLD,10,2020-10-08,2020-10-09,2020-11-06,2020,-0.0287144662768795,0.01073673242534713,0.0,True
PRLD,15,2020-10-15,2020-10-16,2020-11-13,2020,-0.3811662689132342,0.01073673242534713,0.0,True
PRLD,20,2020-10-22,2020-10-23,2020-11-20,2020,-0.7298258941166748,-0.03568678925108455,0.0,False
PUBM,2,2020-12-10,2020-12-11,2021-01-12,2020,0.0508667903691239,-0.0316391616402276,0.0,False
PUBM,5,2020-12-15,2020-12-16,2021-01-15,2020,-0.2242758740861544,0.02708903357299736,0.0,True
PUBM,10,2020-12-22,2020-12-23,2021-01-25,2020,-0.134376306944849,0.04161728473207356,0.0,True
PUBM,15,2020-12-30,2020-12-31,2021-02-01,2020,-0.6651364712051465,-0.033809581901181045,0.0,False
REYN,2,2020-02-03,2020-02-04,2020-03-04,2020,-0.0815085945530611,-0.07454318764919338,0.0,False
REYN,5,2020-02-06,2020-02-07,2020-03-09,2020,-0.2199755237895981,-0.03355968909847568,0.0,False
REYN,10,2020-02-13,2020-02-14,2020-03-16,2020,-0.2459270253285148,-0.11237921349304764,0.0,False
REYN,15,2020-02-21,2020-02-24,2020-03-23,2020,-0.1909028037375509,-0.04888831177825579,0.0,False
REYN,20,2020-02-28,2020-03-02,2020-03-30,2020,-0.0597032478518389,-0.10982192610871176,0.0,False
RKT,2,2020-08-07,2020-08-10,2020-09-08,2020,0.022808690720806,0.0757106459781393,0.0,True
RKT,5,2020-08-12,2020-08-13,2020-09-11,2020,-0.2344426324645157,0.0647598404152248,0.0,True
RKT,10,2020-08-19,2020-08-20,2020-09-18,2020,-0.0448916246396046,0.08164603678047433,0.0,True
RKT,15,2020-08-26,2020-08-27,2020-09-25,2020,0.1755325232980558,-0.031092347748996826,0.0,False
RKT,20,2020-09-02,2020-09-03,2020-10-02,2020,0.0444103211062488,-0.06645141098281858,0.0,False
RLAY,2,2020-07-17,2020-07-20,2020-08-17,2020,0.2479620045360122,-0.03640569640990724,0.0,False
RLAY,5,2020-07-22,2020-07-23,2020-08-20,2020,0.0811007218661353,-0.03640569640990724,0.0,False
RLAY,10,2020-07-29,2020-07-30,2020-08-27,2020,0.0199146436823958,0.06462750838983305,0.0,True
RLAY,15,2020-08-05,2020-08-06,2020-09-03,2020,0.1091987204690369,0.08740472251498964,0.0,True
RLAY,20,2020-08-12,2020-08-13,2020-09-11,2020,0.0371792963891566,0.0647598404152248,0.0,True
RPRX,2,2020-06-17,2020-06-18,2020-07-17,2020,0.2466184930288676,0.005224274554991692,0.0,True
RPRX,5,2020-06-22,2020-06-23,2020-07-22,2020,0.2239845787986235,0.014055856940618205,0.0,True
RPRX,10,2020-06-29,2020-06-30,2020-07-29,2020,0.1824143616176133,0.008166842625920061,0.0,True
RPRX,15,2020-07-07,2020-07-08,2020-08-05,2020,0.1127475550695507,-0.012618084773613342,0.0,False
RPRX,20,2020-07-14,2020-07-15,2020-08-12,2020,-0.0249245579743658,0.08382090267657491,0.0,True
RVMD,2,2020-02-14,2020-02-18,2020-03-17,2020,-0.1310548063960042,-0.04051802402198163,0.0,False
RVMD,5,2020-02-20,2020-02-21,2020-03-20,2020,-0.2596625422591344,-0.04051802402198163,0.0,False
RVMD,10,2020-02-27,2020-02-28,2020-03-27,2020,0.0798293012700072,-0.10864178542474671,0.0,False
RVMD,15,2020-03-05,2020-03-06,2020-04-03,2020,0.1669243592984734,-0.1038473554097694,0.0,False
RVMD,20,2020-03-12,2020-03-13,2020-04-13,2020,0.0454044181049485,-0.08106959585087418,0.0,False
RXT,2,2020-08-06,2020-08-07,2020-09-04,2020,-0.2422210893691254,0.0858796482487412,0.0,True
RXT,5,2020-08-11,2020-08-12,2020-09-10,2020,-0.2311783906610638,0.04533202523803276,0.0,True
RXT,10,2020-08-18,2020-08-19,2020-09-17,2020,-0.0123380580661303,0.06448568583336581,0.0,True
RXT,15,2020-08-25,2020-08-26,2020-09-24,2020,-0.0401941241480204,-0.06709333866725886,0.0,False
RXT,20,2020-09-01,2020-09-02,2020-10-01,2020,0.0504222993755179,-0.06768823720564157,0.0,False
SDGR,2,2020-02-07,2020-02-10,2020-03-10,2020,-0.3113196827587242,-0.12569675704265754,0.0,False
SDGR,5,2020-02-12,2020-02-13,2020-03-13,2020,-0.653939635091904,-0.11873842211915159,0.0,False
SDGR,10,2020-02-20,2020-02-21,2020-03-20,2020,-0.2491848494106736,-0.04051802402198163,0.0,False
SDGR,15,2020-02-27,2020-02-28,2020-03-27,2020,-0.0767617325738511,-0.10864178542474671,0.0,False
SDGR,20,2020-03-05,2020-03-06,2020-04-03,2020,-0.169871296049418,-0.1038473554097694,0.0,False
SEER,2,2020-12-07,2020-12-08,2021-01-07,2020,-0.0012657742419982,-0.0316391616402276,0.0,False
SEER,5,2020-12-10,2020-12-11,2021-01-12,2020,0.2057360488947979,-0.0316391616402276,0.0,False
SEER,10,2020-12-17,2020-12-18,2021-01-20,2020,-0.224990903499799,-0.022490367936140777,0.0,False
SEER,15,2020-12-24,2020-12-28,2021-01-27,2020,-0.1064945567109186,-0.030659410469113028,0.0,False
SHC,2,2020-11-23,2020-11-24,2020-12-23,2020,0.0463970448390669,-0.06320821450340572,0.0,False
SHC,5,2020-11-27,2020-11-30,2020-12-29,2020,0.0273029633994049,-0.040922727140450095,0.0,False
SHC,10,2020-12-04,2020-12-07,2021-01-06,2020,0.0480836145421083,-0.0316391616402276,0.0,False
SHC,15,2020-12-11,2020-12-14,2021-01-13,2020,0.0201897980793811,-0.005262916904550638,0.0,False
SHC,20,2020-12-18,2020-12-21,2021-01-21,2020,0.0398836894558145,0.03525807610596962,0.0,True
SLQT,2,2020-05-22,2020-05-26,2020-06-23,2020,0.059747531853451,0.013874469449367292,0.0,True
SLQT,5,2020-05-28,2020-05-29,2020-06-26,2020,0.0463140260139912,0.013874469449367292,0.0,True
SLQT,10,2020-06-04,2020-06-05,2020-07-06,2020,0.0079526682189806,0.011782761506467619,0.0,True
SLQT,15,2020-06-11,2020-06-12,2020-07-13,2020,0.0665796399018109,-0.07564667490259051,0.0,False
SLQT,20,2020-06-18,2020-06-19,2020-07-20,2020,0.1242113649596449,0.005224274554991692,0.0,True
SNOW,2,2020-09-17,2020-09-18,2020-10-16,2020,-0.0098590959497827,-0.09392735744498565,0.0,False
SNOW,5,2020-09-22,2020-09-23,2020-10-21,2020,-0.0884130809065281,-0.07472987667449649,0.0,False
SNOW,10,2020-09-29,2020-09-30,2020-10-28,2020,-0.1004460895524218,-0.015483791445080289,0.0,False
SNOW,15,2020-10-06,2020-10-07,2020-11-04,2020,-0.0718181464435156,0.006684447032550119,0.0,True
SNOW,20,2020-10-13,2020-10-14,2020-11-11,2020,0.0420707199245952,0.01073673242534713,0.0,True
STEP,2,2020-09-17,2020-09-18,2020-10-16,2020,-0.0281208759301186,-0.09392735744498565,0.0,False
STEP,5,2020-09-22,2020-09-23,2020-10-21,2020,0.0003936184504939,-0.07472987667449649,0.0,False
STEP,10,2020-09-29,2020-09-30,2020-10-28,2020,-0.0590150641100303,-0.015483791445080289,0.0,False
STEP,15,2020-10-06,2020-10-07,2020-11-04,2020,-0.1012929186577414,0.006684447032550119,0.0,True
STEP,20,2020-10-13,2020-10-14,2020-11-11,2020,-0.1545507887733413,0.01073673242534713,0.0,True
STTK,2,2020-10-12,2020-10-13,2020-11-10,2020,-0.2333207062948911,0.01073673242534713,0.0,True
STTK,5,2020-10-15,2020-10-16,2020-11-13,2020,-0.4919409311454644,0.01073673242534713,0.0,True
TARS,2,2020-10-19,2020-10-20,2020-11-17,2020,-0.0311948798598147,-0.03568678925108455,0.0,False
TLS,2,2020-11-20,2020-11-23,2020-12-22,2020,-0.4565420078389178,-0.055044807420104556,0.0,False
TLS,5,2020-11-25,2020-11-27,2020-12-28,2020,-0.4353923227793721,-0.06256349174159162,0.0,False
TLS,10,2020-12-03,2020-12-04,2021-01-05,2020,-0.4236813613282314,-0.047092763076045596,0.0,False
TLS,15,2020-12-10,2020-12-11,2021-01-12,2020,-0.6059625892534006,-0.0316391616402276,0.0,False
TLS,20,2020-12-17,2020-12-18,2021-01-20,2020,-0.5884473455015669,-0.022490367936140777,0.0,False
TSHA,2,2020-09-25,2020-09-28,2020-10-26,2020,0.1502835365198708,-0.015483791445080289,0.0,False
TSHA,5,2020-09-30,2020-10-01,2020-10-29,2020,0.0521207676001872,-0.023685133034743094,0.0,False
TSHA,10,2020-10-07,2020-10-08,2020-11-05,2020,-0.0212094136507646,0.006684447032550119,0.0,True
TSHA,15,2020-10-14,2020-10-15,2020-11-12,2020,0.0293428520811358,0.01709594105145105,0.0,True
U,2,2020-09-21,2020-09-22,2020-10-20,2020,-0.1042759335304179,-0.04221583397782799,0.0,False
U,5,2020-09-24,2020-09-25,2020-10-23,2020,-0.0719677782728138,0.028312241001253728,0.0,True
U,10,2020-10-01,2020-10-02,2020-10-30,2020,-0.2211954256929215,-0.015483791445080289,0.0,False
U,15,2020-10-08,2020-10-09,2020-11-06,2020,-0.2887513443332146,0.01073673242534713,0.0,True
U,20,2020-10-15,2020-10-16,2020-11-13,2020,-0.2425463187415191,0.01073673242534713,0.0,True
UCL,2,2020-06-11,2020-06-12,2020-07-13,2020,0.197440240926495,-0.07564667490259051,0.0,False
UPST,2,2020-12-17,2020-12-18,2021-01-20,2020,-0.4389235824675276,-0.022490367936140777,0.0,False
UPST,5,2020-12-22,2020-12-23,2021-01-25,2020,-0.3862868594542285,0.04161728473207356,0.0,True
UPST,10,2020-12-30,2020-12-31,2021-02-01,2020,-0.8656777280557673,-0.033809581901181045,0.0,False
VEL,2,2020-01-21,2020-01-22,2020-02-20,2020,-0.0432157184366572,-0.006710847788884904,0.0,False
VERX,2,2020-07-30,2020-07-31,2020-08-28,2020,-0.0936238421070196,0.09612846553774036,0.0,True
VERX,5,2020-08-04,2020-08-05,2020-09-02,2020,0.1157548807077908,0.0847739417250469,0.0,True
VERX,10,2020-08-11,2020-08-12,2020-09-10,2020,-0.0157096879793487,0.04533202523803276,0.0,True
VERX,15,2020-08-18,2020-08-19,2020-09-17,2020,0.0552932831562625,0.06448568583336581,0.0,True
VERX,20,2020-08-25,2020-08-26,2020-09-24,2020,0.0946022907382332,-0.06709333866725886,0.0,False
VITL,2,2020-08-03,2020-08-04,2020-09-01,2020,0.0188133283919367,-0.028242042128663103,0.0,False
VITL,5,2020-08-06,2020-08-07,2020-09-04,2020,0.111857726327397,0.0858796482487412,0.0,True
VITL,10,2020-08-13,2020-08-14,2020-09-14,2020,-0.0400023851659496,0.0757106459781393,0.0,True
VITL,15,2020-08-20,2020-08-21,2020-09-21,2020,-0.1365359771563857,0.02774241175689532,0.0,True
VITL,20,2020-08-27,2020-08-28,2020-09-28,2020,-0.1746714348953631,-0.031092347748996826,0.0,False
WMG,2,2020-06-04,2020-06-05,2020-07-06,2020,-0.0085993697238839,0.011782761506467619,0.0,True
WMG,5,2020-06-09,2020-06-10,2020-07-09,2020,0.0029930871131658,0.005224274554991692,0.0,True
WMG,10,2020-06-16,2020-06-17,2020-07-16,2020,0.0682542438699336,0.008634775657839298,0.0,True
WMG,15,2020-06-23,2020-06-24,2020-07-23,2020,0.079774340615287,0.014055856940618205,0.0,True
WMG,20,2020-06-30,2020-07-01,2020-07-30,2020,-0.0017643401228947,0.008166842625920061,0.0,True
XP,15,2020-01-02,2020-01-03,2020-02-03,2020,-0.0783310598029673,0.10221662322514989,0.0,True
XP,20,2020-01-09,2020-01-10,2020-02-10,2020,-0.0026604217258455,-0.00569466965234966,0.0,False
XPEV,2,2020-08-28,2020-08-31,2020-09-29,2020,0.0687243438425812,0.01793511663806435,0.0,True
XPEV,5,2020-09-02,2020-09-03,2020-10-02,2020,0.0099554729981678,-0.06645141098281858,0.0,False
XPEV,10,2020-09-10,2020-09-11,2020-10-09,2020,-0.0072538031777992,-0.04851314923209506,0.0,False
XPEV,15,2020-09-17,2020-09-18,2020-10-16,2020,-0.0888272824688065,-0.09392735744498565,0.0,False
XPEV,20,2020-09-24,2020-09-25,2020-10-23,2020,-0.0268430721022767,0.028312241001253728,0.0,True
YALA,2,2020-10-01,2020-10-02,2020-10-30,2020,-0.3651877318280437,-0.015483791445080289,0.0,False
YALA,5,2020-10-06,2020-10-07,2020-11-04,2020,-0.1307458830506774,0.006684447032550119,0.0,True
YALA,10,2020-10-13,2020-10-14,2020-11-11,2020,-0.1194288004266914,0.01073673242534713,0.0,True
YALA,15,2020-10-20,2020-10-21,2020-11-18,2020,-0.0792767068446802,-0.03568678925108455,0.0,False
YALA,20,2020-10-27,2020-10-28,2020-11-25,2020,-0.1769377549976884,-0.08533864257553463,0.0,False
ZNTL,2,2020-04-06,2020-04-07,2020-05-06,2020,-0.3119005486673954,-0.08106959585087418,0.0,False
ZNTL,5,2020-04-09,2020-04-13,2020-05-11,2020,-0.3615785287155604,-0.02192515946024529,0.0,False
ZNTL,10,2020-04-17,2020-04-20,2020-05-18,2020,-0.5851043728559769,-0.02192515946024529,0.0,False
ZNTL,15,2020-04-24,2020-04-27,2020-05-26,2020,-0.2862728075738612,-0.02192515946024529,0.0,False
ZNTL,20,2020-05-01,2020-05-04,2020-06-02,2020,-0.6415389561904528,-0.04807890798283999,0.0,False
ABCL,15,2021-01-04,2021-01-05,2021-02-03,2021,-0.2674147682013933,-0.012474905242614905,0.0,False
ABCL,20,2021-01-11,2021-01-12,2021-02-10,2021,-0.2659790730086944,-0.0020238835600848554,0.0,False
ABNB,15,2020-12-31,2021-01-04,2021-02-02,2021,-0.2118354606271519,-0.024957009633877487,0.0,False
ABNB,20,2021-01-08,2021-01-11,2021-02-09,2021,-0.3585608865147581,0.006179917526470112,0.0,True
ABOS,2,2021-07-02,2021-07-06,2021-08-03,2021,0.2236134664422097,-0.1260554528399082,0.0,False
ABSI,2,2021-07-23,2021-07-26,2021-08-23,2021,0.0298569898122818,-0.05914715209836793,0.0,False
ABSI,5,2021-07-28,2021-07-29,2021-08-26,2021,0.1307745541720637,-0.0425356402914557,0.0,False
ABSI,10,2021-08-04,2021-08-05,2021-09-02,2021,0.2348448817996122,-0.028149938278583694,0.0,False
ABSI,15,2021-08-11,2021-08-12,2021-09-10,2021,0.4028541320615403,-0.09482695634466386,0.0,False
ABSI,20,2021-08-18,2021-08-19,2021-09-17,2021,0.420568337732798,-0.05873876547457325,0.0,False
ACT,2,2021-09-17,2021-09-20,2021-10-18,2021,-0.1091090951636687,-0.049096451094105535,0.0,False
ACT,5,2021-09-22,2021-09-23,2021-10-21,2021,-0.0609212218098156,-0.013670215252638914,0.0,False
ACT,10,2021-09-29,2021-09-30,2021-10-28,2021,-0.0112797321518136,0.007710017139931732,0.0,True
ACVA,2,2021-03-25,2021-03-26,2021-04-26,2021,-0.0423836616172654,-0.026779391723321777,0.0,False
ACVA,5,2021-03-30,2021-03-31,2021-04-29,2021,0.0156995332149187,-0.0033819558983489498,0.0,False
ACVA,10,2021-04-07,2021-04-08,2021-05-06,2021,-0.0665812489577112,-0.02721317374791133,0.0,False
ACVA,15,2021-04-14,2021-04-15,2021-05-13,2021,0.1288727248045446,-0.0022857631012108384,0.0,False
ACVA,20,2021-04-21,2021-04-22,2021-05-20,2021,0.1789010570143735,-0.019604537313328382,0.0,False
ADAG,2,2021-02-10,2021-02-11,2021-03-12,2021,0.1273341211013479,-0.010375613559731456,0.0,False
ADAG,5,2021-02-16,2021-02-17,2021-03-17,2021,0.1349691720363468,-0.02070951955707465,0.0,False
ADAG,10,2021-02-23,2021-02-24,2021-03-24,2021,0.2676469255865124,-0.0754071631106247,0.0,False
AFCG,2,2021-03-22,2021-03-23,2021-04-21,2021,0.0891806421738809,-0.02100907760134828,0.0,False
AFCG,5,2021-03-25,2021-03-26,2021-04-26,2021,-0.0260489101727224,-0.026779391723321777,0.0,False
AFRM,2,2021-01-14,2021-01-15,2021-02-16,2021,0.0648847726970712,-0.022583498015869813,0.0,False
AFRM,5,2021-01-20,2021-01-21,2021-02-19,2021,0.0002915156344808,-0.0388322189834086,0.0,False
AFRM,10,2021-01-27,2021-01-28,2021-02-26,2021,0.0976890072721144,-0.0361151475322193,0.0,False
AFRM,15,2021-02-03,2021-02-04,2021-03-05,2021,0.2345223135048598,-0.012549129700352962,0.0,False
AFRM,20,2021-02-10,2021-02-11,2021-03-12,2021,0.4132951215036182,-0.010375613559731456,0.0,False
AI,20,2021-01-07,2021-01-08,2021-02-08,2021,-0.1127662807070301,-0.025393641371052128,0.0,False
AIP,2,2021-10-28,2021-10-29,2021-11-29,2021,-0.4072005081690593,-0.040146719378651066,0.0,False
AIP,5,2021-11-02,2021-11-03,2021-12-02,2021,-0.1620794419410334,-0.02144755307728121,0.0,False
AIRS,2,2021-11-01,2021-11-02,2021-12-01,2021,0.2415809670845186,-0.07079438530910952,0.0,False
AIRS,5,2021-11-04,2021-11-05,2021-12-06,2021,0.16804120016619,-0.01933044099517471,0.0,False
AIRS,15,2021-11-18,2021-11-19,2021-12-20,2021,0.1444532585838437,-0.08405033763139058,0.0,False
ALHC,2,2021-03-29,2021-03-30,2021-04-28,2021,-0.3784578449442729,-0.011420813727750488,0.0,False
ALHC,5,2021-04-01,2021-04-05,2021-05-03,2021,-0.0811857097581609,-0.08846885775084957,0.0,False
ALHC,10,2021-04-09,2021-04-12,2021-05-10,2021,0.0891177475708032,-0.09101373674371083,0.0,False
ALHC,15,2021-04-16,2021-04-19,2021-05-17,2021,0.1044799700397987,-0.024154978167272925,0.0,False
ALHC,20,2021-04-23,2021-04-26,2021-05-24,2021,0.0484249504399885,-0.08942161133060797,0.0,False
ALKT,2,2021-04-15,2021-04-16,2021-05-14,2021,0.2715089879322308,-0.01782161942794383,0.0,False
ALKT,5,2021-04-20,2021-04-21,2021-05-19,2021,0.3055540860972459,-0.017197226837376248,0.0,False
ALKT,10,2021-04-27,2021-04-28,2021-05-26,2021,0.2467415504731659,-0.1210534783158311,0.0,False
ALKT,15,2021-05-04,2021-05-05,2021-06-03,2021,0.2016119896960391,-0.048242735118169504,0.0,False
ALKT,20,2021-05-11,2021-05-12,2021-06-10,2021,0.0818134402684077,-0.02167005599279537,0.0,False
AMPL,2,2021-09-29,2021-09-30,2021-10-28,2021,-0.3274756041009292,0.007710017139931732,0.0,True
AMPL,5,2021-10-04,2021-10-05,2021-11-02,2021,-0.3952468746356069,0.012316764462460666,0.0,True
AMPL,10,2021-10-11,2021-10-12,2021-11-09,2021,-0.6543137729286103,0.0147836463971839,0.0,True
AMPL,15,2021-10-18,2021-10-19,2021-11-16,2021,-0.1461641250638999,0.0035176881065984798,0.0,True
AMPL,20,2021-10-25,2021-10-26,2021-11-23,2021,0.0014712980520204,-0.06501407169609065,0.0,False
AOMR,2,2021-06-18,2021-06-21,2021-07-20,2021,0.073290749491655,-0.11864278597539918,0.0,False
AOMR,5,2021-06-23,2021-06-24,2021-07-23,2021,0.0520958543538476,-0.028506150027149808,0.0,False
APP,2,2021-04-16,2021-04-19,2021-05-17,2021,-0.0731479462801219,-0.024154978167272925,0.0,False
APP,5,2021-04-21,2021-04-22,2021-05-20,2021,-0.1276791438250727,-0.019604537313328382,0.0,False
APP,10,2021-04-28,2021-04-29,2021-05-27,2021,-0.2164097820094244,-0.12214616542277901,0.0,False
APP,15,2021-05-05,2021-05-06,2021-06-04,2021,-0.3075950428796002,-0.048242735118169504,0.0,False
APP,20,2021-05-12,2021-05-13,2021-06-11,2021,-0.5939032129854563,-0.04379178302455319,0.0,False
ARHS,2,2021-11-05,2021-11-08,2021-12-07,2021,0.2397334439435258,-0.09153818866837601,0.0,False
ARHS,5,2021-11-10,2021-11-11,2021-12-10,2021,-0.0527868761361564,-0.0356887124365825,0.0,False
ARHS,10,2021-11-17,2021-11-18,2021-12-17,2021,0.0007720729018571,-0.09064779955264908,0.0,False
ATAI,2,2021-06-21,2021-06-22,2021-07-21,2021,0.1722846509847026,-0.1160511267668016,0.0,False
ATAI,5,2021-06-24,2021-06-25,2021-07-26,2021,0.1039472558775924,-0.09248438826602091,0.0,False
ATAI,10,2021-07-01,2021-07-02,2021-08-02,2021,0.1265780108138858,-0.1260554528399082,0.0,False
ATAI,15,2021-07-09,2021-07-12,2021-08-09,2021,0.22397658202826,-0.12364365350528311,0.0,False
ATAI,20,2021-07-16,2021-07-19,2021-08-16,2021,0.1417833066171189,-0.10719200652277791,0.0,False
AURA,2,2021-11-01,2021-11-02,2021-12-01,2021,-0.2720031159756979,-0.07079438530910952,0.0,False
AURA,5,2021-11-04,2021-11-05,2021-12-06,2021,0.0969231903564558,-0.01933044099517471,0.0,False
AVAH,2,2021-04-30,2021-05-03,2021-06-01,2021,-0.0354696117309768,-0.04363784158676585,0.0,False
AVAH,5,2021-05-05,2021-05-06,2021-06-04,2021,-0.0591278366270822,-0.048242735118169504,0.0,False
AVAH,10,2021-05-12,2021-05-13,2021-06-11,2021,-0.1634162227294488,-0.04379178302455319,0.0,False
AVAH,15,2021-05-19,2021-05-20,2021-06-18,2021,-0.1659784387534904,-0.06149596779105164,0.0,False
AVAH,20,2021-05-26,2021-05-27,2021-06-25,2021,-0.1107330074083914,-0.03059546049137047,0.0,False
BLND,2,2021-07-19,2021-07-20,2021-08-17,2021,-0.0065276806466979,-0.05258484171784373,0.0,False
BLND,5,2021-07-22,2021-07-23,2021-08-20,2021,-0.0578340575393848,-0.05247801929593978,0.0,False
BLND,10,2021-07-29,2021-07-30,2021-08-27,2021,0.1309146302054978,-0.05823580360624215,0.0,False
BLND,15,2021-08-05,2021-08-06,2021-09-03,2021,0.0770091494812328,-0.02030500203106719,0.0,False
BLND,20,2021-08-12,2021-08-13,2021-09-13,2021,0.0989035584739545,-0.0248988085647384,0.0,False
BLZE,2,2021-11-12,2021-11-15,2021-12-14,2021,0.1783965490512851,-0.037374182074941406,0.0,False
BLZE,5,2021-11-17,2021-11-18,2021-12-17,2021,0.3292956068564246,-0.09064779955264908,0.0,False
BLZE,10,2021-11-24,2021-11-26,2021-12-27,2021,0.2689742151222051,-0.08405033763139058,0.0,False
BLZE,15,2021-12-02,2021-12-03,2022-01-03,2021,0.2734686510988293,-0.021573667059558013,0.0,False
BLZE,20,2021-12-09,2021-12-10,2022-01-10,2021,0.37852657246251,-0.02176160949414073,0.0,False
BMBL,2,2021-02-12,2021-02-16,2021-03-16,2021,0.058082629593536,-0.026513257417438024,0.0,False
BMBL,5,2021-02-18,2021-02-19,2021-03-19,2021,0.0535699295412794,-0.03836343039368478,0.0,False
BMBL,10,2021-02-25,2021-02-26,2021-03-26,2021,0.0452533629083728,-0.08081150638154884,0.0,False
BMBL,15,2021-03-04,2021-03-05,2021-04-05,2021,0.1152079229192614,-0.05659017762782357,0.0,False
BMBL,20,2021-03-11,2021-03-12,2021-04-12,2021,0.2552532650331251,-0.05586219715739499,0.0,False
BMEA,2,2021-04-19,2021-04-20,2021-05-18,2021,-0.0286037283414586,-0.01602375485499478,0.0,False
BRLT,2,2021-09-24,2021-09-27,2021-10-25,2021,0.2407225648300451,-0.027169513429786237,0.0,False
BRLT,5,2021-09-29,2021-09-30,2021-10-28,2021,0.1052505540588307,0.007710017139931732,0.0,True
BRLT,10,2021-10-06,2021-10-07,2021-11-04,2021,-0.0568960667109638,0.009838175628573566,0.0,True
BRLT,15,2021-10-13,2021-10-14,2021-11-11,2021,-0.1950547365997658,-0.0012458773927901661,0.0,False
BRLT,20,2021-10-20,2021-10-21,2021-11-18,2021,-0.2761872041935982,-0.022568505233500038,0.0,False
BROS,2,2021-09-16,2021-09-17,2021-10-15,2021,-0.1167950600686123,-0.046809955253323925,0.0,False
BROS,5,2021-09-21,2021-09-22,2021-10-20,2021,-0.0602782226307876,-0.004978213464601724,0.0,False
BROS,10,2021-09-28,2021-09-29,2021-10-27,2021,-0.4795388734090623,0.004838001928829953,0.0,True
BROS,15,2021-10-05,2021-10-06,2021-11-03,2021,-0.5986581980133282,0.010922028754498653,0.0,True
BROS,20,2021-10-12,2021-10-13,2021-11-10,2021,-0.2994913526080664,-0.02453560069779466,0.0,False
BRZE,2,2021-11-18,2021-11-19,2021-12-20,2021,0.1697971709423059,-0.08405033763139058,0.0,False
BRZE,5,2021-11-23,2021-11-24,2021-12-23,2021,-0.046046547704644,-0.07005331909693463,0.0,False
BRZE,10,2021-12-01,2021-12-02,2021-12-31,2021,-0.0432288131867169,-0.04138823559390797,0.0,False
BRZE,15,2021-12-08,2021-12-09,2022-01-07,2021,0.0420334844848251,-0.04576551560778681,0.0,False
BRZE,20,2021-12-15,2021-12-16,2022-01-14,2021,-0.0544334122620467,-0.02373534207737435,0.0,False
BVS,2,2021-02-12,2021-02-16,2021-03-16,2021,0.1687112684074995,-0.026513257417438024,0.0,False
BVS,5,2021-02-18,2021-02-19,2021-03-19,2021,-0.0897006307559831,-0.03836343039368478,0.0,False
BVS,10,2021-02-25,2021-02-26,2021-03-26,2021,-0.1278708814523132,-0.08081150638154884,0.0,False
BWMN,2,2021-05-10,2021-05-11,2021-06-09,2021,0.0982699150194867,-0.026263862526466578,0.0,False
BZ,2,2021-06-14,2021-06-15,2021-07-14,2021,0.1286500006318987,-0.11638187713567769,0.0,False
BZ,5,2021-06-17,2021-06-18,2021-07-19,2021,0.0835734491793549,-0.07367503641910389,0.0,False
BZ,10,2021-06-24,2021-06-25,2021-07-26,2021,0.2717028841128703,-0.09248438826602091,0.0,False
BZ,15,2021-07-01,2021-07-02,2021-08-02,2021,0.0417335982282677,-0.1260554528399082,0.0,False
BZ,20,2021-07-09,2021-07-12,2021-08-09,2021,0.0096734195861684,-0.12364365350528311,0.0,False
CADL,2,2021-07-28,2021-07-29,2021-08-26,2021,-0.1554455506442358,-0.0425356402914557,0.0,False
CDRE,2,2021-11-05,2021-11-08,2021-12-07,2021,-0.321030863761056,-0.09153818866837601,0.0,False
CERT,15,2021-01-04,2021-01-05,2021-02-03,2021,-0.0203169958041091,-0.012474905242614905,0.0,False
CERT,20,2021-01-11,2021-01-12,2021-02-10,2021,-0.0459448102287315,-0.0020238835600848554,0.0,False
CGEM,2,2021-01-11,2021-01-12,2021-02-10,2021,-0.363126736935403,-0.0020238835600848554,0.0,False
CGEM,5,2021-01-14,2021-01-15,2021-02-16,2021,-0.1026856310142572,-0.022583498015869813,0.0,False
CGEM,10,2021-01-22,2021-01-25,2021-02-23,2021,-0.097128581710578,-0.0388322189834086,0.0,False
CGEM,15,2021-01-29,2021-02-01,2021-03-02,2021,-0.2608734855564045,-0.07973187708441415,0.0,False
CGEM,20,2021-02-05,2021-02-08,2021-03-09,2021,-0.430299899422267,-0.024955785599734985,0.0,False
CGTX,2,2021-10-11,2021-10-12,2021-11-09,2021,0.0234485846496077,0.0147836463971839,0.0,True
CINT,2,2021-11-11,2021-11-12,2021-12-13,2021,0.2092573084322863,-0.06628871353403368,0.0,False
CINT,5,2021-11-16,2021-11-17,2021-12-16,2021,0.2800060206653046,-0.09064779955264908,0.0,False
CINT,10,2021-11-23,2021-11-24,2021-12-23,2021,0.0408450973754926,-0.07005331909693463,0.0,False
CINT,15,2021-12-01,2021-12-02,2021-12-31,2021,-0.0625009606234666,-0.04138823559390797,0.0,False
CLST,2,2021-10-14,2021-10-15,2021-11-12,2021,0.0549202539508056,-0.00171138290611764,0.0,False
CMTG,2,2021-11-04,2021-11-05,2021-12-06,2021,-0.1029914960094151,-0.01933044099517471,0.0,False
CMTG,5,2021-11-09,2021-11-10,2021-12-09,2021,-0.0191306215918169,-0.1108934876830057,0.0,False
CNM,2,2021-07-26,2021-07-27,2021-08-24,2021,-0.2554163628389092,-0.11555701178679305,0.0,False
CNM,5,2021-07-29,2021-07-30,2021-08-27,2021,-0.0351949604181954,-0.05823580360624215,0.0,False
CNM,10,2021-08-05,2021-08-06,2021-09-03,2021,-0.0983899434788386,-0.02030500203106719,0.0,False
CNM,15,2021-08-12,2021-08-13,2021-09-13,2021,-0.0196879831236121,-0.0248988085647384,0.0,False
CNM,20,2021-08-19,2021-08-20,2021-09-20,2021,0.0265780753561753,-0.044836222670090305,0.0,False
CNTB,2,2021-03-22,2021-03-23,2021-04-21,2021,0.1062117898478335,-0.02100907760134828,0.0,False
CNTB,5,2021-03-25,2021-03-26,2021-04-26,2021,0.0268808390249287,-0.026779391723321777,0.0,False
CNTB,10,2021-04-01,2021-04-05,2021-05-03,2021,0.1035259314170641,-0.08846885775084957,0.0,False
CNTX,2,2021-10-21,2021-10-22,2021-11-19,2021,0.2078797216749036,-0.024920636390643035,0.0,False
CNTX,5,2021-10-26,2021-10-27,2021-11-24,2021,0.3042838909498629,-0.04690986841483758,0.0,False
CNTX,10,2021-11-02,2021-11-03,2021-12-02,2021,-0.0124523086567527,-0.02144755307728121,0.0,False
CNTX,15,2021-11-09,2021-11-10,2021-12-09,2021,-0.1736960182324226,-0.1108934876830057,0.0,False
COCO,2,2021-10-22,2021-10-25,2021-11-22,2021,-0.0539915601504774,-0.0720192242238131,0.0,False
COCO,5,2021-10-27,2021-10-28,2021-11-26,2021,-0.1416444294657719,-0.06749031280708151,0.0,False
COCO,10,2021-11-03,2021-11-04,2021-12-03,2021,0.1429472445397284,-0.01933044099517471,0.0,False
COCO,15,2021-11-10,2021-11-11,2021-12-10,2021,0.2228612756578556,-0.0356887124365825,0.0,False
COCO,20,2021-11-17,2021-11-18,2021-12-17,2021,0.4131738839073072,-0.09064779955264908,0.0,False
COIN,2,2021-04-15,2021-04-16,2021-05-14,2021,0.1809543538953984,-0.01782161942794383,0.0,False
COIN,5,2021-04-20,2021-04-21,2021-05-19,2021,0.2506941745253304,-0.017197226837376248,0.0,False
COIN,10,2021-04-27,2021-04-28,2021-05-26,2021,0.1749005057118353,-0.1210534783158311,0.0,False
COIN,15,2021-05-04,2021-05-05,2021-06-03,2021,0.1577521788638147,-0.048242735118169504,0.0,False
COIN,20,2021-05-11,2021-05-12,2021-06-10,2021,0.2496423988889463,-0.02167005599279537,0.0,False
COMP,2,2021-04-05,2021-04-06,2021-05-04,2021,0.0694386095449611,-0.023641655570160954,0.0,False
COMP,5,2021-04-08,2021-04-09,2021-05-07,2021,0.0087431108515908,-0.02721317374791133,0.0,False
COMP,10,2021-04-15,2021-04-16,2021-05-14,2021,0.1935352052558093,-0.01782161942794383,0.0,False
COMP,15,2021-04-22,2021-04-23,2021-05-21,2021,0.1780260445096751,-0.040886831236141244,0.0,False
COMP,20,2021-04-29,2021-04-30,2021-05-28,2021,0.2591131257738498,-0.0412486123608076,0.0,False
COUR,2,2021-04-01,2021-04-05,2021-05-03,2021,0.0849042684526529,-0.08846885775084957,0.0,False
COUR,5,2021-04-07,2021-04-08,2021-05-06,2021,0.3437593777568873,-0.02721317374791133,0.0,False
COUR,10,2021-04-14,2021-04-15,2021-05-13,2021,0.275026540119475,-0.0022857631012108384,0.0,False
COUR,15,2021-04-21,2021-04-22,2021-05-20,2021,0.0702760381993886,-0.019604537313328382,0.0,False
COUR,20,2021-04-28,2021-04-29,2021-05-27,2021,0.1346800882123798,-0.12214616542277901,0.0,False
CPNG,2,2021-03-12,2021-03-15,2021-04-13,2021,0.1024889162806131,-0.08448629347674727,0.0,False
CPNG,5,2021-03-17,2021-03-18,2021-04-16,2021,0.0006994112845496,-0.10292624604838675,0.0,False
CPNG,10,2021-03-24,2021-03-25,2021-04-23,2021,0.0323591942941288,-0.023025264754462933,0.0,False
CPNG,15,2021-03-31,2021-04-01,2021-04-30,2021,0.1549555234005366,-0.09124021895193604,0.0,False
CPNG,20,2021-04-08,2021-04-09,2021-05-07,2021,0.1294640147225982,-0.02721317374791133,0.0,False
CRBU,2,2021-07-26,2021-07-27,2021-08-24,2021,-0.6204969780217138,-0.11555701178679305,0.0,False
CRBU,5,2021-07-29,2021-07-30,2021-08-27,2021,-0.7325898925788505,-0.05823580360624215,0.0,False
CRBU,10,2021-08-05,2021-08-06,2021-09-03,2021,-0.315619992107824,-0.02030500203106719,0.0,False
CRBU,15,2021-08-12,2021-08-13,2021-09-13,2021,-0.232275922998303,-0.0248988085647384,0.0,False
CRBU,20,2021-08-19,2021-08-20,2021-09-20,2021,0.0574728639757028,-0.044836222670090305,0.0,False
CRCT,2,2021-03-29,2021-03-30,2021-04-28,2021,-0.3577932500750352,-0.011420813727750488,0.0,False
CRCT,5,2021-04-01,2021-04-05,2021-05-03,2021,-0.2368978973659889,-0.08846885775084957,0.0,False
CRCT,10,2021-04-09,2021-04-12,2021-05-10,2021,-0.0336221501050203,-0.09101373674371083,0.0,False
CRCT,20,2021-04-23,2021-04-26,2021-05-24,2021,-0.2588542406332825,-0.08942161133060797,0.0,False
CTKB,2,2021-07-26,2021-07-27,2021-08-24,2021,-0.3045029954516973,-0.11555701178679305,0.0,False
CTKB,5,2021-07-29,2021-07-30,2021-08-27,2021,0.0548769204505283,-0.05823580360624215,0.0,False
CTKB,10,2021-08-05,2021-08-06,2021-09-03,2021,0.0306503966660389,-0.02030500203106719,0.0,False
CTKB,15,2021-08-12,2021-08-13,2021-09-13,2021,-0.1428272764742502,-0.0248988085647384,0.0,False
CTKB,20,2021-08-19,2021-08-20,2021-09-20,2021,-0.2447290963590097,-0.044836222670090305,0.0,False
CURV,2,2021-07-02,2021-07-06,2021-08-03,2021,0.0801734278901959,-0.1260554528399082,0.0,False
CURV,5,2021-07-08,2021-07-09,2021-08-06,2021,-0.0974499615831417,-0.05768364516187834,0.0,False
CURV,10,2021-07-15,2021-07-16,2021-08-13,2021,-0.3159580439898419,-0.11308566881253948,0.0,False
CURV,15,2021-07-22,2021-07-23,2021-08-20,2021,-0.3233825949115046,-0.05247801929593978,0.0,False
CURV,20,2021-07-29,2021-07-30,2021-08-27,2021,-0.0453830688731241,-0.05823580360624215,0.0,False
CVRX,2,2021-07-01,2021-07-02,2021-08-02,2021,0.1417874755642146,-0.1260554528399082,0.0,False
CVRX,5,2021-07-07,2021-07-08,2021-08-05,2021,-0.0425251585171132,-0.12006528145583194,0.0,False
CXM,2,2021-06-24,2021-06-25,2021-07-26,2021,0.0062110416078976,-0.09248438826602091,0.0,False
CXM,5,2021-06-29,2021-06-30,2021-07-29,2021,0.2042170886981591,-0.12491725557790115,0.0,False
CXM,10,2021-07-07,2021-07-08,2021-08-05,2021,0.022102466669634,-0.12006528145583194,0.0,False
CXM,15,2021-07-14,2021-07-15,2021-08-12,2021,0.0716588357955982,-0.05002731806937893,0.0,False
CXM,20,2021-07-21,2021-07-22,2021-08-19,2021,0.0375594771175955,-0.047324968053534734,0.0,False
DASH,20,2021-01-07,2021-01-08,2021-02-08,2021,-0.1603712635148094,-0.025393641371052128,0.0,False
DDI,2,2021-09-01,2021-09-02,2021-10-01,2021,-0.0689822289492547,-0.015247254328884529,0.0,False
DDI,5,2021-09-07,2021-09-08,2021-10-06,2021,-0.17004308478945,-0.015423366401814645,0.0,False
DDL,2,2021-06-30,2021-07-01,2021-07-30,2021,0.2803555524336813,-0.05860303506305653,0.0,False
DDL,5,2021-07-06,2021-07-07,2021-08-04,2021,0.1725468767227509,-0.11809154887259832,0.0,False
DDL,10,2021-07-13,2021-07-14,2021-08-11,2021,0.1091002272697083,-0.047324968053534734,0.0,False
DDL,15,2021-07-20,2021-07-21,2021-08-18,2021,0.1280487520238435,-0.11567773165078239,0.0,False
DDL,20,2021-07-27,2021-07-28,2021-08-25,2021,0.0573400947847492,-0.051733159606276946,0.0,False
DERM,2,2021-11-15,2021-11-16,2021-12-15,2021,0.2617684387124722,-0.07121207545100454,0.0,False
DFH,2,2021-01-22,2021-01-25,2021-02-23,2021,-0.1259966317732571,-0.0388322189834086,0.0,False
DFH,5,2021-01-27,2021-01-28,2021-02-26,2021,-0.0722178938558588,-0.0361151475322193,0.0,False
DFH,10,2021-02-03,2021-02-04,2021-03-05,2021,0.1496490042080755,-0.012549129700352962,0.0,False
DFH,15,2021-02-10,2021-02-11,2021-03-12,2021,0.0792317053265267,-0.010375613559731456,0.0,False
DFH,20,2021-02-18,2021-02-19,2021-03-19,2021,0.1088283945900318,-0.03836343039368478,0.0,False
DH,2,2021-09-16,2021-09-17,2021-10-15,2021,0.0955972914581998,-0.046809955253323925,0.0,False
DH,5,2021-09-21,2021-09-22,2021-10-20,2021,0.1431390314698495,-0.004978213464601724,0.0,False
DH,10,2021-09-28,2021-09-29,2021-10-27,2021,0.174457219934116,0.004838001928829953,0.0,True
DH,15,2021-10-05,2021-10-06,2021-11-03,2021,0.0573602843811069,0.010922028754498653,0.0,True
DH,20,2021-10-12,2021-10-13,2021-11-10,2021,0.0652633124191001,-0.02453560069779466,0.0,False
DIBS,2,2021-06-11,2021-06-14,2021-07-13,2021,-0.0679854472212294,-0.1181682388489081,0.0,False
DIBS,5,2021-06-16,2021-06-17,2021-07-16,2021,0.0051182543878061,-0.07367503641910389,0.0,False
DLO,2,2021-06-04,2021-06-07,2021-07-06,2021,-0.3769691898894662,-0.0602663594553156,0.0,False
DLO,5,2021-06-09,2021-06-10,2021-07-09,2021,-0.5648130750525784,-0.10920262311075647,0.0,False
DLO,10,2021-06-16,2021-06-17,2021-07-16,2021,-0.3952233931601005,-0.07367503641910389,0.0,False
DLO,15,2021-06-23,2021-06-24,2021-07-23,2021,-0.1449351875431002,-0.028506150027149808,0.0,False
DLO,20,2021-06-30,2021-07-01,2021-07-30,2021,0.1145058490265605,-0.05860303506305653,0.0,False
DNUT,2,2021-07-02,2021-07-06,2021-08-03,2021,0.1670299337593529,-0.1260554528399082,0.0,False
DNUT,5,2021-07-08,2021-07-09,2021-08-06,2021,0.1726003137244589,-0.05768364516187834,0.0,False
DNUT,10,2021-07-15,2021-07-16,2021-08-13,2021,0.1220814883720109,-0.11308566881253948,0.0,False
DNUT,15,2021-07-22,2021-07-23,2021-08-20,2021,0.0331089714577066,-0.05247801929593978,0.0,False
DNUT,20,2021-07-29,2021-07-30,2021-08-27,2021,-0.0518714022643768,-0.05823580360624215,0.0,False
DOCN,2,2021-03-25,2021-03-26,2021-04-26,2021,0.0419424219172724,-0.026779391723321777,0.0,False
DOCN,5,2021-03-30,2021-03-31,2021-04-29,2021,-0.0156608760646342,-0.0033819558983489498,0.0,False
DOCN,10,2021-04-07,2021-04-08,2021-05-06,2021,0.0286235895135511,-0.02721317374791133,0.0,False
DOCN,15,2021-04-14,2021-04-15,2021-05-13,2021,0.1640120638824476,-0.0022857631012108384,0.0,False
DOCN,20,2021-04-21,2021-04-22,2021-05-20,2021,-0.0431946532484706,-0.019604537313328382,0.0,False
DOCS,2,2021-06-25,2021-06-28,2021-07-27,2021,-0.0307933104230931,-0.059012398221578076,0.0,False
DOCS,5,2021-06-30,2021-07-01,2021-07-30,2021,-0.0694892986636349,-0.05860303506305653,0.0,False
DOCS,10,2021-07-08,2021-07-09,2021-08-06,2021,-0.0770696712574924,-0.05768364516187834,0.0,False
DOCS,15,2021-07-15,2021-07-16,2021-08-13,2021,-0.4215871525786305,-0.11308566881253948,0.0,False
DOCS,20,2021-07-22,2021-07-23,2021-08-20,2021,-0.2948009802343271,-0.05247801929593978,0.0,False
DOLE,2,2021-08-02,2021-08-03,2021-08-31,2021,-0.0262821784785228,-0.05604985204377889,0.0,False
DOLE,5,2021-08-05,2021-08-06,2021-09-03,2021,-0.0452319844638926,-0.02030500203106719,0.0,False
DOLE,10,2021-08-12,2021-08-13,2021-09-13,2021,0.0144692596474739,-0.0248988085647384,0.0,False
DOLE,15,2021-08-19,2021-08-20,2021-09-20,2021,-0.0416917762089012,-0.044836222670090305,0.0,False
DOLE,20,2021-08-26,2021-08-27,2021-09-27,2021,0.0747387152562371,-0.06071249805780687,0.0,False
DRVN,2,2021-01-20,2021-01-21,2021-02-19,2021,0.0086538565543457,-0.0388322189834086,0.0,False
DRVN,5,2021-01-25,2021-01-26,2021-02-24,2021,-0.0173777971763546,-0.037975054583868253,0.0,False
DRVN,10,2021-02-01,2021-02-02,2021-03-03,2021,-0.0358330194859138,-0.05966141925565755,0.0,False
DRVN,15,2021-02-08,2021-02-09,2021-03-10,2021,0.1316751077029207,-0.029916450955606442,0.0,False
DRVN,20,2021-02-16,2021-02-17,2021-03-17,2021,0.144587887709032,-0.02070951955707465,0.0,False
DSGN,2,2021-03-30,2021-03-31,2021-04-29,2021,0.2413160205846808,-0.0033819558983489498,0.0,False
DSGN,5,2021-04-05,2021-04-06,2021-05-04,2021,0.0790517280636483,-0.023641655570160954,0.0,False
DSGN,10,2021-04-12,2021-04-13,2021-05-11,2021,-0.0728853081272483,-0.026852588995369776,0.0,False
DSP,2,2021-02-11,2021-02-12,2021-03-15,2021,0.1412217140499875,-0.010375613559731456,0.0,False
DSP,5,2021-02-17,2021-02-18,2021-03-18,2021,0.1540273397792694,-0.02070951955707465,0.0,False
DSP,10,2021-02-24,2021-02-25,2021-03-25,2021,0.1342149769992848,-0.0589327872715811,0.0,False
DSP,15,2021-03-03,2021-03-04,2021-04-01,2021,-0.0594095047265745,-0.06857092996620508,0.0,False
DSP,20,2021-03-10,2021-03-11,2021-04-09,2021,0.1362968329694399,-0.06804995494683096,0.0,False
DUOL,2,2021-07-29,2021-07-30,2021-08-27,2021,0.1236924538741888,-0.05823580360624215,0.0,False
DUOL,5,2021-08-03,2021-08-04,2021-09-01,2021,0.0037888657894314,-0.0404185282093492,0.0,False
DUOL,10,2021-08-10,2021-08-11,2021-09-09,2021,-0.2210182777402904,-0.03404360056834525,0.0,False
DUOL,15,2021-08-17,2021-08-18,2021-09-16,2021,-0.4149080671035847,-0.06831509892411744,0.0,False
DUOL,20,2021-08-24,2021-08-25,2021-09-23,2021,-0.6356146090653749,-0.039870528637893574,0.0,False
DV,2,2021-04-22,2021-04-23,2021-05-21,2021,0.0587612792753361,-0.040886831236141244,0.0,False
DV,5,2021-04-27,2021-04-28,2021-05-26,2021,-0.0478324610752852,-0.1210534783158311,0.0,False
DV,10,2021-05-04,2021-05-05,2021-06-03,2021,-0.0425599836570109,-0.048242735118169504,0.0,False
DV,15,2021-05-11,2021-05-12,2021-06-10,2021,-0.008368013875743,-0.02167005599279537,0.0,False
DV,20,2021-05-18,2021-05-19,2021-06-17,2021,-0.2672149415851528,-0.06149596779105164,0.0,False
ERAS,2,2021-07-19,2021-07-20,2021-08-17,2021,-0.0302275085132438,-0.05258484171784373,0.0,False
ERAS,5,2021-07-22,2021-07-23,2021-08-20,2021,-0.0701117233222716,-0.05247801929593978,0.0,False
ERAS,10,2021-07-29,2021-07-30,2021-08-27,2021,-0.1038433388468675,-0.05823580360624215,0.0,False
ERAS,15,2021-08-05,2021-08-06,2021-09-03,2021,-0.1686867570699269,-0.02030500203106719,0.0,False
ERAS,20,2021-08-12,2021-08-13,2021-09-13,2021,-0.0861050184438709,-0.0248988085647384,0.0,False
EVCM,2,2021-07-02,2021-07-06,2021-08-03,2021,-0.041826659931642,-0.1260554528399082,0.0,False
EVCM,5,2021-07-08,2021-07-09,2021-08-06,2021,-0.1140657569624676,-0.05768364516187834,0.0,False
EVCM,10,2021-07-15,2021-07-16,2021-08-13,2021,-0.1504466699256554,-0.11308566881253948,0.0,False
EVCM,15,2021-07-22,2021-07-23,2021-08-20,2021,-0.1981779886960527,-0.05247801929593978,0.0,False
EVCM,20,2021-07-29,2021-07-30,2021-08-27,2021,-0.2268155327847719,-0.05823580360624215,0.0,False
EWTX,2,2021-03-29,2021-03-30,2021-04-28,2021,0.2715664277348052,-0.011420813727750488,0.0,False
EWTX,5,2021-04-01,2021-04-05,2021-05-03,2021,0.0776236980490027,-0.08846885775084957,0.0,False
EWTX,10,2021-04-09,2021-04-12,2021-05-10,2021,0.0913839409139432,-0.09101373674371083,0.0,False
EWTX,15,2021-04-16,2021-04-19,2021-05-17,2021,-0.0382416851650145,-0.024154978167272925,0.0,False
EWTX,20,2021-04-23,2021-04-26,2021-05-24,2021,-0.0622053355007562,-0.08942161133060797,0.0,False
EXFY,2,2021-11-11,2021-11-12,2021-12-13,2021,0.1736052570336371,-0.06628871353403368,0.0,False
EXFY,5,2021-11-16,2021-11-17,2021-12-16,2021,0.1765793122561396,-0.09064779955264908,0.0,False
EXFY,10,2021-11-23,2021-11-24,2021-12-23,2021,0.152682476114483,-0.07005331909693463,0.0,False
EXFY,15,2021-12-01,2021-12-02,2021-12-31,2021,0.0267578943717064,-0.04138823559390797,0.0,False
EXFY,20,2021-12-08,2021-12-09,2022-01-07,2021,0.1393736215406612,-0.04576551560778681,0.0,False
FA,2,2021-06-24,2021-06-25,2021-07-26,2021,0.0578653982041416,-0.09248438826602091,0.0,False
FA,5,2021-06-29,2021-06-30,2021-07-29,2021,0.0671869037801545,-0.12491725557790115,0.0,False
FA,10,2021-07-07,2021-07-08,2021-08-05,2021,0.0256109029648504,-0.12006528145583194,0.0,False
FA,15,2021-07-14,2021-07-15,2021-08-12,2021,-0.1502267899508376,-0.05002731806937893,0.0,False
FA,20,2021-07-21,2021-07-22,2021-08-19,2021,-0.1870400744797104,-0.047324968053534734,0.0,False
FDMT,15,2021-01-04,2021-01-05,2021-02-03,2021,-0.2718627911398596,-0.012474905242614905,0.0,False
FDMT,20,2021-01-11,2021-01-12,2021-02-10,2021,-0.1157135086079719,-0.0020238835600848554,0.0,False
FIGS,2,2021-05-28,2021-06-01,2021-06-29,2021,-0.3436979954770066,-0.05217603022281585,0.0,False
FIGS,5,2021-06-03,2021-06-04,2021-07-02,2021,-0.3708988627284163,-0.0453787709302404,0.0,False
FIGS,10,2021-06-10,2021-06-11,2021-07-12,2021,-0.292795578322452,-0.11908959892823652,0.0,False
FIGS,15,2021-06-17,2021-06-18,2021-07-19,2021,0.0008033838174958,-0.07367503641910389,0.0,False
FIGS,20,2021-06-24,2021-06-25,2021-07-26,2021,0.1745591354412122,-0.09248438826602091,0.0,False
FINW,2,2021-11-22,2021-11-23,2021-12-22,2021,-0.0308667446061575,-0.08405033763139058,0.0,False
FLNC,2,2021-10-29,2021-11-01,2021-11-30,2021,0.0631360009773288,-0.024384804382967012,0.0,False
FLNC,5,2021-11-03,2021-11-04,2021-12-03,2021,0.0753850353175474,-0.01933044099517471,0.0,False
FLNC,10,2021-11-10,2021-11-11,2021-12-10,2021,0.0582712948197094,-0.0356887124365825,0.0,False
FLNC,15,2021-11-17,2021-11-18,2021-12-17,2021,0.1063588940782452,-0.09064779955264908,0.0,False
FLNC,20,2021-11-24,2021-11-26,2021-12-27,2021,-0.0132226724237232,-0.08405033763139058,0.0,False
FLYW,2,2021-05-27,2021-05-28,2021-06-28,2021,-0.1421234738818136,-0.024016719861769092,0.0,False
FLYW,5,2021-06-02,2021-06-03,2021-07-01,2021,-0.0638777468530995,-0.03702616704863065,0.0,False
FLYW,10,2021-06-09,2021-06-10,2021-07-09,2021,-0.1713105885138366,-0.10920262311075647,0.0,False
FLYW,15,2021-06-16,2021-06-17,2021-07-16,2021,0.0435328361681066,-0.07367503641910389,0.0,False
FLYW,20,2021-06-23,2021-06-24,2021-07-23,2021,0.1262923056135841,-0.028506150027149808,0.0,False
FRSH,2,2021-09-23,2021-09-24,2021-10-22,2021,0.0131345232190776,-0.03169842484651783,0.0,False
FRSH,5,2021-09-28,2021-09-29,2021-10-27,2021,-0.0134769135028628,0.004838001928829953,0.0,True
FRSH,10,2021-10-05,2021-10-06,2021-11-03,2021,0.0071506594385681,0.010922028754498653,0.0,True
FRSH,15,2021-10-12,2021-10-13,2021-11-10,2021,0.119117108361764,-0.02453560069779466,0.0,False
FRSH,20,2021-10-19,2021-10-20,2021-11-17,2021,0.0927953324257252,-0.005486603285457667,0.0,False
FSBC,2,2021-05-06,2021-05-07,2021-06-07,2021,-0.0857678937963214,-0.0323728765987116,0.0,False
FWRG,2,2021-10-04,2021-10-05,2021-11-02,2021,0.1198226080874176,0.012316764462460666,0.0,True
FWRG,5,2021-10-07,2021-10-08,2021-11-05,2021,0.1615402044306963,-0.0001875069050395863,0.0,False
FWRG,10,2021-10-14,2021-10-15,2021-11-12,2021,0.1070675129038317,-0.00171138290611764,0.0,False
FWRG,15,2021-10-21,2021-10-22,2021-11-19,2021,0.0173042063797013,-0.024920636390643035,0.0,False
FWRG,20,2021-10-28,2021-10-29,2021-11-29,2021,0.0421422265209799,-0.040146719378651066,0.0,False
GANX,2,2021-03-22,2021-03-23,2021-04-21,2021,0.0861910265601983,-0.02100907760134828,0.0,False
GFS,2,2021-10-29,2021-11-01,2021-11-30,2021,-0.3257386490950021,-0.024384804382967012,0.0,False
GFS,5,2021-11-03,2021-11-04,2021-12-03,2021,-0.2143428475721582,-0.01933044099517471,0.0,False
GFS,10,2021-11-10,2021-11-11,2021-12-10,2021,-0.1021604236506048,-0.0356887124365825,0.0,False
GFS,15,2021-11-17,2021-11-18,2021-12-17,2021,0.0196791880401721,-0.09064779955264908,0.0,False
GFS,20,2021-11-24,2021-11-26,2021-12-27,2021,0.0901026928148253,-0.08405033763139058,0.0,False
GHRS,2,2021-06-28,2021-06-29,2021-07-28,2021,0.1365027607649698,-0.0819938414986877,0.0,False
GHRS,5,2021-07-01,2021-07-02,2021-08-02,2021,0.0651410490131544,-0.1260554528399082,0.0,False
GLBE,2,2021-05-13,2021-05-14,2021-06-14,2021,-0.9058151399215372,-0.04379178302455319,0.0,False
GLBE,5,2021-05-18,2021-05-19,2021-06-17,2021,-0.9083034669045966,-0.06149596779105164,0.0,False
GLBE,10,2021-05-25,2021-05-26,2021-06-24,2021,-0.7766406076407425,-0.0564258814664345,0.0,False
GLBE,15,2021-06-02,2021-06-03,2021-07-01,2021,-0.6253180067807107,-0.03702616704863065,0.0,False
GLBE,20,2021-06-09,2021-06-10,2021-07-09,2021,-0.3825476547074208,-0.10920262311075647,0.0,False
GLUE,2,2021-06-25,2021-06-28,2021-07-27,2021,-0.136072171732851,-0.059012398221578076,0.0,False
GLUE,5,2021-06-30,2021-07-01,2021-07-30,2021,-0.0701429249130284,-0.05860303506305653,0.0,False
GLUE,10,2021-07-08,2021-07-09,2021-08-06,2021,-0.4945102675526414,-0.05768364516187834,0.0,False
GTLB,2,2021-10-15,2021-10-18,2021-11-15,2021,0.0025511806528727,0.0005102557309267634,0.0,True
GTLB,5,2021-10-20,2021-10-21,2021-11-18,2021,-0.033466566158072,-0.022568505233500038,0.0,False
GTLB,10,2021-10-27,2021-10-28,2021-11-26,2021,0.0688410413974763,-0.06749031280708151,0.0,False
GTLB,15,2021-11-03,2021-11-04,2021-12-03,2021,0.1236042677842099,-0.01933044099517471,0.0,False
GTLB,20,2021-11-10,2021-11-11,2021-12-10,2021,0.4337902434690002,-0.0356887124365825,0.0,False
HAYW,2,2021-03-15,2021-03-16,2021-04-14,2021,0.0832795633972402,-0.09434113462964201,0.0,False
HAYW,5,2021-03-18,2021-03-19,2021-04-19,2021,0.1056761867131003,-0.07257553445387442,0.0,False
HAYW,10,2021-03-25,2021-03-26,2021-04-26,2021,-0.0694977482991467,-0.026779391723321777,0.0,False
HAYW,15,2021-04-01,2021-04-05,2021-05-03,2021,-0.1874122942071046,-0.08846885775084957,0.0,False
HAYW,20,2021-04-09,2021-04-12,2021-05-10,2021,-0.4354060920172112,-0.09101373674371083,0.0,False
HEPS,2,2021-07-02,2021-07-06,2021-08-03,2021,0.0928548049752269,-0.1260554528399082,0.0,False
HEPS,5,2021-07-08,2021-07-09,2021-08-06,2021,0.052458845836571,-0.05768364516187834,0.0,False
HEPS,10,2021-07-15,2021-07-16,2021-08-13,2021,0.014545652399618,-0.11308566881253948,0.0,False
HEPS,15,2021-07-22,2021-07-23,2021-08-20,2021,0.0722413359008236,-0.05247801929593978,0.0,False
HEPS,20,2021-07-29,2021-07-30,2021-08-27,2021,0.3069648486736279,-0.05823580360624215,0.0,False
HNST,2,2021-05-06,2021-05-07,2021-06-07,2021,0.2083433164983339,-0.0323728765987116,0.0,False
HNST,5,2021-05-11,2021-05-12,2021-06-10,2021,-0.2704666355680212,-0.02167005599279537,0.0,False
HNST,10,2021-05-18,2021-05-19,2021-06-17,2021,-0.0017717477950334,-0.06149596779105164,0.0,False
HNST,15,2021-05-25,2021-05-26,2021-06-24,2021,-0.0927880548296337,-0.0564258814664345,0.0,False
HNST,20,2021-06-02,2021-06-03,2021-07-01,2021,0.2056237095822553,-0.03702616704863065,0.0,False
HOOD,2,2021-07-30,2021-08-02,2021-08-30,2021,-0.2128244276912104,-0.05823580360624215,0.0,False
HOOD,5,2021-08-04,2021-08-05,2021-09-02,2021,0.3125003103153244,-0.028149938278583694,0.0,False
HOOD,10,2021-08-11,2021-08-12,2021-09-10,2021,0.1568275474456726,-0.09482695634466386,0.0,False
HOOD,15,2021-08-18,2021-08-19,2021-09-17,2021,0.0360178224314736,-0.05873876547457325,0.0,False
HOOD,20,2021-08-25,2021-08-26,2021-09-24,2021,0.0315450341841187,-0.06071249805780687,0.0,False
HOWL,2,2021-05-03,2021-05-04,2021-06-02,2021,0.138954939395559,-0.11866663652873043,0.0,False
HOWL,5,2021-05-06,2021-05-07,2021-06-07,2021,0.1127121746624382,-0.0323728765987116,0.0,False
IHS,2,2021-10-15,2021-10-18,2021-11-15,2021,0.1059554581879328,0.0005102557309267634,0.0,True
IHS,5,2021-10-20,2021-10-21,2021-11-18,2021,0.119569576046231,-0.022568505233500038,0.0,False
IHS,10,2021-10-27,2021-10-28,2021-11-26,2021,0.1113889044048074,-0.06749031280708151,0.0,False
IHS,15,2021-11-03,2021-11-04,2021-12-03,2021,0.1594423655215157,-0.01933044099517471,0.0,False
IHS,20,2021-11-10,2021-11-11,2021-12-10,2021,0.1496595767322289,-0.0356887124365825,0.0,False
IMCR,2,2021-02-08,2021-02-09,2021-03-10,2021,0.3284209886299045,-0.029916450955606442,0.0,False
IMCR,5,2021-02-11,2021-02-12,2021-03-15,2021,0.242286825535137,-0.010375613559731456,0.0,False
IMCR,10,2021-02-19,2021-02-22,2021-03-22,2021,0.1052592461169185,-0.026122853978341003,0.0,False
IMCR,15,2021-02-26,2021-03-01,2021-03-29,2021,0.2462933914987033,-0.06683596860613251,0.0,False
IMRX,2,2021-08-02,2021-08-03,2021-08-31,2021,-0.4418861937801668,-0.05604985204377889,0.0,False
IMRX,5,2021-08-05,2021-08-06,2021-09-03,2021,-0.0230253492516232,-0.02030500203106719,0.0,False
INNV,2,2021-03-05,2021-03-08,2021-04-06,2021,0.0252679477753274,-0.029503857496792803,0.0,False
INNV,5,2021-03-10,2021-03-11,2021-04-09,2021,0.0577936235355965,-0.06804995494683096,0.0,False
INNV,10,2021-03-17,2021-03-18,2021-04-16,2021,0.0738796038420513,-0.10292624604838675,0.0,False
INTA,2,2021-07-01,2021-07-02,2021-08-02,2021,-0.3395937083399866,-0.1260554528399082,0.0,False
INTA,5,2021-07-07,2021-07-08,2021-08-05,2021,-0.1727899281458582,-0.12006528145583194,0.0,False
INTA,10,2021-07-14,2021-07-15,2021-08-12,2021,-0.1568066426018549,-0.05002731806937893,0.0,False
INTA,15,2021-07-21,2021-07-22,2021-08-19,2021,-0.2700279789195235,-0.047324968053534734,0.0,False
INTA,20,2021-07-28,2021-07-29,2021-08-26,2021,-0.2477660817997563,-0.0425356402914557,0.0,False
IOT,2,2021-12-16,2021-12-17,2022-01-18,2021,0.0242935650268619,-0.02373534207737435,0.0,False
IOT,5,2021-12-21,2021-12-22,2022-01-21,2021,0.1388965300479605,-0.015665989840029353,0.0,False
IOT,10,2021-12-29,2021-12-30,2022-01-28,2021,0.2445710908052601,-0.005675567423700045,0.0,False
IPSC,2,2021-06-21,2021-06-22,2021-07-21,2021,-0.0888678827514598,-0.1160511267668016,0.0,False
IPSC,5,2021-06-24,2021-06-25,2021-07-26,2021,-0.1232993023468888,-0.09248438826602091,0.0,False
IPSC,10,2021-07-01,2021-07-02,2021-08-02,2021,-0.016630441316524,-0.1260554528399082,0.0,False
IPSC,15,2021-07-09,2021-07-12,2021-08-09,2021,-0.1174885737904339,-0.12364365350528311,0.0,False
IPSC,20,2021-07-16,2021-07-19,2021-08-16,2021,-0.0771944795299245,-0.10719200652277791,0.0,False
IREN,2,2021-11-18,2021-11-19,2021-12-20,2021,0.2017006735907614,-0.08405033763139058,0.0,False
IREN,5,2021-11-23,2021-11-24,2021-12-23,2021,0.1725386704151271,-0.07005331909693463,0.0,False
IREN,10,2021-12-01,2021-12-02,2021-12-31,2021,0.1669367450189026,-0.04138823559390797,0.0,False
IREN,15,2021-12-08,2021-12-09,2022-01-07,2021,0.1964961377598282,-0.04576551560778681,0.0,False
IREN,20,2021-12-15,2021-12-16,2022-01-14,2021,0.0532523009522143,-0.02373534207737435,0.0,False
JANX,2,2021-06-14,2021-06-15,2021-07-14,2021,-0.2688380725151018,-0.11638187713567769,0.0,False
JANX,5,2021-06-17,2021-06-18,2021-07-19,2021,-0.5775857021272812,-0.07367503641910389,0.0,False
JANX,10,2021-06-24,2021-06-25,2021-07-26,2021,-0.1144531311226753,-0.09248438826602091,0.0,False
JANX,15,2021-07-01,2021-07-02,2021-08-02,2021,-0.3713973445740113,-0.1260554528399082,0.0,False
JANX,20,2021-07-09,2021-07-12,2021-08-09,2021,-0.1674113780351523,-0.12364365350528311,0.0,False
KARO,2,2021-04-05,2021-04-06,2021-05-04,2021,-0.0961862795704399,-0.023641655570160954,0.0,False
KARO,5,2021-04-08,2021-04-09,2021-05-07,2021,-0.1332810857095646,-0.02721317374791133,0.0,False
KLTR,2,2021-07-22,2021-07-23,2021-08-20,2021,-0.1406628566562043,-0.05247801929593978,0.0,False
KLTR,5,2021-07-27,2021-07-28,2021-08-25,2021,-0.101283854031873,-0.051733159606276946,0.0,False
KRT,2,2021-04-16,2021-04-19,2021-05-17,2021,0.0060261698122842,-0.024154978167272925,0.0,False
LAW,2,2021-07-22,2021-07-23,2021-08-20,2021,-0.2559042737733855,-0.05247801929593978,0.0,False
LAW,5,2021-07-27,2021-07-28,2021-08-25,2021,-0.2965778672714265,-0.051733159606276946,0.0,False
LAW,10,2021-08-03,2021-08-04,2021-09-01,2021,-0.2658477546340811,-0.0404185282093492,0.0,False
LAW,15,2021-08-10,2021-08-11,2021-09-09,2021,-0.3772518350270401,-0.03404360056834525,0.0,False
LAW,20,2021-08-17,2021-08-18,2021-09-16,2021,-0.1041810520420588,-0.06831509892411744,0.0,False
LDI,2,2021-02-12,2021-02-16,2021-03-16,2021,0.269689320610379,-0.026513257417438024,0.0,False
LDI,5,2021-02-18,2021-02-19,2021-03-19,2021,0.1441704854659371,-0.03836343039368478,0.0,False
LDI,10,2021-02-25,2021-02-26,2021-03-26,2021,0.0401309169656016,-0.08081150638154884,0.0,False
LDI,15,2021-03-04,2021-03-05,2021-04-05,2021,0.06330085420807,-0.05659017762782357,0.0,False
LDI,20,2021-03-11,2021-03-12,2021-04-12,2021,0.0606390277052994,-0.05586219715739499,0.0,False
LFST,2,2021-06-11,2021-06-14,2021-07-13,2021,-0.1620080707107848,-0.1181682388489081,0.0,False
LFST,5,2021-06-16,2021-06-17,2021-07-16,2021,0.0023691877543785,-0.07367503641910389,0.0,False
LFST,10,2021-06-23,2021-06-24,2021-07-23,2021,0.2211168426236794,-0.028506150027149808,0.0,False
LFST,15,2021-06-30,2021-07-01,2021-07-30,2021,0.1380334831054861,-0.05860303506305653,0.0,False
LFST,20,2021-07-08,2021-07-09,2021-08-06,2021,0.1028960843693047,-0.05768364516187834,0.0,False
LTH,2,2021-10-08,2021-10-11,2021-11-08,2021,-0.0593275365657153,-0.01065863464467002,0.0,False
LTH,5,2021-10-13,2021-10-14,2021-11-11,2021,-0.1306755443133258,-0.0012458773927901661,0.0,False
LTH,10,2021-10-20,2021-10-21,2021-11-18,2021,-0.0985166673063761,-0.022568505233500038,0.0,False
LTH,15,2021-10-27,2021-10-28,2021-11-26,2021,-0.2587366320583492,-0.06749031280708151,0.0,False
LTH,20,2021-11-03,2021-11-04,2021-12-03,2021,-0.1437059839015495,-0.01933044099517471,0.0,False
LUCD,2,2021-10-15,2021-10-18,2021-11-15,2021,-0.0282467275000764,0.0005102557309267634,0.0,True
LZ,2,2021-07-01,2021-07-02,2021-08-02,2021,0.0185288478568479,-0.1260554528399082,0.0,False
LZ,5,2021-07-07,2021-07-08,2021-08-05,2021,-0.0721609068055118,-0.12006528145583194,0.0,False
LZ,10,2021-07-14,2021-07-15,2021-08-12,2021,0.0578159722987105,-0.05002731806937893,0.0,False
LZ,15,2021-07-21,2021-07-22,2021-08-19,2021,0.098273165516317,-0.047324968053534734,0.0,False
LZ,20,2021-07-28,2021-07-29,2021-08-26,2021,0.0163507895500806,-0.0425356402914557,0.0,False
MASS,10,2021-01-04,2021-01-05,2021-02-03,2021,-0.2054755578437223,-0.012474905242614905,0.0,False
MASS,15,2021-01-11,2021-01-12,2021-02-10,2021,-0.2094133817232303,-0.0020238835600848554,0.0,False
MASS,20,2021-01-19,2021-01-20,2021-02-18,2021,0.0037677035522305,-0.022583498015869813,0.0,False
MDXH,2,2021-11-05,2021-11-08,2021-12-07,2021,0.2082118786187025,-0.09153818866837601,0.0,False
MNDY,2,2021-06-11,2021-06-14,2021-07-13,2021,-0.1793158366029401,-0.1181682388489081,0.0,False
MNDY,5,2021-06-16,2021-06-17,2021-07-16,2021,0.0630531781644302,-0.07367503641910389,0.0,False
MNDY,10,2021-06-23,2021-06-24,2021-07-23,2021,0.152156153985821,-0.028506150027149808,0.0,False
MNDY,15,2021-06-30,2021-07-01,2021-07-30,2021,-0.0153096684714235,-0.05860303506305653,0.0,False
MNDY,20,2021-07-08,2021-07-09,2021-08-06,2021,-0.0381985837336159,-0.05768364516187834,0.0,False
MNTK,2,2021-01-25,2021-01-26,2021-02-24,2021,-0.1756091340362001,-0.037975054583868253,0.0,False
MNTK,5,2021-01-28,2021-01-29,2021-03-01,2021,-0.2357914254670217,-0.023825081981510624,0.0,False
MOLN,2,2021-06-17,2021-06-18,2021-07-19,2021,0.0031739358582856,-0.07367503641910389,0.0,False
MOLN,5,2021-06-22,2021-06-23,2021-07-22,2021,0.0084388493222862,-0.05361539307427029,0.0,False
MQ,2,2021-06-10,2021-06-11,2021-07-12,2021,0.1865845647642383,-0.11908959892823652,0.0,False
MQ,5,2021-06-15,2021-06-16,2021-07-15,2021,0.1863659535153176,-0.11479346379705115,0.0,False
MQ,10,2021-06-22,2021-06-23,2021-07-22,2021,0.1018722063085827,-0.05361539307427029,0.0,False
MQ,15,2021-06-29,2021-06-30,2021-07-29,2021,0.0061787984410506,-0.12491725557790115,0.0,False
MQ,20,2021-07-07,2021-07-08,2021-08-05,2021,-0.0249684511711589,-0.12006528145583194,0.0,False
MXCT,2,2021-08-02,2021-08-03,2021-08-31,2021,0.0342471774213927,-0.05604985204377889,0.0,False
MXCT,5,2021-08-05,2021-08-06,2021-09-03,2021,-0.1502773479448895,-0.02030500203106719,0.0,False
MXCT,10,2021-08-12,2021-08-13,2021-09-13,2021,0.0063812690344767,-0.0248988085647384,0.0,False
MXCT,15,2021-08-19,2021-08-20,2021-09-20,2021,-0.0406719795199577,-0.044836222670090305,0.0,False
MXCT,20,2021-08-26,2021-08-27,2021-09-27,2021,-0.0115045422464831,-0.06071249805780687,0.0,False
NPCE,2,2021-04-23,2021-04-26,2021-05-24,2021,0.1372189792879623,-0.08942161133060797,0.0,False
NPCE,5,2021-04-28,2021-04-29,2021-05-27,2021,0.1406294580766013,-0.12214616542277901,0.0,False
NPCE,10,2021-05-05,2021-05-06,2021-06-04,2021,0.0159891066679725,-0.048242735118169504,0.0,False
NRDS,2,2021-11-05,2021-11-08,2021-12-07,2021,0.3347265611138059,-0.09153818866837601,0.0,False
NRDS,5,2021-11-10,2021-11-11,2021-12-10,2021,0.2897977461386481,-0.0356887124365825,0.0,False
NRDS,10,2021-11-17,2021-11-18,2021-12-17,2021,0.3933471719726812,-0.09064779955264908,0.0,False
NRDS,15,2021-11-24,2021-11-26,2021-12-27,2021,0.3192561400712783,-0.08405033763139058,0.0,False
NRDS,20,2021-12-02,2021-12-03,2022-01-03,2021,0.0069272054088646,-0.021573667059558013,0.0,False
NTRB,2,2021-10-04,2021-10-05,2021-11-02,2021,0.1021345132370521,0.012316764462460666,0.0,True
NTRB,10,2021-10-14,2021-10-15,2021-11-12,2021,0.2728840774503684,-0.00171138290611764,0.0,False
NU,2,2021-12-10,2021-12-13,2022-01-11,2021,0.1302183944322023,-0.02373534207737435,0.0,False
NU,5,2021-12-15,2021-12-16,2022-01-14,2021,0.1704259304962414,-0.02373534207737435,0.0,False
NU,10,2021-12-22,2021-12-23,2022-01-24,2021,0.0825963785660055,-0.017639722423262973,0.0,False
NU,15,2021-12-30,2021-12-31,2022-01-31,2021,0.0176990216290921,0.011711281830337593,0.0,True
ONON,2,2021-09-16,2021-09-17,2021-10-15,2021,0.2277644200876614,-0.046809955253323925,0.0,False
ONON,5,2021-09-21,2021-09-22,2021-10-20,2021,0.2351296622516608,-0.004978213464601724,0.0,False
ONON,10,2021-09-28,2021-09-29,2021-10-27,2021,-0.0198160531781969,0.004838001928829953,0.0,True
ONON,15,2021-10-05,2021-10-06,2021-11-03,2021,-0.1827108861360332,0.010922028754498653,0.0,True
ONON,20,2021-10-12,2021-10-13,2021-11-10,2021,-0.1494833435435893,-0.02453560069779466,0.0,False
OSCR,2,2021-03-04,2021-03-05,2021-04-05,2021,0.3004253071898857,-0.05659017762782357,0.0,False
OSCR,5,2021-03-09,2021-03-10,2021-04-08,2021,0.346457457024023,-0.03147759008002643,0.0,False
OSCR,10,2021-03-16,2021-03-17,2021-04-15,2021,0.3598006783475341,-0.1044808809834715,0.0,False
OSCR,15,2021-03-23,2021-03-24,2021-04-22,2021,0.32593558873278,-0.0017196014882942053,0.0,False
OSCR,20,2021-03-30,2021-03-31,2021-04-29,2021,0.2540420662176775,-0.0033819558983489498,0.0,False
PATH,2,2021-04-22,2021-04-23,2021-05-21,2021,-0.0501543406383629,-0.040886831236141244,0.0,False
PATH,5,2021-04-27,2021-04-28,2021-05-26,2021,-0.1352306462626791,-0.1210534783158311,0.0,False
PATH,10,2021-05-04,2021-05-05,2021-06-03,2021,-0.013478121551824,-0.048242735118169504,0.0,False
PATH,15,2021-05-11,2021-05-12,2021-06-10,2021,-0.0505500642057765,-0.02167005599279537,0.0,False
PATH,20,2021-05-18,2021-05-19,2021-06-17,2021,0.0005832976556577,-0.06149596779105164,0.0,False
PAX,2,2021-01-25,2021-01-26,2021-02-24,2021,-0.1127975523846315,-0.037975054583868253,0.0,False
PAX,5,2021-01-28,2021-01-29,2021-03-01,2021,-0.1296728577793473,-0.023825081981510624,0.0,False
PAX,10,2021-02-04,2021-02-05,2021-03-08,2021,0.0876475581977891,-0.02833755724811555,0.0,False
PAX,15,2021-02-11,2021-02-12,2021-03-15,2021,0.1872292068260582,-0.010375613559731456,0.0,False
PAX,20,2021-02-19,2021-02-22,2021-03-22,2021,0.1433868914513986,-0.026122853978341003,0.0,False
PAY,2,2021-05-27,2021-05-28,2021-06-28,2021,-0.2508736519317942,-0.024016719861769092,0.0,False
PAY,5,2021-06-02,2021-06-03,2021-07-01,2021,-0.0179023607133434,-0.03702616704863065,0.0,False
PAY,10,2021-06-09,2021-06-10,2021-07-09,2021,-0.2499447526784166,-0.10920262311075647,0.0,False
PAY,15,2021-06-16,2021-06-17,2021-07-16,2021,-0.0554770227554189,-0.07367503641910389,0.0,False
PAY,20,2021-06-23,2021-06-24,2021-07-23,2021,0.231165158433773,-0.028506150027149808,0.0,False
PCOR,2,2021-05-21,2021-05-24,2021-06-22,2021,-0.0881392511430689,-0.03233042185144306,0.0,False
PCOR,5,2021-05-26,2021-05-27,2021-06-25,2021,-0.1701286533403164,-0.03059546049137047,0.0,False
PCOR,10,2021-06-03,2021-06-04,2021-07-02,2021,-0.1717393701978747,-0.0453787709302404,0.0,False
PCOR,15,2021-06-10,2021-06-11,2021-07-12,2021,-0.1265198720359461,-0.11908959892823652,0.0,False
PCOR,20,2021-06-17,2021-06-18,2021-07-19,2021,-0.1334897731467096,-0.07367503641910389,0.0,False
PHVS,2,2021-02-08,2021-02-09,2021-03-10,2021,-0.0578366691741489,-0.029916450955606442,0.0,False
PHVS,5,2021-02-11,2021-02-12,2021-03-15,2021,-0.2608385412558199,-0.010375613559731456,0.0,False
PHVS,10,2021-02-19,2021-02-22,2021-03-22,2021,0.0430283370097998,-0.026122853978341003,0.0,False
PHVS,15,2021-02-26,2021-03-01,2021-03-29,2021,0.3193703789950807,-0.06683596860613251,0.0,False
PHVS,20,2021-03-05,2021-03-08,2021-04-06,2021,0.0920613877216013,-0.029503857496792803,0.0,False
PLTK,2,2021-01-20,2021-01-21,2021-02-19,2021,-0.0110856436835427,-0.0388322189834086,0.0,False
PLTK,5,2021-01-25,2021-01-26,2021-02-24,2021,-0.063684362516413,-0.037975054583868253,0.0,False
PLTK,10,2021-02-01,2021-02-02,2021-03-03,2021,-0.0478615878332732,-0.05966141925565755,0.0,False
PLTK,15,2021-02-08,2021-02-09,2021-03-10,2021,0.1561431426374453,-0.029916450955606442,0.0,False
PLTK,20,2021-02-16,2021-02-17,2021-03-17,2021,0.1848507080301845,-0.02070951955707465,0.0,False
PRCT,2,2021-09-16,2021-09-17,2021-10-15,2021,-0.2182858621160547,-0.046809955253323925,0.0,False
PRCT,5,2021-09-21,2021-09-22,2021-10-20,2021,-0.0850541346882238,-0.004978213464601724,0.0,False
PRCT,10,2021-09-28,2021-09-29,2021-10-27,2021,-0.1088204910695238,0.004838001928829953,0.0,True
PRCT,15,2021-10-05,2021-10-06,2021-11-03,2021,-0.165149715799878,0.010922028754498653,0.0,True
PRCT,20,2021-10-12,2021-10-13,2021-11-10,2021,0.0388344393368007,-0.02453560069779466,0.0,False
PRVA,2,2021-04-30,2021-05-03,2021-06-01,2021,0.0651682065572614,-0.04363784158676585,0.0,False
PRVA,5,2021-05-05,2021-05-06,2021-06-04,2021,0.1132709336217255,-0.048242735118169504,0.0,False
PRVA,10,2021-05-12,2021-05-13,2021-06-11,2021,-0.3063232434869296,-0.04379178302455319,0.0,False
PRVA,15,2021-05-19,2021-05-20,2021-06-18,2021,-0.5366157968800487,-0.06149596779105164,0.0,False
PRVA,20,2021-05-26,2021-05-27,2021-06-25,2021,-0.4191714570890124,-0.03059546049137047,0.0,False
PTLO,2,2021-10-22,2021-10-25,2021-11-22,2021,0.0592145958609319,-0.0720192242238131,0.0,False
PTLO,5,2021-10-27,2021-10-28,2021-11-26,2021,-0.0748525155821271,-0.06749031280708151,0.0,False
PTLO,10,2021-11-03,2021-11-04,2021-12-03,2021,0.1060315629314733,-0.01933044099517471,0.0,False
PTLO,15,2021-11-10,2021-11-11,2021-12-10,2021,0.2031814937903228,-0.0356887124365825,0.0,False
PTLO,20,2021-11-17,2021-11-18,2021-12-17,2021,0.2251857349867556,-0.09064779955264908,0.0,False
PUBM,20,2021-01-07,2021-01-08,2021-02-08,2021,-0.8897706910087094,-0.025393641371052128,0.0,False
PYXS,2,2021-10-11,2021-10-12,2021-11-09,2021,0.0444693790650718,0.0147836463971839,0.0,True
PYXS,5,2021-10-14,2021-10-15,2021-11-12,2021,0.0350479083277788,-0.00171138290611764,0.0,False
RANI,2,2021-08-02,2021-08-03,2021-08-31,2021,-0.7988953365549408,-0.05604985204377889,0.0,False
RBLX,2,2021-03-11,2021-03-12,2021-04-12,2021,0.0101928414842336,-0.05586219715739499,0.0,False
RBLX,5,2021-03-16,2021-03-17,2021-04-15,2021,0.004447687851709,-0.1044808809834715,0.0,False
RBLX,10,2021-03-23,2021-03-24,2021-04-22,2021,0.052316932995394,-0.0017196014882942053,0.0,False
RBLX,15,2021-03-30,2021-03-31,2021-04-29,2021,-0.008793981676745,-0.0033819558983489498,0.0,False
RBLX,20,2021-04-07,2021-04-08,2021-05-06,2021,0.1130023471548355,-0.02721317374791133,0.0,False
REFI,2,2021-12-09,2021-12-10,2022-01-10,2021,-0.1264158338377094,-0.02176160949414073,0.0,False
RELY,2,2021-09-24,2021-09-27,2021-10-25,2021,0.2426678507936439,-0.027169513429786237,0.0,False
RELY,5,2021-09-29,2021-09-30,2021-10-28,2021,0.1820039340526556,0.007710017139931732,0.0,True
RELY,10,2021-10-06,2021-10-07,2021-11-04,2021,0.2148693093630915,0.009838175628573566,0.0,True
RELY,15,2021-10-13,2021-10-14,2021-11-11,2021,0.282885585702318,-0.0012458773927901661,0.0,False
RELY,20,2021-10-20,2021-10-21,2021-11-18,2021,0.253782661590718,-0.022568505233500038,0.0,False
RERE,2,2021-06-21,2021-06-22,2021-07-21,2021,0.0395408886862462,-0.1160511267668016,0.0,False
RERE,5,2021-06-24,2021-06-25,2021-07-26,2021,0.1112520932338378,-0.09248438826602091,0.0,False
RERE,10,2021-07-01,2021-07-02,2021-08-02,2021,0.2014745963855118,-0.1260554528399082,0.0,False
RERE,20,2021-07-16,2021-07-19,2021-08-16,2021,0.2105352141312321,-0.10719200652277791,0.0,False
RIVN,2,2021-11-11,2021-11-12,2021-12-13,2021,0.050967027071942,-0.06628871353403368,0.0,False
RIVN,5,2021-11-16,2021-11-17,2021-12-16,2021,0.2916119797735609,-0.09064779955264908,0.0,False
RIVN,10,2021-11-23,2021-11-24,2021-12-23,2021,0.174925969035012,-0.07005331909693463,0.0,False
RIVN,15,2021-12-01,2021-12-02,2021-12-31,2021,0.2064510186163026,-0.04138823559390797,0.0,False
RIVN,20,2021-12-08,2021-12-09,2022-01-07,2021,0.2461310567194954,-0.04576551560778681,0.0,False
RNXT,2,2021-08-27,2021-08-30,2021-09-28,2021,0.0220667137434036,-0.07297606826902736,0.0,False
RNXT,5,2021-09-01,2021-09-02,2021-10-01,2021,0.2533741458028991,-0.015247254328884529,0.0,False
RNXT,10,2021-09-09,2021-09-10,2021-10-08,2021,0.3342042342137281,0.010571654260503676,0.0,True
RNXT,15,2021-09-16,2021-09-17,2021-10-15,2021,0.2233472561185912,-0.046809955253323925,0.0,False
RNXT,20,2021-09-23,2021-09-24,2021-10-22,2021,0.2415829761216661,-0.03169842484651783,0.0,False
RPID,2,2021-07-16,2021-07-19,2021-08-16,2021,0.2109232970979933,-0.10719200652277791,0.0,False
RPID,5,2021-07-21,2021-07-22,2021-08-19,2021,0.0444307856094977,-0.047324968053534734,0.0,False
RPID,10,2021-07-28,2021-07-29,2021-08-26,2021,-0.0056009783905402,-0.0425356402914557,0.0,False
RSKD,2,2021-07-30,2021-08-02,2021-08-30,2021,-0.199218629758262,-0.05823580360624215,0.0,False
RSKD,5,2021-08-04,2021-08-05,2021-09-02,2021,-0.1969531864444696,-0.028149938278583694,0.0,False
RSKD,10,2021-08-11,2021-08-12,2021-09-10,2021,-0.0805280758190678,-0.09482695634466386,0.0,False
RSKD,15,2021-08-18,2021-08-19,2021-09-17,2021,-0.031738718912805,-0.05873876547457325,0.0,False
RSKD,20,2021-08-25,2021-08-26,2021-09-24,2021,-0.0396217605859194,-0.06071249805780687,0.0,False
RXRX,2,2021-04-19,2021-04-20,2021-05-18,2021,0.1263234935605251,-0.01602375485499478,0.0,False
RXRX,5,2021-04-22,2021-04-23,2021-05-21,2021,0.1785634301390346,-0.040886831236141244,0.0,False
RXRX,10,2021-04-29,2021-04-30,2021-05-28,2021,0.2201008829667727,-0.0412486123608076,0.0,False
RXRX,15,2021-05-06,2021-05-07,2021-06-07,2021,0.0007884693944955,-0.0323728765987116,0.0,False
RXRX,20,2021-05-13,2021-05-14,2021-06-14,2021,-0.5644689699913957,-0.04379178302455319,0.0,False
RXST,2,2021-08-02,2021-08-03,2021-08-31,2021,0.1155311012714147,-0.05604985204377889,0.0,False
RXST,5,2021-08-05,2021-08-06,2021-09-03,2021,-0.1504128286562368,-0.02030500203106719,0.0,False
RYAN,2,2021-07-23,2021-07-26,2021-08-23,2021,-0.1223261566533339,-0.05914715209836793,0.0,False
RYAN,5,2021-07-28,2021-07-29,2021-08-26,2021,-0.0797557128521464,-0.0425356402914557,0.0,False
RYAN,10,2021-08-04,2021-08-05,2021-09-02,2021,-0.1403233211532423,-0.028149938278583694,0.0,False
RYAN,15,2021-08-11,2021-08-12,2021-09-10,2021,-0.1352924340175036,-0.09482695634466386,0.0,False
RYAN,20,2021-08-18,2021-08-19,2021-09-17,2021,-0.0840898008753539,-0.05873876547457325,0.0,False
S,2,2021-07-01,2021-07-02,2021-08-02,2021,-0.2481147533919449,-0.1260554528399082,0.0,False
S,5,2021-07-07,2021-07-08,2021-08-05,2021,-0.0345866179676077,-0.12006528145583194,0.0,False
S,10,2021-07-14,2021-07-15,2021-08-12,2021,-0.0517184133069395,-0.05002731806937893,0.0,False
S,15,2021-07-21,2021-07-22,2021-08-19,2021,-0.1126645080540263,-0.047324968053534734,0.0,False
S,20,2021-07-28,2021-07-29,2021-08-26,2021,-0.2341987373223247,-0.0425356402914557,0.0,False
SANA,2,2021-02-05,2021-02-08,2021-03-09,2021,0.2822847504823008,-0.024955785599734985,0.0,False
SANA,5,2021-02-10,2021-02-11,2021-03-12,2021,0.2649310946628336,-0.010375613559731456,0.0,False
SANA,10,2021-02-18,2021-02-19,2021-03-19,2021,0.0575834059682706,-0.03836343039368478,0.0,False
SANA,15,2021-02-25,2021-02-26,2021-03-26,2021,0.0600344893255018,-0.08081150638154884,0.0,False
SANA,20,2021-03-04,2021-03-05,2021-04-05,2021,-0.1985066537790428,-0.05659017762782357,0.0,False
SEER,20,2021-01-04,2021-01-05,2021-02-03,2021,-0.1061455102929237,-0.012474905242614905,0.0,False
SERA,2,2021-07-16,2021-07-19,2021-08-16,2021,0.1226221949019414,-0.10719200652277791,0.0,False
SG,2,2021-11-19,2021-11-22,2021-12-21,2021,0.3950752074516742,-0.09276491163475559,0.0,False
SG,5,2021-11-24,2021-11-26,2021-12-27,2021,0.1475042748801873,-0.08405033763139058,0.0,False
SG,10,2021-12-02,2021-12-03,2022-01-03,2021,-0.0055448148623637,-0.021573667059558013,0.0,False
SG,15,2021-12-09,2021-12-10,2022-01-10,2021,0.0532095732100257,-0.02176160949414073,0.0,False
SG,20,2021-12-16,2021-12-17,2022-01-18,2021,0.1196535295471861,-0.02373534207737435,0.0,False
SGHT,2,2021-07-16,2021-07-19,2021-08-16,2021,-0.1549220872732049,-0.10719200652277791,0.0,False
SGHT,5,2021-07-21,2021-07-22,2021-08-19,2021,-0.0408722696524549,-0.047324968053534734,0.0,False
SGHT,10,2021-07-28,2021-07-29,2021-08-26,2021,0.0476404051051143,-0.0425356402914557,0.0,False
SGHT,15,2021-08-04,2021-08-05,2021-09-02,2021,0.2506067270609635,-0.028149938278583694,0.0,False
SGHT,20,2021-08-11,2021-08-12,2021-09-10,2021,0.1400955612736869,-0.09482695634466386,0.0,False
SHLS,2,2021-01-29,2021-02-01,2021-03-02,2021,-0.0382506406427766,-0.07973187708441415,0.0,False
SHLS,5,2021-02-03,2021-02-04,2021-03-05,2021,0.1106700366841898,-0.012549129700352962,0.0,False
SHLS,10,2021-02-10,2021-02-11,2021-03-12,2021,0.0473242304831063,-0.010375613559731456,0.0,False
SHLS,15,2021-02-18,2021-02-19,2021-03-19,2021,0.1509468076433384,-0.03836343039368478,0.0,False
SHLS,20,2021-02-25,2021-02-26,2021-03-26,2021,0.1250414385208511,-0.08081150638154884,0.0,False
SKYT,2,2021-04-22,2021-04-23,2021-05-21,2021,-0.3828253058679152,-0.040886831236141244,0.0,False
SKYT,5,2021-04-27,2021-04-28,2021-05-26,2021,-0.4384045704721619,-0.1210534783158311,0.0,False
SKYT,10,2021-05-04,2021-05-05,2021-06-03,2021,-0.2552088894271394,-0.048242735118169504,0.0,False
SKYT,15,2021-05-11,2021-05-12,2021-06-10,2021,-0.345812422452284,-0.02167005599279537,0.0,False
SKYT,20,2021-05-18,2021-05-19,2021-06-17,2021,-0.6847605555905478,-0.06149596779105164,0.0,False
SMWB,2,2021-05-13,2021-05-14,2021-06-14,2021,0.0056967061262159,-0.04379178302455319,0.0,False
SMWB,5,2021-05-18,2021-05-19,2021-06-17,2021,0.1052567760530793,-0.06149596779105164,0.0,False
SOPH,2,2021-07-26,2021-07-27,2021-08-24,2021,-0.0448138321046898,-0.11555701178679305,0.0,False
SOPH,5,2021-07-29,2021-07-30,2021-08-27,2021,-0.2444888633807223,-0.05823580360624215,0.0,False
SOPH,10,2021-08-05,2021-08-06,2021-09-03,2021,-0.0762000288449194,-0.02030500203106719,0.0,False
SOPH,15,2021-08-12,2021-08-13,2021-09-13,2021,0.0290631068042238,-0.0248988085647384,0.0,False
SRAD,2,2021-09-15,2021-09-16,2021-10-14,2021,0.1118280430905111,-0.019012673142700682,0.0,False
SRAD,5,2021-09-20,2021-09-21,2021-10-19,2021,0.1912233859564148,-0.05506175017635931,0.0,False
SRAD,10,2021-09-27,2021-09-28,2021-10-26,2021,0.1535489176718467,-0.03825878230859378,0.0,False
SRAD,15,2021-10-04,2021-10-05,2021-11-02,2021,0.1354854300417262,0.012316764462460666,0.0,True
SRAD,20,2021-10-11,2021-10-12,2021-11-09,2021,0.14321485513156,0.0147836463971839,0.0,True
STVN,2,2021-07-19,2021-07-20,2021-08-17,2021,-0.0033754404310195,-0.05258484171784373,0.0,False
STVN,5,2021-07-22,2021-07-23,2021-08-20,2021,-0.2480563325743289,-0.05247801929593978,0.0,False
STVN,10,2021-07-29,2021-07-30,2021-08-27,2021,-0.2486415717644646,-0.05823580360624215,0.0,False
STVN,15,2021-08-05,2021-08-06,2021-09-03,2021,-0.322104873297945,-0.02030500203106719,0.0,False
STVN,20,2021-08-12,2021-08-13,2021-09-13,2021,-0.2711054088449504,-0.0248988085647384,0.0,False
SWIM,2,2021-04-26,2021-04-27,2021-05-25,2021,-0.1459313844599698,-0.0928344843054866,0.0,False
SWIM,5,2021-04-29,2021-04-30,2021-05-28,2021,-0.2091969252981424,-0.0412486123608076,0.0,False
SWIM,10,2021-05-06,2021-05-07,2021-06-07,2021,-0.0820266022518496,-0.0323728765987116,0.0,False
SWIM,15,2021-05-13,2021-05-14,2021-06-14,2021,0.0817233741137304,-0.04379178302455319,0.0,False
SWIM,20,2021-05-20,2021-05-21,2021-06-21,2021,-0.0237179519949654,-0.06010123208308962,0.0,False
TASK,2,2021-06-14,2021-06-15,2021-07-14,2021,0.0591569909423414,-0.11638187713567769,0.0,False
TASK,5,2021-06-17,2021-06-18,2021-07-19,2021,0.0533896791797938,-0.07367503641910389,0.0,False
TASK,10,2021-06-24,2021-06-25,2021-07-26,2021,0.0868091781206456,-0.09248438826602091,0.0,False
TASK,15,2021-07-01,2021-07-02,2021-08-02,2021,0.0808616106827169,-0.1260554528399082,0.0,False
TASK,20,2021-07-09,2021-07-12,2021-08-09,2021,0.0358871358243944,-0.12364365350528311,0.0,False
TCBX,2,2021-11-10,2021-11-11,2021-12-10,2021,-0.1528897912260064,-0.0356887124365825,0.0,False
TCBX,5,2021-11-15,2021-11-16,2021-12-15,2021,-0.0540992592101469,-0.07121207545100454,0.0,False
TCRX,2,2021-07-19,2021-07-20,2021-08-17,2021,-0.1435493335206705,-0.05258484171784373,0.0,False
TDUP,2,2021-03-29,2021-03-30,2021-04-28,2021,0.4050235238538887,-0.011420813727750488,0.0,False
TDUP,5,2021-04-01,2021-04-05,2021-05-03,2021,0.2871928039158195,-0.08846885775084957,0.0,False
TDUP,10,2021-04-09,2021-04-12,2021-05-10,2021,-0.0015937009285224,-0.09101373674371083,0.0,False
TDUP,15,2021-04-16,2021-04-19,2021-05-17,2021,-0.2601744751336963,-0.024154978167272925,0.0,False
TDUP,20,2021-04-23,2021-04-26,2021-05-24,2021,-0.3098442036061741,-0.08942161133060797,0.0,False
TKNO,2,2021-06-28,2021-06-29,2021-07-28,2021,0.3524074809470755,-0.0819938414986877,0.0,False
TKNO,5,2021-07-01,2021-07-02,2021-08-02,2021,0.0637570873291535,-0.1260554528399082,0.0,False
TMCI,2,2021-04-26,2021-04-27,2021-05-25,2021,-0.0075979208509701,-0.0928344843054866,0.0,False
TMCI,5,2021-04-29,2021-04-30,2021-05-28,2021,-0.121557183225303,-0.0412486123608076,0.0,False
TMCI,10,2021-05-06,2021-05-07,2021-06-07,2021,-0.1644085630678017,-0.0323728765987116,0.0,False
TMCI,15,2021-05-13,2021-05-14,2021-06-14,2021,-0.2747617833817888,-0.04379178302455319,0.0,False
TMCI,20,2021-05-20,2021-05-21,2021-06-21,2021,-0.1474678339422797,-0.06010123208308962,0.0,False
TNYA,2,2021-08-02,2021-08-03,2021-08-31,2021,-0.1158915602634522,-0.05604985204377889,0.0,False
TNYA,5,2021-08-05,2021-08-06,2021-09-03,2021,-0.2674197707170629,-0.02030500203106719,0.0,False
TNYA,10,2021-08-12,2021-08-13,2021-09-13,2021,-0.0465301991331569,-0.0248988085647384,0.0,False
TNYA,15,2021-08-19,2021-08-20,2021-09-20,2021,0.0436102647639748,-0.044836222670090305,0.0,False
TNYA,20,2021-08-26,2021-08-27,2021-09-27,2021,0.084135876961942,-0.06071249805780687,0.0,False
TOST,2,2021-09-23,2021-09-24,2021-10-22,2021,0.1783160024488947,-0.03169842484651783,0.0,False
TOST,5,2021-09-28,2021-09-29,2021-10-27,2021,-0.0095723719833634,0.004838001928829953,0.0,True
TOST,10,2021-10-05,2021-10-06,2021-11-03,2021,-0.130361262087409,0.010922028754498653,0.0,True
TOST,15,2021-10-12,2021-10-13,2021-11-10,2021,0.1004520617806029,-0.02453560069779466,0.0,False
TOST,20,2021-10-19,2021-10-20,2021-11-17,2021,0.1487804077179508,-0.005486603285457667,0.0,False
TRDA,2,2021-11-01,2021-11-02,2021-12-01,2021,-0.4574878417494832,-0.07079438530910952,0.0,False
TRDA,5,2021-11-04,2021-11-05,2021-12-06,2021,0.0529219715718936,-0.01933044099517471,0.0,False
TRDA,10,2021-11-11,2021-11-12,2021-12-13,2021,0.3415091330557304,-0.06628871353403368,0.0,False
TRDA,15,2021-11-18,2021-11-19,2021-12-20,2021,0.5560543324618654,-0.08405033763139058,0.0,False
TRDA,20,2021-11-26,2021-11-29,2021-12-28,2021,0.3970691239714186,-0.06253336359894451,0.0,False
TUYA,2,2021-03-22,2021-03-23,2021-04-21,2021,0.2965862913923087,-0.02100907760134828,0.0,False
TUYA,5,2021-03-25,2021-03-26,2021-04-26,2021,0.054156403698013,-0.026779391723321777,0.0,False
TUYA,10,2021-04-01,2021-04-05,2021-05-03,2021,0.1646379814958229,-0.08846885775084957,0.0,False
TUYA,15,2021-04-09,2021-04-12,2021-05-10,2021,0.2792110115044283,-0.09101373674371083,0.0,False
TUYA,20,2021-04-16,2021-04-19,2021-05-17,2021,0.0364389108513587,-0.024154978167272925,0.0,False
TYRA,2,2021-09-16,2021-09-17,2021-10-15,2021,0.2005419612134973,-0.046809955253323925,0.0,False
TYRA,5,2021-09-21,2021-09-22,2021-10-20,2021,-0.0529125562863457,-0.004978213464601724,0.0,False
TYRA,10,2021-09-28,2021-09-29,2021-10-27,2021,-0.2453880837896777,0.004838001928829953,0.0,True
TYRA,15,2021-10-05,2021-10-06,2021-11-03,2021,-1.153566364237275,0.010922028754498653,0.0,True
TYRA,20,2021-10-12,2021-10-13,2021-11-10,2021,-0.770508788848798,-0.02453560069779466,0.0,False
ULCC,2,2021-04-05,2021-04-06,2021-05-04,2021,-0.0137918083289161,-0.023641655570160954,0.0,False
ULCC,5,2021-04-08,2021-04-09,2021-05-07,2021,0.0574762842231685,-0.02721317374791133,0.0,False
ULCC,10,2021-04-15,2021-04-16,2021-05-14,2021,-0.0482087265466681,-0.01782161942794383,0.0,False
ULCC,15,2021-04-22,2021-04-23,2021-05-21,2021,0.0379963863039846,-0.040886831236141244,0.0,False
ULCC,20,2021-04-29,2021-04-30,2021-05-28,2021,-0.0305972068898386,-0.0412486123608076,0.0,False
UPST,15,2021-01-07,2021-01-08,2021-02-08,2021,-0.3308050437437769,-0.025393641371052128,0.0,False
UPST,20,2021-01-14,2021-01-15,2021-02-16,2021,-0.537031746797786,-0.022583498015869813,0.0,False
VALN,2,2021-05-07,2021-05-10,2021-06-08,2021,0.0554436361597367,-0.03999029325801944,0.0,False
VINP,2,2021-01-29,2021-02-01,2021-03-02,2021,0.0677091811659496,-0.07973187708441415,0.0,False
VINP,5,2021-02-03,2021-02-04,2021-03-05,2021,0.0415209296639053,-0.012549129700352962,0.0,False
VINP,10,2021-02-10,2021-02-11,2021-03-12,2021,0.2009850022970003,-0.010375613559731456,0.0,False
VINP,15,2021-02-18,2021-02-19,2021-03-19,2021,0.2032693002070461,-0.03836343039368478,0.0,False
VINP,20,2021-02-25,2021-02-26,2021-03-26,2021,0.1871755317915771,-0.08081150638154884,0.0,False
VTEX,2,2021-07-22,2021-07-23,2021-08-20,2021,0.1330437792847937,-0.05247801929593978,0.0,False
VTEX,5,2021-07-27,2021-07-28,2021-08-25,2021,-0.0743470037360491,-0.051733159606276946,0.0,False
VTEX,10,2021-08-03,2021-08-04,2021-09-01,2021,0.0235472432319947,-0.0404185282093492,0.0,False
VTEX,15,2021-08-10,2021-08-11,2021-09-09,2021,0.171567878371594,-0.03404360056834525,0.0,False
VTEX,20,2021-08-17,2021-08-18,2021-09-16,2021,0.0492533547352683,-0.06831509892411744,0.0,False
WEAV,2,2021-11-12,2021-11-15,2021-12-14,2021,0.1534599975330263,-0.037374182074941406,0.0,False
WEAV,5,2021-11-17,2021-11-18,2021-12-17,2021,0.2797486865471889,-0.09064779955264908,0.0,False
WEAV,10,2021-11-24,2021-11-26,2021-12-27,2021,0.2695867287549295,-0.08405033763139058,0.0,False
WOOF,2,2021-01-15,2021-01-19,2021-02-17,2021,0.1677217178198633,-0.01034292160052605,0.0,False
WOOF,5,2021-01-21,2021-01-22,2021-02-22,2021,0.1201650747632708,-0.043958184231010215,0.0,False
WOOF,10,2021-01-28,2021-01-29,2021-03-01,2021,0.2252938868096591,-0.023825081981510624,0.0,False
WOOF,15,2021-02-04,2021-02-05,2021-03-08,2021,0.1723578967121775,-0.02833755724811555,0.0,False
WOOF,20,2021-02-11,2021-02-12,2021-03-15,2021,0.0533419096300381,-0.010375613559731456,0.0,False
WRBY,2,2021-09-30,2021-10-01,2021-10-29,2021,0.0289206745981089,0.04096556769269358,0.0,True
WRBY,5,2021-10-05,2021-10-06,2021-11-03,2021,0.0373108923176367,0.010922028754498653,0.0,True
WRBY,10,2021-10-12,2021-10-13,2021-11-10,2021,-0.0342799686791566,-0.02453560069779466,0.0,False
WRBY,15,2021-10-19,2021-10-20,2021-11-17,2021,-0.0519796074690976,-0.005486603285457667,0.0,False
WRBY,20,2021-10-26,2021-10-27,2021-11-24,2021,0.0800916067408245,-0.04690986841483758,0.0,False
XMTR,2,2021-07-01,2021-07-02,2021-08-02,2021,-0.2108944722157959,-0.1260554528399082,0.0,False
XMTR,5,2021-07-07,2021-07-08,2021-08-05,2021,-0.2722287564751665,-0.12006528145583194,0.0,False
XMTR,10,2021-07-14,2021-07-15,2021-08-12,2021,-0.2836703913243998,-0.05002731806937893,0.0,False
XMTR,15,2021-07-21,2021-07-22,2021-08-19,2021,0.0125955951047924,-0.047324968053534734,0.0,False
XMTR,20,2021-07-28,2021-07-29,2021-08-26,2021,-0.0513267268846954,-0.0425356402914557,0.0,False
XPOF,2,2021-07-26,2021-07-27,2021-08-24,2021,0.041654447889656,-0.11555701178679305,0.0,False
YMM,2,2021-06-24,2021-06-25,2021-07-26,2021,0.5538380090744502,-0.09248438826602091,0.0,False
YMM,5,2021-06-29,2021-06-30,2021-07-29,2021,0.3755010657442127,-0.12491725557790115,0.0,False
YMM,10,2021-07-07,2021-07-08,2021-08-05,2021,0.2890801713060625,-0.12006528145583194,0.0,False
YMM,15,2021-07-14,2021-07-15,2021-08-12,2021,0.3095925258546864,-0.05002731806937893,0.0,False
YMM,20,2021-07-21,2021-07-22,2021-08-19,2021,0.333512304313045,-0.047324968053534734,0.0,False
YOU,2,2021-07-01,2021-07-02,2021-08-02,2021,-0.3022255809738831,-0.1260554528399082,0.0,False
YOU,5,2021-07-07,2021-07-08,2021-08-05,2021,-0.3456278094880385,-0.12006528145583194,0.0,False
YOU,10,2021-07-14,2021-07-15,2021-08-12,2021,-0.3313297605859946,-0.05002731806937893,0.0,False
YOU,15,2021-07-21,2021-07-22,2021-08-19,2021,-0.1310276550546403,-0.047324968053534734,0.0,False
YOU,20,2021-07-28,2021-07-29,2021-08-26,2021,-0.0817265145689604,-0.0425356402914557,0.0,False
ZETA,2,2021-06-11,2021-06-14,2021-07-13,2021,0.2277237983960085,-0.1181682388489081,0.0,False
ZETA,5,2021-06-16,2021-06-17,2021-07-16,2021,0.2956128234127726,-0.07367503641910389,0.0,False
ZETA,10,2021-06-23,2021-06-24,2021-07-23,2021,0.3219645971901435,-0.028506150027149808,0.0,False
ZIM,2,2021-01-29,2021-02-01,2021-03-02,2021,-0.6611177377461023,-0.07973187708441415,0.0,False
ZIM,5,2021-02-03,2021-02-04,2021-03-05,2021,-0.3397537789840263,-0.012549129700352962,0.0,False
ZIM,10,2021-02-10,2021-02-11,2021-03-12,2021,-0.4306445197329395,-0.010375613559731456,0.0,False
ZIM,15,2021-02-18,2021-02-19,2021-03-19,2021,-0.335101737780869,-0.03836343039368478,0.0,False
ZIM,20,2021-02-25,2021-02-26,2021-03-26,2021,-0.3072308341496773,-0.08081150638154884,0.0,False
ZIP,2,2021-05-27,2021-05-28,2021-06-28,2021,-0.2042944219873846,-0.024016719861769092,0.0,False
ZIP,5,2021-06-02,2021-06-03,2021-07-01,2021,-0.0085300795450118,-0.03702616704863065,0.0,False
ZIP,10,2021-06-09,2021-06-10,2021-07-09,2021,-0.0488225311931626,-0.10920262311075647,0.0,False
ZIP,15,2021-06-16,2021-06-17,2021-07-16,2021,-0.2053118872642446,-0.07367503641910389,0.0,False
ZIP,20,2021-06-23,2021-06-24,2021-07-23,2021,-0.0582456234827204,-0.028506150027149808,0.0,False
ZVIA,2,2021-07-23,2021-07-26,2021-08-23,2021,0.0714146892905844,-0.05914715209836793,0.0,False
ZVIA,5,2021-07-28,2021-07-29,2021-08-26,2021,-0.1228535831170678,-0.0425356402914557,0.0,False
ACRV,2,2022-11-16,2022-11-17,2022-12-16,2022,0.2224582468724993,-0.17535867840451824,0.0,False
AMLX,2,2022-01-10,2022-01-11,2022-02-09,2022,-0.3097744551980909,-0.03630278066504312,0.0,False
AMLX,5,2022-01-13,2022-01-14,2022-02-14,2022,-0.045433799056328,-0.10151454974630966,0.0,False
AMLX,10,2022-01-21,2022-01-24,2022-02-22,2022,-0.7104619294235303,-0.10863790905238083,0.0,False
AMLX,15,2022-01-28,2022-01-31,2022-03-01,2022,-0.4497324956860334,-0.07467876713198912,0.0,False
AMLX,20,2022-02-04,2022-02-07,2022-03-08,2022,-0.4145092824626224,-0.08153896752129083,0.0,False
ANTX,2,2022-03-28,2022-03-29,2022-04-27,2022,-0.1474566298065666,-0.09242771952268644,0.0,False
ATAT,2,2022-11-14,2022-11-15,2022-12-14,2022,-0.2028020146681793,-0.12471976298563023,0.0,False
ATAT,5,2022-11-17,2022-11-18,2022-12-19,2022,-0.2060395988761822,-0.14961060872579118,0.0,False
ATAT,10,2022-11-25,2022-11-28,2022-12-27,2022,-0.5669504825123167,-0.02239716347431284,0.0,False
ATAT,15,2022-12-02,2022-12-05,2023-01-04,2022,-0.1710335811533593,-0.14990912030560677,0.0,False
ATAT,20,2022-12-09,2022-12-12,2023-01-11,2022,-0.4555682438195541,-0.08120558300302369,0.0,False
BLCO,2,2022-05-09,2022-05-10,2022-06-08,2022,0.1723732548836639,-0.06074934059196103,0.0,False
BLCO,5,2022-05-12,2022-05-13,2022-06-13,2022,0.121297991052716,-0.04977773101483448,0.0,False
BLCO,10,2022-05-19,2022-05-20,2022-06-21,2022,0.0282062249729071,-0.023915880426480646,0.0,False
BLCO,15,2022-05-26,2022-05-27,2022-06-28,2022,0.0406463678687728,-0.035767731825473645,0.0,False
BLCO,20,2022-06-03,2022-06-06,2022-07-06,2022,-0.0601570475404089,-0.036451376950560575,0.0,False
BLTE,2,2022-05-02,2022-05-03,2022-06-01,2022,-0.4688747409850862,-0.12390771615828405,0.0,False
BLTE,5,2022-05-05,2022-05-06,2022-06-06,2022,0.0461868661210004,-0.07138877929782605,0.0,False
BLTE,10,2022-05-12,2022-05-13,2022-06-13,2022,-0.6370932563724429,-0.04977773101483448,0.0,False
CRBG,2,2022-09-19,2022-09-20,2022-10-18,2022,-0.0832255736315464,-0.03345435466949629,0.0,False
CRBG,5,2022-09-22,2022-09-23,2022-10-21,2022,-0.057455424720825,-0.06615890138535796,0.0,False
CRBG,10,2022-09-29,2022-09-30,2022-10-28,2022,-0.0893036814267515,-0.0733550402947725,0.0,False
CRBG,15,2022-10-06,2022-10-07,2022-11-04,2022,-0.1038409925121131,-0.035767731825473645,0.0,False
CRBG,20,2022-10-13,2022-10-14,2022-11-11,2022,-0.0656150910219516,-0.06671502905612064,0.0,False
CRDO,2,2022-01-28,2022-01-31,2022-03-01,2022,-0.4064788526839079,-0.07467876713198912,0.0,False
CRDO,5,2022-02-02,2022-02-03,2022-03-04,2022,-0.2812286295940214,-0.07012314550826007,0.0,False
CRDO,10,2022-02-09,2022-02-10,2022-03-11,2022,-0.1881938014361219,-0.09339081892028384,0.0,False
CRDO,15,2022-02-16,2022-02-17,2022-03-18,2022,0.0581338362521504,-0.09407446404537076,0.0,False
CRDO,20,2022-02-24,2022-02-25,2022-03-25,2022,0.0440464021257108,-0.07449183612304769,0.0,False
ECBK,2,2022-07-29,2022-08-01,2022-08-29,2022,-0.0604058592984625,-0.22049499340307477,0.0,False
EE,2,2022-04-14,2022-04-18,2022-05-16,2022,-0.0165231519965173,-0.07960602405076707,0.0,False
EE,5,2022-04-20,2022-04-21,2022-05-19,2022,-0.1485116144156842,-0.09830086905141465,0.0,False
EE,10,2022-04-27,2022-04-28,2022-05-26,2022,-0.0572472920845069,-0.09281920923524771,0.0,False
EE,15,2022-05-04,2022-05-05,2022-06-03,2022,-0.1859534263233835,-0.03623061023173781,0.0,False
EE,20,2022-05-11,2022-05-12,2022-06-10,2022,-0.1896050453379736,-0.06074934059196103,0.0,False
FGI,2,2022-01-26,2022-01-27,2022-02-25,2022,0.1874859354733558,-0.1010097967491917,0.0,False
GCT,2,2022-08-19,2022-08-22,2022-09-20,2022,0.6130845660325841,-0.06446962597891431,0.0,False
GCT,5,2022-08-24,2022-08-25,2022-09-23,2022,0.3824810473678317,-0.0723535692454435,0.0,False
GCT,10,2022-08-31,2022-09-01,2022-09-30,2022,0.149363346361146,-0.06267022801616431,0.0,False
GCT,15,2022-09-08,2022-09-09,2022-10-07,2022,0.6144615597252878,-0.03826996665267221,0.0,False
GCT,20,2022-09-15,2022-09-16,2022-10-14,2022,0.5513754705583537,-0.045557322498524386,0.0,False
IE,2,2022-06-29,2022-06-30,2022-07-29,2022,0.1324174394368521,-0.06090656433416217,0.0,False
IE,5,2022-07-05,2022-07-06,2022-08-03,2022,0.1321337287572613,-0.06090656433416217,0.0,False
IMMX,20,2022-01-13,2022-01-14,2022-02-14,2022,0.1221497040258604,-0.10151454974630966,0.0,False
IOT,15,2022-01-05,2022-01-06,2022-02-04,2022,-0.0450034675722919,-0.047897925650116614,0.0,False
IOT,20,2022-01-12,2022-01-13,2022-02-11,2022,-0.0578483284714291,-0.09447501186220121,0.0,False
MAIA,2,2022-07-29,2022-08-01,2022-08-29,2022,0.4243218392068154,-0.22049499340307477,0.0,False
MAIA,5,2022-08-03,2022-08-04,2022-09-01,2022,0.1469299729486956,-0.22520957090927674,0.0,False
MBLY,2,2022-10-27,2022-10-28,2022-11-28,2022,0.0021660937410848,-0.06873662933312172,0.0,False
MBLY,5,2022-11-01,2022-11-02,2022-12-01,2022,-0.0932553267158788,-0.07949806205336742,0.0,False
MBLY,10,2022-11-08,2022-11-09,2022-12-08,2022,-0.1677144286363672,-0.1185867643521965,0.0,False
MBLY,15,2022-11-15,2022-11-16,2022-12-15,2022,-0.212404116055181,-0.12679710331582575,0.0,False
MBLY,20,2022-11-22,2022-11-23,2022-12-22,2022,-0.2438736151384311,-0.06873662933312172,0.0,False
NSTS,2,2022-01-20,2022-01-21,2022-02-18,2022,-0.0677005273645171,-0.11133988784678117,0.0,False
NU,20,2022-01-06,2022-01-07,2022-02-07,2022,0.0230040668197246,-0.023559127526387877,0.0,False
PEPG,2,2022-05-09,2022-05-10,2022-06-08,2022,0.0720132014462474,-0.06074934059196103,0.0,False
PRME,2,2022-10-21,2022-10-24,2022-11-21,2022,-0.0932818455344744,-0.06095892932633017,0.0,False
PRME,5,2022-10-26,2022-10-27,2022-11-25,2022,-0.2190875890407574,-0.07353237358920779,0.0,False
PRME,10,2022-11-02,2022-11-03,2022-12-02,2022,0.2390859957931738,-0.0740064299799256,0.0,False
PRME,15,2022-11-09,2022-11-10,2022-12-09,2022,0.1305634563579915,-0.07470231779728134,0.0,False
PRME,20,2022-11-16,2022-11-17,2022-12-16,2022,0.0293456575768041,-0.17535867840451824,0.0,False
SKYX,2,2022-02-11,2022-02-14,2022-03-15,2022,-0.3223581577455195,-0.08153896752129083,0.0,False
SNAL,2,2022-11-11,2022-11-14,2022-12-13,2022,0.3133071600779249,-0.12254771953753912,0.0,False
SNAL,5,2022-11-16,2022-11-17,2022-12-16,2022,0.4535544953331389,-0.17535867840451824,0.0,False
TPG,2,2022-01-14,2022-01-18,2022-02-15,2022,-0.0261148573337196,-0.10297649411434345,0.0,False
TPG,5,2022-01-20,2022-01-21,2022-02-18,2022,0.06424147329425,-0.11133988784678117,0.0,False
TPG,10,2022-01-27,2022-01-28,2022-02-28,2022,0.0336003346757421,-0.08898527245808108,0.0,False
TPG,15,2022-02-03,2022-02-04,2022-03-07,2022,0.0822737791671796,-0.08153896752129083,0.0,False
TPG,20,2022-02-10,2022-02-11,2022-03-14,2022,0.0620203179379711,-0.09339081892028384,0.0,False
ABVX,2,2023-10-23,2023-10-24,2023-11-21,2023,-0.1774605104687071,-0.07138049821146902,0.0,False
AESI,2,2023-03-10,2023-03-13,2023-04-11,2023,0.0259522541389276,-0.0416355781235654,0.0,False
AESI,5,2023-03-15,2023-03-16,2023-04-14,2023,-0.0692304676815201,-0.04543935523479636,0.0,False
AESI,10,2023-03-22,2023-03-23,2023-04-21,2023,-0.0710287614093431,0.013048445847270048,0.0,True
AESI,15,2023-03-29,2023-03-30,2023-04-28,2023,-0.0621893909013221,0.020921292491903876,0.0,True
AESI,20,2023-04-05,2023-04-06,2023-05-05,2023,0.0002916304381604,-0.01943123077165834,0.0,False
APGE,2,2023-07-17,2023-07-18,2023-08-15,2023,-0.1246720711301117,-0.15843967181695542,0.0,False
APGE,5,2023-07-20,2023-07-21,2023-08-18,2023,-0.2611457258203322,-0.14693763947545546,0.0,False
ARM,2,2023-09-15,2023-09-18,2023-10-16,2023,0.0488606510762161,-0.0705814102143511,0.0,False
ARM,5,2023-09-20,2023-09-21,2023-10-19,2023,-0.0235929396394965,-0.0796481015753187,0.0,False
ARM,10,2023-09-27,2023-09-28,2023-10-26,2023,-0.0132436547412907,-0.08688846892989202,0.0,False
ARM,15,2023-10-04,2023-10-05,2023-11-02,2023,0.0256323347654,-0.08688846892989202,0.0,False
ARM,20,2023-10-11,2023-10-12,2023-11-09,2023,0.0124111548671296,-0.08205557547078687,0.0,False
ATMU,2,2023-05-30,2023-05-31,2023-06-29,2023,-0.0018586780345458,-0.05707893806720006,0.0,False
ATMU,5,2023-06-02,2023-06-05,2023-07-05,2023,-0.0989948062639197,-0.07394220288978673,0.0,False
ATMU,10,2023-06-09,2023-06-12,2023-07-12,2023,-0.1725505360792334,-0.10240940509261832,0.0,False
ATMU,15,2023-06-16,2023-06-20,2023-07-19,2023,-0.1814971280025034,-0.08389500555892894,0.0,False
ATMU,20,2023-06-26,2023-06-27,2023-07-26,2023,-0.0615568000027104,-0.10439931953796204,0.0,False
BFRG,2,2023-02-15,2023-02-16,2023-03-17,2023,0.3829179148816788,-0.04770155980832164,0.0,False
BIRK,2,2023-10-12,2023-10-13,2023-11-10,2023,-0.0928799111528467,-0.08871660110167912,0.0,False
BIRK,5,2023-10-17,2023-10-18,2023-11-15,2023,-0.0267844080180344,-0.07747054231092866,0.0,False
BIRK,10,2023-10-24,2023-10-25,2023-11-22,2023,0.0078982527023161,-0.04807396950781591,0.0,False
BIRK,15,2023-10-31,2023-11-01,2023-11-30,2023,-0.1003926447120752,-0.056491063610290056,0.0,False
BIRK,20,2023-11-07,2023-11-08,2023-12-07,2023,-0.0818332182175332,-0.0385909647003005,0.0,False
CART,2,2023-09-20,2023-09-21,2023-10-19,2023,0.1317071387344239,-0.0796481015753187,0.0,False
CART,5,2023-09-25,2023-09-26,2023-10-24,2023,0.0795372550009562,-0.09589480386691447,0.0,False
CART,10,2023-10-02,2023-10-03,2023-10-31,2023,0.022656249617524,-0.08488454015906315,0.0,False
CART,15,2023-10-09,2023-10-10,2023-11-07,2023,-0.1793190255851074,-0.06937656944064012,0.0,False
CART,20,2023-10-16,2023-10-17,2023-11-14,2023,-0.0374247256535505,-0.07546661354009976,0.0,False
CAVA,2,2023-06-16,2023-06-20,2023-07-19,2023,-0.2504997168172824,-0.08389500555892894,0.0,False
CAVA,5,2023-06-22,2023-06-23,2023-07-24,2023,-0.3274569121285808,-0.08280418017938017,0.0,False
CAVA,10,2023-06-29,2023-06-30,2023-07-31,2023,-0.2844612359994774,-0.08066557003536402,0.0,False
CAVA,15,2023-07-07,2023-07-10,2023-08-07,2023,-0.3246680233996217,-0.13827396938699835,0.0,False
CAVA,20,2023-07-14,2023-07-17,2023-08-14,2023,-0.0407386471604313,-0.15196292829882976,0.0,False
FEBO,2,2023-12-01,2023-12-04,2024-01-03,2023,-0.2336583362634838,-0.012095847356003253,0.0,False
GENK,2,2023-06-29,2023-06-30,2023-07-31,2023,-0.3161821898210397,-0.08066557003536402,0.0,False
GENK,5,2023-07-05,2023-07-06,2023-08-03,2023,-0.1722532888403352,-0.07324323970247275,0.0,False
GNLX,2,2023-01-27,2023-01-30,2023-02-28,2023,-1.618284439980571,-0.06611483829482115,0.0,False
GPCR,2,2023-02-06,2023-02-07,2023-03-08,2023,-0.040052032252616,-0.08950741298268193,0.0,False
HG,2,2023-11-13,2023-11-14,2023-12-13,2023,0.0247553810705514,0.020068224787456977,0.0,True
HG,5,2023-11-16,2023-11-17,2023-12-18,2023,0.10330636298868,-0.014507701401184318,0.0,False
HG,10,2023-11-24,2023-11-27,2023-12-26,2023,0.1120084998025244,-0.06402111823939782,0.0,False
HSAI,2,2023-02-10,2023-02-13,2023-03-14,2023,0.1074085270688005,-0.11526759154304955,0.0,False
HSAI,5,2023-02-15,2023-02-16,2023-03-17,2023,0.2718997417161183,-0.04770155980832164,0.0,False
HSAI,10,2023-02-23,2023-02-24,2023-03-24,2023,0.1675342408691682,-0.05810129127512942,0.0,False
HSAI,15,2023-03-02,2023-03-03,2023-03-31,2023,0.231310150435109,-0.06551461803780839,0.0,False
HSAI,20,2023-03-09,2023-03-10,2023-04-10,2023,0.3930239919040644,-0.04394800034356256,0.0,False
KGS,2,2023-06-30,2023-07-03,2023-08-01,2023,-0.1440663678374726,-0.10173434598612796,0.0,False
KGS,5,2023-07-06,2023-07-07,2023-08-04,2023,-0.1948959460017782,-0.13653116045733313,0.0,False
KGS,10,2023-07-13,2023-07-14,2023-08-11,2023,-0.2404247634218077,-0.16249456591712652,0.0,False
KGS,15,2023-07-20,2023-07-21,2023-08-18,2023,-0.1796509402794509,-0.14693763947545546,0.0,False
KGS,20,2023-07-27,2023-07-28,2023-08-25,2023,-0.0378858384341611,-0.13418235636541273,0.0,False
KVUE,2,2023-05-05,2023-05-08,2023-06-06,2023,0.0683059880539189,-0.06388829887810879,0.0,False
KVUE,5,2023-05-10,2023-05-11,2023-06-09,2023,0.0705078170311231,-0.05736804001619831,0.0,False
KVUE,10,2023-05-17,2023-05-18,2023-06-16,2023,0.0952323935619352,-0.05555993462853857,0.0,False
KVUE,15,2023-05-24,2023-05-25,2023-06-26,2023,0.0039481910577137,-0.06142862271817939,0.0,False
KVUE,20,2023-06-01,2023-06-02,2023-07-03,2023,-0.0388634585277189,-0.07825109443149408,0.0,False
KVYO,2,2023-09-21,2023-09-22,2023-10-20,2023,0.0838145344824337,-0.10241523842062793,0.0,False
KVYO,5,2023-09-26,2023-09-27,2023-10-25,2023,0.1022163397651085,-0.08671267233085021,0.0,False
KVYO,10,2023-10-03,2023-10-04,2023-11-01,2023,0.0682585839503094,-0.08688846892989202,0.0,False
KVYO,15,2023-10-10,2023-10-11,2023-11-08,2023,0.1907954379581774,-0.07546661354009976,0.0,False
KVYO,20,2023-10-17,2023-10-18,2023-11-15,2023,0.1600107733612204,-0.07747054231092866,0.0,False
LXEO,2,2023-11-06,2023-11-07,2023-12-06,2023,-0.2983311933100288,0.015412706279012568,0.0,True
MLYS,2,2023-02-13,2023-02-14,2023-03-15,2023,-0.0035693105501729,-0.15637388072992978,0.0,False
MNR,2,2023-10-26,2023-10-27,2023-11-27,2023,0.1788986569440121,-0.08871660110167912,0.0,False
NMRA,2,2023-09-18,2023-09-19,2023-10-17,2023,0.2718070764472098,-0.06588910783242469,0.0,False
NMRA,5,2023-09-21,2023-09-22,2023-10-20,2023,-0.0219839123503102,-0.10241523842062793,0.0,False
NMRA,10,2023-09-28,2023-09-29,2023-10-27,2023,0.0178779754426545,-0.08488454015906315,0.0,False
NMRA,15,2023-10-05,2023-10-06,2023-11-03,2023,0.0039888719466377,-0.08688846892989202,0.0,False
NMRA,20,2023-10-12,2023-10-13,2023-11-10,2023,-0.2173482251931689,-0.08871660110167912,0.0,False
NXT,2,2023-02-10,2023-02-13,2023-03-14,2023,-0.1326426263817546,-0.11526759154304955,0.0,False
NXT,5,2023-02-15,2023-02-16,2023-03-17,2023,-0.0153899868043888,-0.04770155980832164,0.0,False
NXT,10,2023-02-23,2023-02-24,2023-03-24,2023,-0.0196651965773913,-0.05810129127512942,0.0,False
NXT,15,2023-03-02,2023-03-03,2023-03-31,2023,-0.0942969915706851,-0.06551461803780839,0.0,False
NXT,20,2023-03-09,2023-03-10,2023-04-10,2023,-0.0117287769659871,-0.04394800034356256,0.0,False
ODD,2,2023-07-20,2023-07-21,2023-08-18,2023,0.0283714156025234,-0.14693763947545546,0.0,False
ODD,5,2023-07-25,2023-07-26,2023-08-23,2023,0.0598084830912239,-0.16506055003913558,0.0,False
ODD,10,2023-08-01,2023-08-02,2023-08-30,2023,0.1567678925070856,-0.08873515842590794,0.0,False
ODD,15,2023-08-08,2023-08-09,2023-09-07,2023,0.2401556830085614,-0.041213181560982755,0.0,False
ODD,20,2023-08-15,2023-08-16,2023-09-14,2023,0.1389295392890911,-0.04531675686815569,0.0,False
RR,2,2023-11-20,2023-11-21,2023-12-20,2023,0.1693287436210577,-0.06811366951234962,0.0,False
SGMT,2,2023-07-17,2023-07-18,2023-08-15,2023,-0.0394403361068045,-0.15843967181695542,0.0,False
SKWD,2,2023-01-17,2023-01-18,2023-02-15,2023,-0.0352750837144252,-0.054742452531733814,0.0,False
SKWD,5,2023-01-20,2023-01-23,2023-02-21,2023,-0.0373537564020644,0.021477189332234217,0.0,True
SRFM,2,2023-07-28,2023-07-31,2023-08-28,2023,0.3824281327726057,-0.07930862620731907,0.0,False
SRFM,5,2023-08-02,2023-08-03,2023-08-31,2023,-0.0131548816532343,-0.06859555841519667,0.0,False
SVV,2,2023-06-30,2023-07-03,2023-08-01,2023,0.0006204161887506,-0.10173434598612796,0.0,False
SVV,5,2023-07-06,2023-07-07,2023-08-04,2023,-0.0524465993043698,-0.13653116045733313,0.0,False
SVV,10,2023-07-13,2023-07-14,2023-08-11,2023,-0.1385076408242468,-0.16249456591712652,0.0,False
SVV,15,2023-07-20,2023-07-21,2023-08-18,2023,-0.1914804899245337,-0.14693763947545546,0.0,False
SVV,20,2023-07-27,2023-07-28,2023-08-25,2023,-0.056014039307504,-0.13418235636541273,0.0,False
TXO,2,2023-01-30,2023-01-31,2023-03-01,2023,-0.1603338429857203,-0.07682026003572755,0.0,False
VTMX,2,2023-07-03,2023-07-05,2023-08-02,2023,-0.0132494709313439,-0.08900061339705181,0.0,False
VTMX,5,2023-07-07,2023-07-10,2023-08-07,2023,0.0409949822240481,-0.13827396938699835,0.0,False
VTMX,10,2023-07-14,2023-07-17,2023-08-14,2023,-0.023787219718609,-0.15196292829882976,0.0,False
VTMX,15,2023-07-21,2023-07-24,2023-08-21,2023,-0.1532152483831996,-0.1591835428659318,0.0,False
VTMX,20,2023-07-28,2023-07-31,2023-08-28,2023,-0.0987838108233788,-0.07930862620731907,0.0,False
AHR,2,2024-02-08,2024-02-09,2024-03-11,2024,-0.0589664117356367,-0.008701461736866867,0.0,False
AHR,5,2024-02-13,2024-02-14,2024-03-14,2024,-0.0061805428996754,0.013498230984227231,0.0,True
AHR,10,2024-02-21,2024-02-22,2024-03-21,2024,-0.0394661540699046,0.00123444633243058,0.0,True
AHR,15,2024-02-28,2024-02-29,2024-03-28,2024,-0.0917174946719776,-0.03502591447603479,0.0,False
AHR,20,2024-03-06,2024-03-07,2024-04-05,2024,-0.0094608901115951,-0.021958814697731612,0.0,False
ALAB,2,2024-03-21,2024-03-22,2024-04-22,2024,-0.1020514705407609,0.007099179310293694,0.0,True
ALAB,5,2024-03-26,2024-03-27,2024-04-25,2024,0.0386454884868281,-9.545143835317841e-05,0.0,False
ALAB,10,2024-04-03,2024-04-04,2024-05-02,2024,-0.2192192277149011,-0.01618904841735776,0.0,False
ALAB,15,2024-04-10,2024-04-11,2024-05-09,2024,-0.0072652264464504,-0.02413624075397673,0.0,False
ALAB,20,2024-04-17,2024-04-18,2024-05-16,2024,-0.0041573953358679,-0.020884028972570367,0.0,False
ALMS,2,2024-07-01,2024-07-02,2024-07-31,2024,0.0055825700283682,0.009613213307574947,0.0,True
ANRO,2,2024-02-05,2024-02-06,2024-03-06,2024,0.3170117079142729,-0.00032807101241676617,0.0,False
ANRO,5,2024-02-08,2024-02-09,2024-03-11,2024,0.2300107217042519,-0.008701461736866867,0.0,False
ANRO,10,2024-02-15,2024-02-16,2024-03-18,2024,0.0973134171719893,0.01172854784184156,0.0,True
ARDT,2,2024-07-19,2024-07-22,2024-08-19,2024,-0.0234744984662055,-0.004551536269190191,0.0,False
ARDT,5,2024-07-24,2024-07-25,2024-08-22,2024,-0.0056478767937312,-0.03619352551789753,0.0,False
ARDT,10,2024-07-31,2024-08-01,2024-08-29,2024,-0.1303078228264239,-0.007813011189568562,0.0,False
ARDT,15,2024-08-07,2024-08-08,2024-09-06,2024,-0.1914805196832712,-0.04503287956178602,0.0,False
ARTV,2,2024-07-22,2024-07-23,2024-08-20,2024,0.2078510411909377,0.0033092822660827637,0.0,True
AS,2,2024-02-02,2024-02-05,2024-03-05,2024,-0.0588991133307887,-0.005862239024160367,0.0,False
AS,5,2024-02-07,2024-02-08,2024-03-08,2024,-0.0162935936020162,-0.01801417961179096,0.0,False
AS,10,2024-02-14,2024-02-15,2024-03-15,2024,-0.0117706515512746,0.009337591697247873,0.0,True
AS,15,2024-02-22,2024-02-23,2024-03-22,2024,-0.0493509847240757,-0.01155448214539459,0.0,False
AS,20,2024-02-29,2024-03-01,2024-04-01,2024,0.0803833349526456,0.005979480151081977,0.0,True
AUNA,2,2024-03-25,2024-03-26,2024-04-24,2024,0.1817028383921349,-0.00707513848677796,0.0,False
AUNA,5,2024-03-28,2024-04-01,2024-04-29,2024,0.2766763228732862,-0.014149868073689375,0.0,False
AUNA,10,2024-04-05,2024-04-08,2024-05-06,2024,0.2248808214309241,-0.03793673800315831,0.0,False
AUNA,15,2024-04-12,2024-04-15,2024-05-13,2024,-0.1991080571970369,-0.014366420363889609,0.0,False
AUNA,20,2024-04-19,2024-04-22,2024-05-20,2024,-0.2559215546013701,-0.03402004492877475,0.0,False
AVBP,2,2024-01-29,2024-01-30,2024-02-28,2024,0.0382157598642199,-0.005788839886584682,0.0,False
AVBP,5,2024-02-01,2024-02-02,2024-03-04,2024,0.0042101944801304,0.015884381262977434,0.0,True
AVR,2,2024-12-16,2024-12-17,2025-01-17,2024,-0.1093075992537997,0.03675001888479487,0.0,True
BCAX,2,2024-09-16,2024-09-17,2024-10-15,2024,0.2782195135014049,-0.025205975468311027,0.0,False
BCAX,5,2024-09-19,2024-09-20,2024-10-18,2024,0.1124608796419095,-0.0383115192158047,0.0,False
BCAX,10,2024-09-26,2024-09-27,2024-10-25,2024,0.1135478075885121,-0.03612603960539043,0.0,False
BCAX,15,2024-10-03,2024-10-04,2024-11-01,2024,-0.0418511694755431,-0.019384395491553297,0.0,False
BCAX,20,2024-10-10,2024-10-11,2024-11-08,2024,-0.2757830838031725,-0.00717383909606599,0.0,False
BKV,2,2024-09-27,2024-09-30,2024-10-28,2024,0.0378815621115373,-0.006300962879043816,0.0,False
BKV,5,2024-10-02,2024-10-03,2024-10-31,2024,-0.0239439737355166,-0.019384395491553297,0.0,False
BKV,10,2024-10-09,2024-10-10,2024-11-07,2024,-0.0479328490839575,-0.012976571443054155,0.0,False
BKV,15,2024-10-16,2024-10-17,2024-11-14,2024,-0.1865066629649623,0.022468798577551744,0.0,True
BKV,20,2024-10-23,2024-10-24,2024-11-21,2024,-0.1987155919962048,0.0371707958035809,0.0,True
BOLD,2,2024-04-01,2024-04-02,2024-04-30,2024,0.191782362794723,-0.003013462237045428,0.0,False
BOLD,5,2024-04-04,2024-04-05,2024-05-03,2024,0.2639767329950285,-0.011222689155344717,0.0,False
BOW,2,2024-05-24,2024-05-28,2024-06-26,2024,0.0800875264404007,0.02395143993100734,0.0,True
BOW,5,2024-05-30,2024-05-31,2024-07-01,2024,0.0851670849246805,0.009123872566319585,0.0,True
BOW,10,2024-06-06,2024-06-07,2024-07-09,2024,0.0242662573499633,-0.02080073075383502,0.0,False
BOW,15,2024-06-13,2024-06-14,2024-07-16,2024,0.0082576721744526,-0.00430021259156022,0.0,False
BTSG,2,2024-01-29,2024-01-30,2024-02-28,2024,0.0903794929096494,-0.005788839886584682,0.0,False
BTSG,5,2024-02-01,2024-02-02,2024-03-04,2024,0.2014998866541408,0.015884381262977434,0.0,True
BTSG,10,2024-02-08,2024-02-09,2024-03-11,2024,0.1961837720422254,-0.008701461736866867,0.0,False
BTSG,15,2024-02-15,2024-02-16,2024-03-18,2024,0.155212554569411,0.01172854784184156,0.0,True
BTSG,20,2024-02-23,2024-02-26,2024-03-25,2024,-0.0580976564116564,-0.003843840667018146,0.0,False
CAMP,2,2024-10-14,2024-10-15,2024-11-12,2024,-0.2093573289565869,0.01882775384492924,0.0,True
CBLL,2,2024-10-14,2024-10-15,2024-11-12,2024,-0.138307617229048,0.01882775384492924,0.0,True
CBLL,5,2024-10-17,2024-10-18,2024-11-15,2024,-0.0126411676920777,0.002480744931548467,0.0,True
CBLL,10,2024-10-24,2024-10-25,2024-11-22,2024,0.0151126319338978,0.023293357674337514,0.0,True
CBLL,15,2024-10-31,2024-11-01,2024-12-02,2024,-0.0464001625906711,0.039964160587742735,0.0,True
CBLL,20,2024-11-07,2024-11-08,2024-12-09,2024,-0.0533849792467413,-0.015454347138204325,0.0,False
CGON,2,2024-01-26,2024-01-29,2024-02-27,2024,-0.2518790414294934,-0.0467066207811231,0.0,False
CGON,5,2024-01-31,2024-02-01,2024-03-01,2024,-0.1315599513462462,-0.003049945053996558,0.0,False
CGON,10,2024-02-07,2024-02-08,2024-03-08,2024,0.1536879177664954,-0.01801417961179096,0.0,False
CGON,15,2024-02-14,2024-02-15,2024-03-15,2024,0.1139161886263845,0.009337591697247873,0.0,True
CGON,20,2024-02-22,2024-02-23,2024-03-22,2024,0.1232091992518022,-0.01155448214539459,0.0,False
CON,2,2024-07-26,2024-07-29,2024-08-26,2024,-0.0224622916208225,-0.02189804736880276,0.0,False
CON,5,2024-07-31,2024-08-01,2024-08-29,2024,-0.0308670864668758,-0.007813011189568562,0.0,False
CON,10,2024-08-07,2024-08-08,2024-09-06,2024,-0.0742281676319259,-0.04503287956178602,0.0,False
CON,15,2024-08-14,2024-08-15,2024-09-13,2024,-0.0103581501027805,-0.003926525570178207,0.0,False
CON,20,2024-08-21,2024-08-22,2024-09-20,2024,0.0034035472412883,0.02151030384962358,0.0,True
CTNM,2,2024-04-08,2024-04-09,2024-05-07,2024,-0.0214991695311029,-0.012624452958200283,0.0,False
CTRI,2,2024-04-22,2024-04-23,2024-05-21,2024,-0.0528849119280229,-0.02529140851840476,0.0,False
CTRI,5,2024-04-25,2024-04-26,2024-05-24,2024,-0.042152028844223,-0.02652017784913881,0.0,False
CTRI,10,2024-05-02,2024-05-03,2024-06-03,2024,-0.1141340571353257,-0.02199424036211157,0.0,False
CTRI,15,2024-05-09,2024-05-10,2024-06-10,2024,-0.0574195505299343,-0.010660960156514925,0.0,False
CTRI,20,2024-05-16,2024-05-17,2024-06-17,2024,-0.0148355114461726,0.027748253058264057,0.0,True
FBLA,2,2024-10-24,2024-10-25,2024-11-22,2024,-0.0380820543203627,0.023293357674337514,0.0,True
FLX,2,2024-10-07,2024-10-08,2024-11-05,2024,0.1273457011293717,0.010766841837816673,0.0,True
FVR,2,2024-10-03,2024-10-04,2024-11-01,2024,-0.0060833490873395,-0.019384395491553297,0.0,False
FVR,5,2024-10-08,2024-10-09,2024-11-06,2024,0.0137549468936356,-0.012161654492855993,0.0,False
FVR,10,2024-10-15,2024-10-16,2024-11-13,2024,-0.011477811775009,0.008212254309894515,0.0,True
FVR,15,2024-10-22,2024-10-23,2024-11-20,2024,0.0244466205072218,0.0033794307108510734,0.0,True
FVR,20,2024-10-29,2024-10-30,2024-11-27,2024,-0.0550538880498757,0.008546131293136762,0.0,True
GAUZ,2,2024-06-07,2024-06-10,2024-07-10,2024,0.5050051991435157,0.002798455971892512,0.0,True
GRDN,2,2024-09-27,2024-09-30,2024-10-28,2024,0.0004877161563061,-0.006300962879043816,0.0,False
GRDN,5,2024-10-02,2024-10-03,2024-10-31,2024,-0.0925645183427821,-0.019384395491553297,0.0,False
GUTS,2,2024-02-05,2024-02-06,2024-03-06,2024,0.2377601979427583,-0.00032807101241676617,0.0,False
HDL,2,2024-05-20,2024-05-21,2024-06-20,2024,0.2229146295197425,0.028899539964418994,0.0,True
IBTA,2,2024-04-22,2024-04-23,2024-05-21,2024,0.0010400201703628,-0.02529140851840476,0.0,False
IBTA,5,2024-04-25,2024-04-26,2024-05-24,2024,0.0211219843755784,-0.02652017784913881,0.0,False
IBTA,10,2024-05-02,2024-05-03,2024-06-03,2024,0.1984876056732568,-0.02199424036211157,0.0,False
IBTA,15,2024-05-09,2024-05-10,2024-06-10,2024,0.198740093461125,-0.010660960156514925,0.0,False
IBTA,20,2024-05-16,2024-05-17,2024-06-17,2024,0.3798993344230171,0.027748253058264057,0.0,True
INGM,2,2024-10-25,2024-10-28,2024-11-25,2024,0.1121014368144843,0.0450098879127573,0.0,True
INGM,5,2024-10-30,2024-10-31,2024-11-29,2024,0.0638557287682275,0.04217741071141434,0.0,True
INGM,10,2024-11-06,2024-11-07,2024-12-06,2024,0.0628527263547596,0.0023503492599831082,0.0,True
INGM,15,2024-11-13,2024-11-14,2024-12-13,2024,0.0943857419659224,0.004502630134427395,0.0,True
INGM,20,2024-11-20,2024-11-21,2024-12-20,2024,0.0630603457153204,-0.030784504260235344,0.0,False
KLC,2,2024-10-10,2024-10-11,2024-11-08,2024,0.0085659484076529,-0.00717383909606599,0.0,False
KLC,5,2024-10-15,2024-10-16,2024-11-13,2024,0.1007560003109385,0.008212254309894515,0.0,True
KLC,10,2024-10-22,2024-10-23,2024-11-20,2024,0.1734402175931125,0.0033794307108510734,0.0,True
KLC,15,2024-10-29,2024-10-30,2024-11-27,2024,0.1739613221350986,0.008546131293136762,0.0,True
KLC,20,2024-11-05,2024-11-06,2024-12-05,2024,0.1578034343957362,0.008734375887118522,0.0,True
KSPI,2,2024-01-22,2024-01-23,2024-02-21,2024,-0.0860076763036506,-0.07679053677970707,0.0,False
KSPI,5,2024-01-25,2024-01-26,2024-02-26,2024,-0.102471413935693,-0.06280575212667777,0.0,False
KSPI,10,2024-02-01,2024-02-02,2024-03-04,2024,-0.1276225383443045,0.015884381262977434,0.0,True
KSPI,15,2024-02-08,2024-02-09,2024-03-11,2024,-0.222795717346319,-0.008701461736866867,0.0,False
KSPI,20,2024-02-15,2024-02-16,2024-03-18,2024,-0.222195468996186,0.01172854784184156,0.0,True
KYTX,2,2024-02-12,2024-02-13,2024-03-13,2024,0.0052120410372696,0.004670348648537937,0.0,True
KYTX,5,2024-02-15,2024-02-16,2024-03-18,2024,0.0910526612987633,0.01172854784184156,0.0,True
KYTX,10,2024-02-23,2024-02-26,2024-03-25,2024,0.1552526636725828,-0.003843840667018146,0.0,False
KYTX,15,2024-03-01,2024-03-04,2024-04-02,2024,0.16732162732035,-0.004623739536276607,0.0,False
KYTX,20,2024-03-08,2024-03-11,2024-04-09,2024,0.1193504271081502,-0.014719843008117265,0.0,False
LB,2,2024-07-01,2024-07-02,2024-07-31,2024,-0.4546657239504251,0.009613213307574947,0.0,True
LB,5,2024-07-05,2024-07-08,2024-08-05,2024,-0.1515791037262769,0.03062389385387546,0.0,True
LB,10,2024-07-12,2024-07-15,2024-08-12,2024,-0.1589203376546717,-0.06748711303161983,0.0,False
LB,15,2024-07-19,2024-07-22,2024-08-19,2024,-0.2319365865713291,-0.004551536269190191,0.0,False
LB,20,2024-07-26,2024-07-29,2024-08-26,2024,-0.2710723340492018,-0.02189804736880276,0.0,False
LIF,2,2024-06-07,2024-06-10,2024-07-10,2024,-0.2030715329950596,0.002798455971892512,0.0,True
LIF,5,2024-06-12,2024-06-13,2024-07-15,2024,-0.2399090150901098,-0.015006240426294932,0.0,False
LIF,10,2024-06-20,2024-06-21,2024-07-22,2024,-0.0571410842946644,-0.006435046700457815,0.0,False
LIF,15,2024-06-27,2024-06-28,2024-07-29,2024,-0.0426842267381226,-0.005570847969216293,0.0,False
LIF,20,2024-07-05,2024-07-08,2024-08-05,2024,0.0033380811004582,0.03062389385387546,0.0,True
LINE,2,2024-07-26,2024-07-29,2024-08-26,2024,-0.0148916914962592,-0.02189804736880276,0.0,False
LINE,5,2024-07-31,2024-08-01,2024-08-29,2024,0.0327517089406434,-0.007813011189568562,0.0,False
LINE,10,2024-08-07,2024-08-08,2024-09-06,2024,0.0827438218587842,-0.04503287956178602,0.0,False
LINE,15,2024-08-14,2024-08-15,2024-09-13,2024,-0.0064836530841321,-0.003926525570178207,0.0,False
LINE,20,2024-08-21,2024-08-22,2024-09-20,2024,0.0341058382298132,0.02151030384962358,0.0,True
LOAR,2,2024-04-26,2024-04-29,2024-05-28,2024,-0.0245365505017481,-0.02232712603046213,0.0,False
LOAR,5,2024-05-01,2024-05-02,2024-05-31,2024,-0.1196143243194121,-0.044195561506738305,0.0,False
LOAR,10,2024-05-08,2024-05-09,2024-06-07,2024,-0.2134558111583175,-0.01253013284468089,0.0,False
LOAR,15,2024-05-15,2024-05-16,2024-06-14,2024,-0.1585589614110088,0.03148590007282112,0.0,True
LOAR,20,2024-05-22,2024-05-23,2024-06-24,2024,0.0293445699082659,0.016852771367554607,0.0,True
MBX,2,2024-09-16,2024-09-17,2024-10-15,2024,-0.0892618513839077,-0.025205975468311027,0.0,False
MGX,2,2024-02-12,2024-02-13,2024-03-13,2024,0.0373614027241061,0.004670348648537937,0.0,True
MGX,5,2024-02-15,2024-02-16,2024-03-18,2024,0.0928477824945463,0.01172854784184156,0.0,True
MRX,2,2024-04-26,2024-04-29,2024-05-28,2024,-0.166966140761835,-0.02232712603046213,0.0,False
MRX,5,2024-05-01,2024-05-02,2024-05-31,2024,-0.0322897759887414,-0.044195561506738305,0.0,False
MRX,10,2024-05-08,2024-05-09,2024-06-07,2024,-0.0371036452065702,-0.01253013284468089,0.0,False
MRX,15,2024-05-15,2024-05-16,2024-06-14,2024,-0.0014315467887177,0.03148590007282112,0.0,True
MRX,20,2024-05-22,2024-05-23,2024-06-24,2024,0.1163222195227737,0.016852771367554607,0.0,True
NBBK,2,2023-12-29,2024-01-02,2024-01-31,2024,-0.0419804729131646,0.009713260175758045,0.0,True
NBBK,5,2024-01-04,2024-01-05,2024-02-05,2024,0.0233747465722651,-0.055543176751262635,0.0,False
NBBK,10,2024-01-11,2024-01-12,2024-02-12,2024,0.0182744036746648,-0.043354596677410255,0.0,False
NBBK,15,2024-01-19,2024-01-22,2024-02-20,2024,-0.0012432135649146,-0.05768029976921043,0.0,False
NBBK,20,2024-01-26,2024-01-29,2024-02-27,2024,0.0434543962531658,-0.0467066207811231,0.0,False
PACS,2,2024-04-12,2024-04-15,2024-05-13,2024,-0.0482034349850583,-0.014366420363889609,0.0,False
PACS,5,2024-04-17,2024-04-18,2024-05-16,2024,-0.1621522646047239,-0.020884028972570367,0.0,False
PACS,10,2024-04-24,2024-04-25,2024-05-23,2024,-0.1858693982259931,-0.01246928518448569,0.0,False
PACS,15,2024-05-01,2024-05-02,2024-05-31,2024,-0.2317830282372131,-0.044195561506738305,0.0,False
PACS,20,2024-05-08,2024-05-09,2024-06-07,2024,-0.2121165652102598,-0.01253013284468089,0.0,False
PAL,2,2024-05-10,2024-05-13,2024-06-11,2024,0.0327006135622774,0.005086585708580382,0.0,True
PONY,2,2024-11-29,2024-12-02,2024-12-31,2024,-0.1627112081089424,0.019762821274636723,0.0,True
PONY,5,2024-12-04,2024-12-05,2025-01-06,2024,-0.3242466363926153,0.015742303410089108,0.0,True
PONY,10,2024-12-11,2024-12-12,2025-01-14,2024,-0.0898347183939011,-0.027348674019086625,0.0,False
PONY,15,2024-12-18,2024-12-19,2025-01-22,2024,-0.064022419243038,-0.011030630712002176,0.0,False
PONY,20,2024-12-26,2024-12-27,2025-01-29,2024,0.040582761830067,-0.038062698206063485,0.0,False
RAPP,2,2024-06-10,2024-06-11,2024-07-11,2024,0.0805277911518685,0.004773238897119531,0.0,True
RAPP,5,2024-06-13,2024-06-14,2024-07-16,2024,-0.1889138365199368,-0.00430021259156022,0.0,False
RAPP,10,2024-06-21,2024-06-24,2024-07-23,2024,0.0671567102082713,-0.0025088093808998554,0.0,False
RAPP,15,2024-06-28,2024-07-01,2024-07-30,2024,0.0741646763302442,-0.005570847969216293,0.0,False
RAPP,20,2024-07-08,2024-07-09,2024-08-06,2024,-0.0946906689441367,0.019740104877675493,0.0,True
RBRK,2,2024-04-26,2024-04-29,2024-05-28,2024,0.1316292735561757,-0.02232712603046213,0.0,False
RBRK,5,2024-05-01,2024-05-02,2024-05-31,2024,0.115024668889143,-0.044195561506738305,0.0,False
RBRK,10,2024-05-08,2024-05-09,2024-06-07,2024,0.0054665744737066,-0.01253013284468089,0.0,False
RBRK,15,2024-05-15,2024-05-16,2024-06-14,2024,0.0980322181235581,0.03148590007282112,0.0,True
RBRK,20,2024-05-22,2024-05-23,2024-06-24,2024,0.1427918042061834,0.016852771367554607,0.0,True
RDDT,2,2024-03-22,2024-03-25,2024-04-23,2024,0.0196835691601874,-0.0011199989266753969,0.0,False
RDDT,5,2024-03-27,2024-03-28,2024-04-26,2024,0.0982983087524713,-0.023886472206698716,0.0,False
RDDT,10,2024-04-04,2024-04-05,2024-05-03,2024,-0.0597911462339215,-0.011222689155344717,0.0,False
RDDT,15,2024-04-11,2024-04-12,2024-05-10,2024,-0.2565111913863733,-0.019645805499659767,0.0,False
RDDT,20,2024-04-18,2024-04-19,2024-05-17,2024,-0.5178736806932164,-0.03292692995558754,0.0,False
SARO,2,2024-10-03,2024-10-04,2024-11-01,2024,0.0987526355460056,-0.019384395491553297,0.0,False
SARO,5,2024-10-08,2024-10-09,2024-11-06,2024,0.1063327574167574,-0.012161654492855993,0.0,False
SARO,10,2024-10-15,2024-10-16,2024-11-13,2024,0.1179512064330839,0.008212254309894515,0.0,True
SARO,15,2024-10-22,2024-10-23,2024-11-20,2024,0.0589647267321316,0.0033794307108510734,0.0,True
SARO,20,2024-10-29,2024-10-30,2024-11-27,2024,0.0056962238193289,0.008546131293136762,0.0,True
SDHC,2,2024-01-12,2024-01-16,2024-02-13,2024,-0.1237091893503012,-0.04288293300040196,0.0,False
SDHC,5,2024-01-18,2024-01-19,2024-02-16,2024,-0.0904258358214149,-0.036803372241681044,0.0,False
SDHC,10,2024-01-25,2024-01-26,2024-02-26,2024,-0.0770712021861076,-0.06280575212667777,0.0,False
SDHC,15,2024-02-01,2024-02-02,2024-03-04,2024,-0.2278716887981265,0.015884381262977434,0.0,True
SEPN,2,2024-10-28,2024-10-29,2024-11-26,2024,-0.151883894711871,0.02577589626823264,0.0,True
SEPN,5,2024-10-31,2024-11-01,2024-12-02,2024,-0.0290574281240162,0.039964160587742735,0.0,True
SEPN,10,2024-11-07,2024-11-08,2024-12-09,2024,0.1067770963742419,-0.015454347138204325,0.0,False
SEPN,15,2024-11-14,2024-11-15,2024-12-16,2024,0.0189193178430556,0.0019103530864037622,0.0,True
SVCO,2,2024-05-10,2024-05-13,2024-06-11,2024,0.0696955701448641,0.005086585708580382,0.0,True
SVCO,5,2024-05-15,2024-05-16,2024-06-14,2024,0.1151911908527941,0.03148590007282112,0.0,True
TBBB,2,2024-02-12,2024-02-13,2024-03-13,2024,-0.0735448413302349,0.004670348648537937,0.0,True
TBBB,5,2024-02-15,2024-02-16,2024-03-18,2024,-0.0830305874691562,0.01172854784184156,0.0,True
TBBB,10,2024-02-23,2024-02-26,2024-03-25,2024,-0.1621157823714132,-0.003843840667018146,0.0,False
TBBB,15,2024-03-01,2024-03-04,2024-04-02,2024,-0.108348301932495,-0.004623739536276607,0.0,False
TBBB,20,2024-03-08,2024-03-11,2024-04-09,2024,-0.0562805315685442,-0.014719843008117265,0.0,False
TBN,2,2024-06-28,2024-07-01,2024-07-30,2024,-0.1219767658541473,-0.005570847969216293,0.0,False
TEM,2,2024-06-17,2024-06-18,2024-07-18,2024,-0.0983803351974194,-0.014113522994937167,0.0,False
TEM,5,2024-06-21,2024-06-24,2024-07-23,2024,-0.3896100177151345,-0.0025088093808998554,0.0,False
TEM,10,2024-06-28,2024-07-01,2024-07-30,2024,-0.2842857380324259,-0.005570847969216293,0.0,False
TEM,15,2024-07-08,2024-07-09,2024-08-06,2024,-0.2360025278828619,0.019740104877675493,0.0,True
TEM,20,2024-07-15,2024-07-16,2024-08-13,2024,-0.1580383287591308,-0.02055842533184079,0.0,False
TTAN,2,2024-12-13,2024-12-16,2025-01-16,2024,-0.0705871035816423,-0.04514642274843551,0.0,False
TTAN,5,2024-12-18,2024-12-19,2025-01-22,2024,0.1211577986880185,-0.011030630712002176,0.0,False
TTAN,10,2024-12-26,2024-12-27,2025-01-29,2024,0.0500804773664076,-0.038062698206063485,0.0,False
TWFG,2,2024-07-19,2024-07-22,2024-08-19,2024,-0.1835537456936817,-0.004551536269190191,0.0,False
TWFG,5,2024-07-24,2024-07-25,2024-08-22,2024,-0.1671501379502228,-0.03619352551789753,0.0,False
TWFG,10,2024-07-31,2024-08-01,2024-08-29,2024,-0.1012492488519084,-0.007813011189568562,0.0,False
TWFG,15,2024-08-07,2024-08-08,2024-09-06,2024,-0.2510621791272609,-0.04503287956178602,0.0,False
TWFG,20,2024-08-14,2024-08-15,2024-09-13,2024,-0.163893549874725,-0.003926525570178207,0.0,False
ULS,2,2024-04-15,2024-04-16,2024-05-14,2024,-0.0349359067529955,-0.014577605538046007,0.0,False
ULS,5,2024-04-18,2024-04-19,2024-05-17,2024,-0.0430809989427047,-0.03292692995558754,0.0,False
ULS,10,2024-04-25,2024-04-26,2024-05-24,2024,-0.2174666997899496,-0.02652017784913881,0.0,False
ULS,15,2024-05-02,2024-05-03,2024-06-03,2024,-0.1006818078395867,-0.02199424036211157,0.0,False
ULS,20,2024-05-09,2024-05-10,2024-06-10,2024,-0.0850174065293451,-0.010660960156514925,0.0,False
UPB,2,2024-10-14,2024-10-15,2024-11-12,2024,-0.1456206618474922,0.01882775384492924,0.0,True
UPB,5,2024-10-17,2024-10-18,2024-11-15,2024,-0.088915557749094,0.002480744931548467,0.0,True
UPB,10,2024-10-24,2024-10-25,2024-11-22,2024,0.2803737797632948,0.023293357674337514,0.0,True
UPB,15,2024-10-31,2024-11-01,2024-12-02,2024,0.2388679925407352,0.039964160587742735,0.0,True
UPB,20,2024-11-07,2024-11-08,2024-12-09,2024,0.1781094702804922,-0.015454347138204325,0.0,False
VIK,2,2024-05-02,2024-05-03,2024-06-03,2024,-0.1210850710635358,-0.02199424036211157,0.0,False
VIK,5,2024-05-07,2024-05-08,2024-06-06,2024,-0.043120566088856,-0.027496568646906357,0.0,False
VIK,10,2024-05-14,2024-05-15,2024-06-13,2024,-0.1426486293160381,0.024197243305605198,0.0,True
VIK,15,2024-05-21,2024-05-22,2024-06-21,2024,-0.0363618174373268,0.022688438450513947,0.0,True
VIK,20,2024-05-29,2024-05-30,2024-06-28,2024,-0.0730591637059348,0.019841206629301434,0.0,True
WAY,2,2024-06-10,2024-06-11,2024-07-11,2024,0.0668820677935038,0.004773238897119531,0.0,True
WAY,5,2024-06-13,2024-06-14,2024-07-16,2024,0.0073352123725117,-0.00430021259156022,0.0,False
WAY,10,2024-06-21,2024-06-24,2024-07-23,2024,-0.1005593389882511,-0.0025088093808998554,0.0,False
WAY,15,2024-06-28,2024-07-01,2024-07-30,2024,-0.1128834496686616,-0.005570847969216293,0.0,False
WAY,20,2024-07-08,2024-07-09,2024-08-06,2024,-0.0938471719952389,0.019740104877675493,0.0,True
WBTN,2,2024-06-28,2024-07-01,2024-07-30,2024,0.0490320271340597,-0.005570847969216293,0.0,False
WBTN,5,2024-07-03,2024-07-05,2024-08-02,2024,-0.0503827934114753,0.05012221294353595,0.0,True
WBTN,10,2024-07-11,2024-07-12,2024-08-09,2024,0.2571598335160013,-0.0506740052989742,0.0,False
WBTN,15,2024-07-18,2024-07-19,2024-08-16,2024,0.379888997525791,-0.04237560850097113,0.0,False
WBTN,20,2024-07-25,2024-07-26,2024-08-23,2024,0.3858407895910358,-0.013388103199263666,0.0,False
WRD,2,2024-10-28,2024-10-29,2024-11-26,2024,-0.018939787918883,0.02577589626823264,0.0,True
WRD,5,2024-10-31,2024-11-01,2024-12-02,2024,-0.0830400777120258,0.039964160587742735,0.0,True
XCH,2,2024-09-11,2024-09-12,2024-10-10,2024,-0.6356484066286368,-0.03149879274987567,0.0,False
ZBIO,2,2024-09-16,2024-09-17,2024-10-15,2024,-0.0897630978190285,-0.025205975468311027,0.0,False
AAPG,2,2025-01-27,2025-01-28,2025-02-26,2025,-0.2378824481384815,-0.0035405500784424756,0.0,False
AARD,2,2025-02-14,2025-02-18,2025-03-18,2025,0.1465462364942461,-0.0008934799507867184,0.0,False
AERO,2,2025-11-07,2025-11-10,2025-12-09,2025,0.0518485685838261,-0.001823389306065374,0.0,False
AERO,5,2025-11-12,2025-11-13,2025-12-12,2025,-0.0546996889121015,-0.003769455123902422,0.0,False
AERO,10,2025-11-19,2025-11-20,2025-12-19,2025,-0.2530505840931683,-0.01613213302951488,0.0,False
AERO,15,2025-11-26,2025-11-28,2025-12-29,2025,-0.1896165791003354,-0.0075209806417393076,0.0,False
AERO,20,2025-12-04,2025-12-05,2026-01-06,2025,-0.1155681809087869,-0.025409979465305335,0.0,False
AII,2,2025-05-09,2025-05-12,2025-06-10,2025,0.0918832761028529,-0.06668788543026463,0.0,False
AIRO,2,2025-06-16,2025-06-17,2025-07-17,2025,0.2292601578027868,-0.03605310644854564,0.0,False
AIRO,5,2025-06-20,2025-06-23,2025-07-22,2025,-0.0627187037645772,-0.03988389692269446,0.0,False
AIRO,10,2025-06-27,2025-06-30,2025-07-29,2025,0.140325971637313,-0.02505586024383184,0.0,False
AIRO,15,2025-07-07,2025-07-08,2025-08-05,2025,-0.0324079163656695,-0.006106689496586517,0.0,False
AIRO,20,2025-07-14,2025-07-15,2025-08-12,2025,0.2993335684290595,-0.012252699382932365,0.0,False
ALH,2,2025-10-10,2025-10-13,2025-11-10,2025,-0.0644158608734641,-0.021628240252561413,0.0,False
ALH,5,2025-10-15,2025-10-16,2025-11-13,2025,-0.0241433188997819,-0.005007156721002232,0.0,False
ALH,10,2025-10-22,2025-10-23,2025-11-20,2025,0.0754441643305628,-0.007893836276479124,0.0,False
ALH,15,2025-10-29,2025-10-30,2025-11-28,2025,0.0545975179066513,-0.015234276292345219,0.0,False
ALH,20,2025-11-05,2025-11-06,2025-12-05,2025,0.1503650263137307,-0.006267994449704847,0.0,False
AMBQ,2,2025-07-31,2025-08-01,2025-08-29,2025,0.0591837231314977,-0.021854001545320363,0.0,False
AMBQ,5,2025-08-05,2025-08-06,2025-09-04,2025,-0.1453999419468888,0.011587995726813693,0.0,True
AMBQ,10,2025-08-12,2025-08-13,2025-09-11,2025,0.1158897088620157,0.008220791464513703,0.0,True
AMBQ,15,2025-08-19,2025-08-20,2025-09-18,2025,0.1369740720598977,0.0010880382111772028,0.0,True
AMBQ,20,2025-08-26,2025-08-27,2025-09-25,2025,0.2916707302255824,0.004243713967603907,0.0,True
ANDG,2,2025-12-18,2025-12-19,2026-01-21,2025,0.1497407179277933,0.015889238812191418,0.0,True
ANDG,5,2025-12-23,2025-12-24,2026-01-26,2025,0.0672734858113301,-0.03127694524309985,0.0,False
ANTA,2,2025-05-15,2025-05-16,2025-06-16,2025,-0.077443198427502,-0.02224301471424281,0.0,False
ANTA,5,2025-05-20,2025-05-21,2025-06-20,2025,0.0909237813262092,-0.06704483981628445,0.0,False
ARX,2,2025-07-25,2025-07-28,2025-08-25,2025,-0.0204523101669975,0.0006657544593677869,0.0,True
ARX,5,2025-07-30,2025-07-31,2025-08-28,2025,0.195784358136069,-0.004550930115585735,0.0,False
ARX,10,2025-08-06,2025-08-07,2025-09-05,2025,0.2899383856382971,0.012388295052571467,0.0,True
ARX,15,2025-08-13,2025-08-14,2025-09-12,2025,0.4125696172291936,0.008171545250094909,0.0,True
ARX,20,2025-08-20,2025-08-21,2025-09-19,2025,0.5002880640112009,-0.004216154233200207,0.0,False
ASIC,2,2025-06-12,2025-06-13,2025-07-15,2025,0.1540108031307117,-0.03577229534220203,0.0,False
AUGO,2,2025-07-17,2025-07-18,2025-08-15,2025,-0.189163429945706,0.011364477668089438,0.0,True
AUGO,5,2025-07-22,2025-07-23,2025-08-20,2025,-0.1163255134918534,-0.01943645257842719,0.0,False
AUGO,10,2025-07-29,2025-07-30,2025-08-27,2025,-0.2130707084284902,-0.002929740991585912,0.0,False
AUGO,15,2025-08-05,2025-08-06,2025-09-04,2025,-0.2248956651500606,0.011587995726813693,0.0,True
AUGO,20,2025-08-12,2025-08-13,2025-09-11,2025,-0.2065599893659424,0.008220791464513703,0.0,True
BBNX,2,2025-01-31,2025-02-03,2025-03-04,2025,0.1627167703799716,-0.014416704756710188,0.0,False
BBNX,5,2025-02-05,2025-02-06,2025-03-07,2025,0.1910425223176148,-0.015669106490323485,0.0,False
BBNX,10,2025-02-12,2025-02-13,2025-03-14,2025,0.2026831981607889,0.011412932261438967,0.0,True
BBNX,15,2025-02-20,2025-02-21,2025-03-21,2025,0.1897708584599418,0.0001071587016443172,0.0,True
BBNX,20,2025-02-27,2025-02-28,2025-03-28,2025,0.3467852741371455,-0.012036712223584607,0.0,False
BETA,2,2025-11-05,2025-11-06,2025-12-05,2025,0.2425981094346687,-0.006267994449704847,0.0,False
BETA,5,2025-11-10,2025-11-11,2025-12-10,2025,0.066053552266433,0.001063290249411516,0.0,True
BETA,10,2025-11-17,2025-11-18,2025-12-17,2025,-0.0187813684960079,-0.01613213302951488,0.0,False
BETA,15,2025-11-24,2025-11-25,2025-12-24,2025,-0.0964359555259399,-0.01039389633730325,0.0,False
BETA,20,2025-12-02,2025-12-03,2026-01-02,2025,0.047206673727056,-0.03472891651355551,0.0,False
BLLN,2,2025-11-07,2025-11-10,2025-12-09,2025,-0.0980529789080795,-0.001823389306065374,0.0,False
BLLN,5,2025-11-12,2025-11-13,2025-12-12,2025,-0.0436607042203701,-0.003769455123902422,0.0,False
BLLN,10,2025-11-19,2025-11-20,2025-12-19,2025,-0.0520285871626936,-0.01613213302951488,0.0,False
BLLN,15,2025-11-26,2025-11-28,2025-12-29,2025,0.3530034709611557,-0.0075209806417393076,0.0,False
BLLN,20,2025-12-04,2025-12-05,2026-01-06,2025,0.0965453534710037,-0.025409979465305335,0.0,False
BLSH,2,2025-08-14,2025-08-15,2025-09-15,2025,0.3318743650198562,0.0033374276432492447,0.0,True
BLSH,5,2025-08-19,2025-08-20,2025-09-18,2025,-0.0641502317800451,0.0010880382111772028,0.0,True
BLSH,10,2025-08-26,2025-08-27,2025-09-25,2025,0.0639765935482647,0.004243713967603907,0.0,True
BLSH,15,2025-09-03,2025-09-04,2025-10-02,2025,-0.288137548087394,-0.007080213763375044,0.0,False
BLSH,20,2025-09-10,2025-09-11,2025-10-09,2025,-0.3063540627004414,0.001392573341282228,0.0,True
BRCB,2,2025-09-15,2025-09-16,2025-10-14,2025,0.0982422278210562,-0.009736024321895858,0.0,False
BRCB,5,2025-09-18,2025-09-19,2025-10-17,2025,0.133073441954213,-0.013762048673518707,0.0,False
BRCB,10,2025-09-25,2025-09-26,2025-10-24,2025,-0.0330811253527773,-0.01817357228023832,0.0,False
BRCB,15,2025-10-02,2025-10-03,2025-10-31,2025,-0.1604714907590335,-0.007131058090161505,0.0,False
BRCB,20,2025-10-09,2025-10-10,2025-11-07,2025,-0.0715125469121893,-0.012848728108575057,0.0,False
CAI,2,2025-06-20,2025-06-23,2025-07-22,2025,-0.0852859228955966,-0.03988389692269446,0.0,False
CAI,5,2025-06-25,2025-06-26,2025-07-25,2025,-0.0803588611858804,-0.022892249122943777,0.0,False
CAI,10,2025-07-02,2025-07-03,2025-08-01,2025,-0.0802107585907936,-0.022489708723915626,0.0,False
CAI,15,2025-07-10,2025-07-11,2025-08-08,2025,-0.1114002343142545,0.0008346343870566422,0.0,True
CAI,20,2025-07-17,2025-07-18,2025-08-15,2025,-0.1493402047356263,0.011364477668089438,0.0,True
CARL,2,2025-07-24,2025-07-25,2025-08-22,2025,0.1089853800650742,-0.005801285655140298,0.0,False
CARL,5,2025-07-29,2025-07-30,2025-08-27,2025,0.0396356139376326,-0.002929740991585912,0.0,False
CARL,10,2025-08-05,2025-08-06,2025-09-04,2025,-0.049295440701383,0.011587995726813693,0.0,True
CBC,2,2025-11-24,2025-11-25,2025-12-24,2025,0.027640250595474,-0.01039389633730325,0.0,False
CBC,5,2025-11-28,2025-12-01,2025-12-30,2025,-0.023352355495802,0.005269599397109014,0.0,True
CBC,10,2025-12-05,2025-12-08,2026-01-07,2025,-0.0446140107991944,-0.03757092095018479,0.0,False
CBC,15,2025-12-12,2025-12-15,2026-01-14,2025,-0.073625167966796,-0.013945158296862551,0.0,False
CBC,20,2025-12-19,2025-12-22,2026-01-22,2025,-0.0992804809584904,-0.013881864255162756,0.0,False
CBK,2,2025-10-03,2025-10-06,2025-11-03,2025,-0.0100736520966939,-0.007131058090161505,0.0,False
CDNL,2,2025-12-11,2025-12-12,2026-01-13,2025,-0.0416137306563963,-0.02123354181063981,0.0,False
CDNL,5,2025-12-16,2025-12-17,2026-01-16,2025,-0.0314580124478723,-0.028282736926914846,0.0,False
CDNL,10,2025-12-23,2025-12-24,2026-01-26,2025,-0.1974119769677934,-0.03127694524309985,0.0,False
CEPF,2,2025-08-22,2025-08-25,2025-09-23,2025,0.0111210926041045,0.04101511332628974,0.0,True
CEPF,5,2025-08-27,2025-08-28,2025-09-26,2025,-0.0027683584200795,-0.000157021954233508,0.0,False
CHA,2,2025-04-21,2025-04-22,2025-05-20,2025,0.2655664531424231,-0.04536286326706986,0.0,False
CHA,5,2025-04-24,2025-04-25,2025-05-23,2025,0.1198833341818304,-0.019961834147191285,0.0,False
CHA,10,2025-05-01,2025-05-02,2025-06-02,2025,0.1873195945639442,0.02521140458791244,0.0,True
CHA,15,2025-05-08,2025-05-09,2025-06-09,2025,0.018957147179576,0.0469414892615834,0.0,True
CHA,20,2025-05-15,2025-05-16,2025-06-16,2025,-0.0039226570371899,-0.02224301471424281,0.0,False
CHYM,2,2025-06-13,2025-06-16,2025-07-16,2025,0.1306237893164072,-0.038628094777107096,0.0,False
CHYM,5,2025-06-18,2025-06-20,2025-07-21,2025,0.0032310748858672,-0.038777719541738025,0.0,False
CHYM,10,2025-06-26,2025-06-27,2025-07-28,2025,0.0217164538517954,-0.031563128249141086,0.0,False
CHYM,15,2025-07-03,2025-07-07,2025-08-04,2025,-0.070636026514281,-0.013610401383554767,0.0,False
CHYM,20,2025-07-11,2025-07-14,2025-08-11,2025,0.0135431331517899,-0.010309465481202623,0.0,False
CRCL,2,2025-06-06,2025-06-09,2025-07-09,2025,-0.4911039472811279,0.011505547021210313,0.0,True
CRCL,5,2025-06-11,2025-06-12,2025-07-14,2025,-0.7381663355033428,-0.016801217805054263,0.0,False
CRCL,10,2025-06-18,2025-06-20,2025-07-21,2025,0.1146976737417987,-0.038777719541738025,0.0,False
CRCL,15,2025-06-26,2025-06-27,2025-07-28,2025,0.163462817872733,-0.031563128249141086,0.0,False
CRCL,20,2025-07-03,2025-07-07,2025-08-04,2025,0.1249405830215804,-0.013610401383554767,0.0,False
CRWV,2,2025-03-31,2025-04-01,2025-04-30,2025,-0.1150990271199202,-0.025630268100847092,0.0,False
CRWV,5,2025-04-03,2025-04-04,2025-05-05,2025,0.0581383614371705,-0.06256293391061114,0.0,False
CRWV,10,2025-04-10,2025-04-11,2025-05-12,2025,-0.237022760480503,-0.02991324089454898,0.0,False
CRWV,15,2025-04-17,2025-04-21,2025-05-19,2025,-1.0306344352987522,-0.06184443654804484,0.0,False
CRWV,20,2025-04-25,2025-04-28,2025-05-27,2025,-1.865463217124248,-0.037573954676837246,0.0,False
ETOR,2,2025-05-15,2025-05-16,2025-06-16,2025,0.0756621975330857,-0.02224301471424281,0.0,False
ETOR,5,2025-05-20,2025-05-21,2025-06-20,2025,0.0827722710224669,-0.06704483981628445,0.0,False
ETOR,10,2025-05-28,2025-05-29,2025-06-27,2025,0.0187138271838307,0.02720322032856266,0.0,True
ETOR,15,2025-06-04,2025-06-05,2025-07-07,2025,0.0616711835814537,-0.0044420918687232275,0.0,False
ETOR,20,2025-06-11,2025-06-12,2025-07-14,2025,0.0942720938078717,-0.016801217805054263,0.0,False
EVMN,2,2025-11-07,2025-11-10,2025-12-09,2025,0.0430247712970465,-0.001823389306065374,0.0,False
FATN,2,2025-04-09,2025-04-10,2025-05-09,2025,0.1083955172116443,-0.003964322155448713,0.0,False
FATN,5,2025-04-14,2025-04-15,2025-05-14,2025,-0.1760427682222831,-0.06256293391061114,0.0,False
FATN,10,2025-04-22,2025-04-23,2025-05-21,2025,-0.0578288414698131,-0.04536286326706986,0.0,False
FATN,15,2025-04-29,2025-04-30,2025-05-29,2025,-0.0714190509135174,0.019481806743508627,0.0,True
FIG,2,2025-08-01,2025-08-04,2025-09-02,2025,0.4375573534697433,-0.026947669105652213,0.0,False
FIG,5,2025-08-06,2025-08-07,2025-09-05,2025,0.3666859555544786,0.012388295052571467,0.0,True
FIG,10,2025-08-13,2025-08-14,2025-09-12,2025,0.3575507181837236,0.008171545250094909,0.0,True
FIG,15,2025-08-20,2025-08-21,2025-09-19,2025,0.2184911362545294,-0.004216154233200207,0.0,False
FIG,20,2025-08-27,2025-08-28,2025-09-26,2025,0.2319772765041945,-0.000157021954233508,0.0,False
FIGR,2,2025-09-12,2025-09-15,2025-10-13,2025,-0.3426610065706467,-0.0022956170558224593,0.0,False
FIGR,5,2025-09-17,2025-09-18,2025-10-16,2025,-0.0863686024960469,-0.01326130862086671,0.0,False
FIGR,10,2025-09-24,2025-09-25,2025-10-23,2025,-0.0355621995749588,-0.02502803876054966,0.0,False
FIGR,15,2025-10-01,2025-10-02,2025-10-30,2025,-0.0650210353106059,-0.00705262028949111,0.0,False
FIGR,20,2025-10-08,2025-10-09,2025-11-06,2025,0.2304901965872713,-0.011963803463475442,0.0,False
FLOC,2,2025-01-17,2025-01-21,2025-02-19,2025,0.1090008553360764,-0.020630689097008083,0.0,False
FLOC,5,2025-01-23,2025-01-24,2025-02-24,2025,0.0423707596386723,-0.027366880043079918,0.0,False
FLOC,10,2025-01-30,2025-01-31,2025-03-03,2025,0.0542797665654595,-0.027133055417294254,0.0,False
FLOC,15,2025-02-06,2025-02-07,2025-03-10,2025,0.1673376173654001,-0.0019649086917140476,0.0,False
FLOC,20,2025-02-13,2025-02-14,2025-03-17,2025,0.0057989312820944,0.0010106152241843038,0.0,True
FLY,2,2025-08-08,2025-08-11,2025-09-09,2025,0.101750274229214,0.0019813826266981797,0.0,True
FLY,5,2025-08-13,2025-08-14,2025-09-12,2025,0.1348465524130497,0.008171545250094909,0.0,True
FLY,10,2025-08-20,2025-08-21,2025-09-19,2025,0.0382710222373584,-0.004216154233200207,0.0,False
FLY,15,2025-08-27,2025-08-28,2025-09-26,2025,0.2288869030287,-0.000157021954233508,0.0,False
FLY,20,2025-09-04,2025-09-05,2025-10-03,2025,0.3486725293966819,-0.007080213763375044,0.0,False
FRMI,2,2025-10-02,2025-10-03,2025-10-31,2025,0.1261142881378258,-0.007131058090161505,0.0,False
FRMI,5,2025-10-07,2025-10-08,2025-11-05,2025,0.0203254180815222,-0.005226962915190477,0.0,False
FRMI,10,2025-10-14,2025-10-15,2025-11-12,2025,0.3071115505114581,-0.0187282776234051,0.0,False
FRMI,15,2025-10-21,2025-10-22,2025-11-19,2025,0.1875880014810295,-0.005007156721002232,0.0,False
FRMI,20,2025-10-28,2025-10-29,2025-11-26,2025,0.4157636183691734,-0.01650066592780202,0.0,False
GEMI,2,2025-09-15,2025-09-16,2025-10-14,2025,0.2917059154850542,-0.009736024321895858,0.0,False
GEMI,5,2025-09-18,2025-09-19,2025-10-17,2025,0.1650761282667148,-0.013762048673518707,0.0,False
GEMI,10,2025-09-25,2025-09-26,2025-10-24,2025,0.2316275514766128,-0.01817357228023832,0.0,False
GEMI,15,2025-10-02,2025-10-03,2025-10-31,2025,0.1937766554084989,-0.007131058090161505,0.0,False
GEMI,20,2025-10-09,2025-10-10,2025-11-07,2025,0.3375191565223975,-0.012848728108575057,0.0,False
GLOO,2,2025-11-20,2025-11-21,2025-12-22,2025,0.3951462125621009,-0.06380008760450874,0.0,False
GLOO,5,2025-11-25,2025-11-26,2025-12-26,2025,0.3067163662828912,-0.0075209806417393076,0.0,False
HCHL,2,2025-06-25,2025-06-26,2025-07-25,2025,0.1941229704615903,-0.022892249122943777,0.0,False
HNGE,2,2025-05-23,2025-05-27,2025-06-25,2025,-0.0647656263973978,0.016843250819640623,0.0,True
HNGE,5,2025-05-29,2025-05-30,2025-06-30,2025,-0.3028770702400213,0.016843250819640623,0.0,True
HNGE,10,2025-06-05,2025-06-06,2025-07-08,2025,-0.0967723088482563,-0.0044420918687232275,0.0,False
HNGE,15,2025-06-12,2025-06-13,2025-07-15,2025,-0.3089070728517442,-0.03577229534220203,0.0,False
HNGE,20,2025-06-20,2025-06-23,2025-07-22,2025,-0.0892181566452487,-0.03988389692269446,0.0,False
HTFL,2,2025-08-12,2025-08-13,2025-09-11,2025,-0.1005007539086292,0.008220791464513703,0.0,True
HTFL,5,2025-08-15,2025-08-18,2025-09-16,2025,0.0072431617282571,-0.005363127648018702,0.0,False
HTFL,10,2025-08-22,2025-08-25,2025-09-23,2025,-0.2107555822895369,0.04101511332628974,0.0,True
HTFL,15,2025-08-29,2025-09-02,2025-09-30,2025,-0.0595689487401077,-0.0012841059442910952,0.0,False
HTFL,20,2025-09-08,2025-09-09,2025-10-07,2025,0.031498148764216,-0.011912959136688982,0.0,False
HYNE,2,2025-12-05,2025-12-08,2026-01-07,2025,-0.0413603313795873,-0.03757092095018479,0.0,False
INR,2,2025-02-03,2025-02-04,2025-03-05,2025,0.1625635569114075,-0.0038376776607011815,0.0,False
INR,5,2025-02-06,2025-02-07,2025-03-10,2025,0.0756767814412989,-0.0019649086917140476,0.0,False
INR,10,2025-02-13,2025-02-14,2025-03-17,2025,0.0168056397472034,0.0010106152241843038,0.0,True
INR,15,2025-02-21,2025-02-24,2025-03-24,2025,0.0378772161135153,-0.013535515199355228,0.0,False
INR,20,2025-02-28,2025-03-03,2025-03-31,2025,-0.1265515679913976,-0.011395387690968454,0.0,False
JCAP,2,2025-06-27,2025-06-30,2025-07-29,2025,0.123213294170598,-0.02505586024383184,0.0,False
JCAP,5,2025-07-02,2025-07-03,2025-08-01,2025,0.0533138221674001,-0.022489708723915626,0.0,False
JCAP,10,2025-07-10,2025-07-11,2025-08-08,2025,-0.0442373252122737,0.0008346343870566422,0.0,True
KLAR,2,2025-09-12,2025-09-15,2025-10-13,2025,0.0818393318986608,-0.0022956170558224593,0.0,False
KLAR,5,2025-09-17,2025-09-18,2025-10-16,2025,0.1912363696134118,-0.01326130862086671,0.0,False
KLAR,10,2025-09-24,2025-09-25,2025-10-23,2025,0.1220116917793798,-0.02502803876054966,0.0,False
KLAR,15,2025-10-01,2025-10-02,2025-10-30,2025,0.0122162048686773,-0.00705262028949111,0.0,False
KLAR,20,2025-10-08,2025-10-09,2025-11-06,2025,0.1555541727005968,-0.011963803463475442,0.0,False
KMTS,2,2025-03-07,2025-03-10,2025-04-07,2025,-0.3158509940176692,-0.0693668986072666,0.0,False
KMTS,5,2025-03-12,2025-03-13,2025-04-10,2025,-0.2802645887450204,-0.01938420984543103,0.0,False
KMTS,10,2025-03-19,2025-03-20,2025-04-17,2025,-0.2006439930496682,-0.021320763304171125,0.0,False
KMTS,15,2025-03-26,2025-03-27,2025-04-25,2025,-0.1168825547285376,-0.04743470143935807,0.0,False
KMTS,20,2025-04-02,2025-04-03,2025-05-02,2025,0.0998005767229024,-0.056628593741564766,0.0,False
KRMN,2,2025-02-14,2025-02-18,2025-03-18,2025,-0.2320095983032302,-0.0008934799507867184,0.0,False
KRMN,5,2025-02-20,2025-02-21,2025-03-21,2025,-0.33669827161702,0.0001071587016443172,0.0,True
KRMN,10,2025-02-27,2025-02-28,2025-03-28,2025,-0.2694683129338309,-0.012036712223584607,0.0,False
KRMN,15,2025-03-06,2025-03-07,2025-04-04,2025,-0.110165132137404,-0.03624569662209009,0.0,False
KRMN,20,2025-03-13,2025-03-14,2025-04-11,2025,-0.0655514636028184,-0.01938420984543103,0.0,False
LBRX,2,2025-09-12,2025-09-15,2025-10-13,2025,0.02475155055693,-0.0022956170558224593,0.0,False
LGN,2,2025-09-15,2025-09-16,2025-10-14,2025,-0.0668191738869926,-0.009736024321895858,0.0,False
LGN,5,2025-09-18,2025-09-19,2025-10-17,2025,-0.1679101950915386,-0.013762048673518707,0.0,False
LGN,10,2025-09-25,2025-09-26,2025-10-24,2025,-0.1183872049040805,-0.01817357228023832,0.0,False
LGN,15,2025-10-02,2025-10-03,2025-10-31,2025,-0.393148128395451,-0.007131058090161505,0.0,False
LGN,20,2025-10-09,2025-10-10,2025-11-07,2025,-0.1771798477420149,-0.012848728108575057,0.0,False
LMRI,2,2025-12-12,2025-12-15,2026-01-14,2025,0.1529493197429436,-0.013945158296862551,0.0,False
LMRI,5,2025-12-17,2025-12-18,2026-01-20,2025,0.0999858847972997,0.013426782126399675,0.0,True
LMRI,10,2025-12-24,2025-12-26,2026-01-27,2025,0.2242965248702808,-0.03127694524309985,0.0,False
MAZE,2,2025-02-03,2025-02-04,2025-03-05,2025,0.1427396457415616,-0.0038376776607011815,0.0,False
MAZE,5,2025-02-06,2025-02-07,2025-03-10,2025,-0.081741667360542,-0.0019649086917140476,0.0,False
MDLN,2,2025-12-18,2025-12-19,2026-01-21,2025,-0.1288178941074619,0.015889238812191418,0.0,True
MDLN,5,2025-12-23,2025-12-24,2026-01-26,2025,-0.0368783566629708,-0.03127694524309985,0.0,False
MENS,2,2025-06-18,2025-06-20,2025-07-21,2025,-0.3151384343031408,-0.038777719541738025,0.0,False
MH,2,2025-07-25,2025-07-28,2025-08-25,2025,0.1308352045639759,0.0006657544593677869,0.0,True
MH,5,2025-07-30,2025-07-31,2025-08-28,2025,0.046776851094372,-0.004550930115585735,0.0,False
MH,10,2025-08-06,2025-08-07,2025-09-05,2025,-0.1479132658556107,0.012388295052571467,0.0,True
MH,15,2025-08-13,2025-08-14,2025-09-12,2025,-0.0383149894748029,0.008171545250094909,0.0,True
MH,20,2025-08-20,2025-08-21,2025-09-19,2025,0.1567115413938072,-0.004216154233200207,0.0,False
MIAX,2,2025-08-15,2025-08-18,2025-09-16,2025,-0.1909130326749211,-0.005363127648018702,0.0,False
MIAX,5,2025-08-20,2025-08-21,2025-09-19,2025,-0.1323470080469009,-0.004216154233200207,0.0,False
MIAX,10,2025-08-27,2025-08-28,2025-09-26,2025,-0.2060798253673168,-0.000157021954233508,0.0,False
MIAX,15,2025-09-04,2025-09-05,2025-10-03,2025,-0.2005070775579759,-0.007080213763375044,0.0,False
MIAX,20,2025-09-11,2025-09-12,2025-10-10,2025,-0.1964399784076165,-0.0017656854169188574,0.0,False
MNTN,2,2025-05-23,2025-05-27,2025-06-25,2025,0.2375518513764008,0.016843250819640623,0.0,True
MNTN,5,2025-05-29,2025-05-30,2025-06-30,2025,0.2060691449401603,0.016843250819640623,0.0,True
MNTN,10,2025-06-05,2025-06-06,2025-07-08,2025,0.1536286391638661,-0.0044420918687232275,0.0,False
MNTN,15,2025-06-12,2025-06-13,2025-07-15,2025,-0.2194716031278647,-0.03577229534220203,0.0,False
MNTN,20,2025-06-20,2025-06-23,2025-07-22,2025,-0.3304372182601249,-0.03988389692269446,0.0,False
MPLT,2,2025-10-28,2025-10-29,2025-11-26,2025,0.1780324703935952,-0.01650066592780202,0.0,False
MPLT,5,2025-10-31,2025-11-03,2025-12-02,2025,0.206170057525466,-0.018306218710426442,0.0,False
NAVN,2,2025-10-31,2025-11-03,2025-12-02,2025,0.1873795127827557,-0.018306218710426442,0.0,False
NAVN,5,2025-11-05,2025-11-06,2025-12-05,2025,0.2058146675255661,-0.006267994449704847,0.0,False
NAVN,10,2025-11-12,2025-11-13,2025-12-12,2025,0.1690689896695109,-0.003769455123902422,0.0,False
NAVN,15,2025-11-19,2025-11-20,2025-12-19,2025,-0.0713231351086452,-0.01613213302951488,0.0,False
NAVN,20,2025-11-26,2025-11-28,2025-12-29,2025,-0.005289088427038,-0.0075209806417393076,0.0,False
NIQ,2,2025-07-24,2025-07-25,2025-08-22,2025,0.0845405065256552,-0.005801285655140298,0.0,False
NIQ,5,2025-07-29,2025-07-30,2025-08-27,2025,0.1156825477897009,-0.002929740991585912,0.0,False
NIQ,10,2025-08-05,2025-08-06,2025-09-04,2025,-0.0478295421493457,0.011587995726813693,0.0,True
NIQ,15,2025-08-12,2025-08-13,2025-09-11,2025,-0.0077254292568504,0.008220791464513703,0.0,True
NIQ,20,2025-08-19,2025-08-20,2025-09-18,2025,0.0356022073194528,0.0010880382111772028,0.0,True
NNNN,2,2025-02-20,2025-02-21,2025-03-21,2025,-0.4707270481536802,0.0001071587016443172,0.0,True
NP,2,2025-10-02,2025-10-03,2025-10-31,2025,0.0870612980765422,-0.007131058090161505,0.0,False
NP,5,2025-10-07,2025-10-08,2025-11-05,2025,0.015421547937099,-0.005226962915190477,0.0,False
NP,10,2025-10-14,2025-10-15,2025-11-12,2025,0.1013422900437103,-0.0187282776234051,0.0,False
NP,15,2025-10-21,2025-10-22,2025-11-19,2025,0.0198866887480667,-0.005007156721002232,0.0,False
NP,20,2025-10-28,2025-10-29,2025-11-26,2025,-0.0254362264645736,-0.01650066592780202,0.0,False
NTSK,2,2025-09-19,2025-09-22,2025-10-20,2025,0.1053362114560069,-0.007761717994941977,0.0,False
NTSK,5,2025-09-24,2025-09-25,2025-10-23,2025,-0.0076598729951043,-0.02502803876054966,0.0,False
NTSK,10,2025-10-01,2025-10-02,2025-10-30,2025,-0.0680111269071261,-0.00705262028949111,0.0,False
NTSK,15,2025-10-08,2025-10-09,2025-11-06,2025,-0.0146608653642522,-0.011963803463475442,0.0,False
NTSK,20,2025-10-15,2025-10-16,2025-11-13,2025,0.1256565159049787,-0.005007156721002232,0.0,False
OMDA,2,2025-06-09,2025-06-10,2025-07-10,2025,0.2131876549899368,0.011505547021210313,0.0,True
OMDA,5,2025-06-12,2025-06-13,2025-07-15,2025,-0.062734457937753,-0.03577229534220203,0.0,False
OMDA,10,2025-06-20,2025-06-23,2025-07-22,2025,-0.2410751871659194,-0.03988389692269446,0.0,False
OMDA,15,2025-06-27,2025-06-30,2025-07-29,2025,-0.0381224863826616,-0.02505586024383184,0.0,False
OMDA,20,2025-07-07,2025-07-08,2025-08-05,2025,0.052728943101647,-0.006106689496586517,0.0,False
OMSE,2,2025-05-14,2025-05-15,2025-06-13,2025,0.1507525245050181,-0.0551494808663926,0.0,False
PTRN,2,2025-09-22,2025-09-23,2025-10-21,2025,0.0113419032243724,-0.03120913361804132,0.0,False
PTRN,5,2025-09-25,2025-09-26,2025-10-24,2025,-0.41098093965742,-0.01817357228023832,0.0,False
PTRN,10,2025-10-02,2025-10-03,2025-10-31,2025,-0.2450115035812693,-0.007131058090161505,0.0,False
PTRN,15,2025-10-09,2025-10-10,2025-11-07,2025,-0.2569577791221508,-0.012848728108575057,0.0,False
PTRN,20,2025-10-16,2025-10-17,2025-11-14,2025,-0.2750980308269122,-0.029153603490802503,0.0,False
PXED,2,2025-10-10,2025-10-13,2025-11-10,2025,0.1110314919836967,-0.021628240252561413,0.0,False
SAIL,2,2025-02-14,2025-02-18,2025-03-18,2025,0.0604215472777113,-0.0008934799507867184,0.0,False
SAIL,5,2025-02-20,2025-02-21,2025-03-21,2025,0.0319189225727676,0.0001071587016443172,0.0,True
SAIL,10,2025-02-27,2025-02-28,2025-03-28,2025,0.0606777778662282,-0.012036712223584607,0.0,False
SAIL,15,2025-03-06,2025-03-07,2025-04-04,2025,0.0829560935270319,-0.03624569662209009,0.0,False
SAIL,20,2025-03-13,2025-03-14,2025-04-11,2025,-0.0675290666864965,-0.01938420984543103,0.0,False
SFD,2,2025-01-29,2025-01-30,2025-02-28,2025,-0.0598544447461602,-0.014092185013758191,0.0,False
SFD,5,2025-02-03,2025-02-04,2025-03-05,2025,-0.0010592267929305,-0.0038376776607011815,0.0,False
SFD,10,2025-02-10,2025-02-11,2025-03-12,2025,-0.0583405315665442,0.0066168699212089295,0.0,True
SFD,15,2025-02-18,2025-02-19,2025-03-19,2025,0.011829199103685,-0.0011279798774046388,0.0,False
SFD,20,2025-02-25,2025-02-26,2025-03-26,2025,0.042256209733866,-0.012036712223584607,0.0,False
SI,2,2025-08-01,2025-08-04,2025-09-02,2025,-0.1141754456461865,-0.026947669105652213,0.0,False
SION,2,2025-02-10,2025-02-11,2025-03-12,2025,0.1050841068320113,0.0066168699212089295,0.0,True
SLDE,2,2025-06-20,2025-06-23,2025-07-22,2025,0.2374656062447425,-0.03988389692269446,0.0,False
SLDE,5,2025-06-25,2025-06-26,2025-07-25,2025,0.0820383953544609,-0.022892249122943777,0.0,False
SLDE,10,2025-07-02,2025-07-03,2025-08-01,2025,0.0755738306155645,-0.022489708723915626,0.0,False
SLDE,15,2025-07-10,2025-07-11,2025-08-08,2025,0.0654671295290016,0.0008346343870566422,0.0,True
SLDE,20,2025-07-17,2025-07-18,2025-08-15,2025,0.1968313875244793,0.011364477668089438,0.0,True
SMA,2,2025-04-03,2025-04-04,2025-05-05,2025,-0.0165190315033616,-0.06256293391061114,0.0,False
SMA,5,2025-04-08,2025-04-09,2025-05-08,2025,-0.0080504159954123,-0.014532398531276861,0.0,False
SMA,10,2025-04-15,2025-04-16,2025-05-15,2025,0.0162408636171154,-0.04536286326706986,0.0,False
SMA,15,2025-04-23,2025-04-24,2025-05-22,2025,-0.0827585668686264,-0.019961834147191285,0.0,False
SMA,20,2025-04-30,2025-05-01,2025-05-30,2025,-0.0416023273035944,0.019481806743508627,0.0,True
STUB,2,2025-09-18,2025-09-19,2025-10-17,2025,0.136644068793383,-0.013762048673518707,0.0,False
STUB,5,2025-09-23,2025-09-24,2025-10-22,2025,-0.0831803326185558,-0.03120913361804132,0.0,False
STUB,10,2025-09-30,2025-10-01,2025-10-29,2025,-0.14330707478609,-0.004650328663973224,0.0,False
STUB,15,2025-10-07,2025-10-08,2025-11-05,2025,-0.0567717947719687,-0.005226962915190477,0.0,False
STUB,20,2025-10-14,2025-10-15,2025-11-12,2025,-0.0251867714670676,-0.0187282776234051,0.0,False
TTAM,2,2025-02-10,2025-02-11,2025-03-12,2025,0.0397118526974579,0.0066168699212089295,0.0,True
TTAM,5,2025-02-13,2025-02-14,2025-03-17,2025,0.0207904515936558,0.0010106152241843038,0.0,True
TTAM,10,2025-02-21,2025-02-24,2025-03-24,2025,0.0585115797465193,-0.013535515199355228,0.0,False
TTAM,15,2025-02-28,2025-03-03,2025-03-31,2025,0.0809606243105247,-0.011395387690968454,0.0,False
TTAM,20,2025-03-07,2025-03-10,2025-04-07,2025,0.1413459628179642,-0.0693668986072666,0.0,False
TTAN,15,2025-01-03,2025-01-06,2025-02-05,2025,0.0224653197170196,-0.01582250640258602,0.0,False
TTAN,20,2025-01-13,2025-01-14,2025-02-12,2025,-0.0180520277652859,-0.044958418712108504,0.0,False
VIA,2,2025-09-15,2025-09-16,2025-10-14,2025,0.0721962719930561,-0.009736024321895858,0.0,False
VIA,5,2025-09-18,2025-09-19,2025-10-17,2025,-0.0006153195352291,-0.013762048673518707,0.0,False
VIA,10,2025-09-25,2025-09-26,2025-10-24,2025,-0.0449240582508834,-0.01817357228023832,0.0,False
VIA,15,2025-10-02,2025-10-03,2025-10-31,2025,-0.1414200898884706,-0.007131058090161505,0.0,False
VIA,20,2025-10-09,2025-10-10,2025-11-07,2025,-0.1334515960531433,-0.012848728108575057,0.0,False
VOYG,2,2025-06-12,2025-06-13,2025-07-15,2025,0.2117876995385102,-0.03577229534220203,0.0,False
VOYG,5,2025-06-17,2025-06-18,2025-07-18,2025,0.1910004046756728,-0.040648872097395754,0.0,False
VOYG,10,2025-06-25,2025-06-26,2025-07-25,2025,0.0778325348314926,-0.022892249122943777,0.0,False
VOYG,15,2025-07-02,2025-07-03,2025-08-01,2025,-0.0116231491420343,-0.022489708723915626,0.0,False
VOYG,20,2025-07-10,2025-07-11,2025-08-08,2025,0.2712571838449837,0.0008346343870566422,0.0,True
WBI,2,2025-09-18,2025-09-19,2025-10-17,2025,-0.0840780616285668,-0.013762048673518707,0.0,False
WBI,5,2025-09-23,2025-09-24,2025-10-22,2025,-0.0417834447736042,-0.03120913361804132,0.0,False
WBI,10,2025-09-30,2025-10-01,2025-10-29,2025,0.0934026887885691,-0.004650328663973224,0.0,False
WBI,15,2025-10-07,2025-10-08,2025-11-05,2025,0.0679738399669351,-0.005226962915190477,0.0,False
WBI,20,2025-10-14,2025-10-15,2025-11-12,2025,0.0067197483637592,-0.0187282776234051,0.0,False
WLTH,2,2025-12-16,2025-12-17,2026-01-16,2025,0.2539317301204207,-0.028282736926914846,0.0,False
WLTH,5,2025-12-19,2025-12-22,2026-01-22,2025,0.2772619010277791,-0.013881864255162756,0.0,False
WLTH,10,2025-12-29,2025-12-30,2026-01-29,2025,0.3222781910430358,-0.03004180666405089,0.0,False
WYFI,2,2025-08-08,2025-08-11,2025-09-09,2025,-0.2091487861373217,0.0019813826266981797,0.0,True
WYFI,5,2025-08-13,2025-08-14,2025-09-12,2025,-0.2282031901750611,0.008171545250094909,0.0,True
WYFI,10,2025-08-20,2025-08-21,2025-09-19,2025,-0.5680274400388142,-0.004216154233200207,0.0,False
WYFI,15,2025-08-27,2025-08-28,2025-09-26,2025,-0.3151506287300416,-0.000157021954233508,0.0,False
WYFI,20,2025-09-04,2025-09-05,2025-10-03,2025,-0.918545237279736,-0.007080213763375044,0.0,False
XZO,2,2025-11-06,2025-11-07,2025-12-08,2025,0.1030224259651117,-0.02098593019734107,0.0,False
XZO,5,2025-11-11,2025-11-12,2025-12-11,2025,-0.06837454569229,-0.00567355029887345,0.0,False
XZO,10,2025-11-18,2025-11-19,2025-12-18,2025,-0.2623142179920635,-0.010855908561886807,0.0,False
YB,2,2025-05-01,2025-05-02,2025-06-02,2025,0.0549178367179602,0.02521140458791244,0.0,True
YDDL,2,2025-10-10,2025-10-13,2025-11-10,2025,0.1891335982660385,-0.021628240252561413,0.0,False
AADX,2,2026-06-04,2026-06-05,2026-07-07,2026,-0.2946866218105973,0.02559324940136263,0.0,True
AADX,5,2026-06-09,2026-06-10,2026-07-10,2026,-0.0708105516429278,0.010958797476241598,0.0,True
AADX,10,2026-06-16,2026-06-17,2026-07-17,2026,0.1728242219292302,0.016704215306223437,0.0,True
AADX,15,2026-06-24,2026-06-25,2026-07-24,2026,-0.0227706693584046,0.0038198368915041163,0.0,True
AADX,20,2026-07-01,2026-07-02,2026-07-31,2026,0.1916779769121308,0.002501700228940815,0.0,True
AGBK,2,2026-02-12,2026-02-13,2026-03-16,2026,0.0117167607543038,-0.023274802218700798,0.0,False
AGBK,5,2026-02-18,2026-02-19,2026-03-19,2026,0.0913591928684741,-0.02021361853298587,0.0,False
AGBK,10,2026-02-25,2026-02-26,2026-03-26,2026,0.2577264789836814,-0.02648400509341439,0.0,False
AGBK,15,2026-03-04,2026-03-05,2026-04-02,2026,0.2648179374112902,-0.01375747542781312,0.0,False
AGBK,20,2026-03-11,2026-03-12,2026-04-10,2026,0.293604367479549,-0.01966601808915926,0.0,False
AGMB,2,2026-02-09,2026-02-10,2026-03-11,2026,0.0243263025714889,0.0021635091408643854,0.0,True
AKTS,2,2026-01-12,2026-01-13,2026-02-11,2026,0.1816007181052582,-0.008724217817832313,0.0,False
AKTS,5,2026-01-15,2026-01-16,2026-02-17,2026,0.0475124966909285,-0.036933736668940176,0.0,False
AKTS,10,2026-01-23,2026-01-26,2026-02-24,2026,0.0414893988187388,-0.039869472278484065,0.0,False
AKTS,15,2026-01-30,2026-02-02,2026-03-03,2026,-0.0691874374584676,-0.003806489370417092,0.0,False
AKTS,20,2026-02-06,2026-02-09,2026-03-10,2026,-0.0817370913922295,0.003543979435524988,0.0,True
ALMR,2,2026-04-20,2026-04-21,2026-05-19,2026,0.073678658258962,-0.15684727128744747,0.0,False
ALMR,5,2026-04-23,2026-04-24,2026-05-22,2026,0.2239658145452146,-0.06289719062096998,0.0,False
ALMR,10,2026-04-30,2026-05-01,2026-06-01,2026,0.2338326532440296,-0.06447463534342046,0.0,False
ALMR,15,2026-05-07,2026-05-08,2026-06-08,2026,0.1507093695958533,-0.07640659899561571,0.0,False
ALMR,20,2026-05-14,2026-05-15,2026-06-15,2026,0.060934095495666,0.00595458489013995,0.0,True
ANDG,10,2025-12-31,2026-01-02,2026-02-02,2026,0.1253523176981262,-0.03133039065405742,0.0,False
ANDG,15,2026-01-08,2026-01-09,2026-02-09,2026,0.0952873354428009,-0.027215056534875864,0.0,False
ANDG,20,2026-01-15,2026-01-16,2026-02-17,2026,0.0218619277799588,-0.036933736668940176,0.0,False
APC,2,2026-02-13,2026-02-17,2026-03-17,2026,-0.1002582764357848,-0.027546536823389554,0.0,False
APC,5,2026-02-19,2026-02-20,2026-03-20,2026,-0.0568415110014865,0.006004218611577346,0.0,True
ARXS,2,2026-04-17,2026-04-20,2026-05-18,2026,0.1381804106219032,-0.10122564398389126,0.0,False
ARXS,5,2026-04-22,2026-04-23,2026-05-21,2026,0.0863765030601518,-0.1503999110576784,0.0,False
ARXS,10,2026-04-29,2026-04-30,2026-05-29,2026,-0.2258096813680554,-0.13150898214351797,0.0,False
ARXS,15,2026-05-06,2026-05-07,2026-06-05,2026,-0.1569742948635483,-0.07014722409889705,0.0,False
ARXS,20,2026-05-13,2026-05-14,2026-06-12,2026,-0.1887052908039081,0.025816579477190967,0.0,True
AVEX,2,2026-04-20,2026-04-21,2026-05-19,2026,0.3213193188329946,-0.15684727128744747,0.0,False
AVEX,5,2026-04-23,2026-04-24,2026-05-22,2026,0.1884646063744031,-0.06289719062096998,0.0,False
AVEX,10,2026-04-30,2026-05-01,2026-06-01,2026,-0.2478370798309601,-0.06447463534342046,0.0,False
AVEX,15,2026-05-07,2026-05-08,2026-06-08,2026,0.0103236723160775,-0.07640659899561571,0.0,False
AVEX,20,2026-05-14,2026-05-15,2026-06-15,2026,0.0459311116735754,0.00595458489013995,0.0,True
AVLN,2,2026-05-01,2026-05-04,2026-06-02,2026,0.2001126436086869,-0.07944801672185811,0.0,False
AVLN,5,2026-05-06,2026-05-07,2026-06-05,2026,-0.0125365593832761,-0.07014722409889705,0.0,False
AVLN,10,2026-05-13,2026-05-14,2026-06-12,2026,-0.0097045130185498,0.025816579477190967,0.0,True
AVLN,15,2026-05-20,2026-05-21,2026-06-22,2026,-0.2209184513224305,0.011833367417714841,0.0,True
AVLN,20,2026-05-28,2026-05-29,2026-06-29,2026,-0.1318424153971732,0.0263838995262189,0.0,True
BOBS,2,2026-02-06,2026-02-09,2026-03-10,2026,-0.1011108530062549,0.003543979435524988,0.0,True
BOBS,5,2026-02-11,2026-02-12,2026-03-13,2026,0.0920216366132007,-0.01615195120647579,0.0,False
BOBS,10,2026-02-19,2026-02-20,2026-03-20,2026,0.2896468069485193,0.006004218611577346,0.0,True
BOBS,15,2026-02-26,2026-02-27,2026-03-27,2026,0.4529275434458075,-0.011283653112679363,0.0,False
BOBS,20,2026-03-05,2026-03-06,2026-04-06,2026,0.3314980367621252,-0.01867136276849243,0.0,False
BTGO,2,2026-01-23,2026-01-26,2026-02-24,2026,0.3049523893021608,-0.039869472278484065,0.0,False
BTGO,5,2026-01-28,2026-01-29,2026-02-27,2026,0.1931734466135548,-0.019633893327152537,0.0,False
BTGO,10,2026-02-04,2026-02-05,2026-03-06,2026,-0.0443713937202956,-0.06387693702675178,0.0,False
BTGO,15,2026-02-11,2026-02-12,2026-03-13,2026,-0.1911759547356744,-0.01615195120647579,0.0,False
BTGO,20,2026-02-19,2026-02-20,2026-03-20,2026,-0.0995164191743465,0.006004218611577346,0.0,True
BXDC,2,2026-05-15,2026-05-18,2026-06-16,2026,-0.080358355632962,0.003761286295492945,0.0,True
BXDC,5,2026-05-20,2026-05-21,2026-06-22,2026,0.0183321767372566,0.011833367417714841,0.0,True
BXDC,10,2026-05-28,2026-05-29,2026-06-29,2026,-0.0308510496005203,0.0263838995262189,0.0,True
BXDC,15,2026-06-04,2026-06-05,2026-07-07,2026,0.0153979462503976,0.02559324940136263,0.0,True
BXDC,20,2026-06-11,2026-06-12,2026-07-14,2026,0.0443535811226087,0.03243133086598035,0.0,True
CBRS,2,2026-05-15,2026-05-18,2026-06-16,2026,0.2673257352506278,0.003761286295492945,0.0,True
CBRS,5,2026-05-20,2026-05-21,2026-06-22,2026,0.2225628936267444,0.011833367417714841,0.0,True
CBRS,10,2026-05-28,2026-05-29,2026-06-29,2026,0.0684195225570082,0.0263838995262189,0.0,True
CBRS,15,2026-06-04,2026-06-05,2026-07-07,2026,0.1203091074514408,0.02559324940136263,0.0,True
CBRS,20,2026-06-11,2026-06-12,2026-07-14,2026,0.095150860771187,0.03243133086598035,0.0,True
CDNL,15,2025-12-31,2026-01-02,2026-02-02,2026,-0.0462341731731584,-0.03133039065405742,0.0,False
CDNL,20,2026-01-08,2026-01-09,2026-02-09,2026,-0.1609554900080158,-0.027215056534875864,0.0,False
COAG,2,2026-05-04,2026-05-05,2026-06-03,2026,-0.0654673952837022,-0.07640659899561571,0.0,False
COAG,5,2026-05-07,2026-05-08,2026-06-08,2026,-0.0154582915635357,-0.07640659899561571,0.0,False
COAG,10,2026-05-14,2026-05-15,2026-06-15,2026,0.113112191139327,0.00595458489013995,0.0,True
COAG,15,2026-05-21,2026-05-22,2026-06-23,2026,-0.1912798437618277,0.03479828103230161,0.0,True
DPC,2,2026-06-26,2026-06-29,2026-07-28,2026,0.012354753849984,-0.0019185494231405637,0.0,False
DPC,5,2026-07-01,2026-07-02,2026-07-31,2026,0.0086958795491325,0.002501700228940815,0.0,True
EIKN,2,2026-02-06,2026-02-09,2026-03-10,2026,0.0613766395046762,0.003543979435524988,0.0,True
EIKN,5,2026-02-11,2026-02-12,2026-03-13,2026,0.1105139655544884,-0.01615195120647579,0.0,False
EIKN,10,2026-02-19,2026-02-20,2026-03-20,2026,0.1554136007613889,0.006004218611577346,0.0,True
EIKN,15,2026-02-26,2026-02-27,2026-03-27,2026,0.2086713650360825,-0.011283653112679363,0.0,False
EIKN,20,2026-03-05,2026-03-06,2026-04-06,2026,0.2946398409861369,-0.01867136276849243,0.0,False
ELMT,2,2026-04-24,2026-04-27,2026-05-26,2026,0.0893290429629649,-0.06986923614271501,0.0,False
ELMT,5,2026-04-29,2026-04-30,2026-05-29,2026,0.1224192198248049,-0.13150898214351797,0.0,False
ELMT,10,2026-05-06,2026-05-07,2026-06-05,2026,-0.1224065188067849,-0.07014722409889705,0.0,False
ELMT,15,2026-05-13,2026-05-14,2026-06-12,2026,-0.2496970065368166,0.025816579477190967,0.0,True
ELMT,20,2026-05-20,2026-05-21,2026-06-22,2026,-0.3771643226661236,0.011833367417714841,0.0,True
EQPT,2,2026-01-26,2026-01-27,2026-02-25,2026,-0.001580066911894,-0.0007132383926193644,0.0,False
EQPT,5,2026-01-29,2026-01-30,2026-03-02,2026,-0.0179026822184681,0.002221006037087555,0.0,True
EQPT,10,2026-02-05,2026-02-06,2026-03-09,2026,0.0882346212465226,0.003617351112613026,0.0,True
EQPT,15,2026-02-12,2026-02-13,2026-03-16,2026,0.1640833892237083,-0.023274802218700798,0.0,False
EQPT,20,2026-02-20,2026-02-23,2026-03-23,2026,0.2783275766618047,-0.015545685344377001,0.0,False
EROC,2,2026-06-11,2026-06-12,2026-07-14,2026,0.3099380890111454,0.03243133086598035,0.0,True
EROC,5,2026-06-16,2026-06-17,2026-07-17,2026,0.2494016256722597,0.016704215306223437,0.0,True
EROC,10,2026-06-24,2026-06-25,2026-07-24,2026,0.2607454238989009,0.0038198368915041163,0.0,True
EROC,15,2026-07-01,2026-07-02,2026-07-31,2026,0.2984851606889294,0.002501700228940815,0.0,True
EROK,2,2026-05-15,2026-05-18,2026-06-16,2026,0.0560715597911852,0.003761286295492945,0.0,True
EROK,5,2026-05-20,2026-05-21,2026-06-22,2026,0.0665997064589237,0.011833367417714841,0.0,True
EROK,10,2026-05-28,2026-05-29,2026-06-29,2026,-0.0246651658069546,0.0263838995262189,0.0,True
EROK,15,2026-06-04,2026-06-05,2026-07-07,2026,0.0238798973971329,0.02559324940136263,0.0,True
EROK,20,2026-06-11,2026-06-12,2026-07-14,2026,-0.0503623270171336,0.03243133086598035,0.0,True
FCBM,2,2026-06-22,2026-06-23,2026-07-22,2026,0.0066889105321404,-0.001782280835730763,0.0,False
FISN,2,2026-06-22,2026-06-23,2026-07-22,2026,0.0356005791651607,-0.001782280835730763,0.0,False
FISN,5,2026-06-25,2026-06-26,2026-07-27,2026,0.0482331797902906,-0.005493611432675728,0.0,False
FPS,2,2026-02-06,2026-02-09,2026-03-10,2026,-0.1068118530446779,0.003543979435524988,0.0,True
FPS,5,2026-02-11,2026-02-12,2026-03-13,2026,-0.0307798596116041,-0.01615195120647579,0.0,False
FPS,10,2026-02-19,2026-02-20,2026-03-20,2026,-0.0697661008322255,0.006004218611577346,0.0,True
FPS,15,2026-02-26,2026-02-27,2026-03-27,2026,-0.1571890793251347,-0.011283653112679363,0.0,False
FPS,20,2026-03-05,2026-03-06,2026-04-06,2026,-0.0080550374188539,-0.01867136276849243,0.0,False
FRBT,2,2026-06-12,2026-06-15,2026-07-15,2026,-0.0670535806554813,0.03389032891830988,0.0,True
FRVO,2,2026-05-14,2026-05-15,2026-06-15,2026,0.0515579387023151,0.00595458489013995,0.0,True
FRVO,5,2026-05-19,2026-05-20,2026-06-18,2026,0.0683922766300842,0.02383689978552579,0.0,True
FRVO,10,2026-05-27,2026-05-28,2026-06-26,2026,0.0568948476777125,0.0263838995262189,0.0,True
FRVO,15,2026-06-03,2026-06-04,2026-07-06,2026,0.2617013236618051,0.01412563522033645,0.0,True
FRVO,20,2026-06-10,2026-06-11,2026-07-13,2026,0.231695731137545,-0.015336008503143237,0.0,False
GENB,2,2026-03-02,2026-03-03,2026-03-31,2026,-0.0965162348036883,-0.011452010569724651,0.0,False
GENB,5,2026-03-05,2026-03-06,2026-04-06,2026,-0.0441952488876818,-0.01867136276849243,0.0,False
GENB,10,2026-03-12,2026-03-13,2026-04-13,2026,0.0482225606199333,-0.055695163036090616,0.0,False
GENB,15,2026-03-19,2026-03-20,2026-04-20,2026,0.0303772176365069,-0.01919669467012181,0.0,False
GENB,20,2026-03-26,2026-03-27,2026-04-27,2026,0.0629975473201207,-0.09735645538789803,0.0,False
GMRS,2,2026-05-14,2026-05-15,2026-06-15,2026,0.1212237502242228,0.00595458489013995,0.0,True
GMRS,5,2026-05-19,2026-05-20,2026-06-18,2026,-0.0623951404646452,0.02383689978552579,0.0,True
GMRS,10,2026-05-27,2026-05-28,2026-06-26,2026,-0.2891047489824678,0.0263838995262189,0.0,True
GMRS,15,2026-06-03,2026-06-04,2026-07-06,2026,-0.4046450166120796,0.01412563522033645,0.0,True
GMRS,20,2026-06-10,2026-06-11,2026-07-13,2026,-0.1192988921252506,-0.015336008503143237,0.0,False
GMTL,2,2026-03-23,2026-03-24,2026-04-22,2026,-0.3144804784690567,-0.091042302995953,0.0,False
GMTL,5,2026-03-26,2026-03-27,2026-04-27,2026,-0.1119265931129024,-0.09735645538789803,0.0,False
HAWK,2,2026-05-08,2026-05-11,2026-06-09,2026,0.2258770112645007,-0.06274085206208538,0.0,False
HAWK,5,2026-05-13,2026-05-14,2026-06-12,2026,0.2685625097706735,0.025816579477190967,0.0,True
HAWK,10,2026-05-20,2026-05-21,2026-06-22,2026,0.2590395983640103,0.011833367417714841,0.0,True
HAWK,15,2026-05-28,2026-05-29,2026-06-29,2026,0.2738926794342035,0.0263838995262189,0.0,True
HAWK,20,2026-06-04,2026-06-05,2026-07-07,2026,0.207728459869527,0.02559324940136263,0.0,True
HMH,2,2026-04-02,2026-04-06,2026-05-04,2026,-0.0704765145488568,-0.10006194401312758,0.0,False
HMH,5,2026-04-08,2026-04-09,2026-05-07,2026,-0.1989167196037673,-0.10879109772634188,0.0,False
HMH,10,2026-04-15,2026-04-16,2026-05-14,2026,-0.1147144441226328,-0.0883690095192385,0.0,False
HMH,15,2026-04-22,2026-04-23,2026-05-21,2026,-0.1288768517191867,-0.1503999110576784,0.0,False
HMH,20,2026-04-29,2026-04-30,2026-05-29,2026,-0.0092440486505197,-0.13150898214351797,0.0,False
INIO,2,2026-06-09,2026-06-10,2026-07-10,2026,0.0128366455376421,0.010958797476241598,0.0,True
INIO,5,2026-06-12,2026-06-15,2026-07-15,2026,0.0599999526546382,0.03389032891830988,0.0,True
INIO,10,2026-06-22,2026-06-23,2026-07-22,2026,0.2776763771441076,-0.001782280835730763,0.0,False
INIO,15,2026-06-29,2026-06-30,2026-07-29,2026,0.3561322053591772,0.001999662890540186,0.0,True
JAN,2,2026-03-23,2026-03-24,2026-04-22,2026,0.0766847996494103,-0.091042302995953,0.0,False
JAN,5,2026-03-26,2026-03-27,2026-04-27,2026,0.0656625988146204,-0.09735645538789803,0.0,False
JAN,10,2026-04-02,2026-04-06,2026-05-04,2026,0.0137076041485817,-0.10006194401312758,0.0,False
JAN,15,2026-04-10,2026-04-13,2026-05-11,2026,-0.1188198436966898,-0.052999963680743375,0.0,False
JAN,20,2026-04-17,2026-04-20,2026-05-18,2026,-0.0298860502611889,-0.10122564398389126,0.0,False
KARD,2,2026-06-22,2026-06-23,2026-07-22,2026,0.0014248766090318,-0.001782280835730763,0.0,False
KARD,5,2026-06-25,2026-06-26,2026-07-27,2026,0.0362845764140617,-0.005493611432675728,0.0,False
KLRA,2,2026-04-20,2026-04-21,2026-05-19,2026,0.2320541381512199,-0.15684727128744747,0.0,False
KLRA,5,2026-04-23,2026-04-24,2026-05-22,2026,0.1883201925466407,-0.06289719062096998,0.0,False
KLRA,10,2026-04-30,2026-05-01,2026-06-01,2026,0.123399662395904,-0.06447463534342046,0.0,False
KLRA,15,2026-05-07,2026-05-08,2026-06-08,2026,0.0993468476529071,-0.07640659899561571,0.0,False
KLRA,20,2026-05-14,2026-05-15,2026-06-15,2026,0.0440621796589892,0.00595458489013995,0.0,True
LCLN,2,2026-05-21,2026-05-22,2026-06-23,2026,-0.0635770478651664,0.03479828103230161,0.0,True
LCLN,5,2026-05-27,2026-05-28,2026-06-26,2026,-0.1580447362588158,0.0263838995262189,0.0,True
LCLN,10,2026-06-03,2026-06-04,2026-07-06,2026,-0.0391330451535059,0.01412563522033645,0.0,True
LCLN,15,2026-06-10,2026-06-11,2026-07-13,2026,0.1035360869630835,-0.015336008503143237,0.0,False
LCLN,20,2026-06-17,2026-06-18,2026-07-20,2026,0.0344934096646081,0.016069427279003286,0.0,True
LFTO,2,2026-06-05,2026-06-08,2026-07-08,2026,0.1041125331735676,0.02162588598464914,0.0,True
LFTO,5,2026-06-10,2026-06-11,2026-07-13,2026,0.0394327320928844,-0.015336008503143237,0.0,False
LFTO,10,2026-06-17,2026-06-18,2026-07-20,2026,0.0442473964500584,0.016069427279003286,0.0,True
LFTO,15,2026-06-25,2026-06-26,2026-07-27,2026,0.0909840779172737,-0.005493611432675728,0.0,False
LIFE,2,2026-01-30,2026-02-02,2026-03-03,2026,0.1143816061071843,-0.003806489370417092,0.0,False
LIFE,5,2026-02-04,2026-02-05,2026-03-06,2026,-0.0513677722068188,-0.06387693702675178,0.0,False
LIFE,10,2026-02-11,2026-02-12,2026-03-13,2026,-0.2767279186003699,-0.01615195120647579,0.0,False
LMRI,15,2026-01-02,2026-01-05,2026-02-03,2026,0.3070282156573022,-0.05543280758794442,0.0,False
LMRI,20,2026-01-09,2026-01-12,2026-02-10,2026,0.1520767767562009,-0.020064622825812044,0.0,False
MAIR,2,2026-04-17,2026-04-20,2026-05-18,2026,-0.1713186574903984,-0.10122564398389126,0.0,False
MAIR,5,2026-04-22,2026-04-23,2026-05-21,2026,-0.0808366981937621,-0.1503999110576784,0.0,False
MAIR,10,2026-04-29,2026-04-30,2026-05-29,2026,-0.1483119319311038,-0.13150898214351797,0.0,False
MAIR,15,2026-05-06,2026-05-07,2026-06-05,2026,-0.0148740258991053,-0.07014722409889705,0.0,False
MAIR,20,2026-05-13,2026-05-14,2026-06-12,2026,0.0514119695088839,0.025816579477190967,0.0,True
MANE,2,2026-02-05,2026-02-06,2026-03-09,2026,-0.4305736917863125,0.003617351112613026,0.0,True
MANE,5,2026-02-10,2026-02-11,2026-03-12,2026,-0.3751065381070938,0.01061100882403448,0.0,True
MANE,10,2026-02-18,2026-02-19,2026-03-19,2026,-0.2200700128810712,-0.02021361853298587,0.0,False
MANE,15,2026-02-25,2026-02-26,2026-03-26,2026,-0.6745911553270181,-0.02648400509341439,0.0,False
MANE,20,2026-03-04,2026-03-05,2026-04-02,2026,-0.3926756990978888,-0.01375747542781312,0.0,False
MDLN,10,2025-12-31,2026-01-02,2026-02-02,2026,-0.0844028393478024,-0.03133039065405742,0.0,False
MDLN,15,2026-01-08,2026-01-09,2026-02-09,2026,-0.1702734910627571,-0.027215056534875864,0.0,False
MDLN,20,2026-01-15,2026-01-16,2026-02-17,2026,-0.1203015358381774,-0.036933736668940176,0.0,False
MMED,2,2026-03-09,2026-03-10,2026-04-08,2026,0.2171484010916412,-0.01867136276849243,0.0,False
MMED,5,2026-03-12,2026-03-13,2026-04-13,2026,0.1409982014094889,-0.055695163036090616,0.0,False
MMED,10,2026-03-19,2026-03-20,2026-04-20,2026,0.2853380310027896,-0.01919669467012181,0.0,False
MMED,15,2026-03-26,2026-03-27,2026-04-27,2026,0.3651585458485298,-0.09735645538789803,0.0,False
MMED,20,2026-04-02,2026-04-06,2026-05-04,2026,0.3045343556801954,-0.10006194401312758,0.0,False
MOBI,2,2026-05-11,2026-05-12,2026-06-10,2026,-0.1129511205715488,-0.015350639917991444,0.0,False
MWH,2,2026-02-13,2026-02-17,2026-03-17,2026,0.023170533497442,-0.027546536823389554,0.0,False
MWH,5,2026-02-19,2026-02-20,2026-03-20,2026,-0.0152956808368842,0.006004218611577346,0.0,True
MWH,10,2026-02-26,2026-02-27,2026-03-27,2026,-0.0680088804052691,-0.011283653112679363,0.0,False
MWH,15,2026-03-05,2026-03-06,2026-04-06,2026,-0.0655621729910051,-0.01867136276849243,0.0,False
MWH,20,2026-03-12,2026-03-13,2026-04-13,2026,-0.1389706696686124,-0.055695163036090616,0.0,False
NHP,2,2026-04-23,2026-04-24,2026-05-22,2026,-0.1390081502414302,-0.06289719062096998,0.0,False
NHP,5,2026-04-28,2026-04-29,2026-05-28,2026,-0.0874112930015194,-0.06245761337413741,0.0,False
NHP,10,2026-05-05,2026-05-06,2026-06-04,2026,-0.0712045723787555,-0.07640659899561571,0.0,False
NHP,15,2026-05-12,2026-05-13,2026-06-11,2026,-0.1026890729392125,0.016889829614242836,0.0,True
NHP,20,2026-05-19,2026-05-20,2026-06-18,2026,0.0276282100953626,0.02383689978552579,0.0,True
ODTX,2,2026-05-11,2026-05-12,2026-06-10,2026,0.0268170185362252,-0.015350639917991444,0.0,False
ODTX,5,2026-05-14,2026-05-15,2026-06-15,2026,-0.0333924536897251,0.00595458489013995,0.0,True
ODTX,10,2026-05-21,2026-05-22,2026-06-23,2026,-0.1122835423122272,0.03479828103230161,0.0,True
ODTX,15,2026-05-29,2026-06-01,2026-06-30,2026,-0.105315498388213,0.020973067889513027,0.0,True
ODTX,20,2026-06-05,2026-06-08,2026-07-08,2026,0.0304001692072532,0.02162588598464914,0.0,True
OFRM,2,2026-02-09,2026-02-10,2026-03-11,2026,-0.0428940364262057,0.0021635091408643854,0.0,True
OFRM,5,2026-02-12,2026-02-13,2026-03-16,2026,0.0665290018596979,-0.023274802218700798,0.0,False
OFRM,10,2026-02-20,2026-02-23,2026-03-23,2026,0.2028934737498418,-0.015545685344377001,0.0,False
OFRM,15,2026-02-27,2026-03-02,2026-03-30,2026,0.2661174662613397,-0.014798884804953363,0.0,False
OFRM,20,2026-03-06,2026-03-09,2026-04-07,2026,0.1821562975596402,-0.01867136276849243,0.0,False
OPTH,2,2026-05-21,2026-05-22,2026-06-23,2026,0.1809099052844749,0.03479828103230161,0.0,True
PAYP,2,2026-03-13,2026-03-16,2026-04-14,2026,0.0074909801296282,-0.01966601808915926,0.0,False
PAYP,5,2026-03-18,2026-03-19,2026-04-17,2026,-0.0808861890205351,-0.01966601808915926,0.0,False
PAYP,10,2026-03-25,2026-03-26,2026-04-24,2026,0.3063278947727156,-0.06833961536613421,0.0,False
PAYP,15,2026-04-01,2026-04-02,2026-05-01,2026,0.137571826413896,-0.07166101476085866,0.0,False
PAYP,20,2026-04-09,2026-04-10,2026-05-08,2026,0.1661477059024263,-0.07497786017740019,0.0,False
PBLS,2,2026-06-11,2026-06-12,2026-07-14,2026,-0.0500360365196963,0.03243133086598035,0.0,True
PBLS,5,2026-06-16,2026-06-17,2026-07-17,2026,-0.0305147443367567,0.016704215306223437,0.0,True
PBLS,10,2026-06-24,2026-06-25,2026-07-24,2026,-0.1777983035187501,0.0038198368915041163,0.0,True
PBLS,15,2026-07-01,2026-07-02,2026-07-31,2026,-0.253831667936825,0.002501700228940815,0.0,True
PICS,2,2026-01-30,2026-02-02,2026-03-03,2026,0.154380508449957,-0.003806489370417092,0.0,False
PICS,5,2026-02-04,2026-02-05,2026-03-06,2026,0.097664593655151,-0.06387693702675178,0.0,False
PICS,10,2026-02-11,2026-02-12,2026-03-13,2026,-0.0964466711602387,-0.01615195120647579,0.0,False
PICS,15,2026-02-19,2026-02-20,2026-03-20,2026,0.0490288715384041,0.006004218611577346,0.0,True
PICS,20,2026-02-26,2026-02-27,2026-03-27,2026,0.1812682837296397,-0.011283653112679363,0.0,False
PPHC,2,2026-01-29,2026-01-30,2026-03-02,2026,-0.0381995827896877,0.002221006037087555,0.0,True
PS,2,2026-04-30,2026-05-01,2026-06-01,2026,-0.2126777996689479,-0.06447463534342046,0.0,False
PS,5,2026-05-05,2026-05-06,2026-06-04,2026,-0.1528209524510226,-0.07640659899561571,0.0,False
PS,10,2026-05-12,2026-05-13,2026-06-11,2026,0.3227253929308895,0.016889829614242836,0.0,True
PS,15,2026-05-19,2026-05-20,2026-06-18,2026,0.1634631219546471,0.02383689978552579,0.0,True
PS,20,2026-05-27,2026-05-28,2026-06-26,2026,0.0338284225504735,0.0263838995262189,0.0,True
QNT,2,2026-06-05,2026-06-08,2026-07-08,2026,-0.3198450650533426,0.02162588598464914,0.0,True
QNT,5,2026-06-10,2026-06-11,2026-07-13,2026,-0.2424509364736549,-0.015336008503143237,0.0,False
QNT,10,2026-06-17,2026-06-18,2026-07-20,2026,0.0508809231290878,0.016069427279003286,0.0,True
QNT,15,2026-06-25,2026-06-26,2026-07-27,2026,0.2092007947658312,-0.005493611432675728,0.0,False
REA,2,2026-05-07,2026-05-08,2026-06-08,2026,0.210221208470145,-0.07640659899561571,0.0,False
REA,5,2026-05-12,2026-05-13,2026-06-11,2026,0.3954767655493274,0.016889829614242836,0.0,True
REA,10,2026-05-19,2026-05-20,2026-06-18,2026,0.2023075022345619,0.02383689978552579,0.0,True
REA,15,2026-05-27,2026-05-28,2026-06-26,2026,0.2163500383535004,0.0263838995262189,0.0,True
SBMT,2,2026-05-01,2026-05-04,2026-06-02,2026,0.1784023519653172,-0.07944801672185811,0.0,False
SGP,2,2026-02-09,2026-02-10,2026-03-11,2026,-0.1006989876115582,0.0021635091408643854,0.0,True
SHAZ,2,2026-02-19,2026-02-20,2026-03-20,2026,0.1321666318270773,0.006004218611577346,0.0,True
SHAZ,5,2026-02-24,2026-02-25,2026-03-25,2026,0.0909566384670034,-0.014536919073632224,0.0,False
SHAZ,10,2026-03-03,2026-03-04,2026-04-01,2026,-0.7224252400754576,-0.01375747542781312,0.0,False
SIND,2,2026-06-29,2026-06-30,2026-07-29,2026,-0.1005601719137794,0.001999662890540186,0.0,True
SPCX,2,2026-06-15,2026-06-16,2026-07-16,2026,0.3136969554663141,0.04460979508430076,0.0,True
SPCX,5,2026-06-18,2026-06-22,2026-07-21,2026,0.2732805900998099,0.01742367798862902,0.0,True
SPCX,10,2026-06-26,2026-06-29,2026-07-28,2026,0.2418666194220745,-0.0019185494231405637,0.0,False
SPTX,2,2026-05-04,2026-05-05,2026-06-03,2026,0.0446743125777919,-0.07640659899561571,0.0,False
SPTX,5,2026-05-07,2026-05-08,2026-06-08,2026,-0.0522506701356848,-0.07640659899561571,0.0,False
SPTX,10,2026-05-14,2026-05-15,2026-06-15,2026,-0.0449219411595096,0.00595458489013995,0.0,True
SPTX,15,2026-05-21,2026-05-22,2026-06-23,2026,-0.1687486708431916,0.03479828103230161,0.0,True
SPTX,20,2026-05-29,2026-06-01,2026-06-30,2026,-0.2423416258723138,0.020973067889513027,0.0,True
SSMR,2,2026-06-05,2026-06-08,2026-07-08,2026,0.1006327666591847,0.02162588598464914,0.0,True
SSMR,5,2026-06-10,2026-06-11,2026-07-13,2026,0.0572637782860165,-0.015336008503143237,0.0,False
SSMR,10,2026-06-17,2026-06-18,2026-07-20,2026,0.0204687908795925,0.016069427279003286,0.0,True
SUJA,2,2026-05-08,2026-05-11,2026-06-09,2026,0.0988648274761649,-0.06274085206208538,0.0,False
SUJA,5,2026-05-13,2026-05-14,2026-06-12,2026,0.3524583252328302,0.025816579477190967,0.0,True
SUJA,10,2026-05-20,2026-05-21,2026-06-22,2026,0.4303576858916459,0.011833367417714841,0.0,True
SUJA,15,2026-05-28,2026-05-29,2026-06-29,2026,0.2829459209690689,0.0263838995262189,0.0,True
SWMR,2,2026-03-18,2026-03-19,2026-04-17,2026,0.4279823418832075,-0.01966601808915926,0.0,False
SWMR,5,2026-03-23,2026-03-24,2026-04-22,2026,-0.4049986892531736,-0.091042302995953,0.0,False
SWMR,10,2026-03-30,2026-03-31,2026-04-29,2026,0.3177442857300585,-0.11991099789226052,0.0,False
SWMR,15,2026-04-07,2026-04-08,2026-05-06,2026,0.3641957709355854,-0.10551674479581336,0.0,False
SWMR,20,2026-04-14,2026-04-15,2026-05-13,2026,0.2933532768771864,-0.07899499815849072,0.0,False
WHK,2,2026-06-10,2026-06-11,2026-07-13,2026,0.0123691264473665,-0.015336008503143237,0.0,False
WHK,5,2026-06-15,2026-06-16,2026-07-16,2026,5.4904872523454246e-05,0.04460979508430076,0.0,True
WHK,10,2026-06-23,2026-06-24,2026-07-23,2026,0.0112988963185864,0.009574666615216424,0.0,True
WHK,15,2026-06-30,2026-07-01,2026-07-30,2026,0.0367432228685247,0.004140446259034783,0.0,True
WLTH,15,2026-01-06,2026-01-07,2026-02-05,2026,0.3351656411512998,-0.04066303045293499,0.0,False
WLTH,20,2026-01-13,2026-01-14,2026-02-12,2026,0.2514163341444053,-0.055973801653300036,0.0,False
XE,2,2026-04-27,2026-04-28,2026-05-27,2026,0.2607215647173764,-0.06245761337413741,0.0,False
XE,5,2026-04-30,2026-05-01,2026-06-01,2026,0.2370851409970635,-0.06447463534342046,0.0,False
XE,10,2026-05-07,2026-05-08,2026-06-08,2026,0.242013996357761,-0.07640659899561571,0.0,False
XE,15,2026-05-14,2026-05-15,2026-06-15,2026,0.2793175534615492,0.00595458489013995,0.0,True
XE,20,2026-05-21,2026-05-22,2026-06-23,2026,0.2004504244651027,0.03479828103230161,0.0,True
YSS,2,2026-01-30,2026-02-02,2026-03-03,2026,0.241705833891436,-0.003806489370417092,0.0,False
YSS,5,2026-02-04,2026-02-05,2026-03-06,2026,0.034791009589145,-0.06387693702675178,0.0,False
YSS,10,2026-02-11,2026-02-12,2026-03-13,2026,0.1786756675578998,-0.01615195120647579,0.0,False
YSS,15,2026-02-19,2026-02-20,2026-03-20,2026,0.0878906412424678,0.006004218611577346,0.0,True
YSS,20,2026-02-26,2026-02-27,2026-03-27,2026,-0.0653738940672386,-0.011283653112679363,0.0,False
YSWY,2,2026-04-23,2026-04-24,2026-05-22,2026,-0.041188381260979,-0.06289719062096998,0.0,False
YSWY,5,2026-04-28,2026-04-29,2026-05-28,2026,0.1557392239851564,-0.06245761337413741,0.0,False
YSWY,10,2026-05-05,2026-05-06,2026-06-04,2026,0.2675191627226148,-0.07640659899561571,0.0,False
YSWY,15,2026-05-12,2026-05-13,2026-06-11,2026,0.0047779757641603,0.016889829614242836,0.0,True
YSWY,20,2026-05-19,2026-05-20,2026-06-18,2026,0.1021016164939817,0.02383689978552579,0.0,True
