symbol,signal_day,signal_date,entry_date,exit_date,year,y,pred,thr,short_it
ABCL,2,2020-12-14,2020-12-15,2021-01-14,2020,0.1007624610271016,0.33516418125179387,0.5,False
ABCL,5,2020-12-17,2020-12-18,2021-01-20,2020,0.0453698965805154,0.5339260030412077,0.5,True
ABCL,10,2020-12-24,2020-12-28,2021-01-27,2020,-0.1188536541615345,0.5267587215267824,0.5,True
ABNB,2,2020-12-11,2020-12-14,2021-01-13,2020,-0.2474592432992765,0.38245158336272506,0.5,False
ABNB,5,2020-12-16,2020-12-17,2021-01-19,2020,-0.2206745096780391,0.41167033669173664,0.5,False
ABNB,10,2020-12-23,2020-12-24,2021-01-26,2020,-0.1781099527534433,0.2423049677867406,0.5,False
ACI,2,2020-06-29,2020-06-30,2020-07-29,2020,0.086945668385614,0.48947433617812386,0.5,False
ACI,5,2020-07-02,2020-07-06,2020-08-03,2020,0.0895283415609086,0.5465755759218224,0.5,True
ACI,10,2020-07-10,2020-07-13,2020-08-10,2020,-0.0121645243240884,0.701511773284893,0.5,True
ACI,15,2020-07-17,2020-07-20,2020-08-17,2020,0.066262033779508,0.5173410281724049,0.5,True
ACI,20,2020-07-24,2020-07-27,2020-08-24,2020,0.12135415398789,0.4802983537100403,0.5,False
ADCT,2,2020-05-19,2020-05-20,2020-06-18,2020,-0.2291631012398285,0.32387956925463013,0.5,False
ADCT,5,2020-05-22,2020-05-26,2020-06-23,2020,-0.1887212717479587,0.4619781702097021,0.5,False
ADCT,10,2020-06-01,2020-06-02,2020-06-30,2020,-0.3351785642514463,0.44318323108099944,0.5,False
ADCT,15,2020-06-08,2020-06-09,2020-07-08,2020,-0.290073603275789,0.40050805101172254,0.5,False
ADCT,20,2020-06-15,2020-06-16,2020-07-15,2020,-0.1720222725464181,0.4295530058380251,0.5,False
AI,2,2020-12-10,2020-12-11,2021-01-12,2020,-0.0579335949359346,0.3664943066452241,0.5,False
AI,5,2020-12-15,2020-12-16,2021-01-15,2020,-0.2928259435544695,0.4085227682238865,0.5,False
AI,10,2020-12-22,2020-12-23,2021-01-25,2020,0.1539117392935762,0.7395760426090309,0.5,True
AI,15,2020-12-30,2020-12-31,2021-02-01,2020,0.0214832048746206,0.4405853488307626,0.5,False
ALGM,2,2020-10-30,2020-11-02,2020-12-01,2020,-0.2256260436731536,0.3771810254841476,0.5,False
ALGM,5,2020-11-04,2020-11-05,2020-12-04,2020,-0.2788638523913604,0.44609221585964814,0.5,False
ALGM,10,2020-11-11,2020-11-12,2020-12-11,2020,-0.1736489397651223,0.5012595376009684,0.5,True
ALGM,15,2020-11-18,2020-11-19,2020-12-18,2020,-0.1466668735422084,0.4863267143878034,0.5,False
ALGM,20,2020-11-25,2020-11-27,2020-12-28,2020,-0.0103704058355532,0.4493608831571156,0.5,False
ALXO,2,2020-07-20,2020-07-21,2020-08-18,2020,-0.3079435434641586,0.4099249480062846,0.5,False
ALXO,5,2020-07-23,2020-07-24,2020-08-21,2020,-0.4951156767170677,0.47677571817615844,0.5,False
ANNX,2,2020-07-27,2020-07-28,2020-08-25,2020,-0.2961121292678171,0.37373547235252846,0.5,False
ANVS,2,2020-01-30,2020-01-31,2020-03-02,2020,0.1512683218956482,0.8284373160637828,0.5,True
API,2,2020-06-29,2020-06-30,2020-07-29,2020,0.1570609561498493,0.2649462268923662,0.5,False
API,5,2020-07-02,2020-07-06,2020-08-03,2020,0.3752197633026403,0.2425926892771726,0.5,False
API,10,2020-07-10,2020-07-13,2020-08-10,2020,0.3291775250948976,0.2921007367595214,0.5,False
API,15,2020-07-17,2020-07-20,2020-08-17,2020,0.2479356555680883,0.3301596973772347,0.5,False
API,20,2020-07-24,2020-07-27,2020-08-24,2020,0.1252709238001964,0.4924928099037186,0.5,False
ARQT,2,2020-02-03,2020-02-04,2020-03-04,2020,-0.2043455900313916,0.35564469227044554,0.5,False
ARQT,5,2020-02-06,2020-02-07,2020-03-09,2020,-0.4447967824433002,0.422088722403082,0.5,False
ARQT,15,2020-02-21,2020-02-24,2020-03-23,2020,-0.592204289875491,0.3789823399820735,0.5,False
ARQT,20,2020-02-28,2020-03-02,2020-03-30,2020,-0.2480314299728349,0.34927585215664314,0.5,False
ARRY,2,2020-10-16,2020-10-19,2020-11-16,2020,0.0169412921076568,0.2844268500694073,0.5,False
ARRY,5,2020-10-21,2020-10-22,2020-11-19,2020,-0.061732751745397,0.33872638247450343,0.5,False
ARRY,10,2020-10-28,2020-10-29,2020-11-27,2020,-0.1171412379826302,0.31775643083703553,0.5,False
ARRY,15,2020-11-04,2020-11-05,2020-12-04,2020,0.0903890026029602,0.32025645573416595,0.5,False
ARRY,20,2020-11-11,2020-11-12,2020-12-11,2020,0.0605094169652057,0.3227543056365997,0.5,False
ASAN,2,2020-10-01,2020-10-02,2020-10-30,2020,0.0602525835170253,0.7131238078031261,0.5,True
ASAN,5,2020-10-06,2020-10-07,2020-11-04,2020,0.1348689622388666,0.7514572335895948,0.5,True
ASAN,10,2020-10-13,2020-10-14,2020-11-11,2020,0.0997686040125348,0.7266246453629613,0.5,True
ASAN,15,2020-10-20,2020-10-21,2020-11-18,2020,0.0533264226256392,0.7324566743328285,0.5,True
ASAN,20,2020-10-27,2020-10-28,2020-11-25,2020,-0.0869091897175136,0.6997163969012105,0.5,True
ASO,2,2020-10-05,2020-10-06,2020-11-03,2020,-0.2201888716048423,0.3921394887497635,0.5,False
ASO,5,2020-10-08,2020-10-09,2020-11-06,2020,-0.3183233539228894,0.4477444050493215,0.5,False
ASO,10,2020-10-15,2020-10-16,2020-11-13,2020,-0.2114158399529081,0.4183995998192189,0.5,False
ASO,15,2020-10-22,2020-10-23,2020-11-20,2020,-0.0930839978843879,0.4413719146662109,0.5,False
ASO,20,2020-10-29,2020-10-30,2020-11-30,2020,-0.1049684112460296,0.37285353560434575,0.5,False
AVIR,2,2020-11-02,2020-11-03,2020-12-02,2020,0.1159255370731962,0.31267786617809673,0.5,False
AVIR,5,2020-11-05,2020-11-06,2020-12-07,2020,0.2077036190757247,0.3148980108345548,0.5,False
AVIR,10,2020-11-12,2020-11-13,2020-12-14,2020,-0.0422590481950142,0.348167958962046,0.5,False
AVIR,15,2020-11-19,2020-11-20,2020-12-21,2020,-0.0940997169927565,0.3243334182886122,0.5,False
AVIR,20,2020-11-27,2020-11-30,2020-12-29,2020,-0.1565747498798976,0.2870582465283848,0.5,False
AVO,2,2020-10-05,2020-10-06,2020-11-03,2020,-0.0969656964430276,0.4168771502124117,0.5,False
AVO,5,2020-10-08,2020-10-09,2020-11-06,2020,-0.1191751151183581,0.6601096458355942,0.5,True
BDTX,2,2020-02-03,2020-02-04,2020-03-04,2020,0.094077081038854,0.18653260144595127,0.5,False
BDTX,5,2020-02-06,2020-02-07,2020-03-09,2020,0.0588865117268492,0.1984270776085857,0.5,False
BDTX,10,2020-02-13,2020-02-14,2020-03-16,2020,0.0151676434361854,0.25958756700006563,0.5,False
BDTX,15,2020-02-21,2020-02-24,2020-03-23,2020,0.1738329313724852,0.23921595901118353,0.5,False
BDTX,20,2020-02-28,2020-03-02,2020-03-30,2020,-0.1802986844449815,0.37911518377211206,0.5,False
BEAM,2,2020-02-07,2020-02-10,2020-03-10,2020,-0.2813435405374722,0.5160411471050123,0.5,True
BEAM,5,2020-02-12,2020-02-13,2020-03-13,2020,0.0503489821435754,0.5577847797564177,0.5,True
BEAM,10,2020-02-20,2020-02-21,2020-03-20,2020,-0.2267685463666269,0.5457497398916648,0.5,True
BEAM,15,2020-02-27,2020-02-28,2020-03-27,2020,-0.1823164592784176,0.5164790334905831,0.5,True
BEAM,20,2020-03-05,2020-03-06,2020-04-03,2020,0.0814502438458019,0.5465473499350119,0.5,True
BEKE,2,2020-08-14,2020-08-17,2020-09-15,2020,-0.6514704048739329,0.39665354628674176,0.5,False
BEKE,5,2020-08-19,2020-08-20,2020-09-18,2020,-0.3773399899885851,0.48362849022141896,0.5,False
BEKE,10,2020-08-26,2020-08-27,2020-09-25,2020,-0.2699024660825664,0.5117595361738985,0.5,True
BEKE,15,2020-09-02,2020-09-03,2020-10-02,2020,-0.283631816673336,0.4018887779071251,0.5,False
BEKE,20,2020-09-10,2020-09-11,2020-10-09,2020,-0.3301557961781422,0.3985719902532292,0.5,False
BILL,15,2020-01-03,2020-01-06,2020-02-04,2020,-0.4313523154317953,0.4856372982614951,0.5,False
BILL,20,2020-01-10,2020-01-13,2020-02-11,2020,-0.5442411904513739,0.4695930494312342,0.5,False
BNL,2,2020-09-18,2020-09-21,2020-10-19,2020,0.0467883274644544,0.4114446463029462,0.5,False
BNL,5,2020-09-23,2020-09-24,2020-10-22,2020,0.0733412539541527,0.4815447182899783,0.5,False
BNL,10,2020-09-30,2020-10-01,2020-10-29,2020,-0.0522220010428507,0.4576956403818842,0.5,False
BNL,15,2020-10-07,2020-10-08,2020-11-05,2020,0.0028750490847805,0.41228376514752496,0.5,False
BNL,20,2020-10-14,2020-10-15,2020-11-12,2020,-0.0349284766266321,0.3817402722300106,0.5,False
BSY,2,2020-09-24,2020-09-25,2020-10-23,2020,-0.0896991233261154,0.3135347026067846,0.5,False
BSY,5,2020-09-29,2020-09-30,2020-10-28,2020,-0.2024355409977636,0.37544963134478965,0.5,False
BSY,10,2020-10-06,2020-10-07,2020-11-04,2020,-0.191193710321489,0.36225283553405424,0.5,False
BSY,15,2020-10-13,2020-10-14,2020-11-11,2020,0.0005647782060336,0.3370770728724658,0.5,False
BSY,20,2020-10-20,2020-10-21,2020-11-18,2020,0.1051295829971992,0.3103039924947577,0.5,False
CCCC,2,2020-10-05,2020-10-06,2020-11-03,2020,0.0203919753875578,0.32368985955997004,0.5,False
CCCC,5,2020-10-08,2020-10-09,2020-11-06,2020,-0.1011208137827737,0.5358286454784041,0.5,True
CCCC,10,2020-10-15,2020-10-16,2020-11-13,2020,-0.0255902391321081,0.38230891433284736,0.5,False
CCCC,15,2020-10-22,2020-10-23,2020-11-20,2020,-0.0713872695034196,0.3278717407155951,0.5,False
CCCC,20,2020-10-29,2020-10-30,2020-11-30,2020,-0.322613765298447,0.4526749608717648,0.5,False
CERT,2,2020-12-14,2020-12-15,2021-01-14,2020,-0.0051500558890448,0.3297502255942161,0.5,False
CERT,5,2020-12-17,2020-12-18,2021-01-20,2020,0.0597531991010096,0.301028557008465,0.5,False
CERT,10,2020-12-24,2020-12-28,2021-01-27,2020,0.1151889069488512,0.28444040128625525,0.5,False
CMPS,2,2020-09-21,2020-09-22,2020-10-20,2020,-0.2869044055046974,0.3387815000186267,0.5,False
CMPS,5,2020-09-24,2020-09-25,2020-10-23,2020,0.1261920669874026,0.4209939425223852,0.5,False
CMPS,10,2020-10-01,2020-10-02,2020-10-30,2020,-0.0264686481660649,0.3907668441670927,0.5,False
CMPS,15,2020-10-08,2020-10-09,2020-11-06,2020,0.0059249695962323,0.4388750866929688,0.5,False
CMPS,20,2020-10-15,2020-10-16,2020-11-13,2020,0.0655542826772428,0.4036328739413231,0.5,False
CRSR,2,2020-09-24,2020-09-25,2020-10-23,2020,-0.4885103459098148,0.4182949959944738,0.5,False
CRSR,5,2020-09-29,2020-09-30,2020-10-28,2020,-0.342636190349906,0.555321973992511,0.5,True
CRSR,10,2020-10-06,2020-10-07,2020-11-04,2020,-0.4361689555117625,0.535311720789952,0.5,True
CRSR,15,2020-10-13,2020-10-14,2020-11-11,2020,-0.5687751650543725,0.5488779714459633,0.5,True
CRSR,20,2020-10-20,2020-10-21,2020-11-18,2020,-0.3539342040702961,0.5310359531931514,0.5,True
DASH,2,2020-12-10,2020-12-11,2021-01-12,2020,-0.058401298005452,0.24365968484816244,0.5,False
DASH,5,2020-12-15,2020-12-16,2021-01-15,2020,-0.167968736133697,0.5211696094916661,0.5,True
DASH,10,2020-12-22,2020-12-23,2021-01-25,2020,-0.2049469841010542,0.5220598909678582,0.5,True
DASH,15,2020-12-30,2020-12-31,2021-02-01,2020,-0.3950789087264245,0.48799778760594814,0.5,False
DYN,2,2020-09-18,2020-09-21,2020-10-19,2020,0.274407111724523,0.3824508283111067,0.5,False
DYN,5,2020-09-23,2020-09-24,2020-10-22,2020,0.3252449274497865,0.42747040915159557,0.5,False
EBC,2,2020-10-16,2020-10-19,2020-11-16,2020,-0.1414653866863366,0.5008796005440319,0.5,True
EBC,5,2020-10-21,2020-10-22,2020-11-19,2020,-0.115242887100035,0.3139207544698887,0.5,False
EBC,10,2020-10-28,2020-10-29,2020-11-27,2020,-0.0977741159043466,0.5021628501057699,0.5,True
EBC,15,2020-11-04,2020-11-05,2020-12-04,2020,-0.2965674666720216,0.2917580830493723,0.5,False
EBC,20,2020-11-11,2020-11-12,2020-12-11,2020,-0.2594908665028073,0.28289864306325974,0.5,False
FDMT,2,2020-12-14,2020-12-15,2021-01-14,2020,-0.11454069983608,0.32523053992107986,0.5,False
FDMT,5,2020-12-17,2020-12-18,2021-01-20,2020,-0.1551534967929288,0.3634611396571356,0.5,False
FDMT,10,2020-12-24,2020-12-28,2021-01-27,2020,-0.0783208621589814,0.3420574729132481,0.5,False
FHTX,2,2020-10-26,2020-10-27,2020-11-24,2020,0.0792624191195532,0.4498704637312861,0.5,False
FHTX,5,2020-10-29,2020-10-30,2020-11-30,2020,-0.105205870705183,0.6841808493582057,0.5,True
FOUR,2,2020-06-08,2020-06-09,2020-07-08,2020,-0.3085210361672776,0.48056877889241056,0.5,False
FOUR,5,2020-06-11,2020-06-12,2020-07-13,2020,-0.1820064592708029,0.5359935972119911,0.5,True
FOUR,10,2020-06-18,2020-06-19,2020-07-20,2020,0.0671234926381396,0.5650482154801728,0.5,True
FOUR,15,2020-06-25,2020-06-26,2020-07-27,2020,0.0518152564288791,0.49725527569137595,0.5,False
FOUR,20,2020-07-02,2020-07-06,2020-08-03,2020,-0.0669708007486873,0.5124895307734337,0.5,True
FROG,2,2020-09-17,2020-09-18,2020-10-16,2020,-0.2468854908822189,0.3625752775906039,0.5,False
FROG,5,2020-09-22,2020-09-23,2020-10-21,2020,0.0269910680726715,0.3556815042079191,0.5,False
FROG,10,2020-09-29,2020-09-30,2020-10-28,2020,0.0756324433459411,0.40161483575427886,0.5,False
FROG,15,2020-10-06,2020-10-07,2020-11-04,2020,0.0501030584407504,0.32763283374094676,0.5,False
FROG,20,2020-10-13,2020-10-14,2020-11-11,2020,0.1826827383441839,0.33950750345536007,0.5,False
FTHM,2,2020-08-03,2020-08-04,2020-09-01,2020,-0.6350489281873142,0.7617194064699948,0.5,True
GDRX,2,2020-09-24,2020-09-25,2020-10-23,2020,-0.0310288930073728,0.2640295963375798,0.5,False
GDRX,5,2020-09-29,2020-09-30,2020-10-28,2020,0.0971848815043516,0.34306012691719545,0.5,False
GDRX,10,2020-10-06,2020-10-07,2020-11-04,2020,0.1171744238869912,0.3291001752349905,0.5,False
GDRX,15,2020-10-13,2020-10-14,2020-11-11,2020,0.0053227952681292,0.2844116621009111,0.5,False
GDRX,20,2020-10-20,2020-10-21,2020-11-18,2020,0.34154242305472,0.2841497346696919,0.5,False
GFL,2,2020-03-04,2020-03-05,2020-04-02,2020,-0.0307008587130028,0.3675667924809779,0.5,False
GFL,5,2020-03-09,2020-03-10,2020-04-07,2020,0.0732744283009188,0.6488626302388144,0.5,True
GFL,10,2020-03-16,2020-03-17,2020-04-15,2020,0.1591132328323559,0.6466893062998738,0.5,True
GFL,15,2020-03-23,2020-03-24,2020-04-22,2020,0.0548959359659368,0.6740707976093347,0.5,True
GFL,20,2020-03-30,2020-03-31,2020-04-29,2020,-0.0925831858482344,0.6494251251125966,0.5,True
HRMY,2,2020-08-20,2020-08-21,2020-09-21,2020,0.0559288119345705,0.4118633884881147,0.5,False
HRMY,5,2020-08-25,2020-08-26,2020-09-24,2020,-0.0390894614897715,0.6569206617762063,0.5,True
HRMY,10,2020-09-01,2020-09-02,2020-10-01,2020,0.0337033779342735,0.43103850531692117,0.5,False
HRMY,15,2020-09-09,2020-09-10,2020-10-08,2020,0.2380519812711667,0.37571695019585655,0.5,False
HRMY,20,2020-09-16,2020-09-17,2020-10-15,2020,-0.0438560461998152,0.31510637068688946,0.5,False
IBEX,2,2020-08-10,2020-08-11,2020-09-09,2020,0.4082706636022003,0.42985314615957426,0.5,False
IBEX,5,2020-08-13,2020-08-14,2020-09-14,2020,0.3180880093912644,0.6809716882626814,0.5,True
IH,2,2020-10-12,2020-10-13,2020-11-10,2020,-0.0075860140230073,0.637350966801534,0.5,True
IH,5,2020-10-15,2020-10-16,2020-11-13,2020,0.0248940862855951,0.6813602904368873,0.5,True
IH,10,2020-10-22,2020-10-23,2020-11-20,2020,-0.3367395127331291,0.6508142809867423,0.5,True
IH,15,2020-10-29,2020-10-30,2020-11-30,2020,-0.269151275427633,0.7192437970115244,0.5,True
IMNM,2,2020-10-05,2020-10-06,2020-11-03,2020,0.0025456983505466,0.7368691713980234,0.5,True
IVA,2,2020-07-13,2020-07-14,2020-08-11,2020,-0.0028011717067948,0.7249943838422426,0.5,True
IVA,5,2020-07-16,2020-07-17,2020-08-14,2020,-0.0070342555255792,0.7191973663527205,0.5,True
KC,2,2020-05-11,2020-05-12,2020-06-10,2020,0.2890077094096682,0.2823580878040125,0.5,False
KC,5,2020-05-14,2020-05-15,2020-06-15,2020,0.1229748164659959,0.37603676650214496,0.5,False
KC,10,2020-05-21,2020-05-22,2020-06-22,2020,-0.4418764339528144,0.5584200283877655,0.5,True
KC,15,2020-05-29,2020-06-01,2020-06-29,2020,-0.3643145481474939,0.6318233337391731,0.5,True
KC,20,2020-06-05,2020-06-08,2020-07-07,2020,-0.7910378133235904,0.5429145590705479,0.5,True
KROS,2,2020-04-09,2020-04-13,2020-05-11,2020,-0.1936865865133325,0.38025828875026596,0.5,False
KYMR,2,2020-08-24,2020-08-25,2020-09-23,2020,-0.2026224107642182,0.4421050067457827,0.5,False
KYMR,5,2020-08-27,2020-08-28,2020-09-28,2020,-0.0191094758565649,0.3910629080304742,0.5,False
KYMR,10,2020-09-03,2020-09-04,2020-10-05,2020,0.0149188526879701,0.36313130565969953,0.5,False
KYMR,15,2020-09-11,2020-09-14,2020-10-12,2020,-0.2024991823564656,0.38499031637155084,0.5,False
KYMR,20,2020-09-18,2020-09-21,2020-10-19,2020,-0.3088848815100367,0.32285027934592003,0.5,False
LEGN,2,2020-06-08,2020-06-09,2020-07-08,2020,-0.1506274607367426,0.31059899855554945,0.5,False
LEGN,5,2020-06-11,2020-06-12,2020-07-13,2020,-0.0221640955328171,0.34243674783527495,0.5,False
LEGN,10,2020-06-18,2020-06-19,2020-07-20,2020,0.1263111504238385,0.2963719652794719,0.5,False
LEGN,15,2020-06-25,2020-06-26,2020-07-27,2020,0.1518574413773893,0.2716236359771796,0.5,False
LEGN,20,2020-07-02,2020-07-06,2020-08-03,2020,0.1693662386938516,0.24664427484383825,0.5,False
LI,2,2020-07-31,2020-08-03,2020-08-31,2020,0.0621017703391628,0.3476331669553976,0.5,False
LI,5,2020-08-05,2020-08-06,2020-09-03,2020,0.0256578294627366,0.3907255731985541,0.5,False
LI,10,2020-08-12,2020-08-13,2020-09-11,2020,-0.0761542083650298,0.41166185719837073,0.5,False
LI,15,2020-08-19,2020-08-20,2020-09-18,2020,-0.2079991034937595,0.6307184636237889,0.5,True
LI,20,2020-08-26,2020-08-27,2020-09-25,2020,0.0952081013374508,0.554498580335097,0.5,True
LMND,2,2020-07-06,2020-07-07,2020-08-04,2020,0.312855363820548,0.47384596072547625,0.5,False
LMND,5,2020-07-09,2020-07-10,2020-08-07,2020,0.2110615763444076,0.5076113716119709,0.5,True
LMND,10,2020-07-16,2020-07-17,2020-08-14,2020,0.2316648837985025,0.5257293177603461,0.5,True
LMND,15,2020-07-23,2020-07-24,2020-08-21,2020,0.2527421135887561,0.4782272099742781,0.5,False
LMND,20,2020-07-30,2020-07-31,2020-08-28,2020,0.2406157398588475,0.4445689534120685,0.5,False
LSF,2,2020-09-24,2020-09-25,2020-10-23,2020,-0.3480003583861919,0.5460549691653086,0.5,True
LSF,5,2020-09-29,2020-09-30,2020-10-28,2020,-0.2540470799440107,0.6078334778871893,0.5,True
LSF,10,2020-10-06,2020-10-07,2020-11-04,2020,-0.1209895139011051,0.5677525427015284,0.5,True
LSF,15,2020-10-13,2020-10-14,2020-11-11,2020,0.1477465801879554,0.5566570395025264,0.5,True
LSF,20,2020-10-20,2020-10-21,2020-11-18,2020,0.2101568107976676,0.6002943234807648,0.5,True
LTRN,2,2020-06-12,2020-06-15,2020-07-14,2020,0.2053529531834546,0.4175807763381147,0.5,False
LU,2,2020-11-02,2020-11-03,2020-12-02,2020,-0.0828001687973217,0.1631531313259163,0.5,False
LU,5,2020-11-05,2020-11-06,2020-12-07,2020,-0.0289294335637598,0.15298603093947963,0.5,False
LU,10,2020-11-12,2020-11-13,2020-12-14,2020,0.3142379247322238,0.236087410815588,0.5,False
LU,15,2020-11-19,2020-11-20,2020-12-21,2020,0.097087213715874,0.19544523928867955,0.5,False
LU,20,2020-11-27,2020-11-30,2020-12-29,2020,0.1172608450027143,0.25305793975855606,0.5,False
LUNG,2,2020-10-02,2020-10-05,2020-11-02,2020,-0.0600775502221495,0.3380873960447428,0.5,False
LUNG,5,2020-10-07,2020-10-08,2020-11-05,2020,-0.0104096761091583,0.39110775212339305,0.5,False
LUNG,10,2020-10-14,2020-10-15,2020-11-12,2020,-0.1027598154144899,0.3534633854264631,0.5,False
LUNG,15,2020-10-21,2020-10-22,2020-11-19,2020,-0.0727431792472729,0.33914921740860454,0.5,False
LUNG,20,2020-10-28,2020-10-29,2020-11-27,2020,-0.2908276080593133,0.3079864420089372,0.5,False
MASS,2,2020-12-21,2020-12-22,2021-01-22,2020,-0.2306244446826715,0.35041443136447026,0.5,False
MASS,5,2020-12-24,2020-12-28,2021-01-27,2020,0.2397795897569144,0.41677159973550876,0.5,False
MAX,2,2020-10-29,2020-10-30,2020-11-30,2020,-0.0307341267452133,0.547881477395058,0.5,True
MAX,5,2020-11-03,2020-11-04,2020-12-03,2020,0.0992052001143015,0.5818369246501571,0.5,True
MAX,10,2020-11-10,2020-11-11,2020-12-10,2020,0.0119951877074624,0.6511071727862644,0.5,True
MAX,15,2020-11-17,2020-11-18,2020-12-17,2020,0.0659479032014308,0.6270790313001358,0.5,True
MAX,20,2020-11-24,2020-11-25,2020-12-24,2020,-0.1431142158285953,0.5930450813563412,0.5,True
MCFE,2,2020-10-23,2020-10-26,2020-11-23,2020,0.2146331576981,0.3232953551018319,0.5,False
MCFE,5,2020-10-28,2020-10-29,2020-11-27,2020,0.1547641291571412,0.5859987317465134,0.5,True
MCFE,10,2020-11-04,2020-11-05,2020-12-04,2020,0.0804806668519059,0.5897553738265764,0.5,True
MCFE,15,2020-11-11,2020-11-12,2020-12-11,2020,0.048015172140314,0.5706746932785347,0.5,True
MCFE,20,2020-11-18,2020-11-19,2020-12-18,2020,-0.0217872978306204,0.5133267951553265,0.5,True
MNSO,2,2020-10-16,2020-10-19,2020-11-16,2020,0.1721920330650852,0.5310636508831732,0.5,True
MNSO,5,2020-10-21,2020-10-22,2020-11-19,2020,0.1095380541001814,0.5838733310099959,0.5,True
MNSO,10,2020-10-28,2020-10-29,2020-11-27,2020,0.0824314884961023,0.750159500634231,0.5,True
MNSO,15,2020-11-04,2020-11-05,2020-12-04,2020,-0.0496933402718533,0.7729336673823947,0.5,True
MNSO,20,2020-11-11,2020-11-12,2020-12-11,2020,-0.0956973048284621,0.5215114602928597,0.5,True
MRM,2,2020-12-30,2020-12-31,2021-02-01,2020,0.0752654348864355,0.6193077223760914,0.5,True
MRVI,2,2020-11-23,2020-11-24,2020-12-23,2020,-0.0340171340172757,0.49327550001730897,0.5,False
MRVI,5,2020-11-27,2020-11-30,2020-12-29,2020,0.0804637343151235,0.5051845433468555,0.5,True
MRVI,10,2020-12-04,2020-12-07,2021-01-06,2020,0.0489253174308101,0.5077977650202086,0.5,True
MRVI,15,2020-12-11,2020-12-14,2021-01-13,2020,-0.0700876724127271,0.47504831460672575,0.5,False
MRVI,20,2020-12-18,2020-12-21,2021-01-21,2020,-0.0387377178345118,0.305364472868227,0.5,False
NBTX,2,2020-12-14,2020-12-15,2021-01-14,2020,-0.1066801577398224,0.6185150579962773,0.5,True
NCNO,2,2020-07-15,2020-07-16,2020-08-13,2020,-0.1615289224188927,0.2557536105914914,0.5,False
NCNO,5,2020-07-20,2020-07-21,2020-08-18,2020,-0.0413465603618358,0.2559493238372207,0.5,False
NCNO,10,2020-07-27,2020-07-28,2020-08-25,2020,-0.1710426165676823,0.2483685421454391,0.5,False
NCNO,15,2020-08-03,2020-08-04,2020-09-01,2020,-0.2637786530480319,0.2312710547857259,0.5,False
NCNO,20,2020-08-10,2020-08-11,2020-09-09,2020,-0.0561016883413281,0.18738681643082017,0.5,False
NKTX,2,2020-07-13,2020-07-14,2020-08-11,2020,0.4529175469925347,0.542105803698032,0.5,True
NKTX,5,2020-07-16,2020-07-17,2020-08-14,2020,0.2862199489501441,0.5359011820175148,0.5,True
NKTX,10,2020-07-23,2020-07-24,2020-08-21,2020,0.2294369524304145,0.5699910211340505,0.5,True
NNOX,2,2020-08-24,2020-08-25,2020-09-23,2020,-0.1569109050708071,0.4091468688427108,0.5,False
NNOX,5,2020-08-27,2020-08-28,2020-09-28,2020,-0.1392900410563891,0.4991334698952375,0.5,False
NNOX,10,2020-09-03,2020-09-04,2020-10-05,2020,-0.0856375452782225,0.7489699341367514,0.5,True
NNOX,15,2020-09-11,2020-09-14,2020-10-12,2020,0.4936600043644892,0.8478102439892501,0.5,True
NNOX,20,2020-09-18,2020-09-21,2020-10-19,2020,-0.0122890766778769,0.44151309653876314,0.5,False
NREF,2,2020-02-10,2020-02-11,2020-03-11,2020,-0.1805997278543232,0.45898215629422695,0.5,False
NRIX,2,2020-07-27,2020-07-28,2020-08-25,2020,-0.1074305407250705,0.4386561966153181,0.5,False
NRIX,5,2020-07-30,2020-07-31,2020-08-28,2020,-0.1934400437417272,0.479818106601483,0.5,False
NTST,2,2020-08-14,2020-08-17,2020-09-15,2020,-0.0464669641911019,0.4772685421872447,0.5,False
NTST,5,2020-08-19,2020-08-20,2020-09-18,2020,-0.0302434504193126,0.5362055418144339,0.5,True
NTST,10,2020-08-26,2020-08-27,2020-09-25,2020,-0.0901384330392874,0.5140492600067031,0.5,True
NTST,20,2020-09-10,2020-09-11,2020-10-09,2020,-0.0865936796854631,0.4095789215897867,0.5,False
OLMA,2,2020-11-20,2020-11-23,2020-12-22,2020,0.0489068143252251,0.17875329119972153,0.5,False
OLMA,5,2020-11-25,2020-11-27,2020-12-28,2020,0.0065397487946724,0.23450035383602294,0.5,False
OLMA,10,2020-12-03,2020-12-04,2021-01-05,2020,0.1622254786923797,0.286338372884202,0.5,False
OLMA,15,2020-12-10,2020-12-11,2021-01-12,2020,0.0728042950717393,0.26851141429358893,0.5,False
OLMA,20,2020-12-17,2020-12-18,2021-01-20,2020,-0.0598049261701656,0.27253302021307324,0.5,False
ONEW,2,2020-02-10,2020-02-11,2020-03-11,2020,0.0678405326852804,0.41732512916265807,0.5,False
ORIC,2,2020-04-27,2020-04-28,2020-05-27,2020,-0.0012346518219233,0.35849704268742916,0.5,False
ORIC,5,2020-04-30,2020-05-01,2020-06-01,2020,-0.0712740751879706,0.40443471916638385,0.5,False
ORIC,10,2020-05-07,2020-05-08,2020-06-08,2020,-0.0591410595271128,0.4401862408139751,0.5,False
ORIC,15,2020-05-14,2020-05-15,2020-06-15,2020,0.0696871459148072,0.3564857470177445,0.5,False
ORIC,20,2020-05-21,2020-05-22,2020-06-22,2020,-0.1014597013137305,0.32160545435941224,0.5,False
PCVX,2,2020-06-15,2020-06-16,2020-07-15,2020,0.1090997965291609,0.3689599643868101,0.5,False
PCVX,5,2020-06-18,2020-06-19,2020-07-20,2020,0.091960837575742,0.4099075897231926,0.5,False
PCVX,10,2020-06-25,2020-06-26,2020-07-27,2020,0.1290599619725084,0.3734169260853387,0.5,False
PLRX,2,2020-06-04,2020-06-05,2020-07-06,2020,-0.2250081493164041,0.4262227961431803,0.5,False
PLRX,5,2020-06-09,2020-06-10,2020-07-09,2020,-0.2412726874190928,0.46814450672705266,0.5,False
PLRX,10,2020-06-16,2020-06-17,2020-07-16,2020,0.0215471220557647,0.4674241519528097,0.5,False
PLRX,15,2020-06-23,2020-06-24,2020-07-23,2020,0.1343515894975845,0.46459157023533176,0.5,False
PLTR,2,2020-10-01,2020-10-02,2020-10-30,2020,-0.1742856068632221,0.6476523822735939,0.5,True
PLTR,5,2020-10-06,2020-10-07,2020-11-04,2020,-0.0742628224618397,0.6786376703899688,0.5,True
PLTR,10,2020-10-13,2020-10-14,2020-11-11,2020,-0.6722887573729484,0.6527793931714839,0.5,True
PLTR,15,2020-10-20,2020-10-21,2020-11-18,2020,-0.9462290584029108,0.6283301009332259,0.5,True
PLTR,20,2020-10-27,2020-10-28,2020-11-25,2020,-1.723109304726602,0.6046498481596859,0.5,True
PMVP,2,2020-09-28,2020-09-29,2020-10-27,2020,0.0126999665583081,0.3009737257336145,0.5,False
PMVP,5,2020-10-01,2020-10-02,2020-10-30,2020,-0.1260092712165156,0.35875659742904276,0.5,False
PMVP,10,2020-10-08,2020-10-09,2020-11-06,2020,-0.079910404757198,0.3743427071953257,0.5,False
PMVP,15,2020-10-15,2020-10-16,2020-11-13,2020,0.0827604686407501,0.326597509554972,0.5,False
PMVP,20,2020-10-22,2020-10-23,2020-11-20,2020,0.0649562523100114,0.2816462918230252,0.5,False
PPD,2,2020-02-07,2020-02-10,2020-03-10,2020,-0.079493721239599,0.27157712230105036,0.5,False
PPD,5,2020-02-12,2020-02-13,2020-03-13,2020,-0.0380032122388272,0.3142574554097314,0.5,False
PPD,10,2020-02-20,2020-02-21,2020-03-20,2020,0.0289746597244789,0.2938152911009248,0.5,False
PPD,15,2020-02-27,2020-02-28,2020-03-27,2020,0.2696977401457713,0.4634608936729483,0.5,False
PPD,20,2020-03-05,2020-03-06,2020-04-03,2020,0.3018955568142655,0.4795334690743963,0.5,False
PRLD,2,2020-09-28,2020-09-29,2020-10-27,2020,-0.3641220947322638,0.3908770757356972,0.5,False
PRLD,5,2020-10-01,2020-10-02,2020-10-30,2020,-0.1258929179041716,0.43723267443135166,0.5,False
PRLD,10,2020-10-08,2020-10-09,2020-11-06,2020,-0.0287144662768795,0.6418174119951279,0.5,True
PRLD,15,2020-10-15,2020-10-16,2020-11-13,2020,-0.3811662689132342,0.43020672302159874,0.5,False
PRLD,20,2020-10-22,2020-10-23,2020-11-20,2020,-0.7298258941166748,0.48633089908320004,0.5,False
PUBM,2,2020-12-10,2020-12-11,2021-01-12,2020,0.0508667903691239,0.47673556856082977,0.5,False
PUBM,5,2020-12-15,2020-12-16,2021-01-15,2020,-0.2242758740861544,0.7363000503501899,0.5,True
PUBM,10,2020-12-22,2020-12-23,2021-01-25,2020,-0.134376306944849,0.49786777152128353,0.5,False
PUBM,15,2020-12-30,2020-12-31,2021-02-01,2020,-0.6651364712051465,0.4537071248890728,0.5,False
REYN,2,2020-02-03,2020-02-04,2020-03-04,2020,-0.0815085945530611,0.2714956131788719,0.5,False
REYN,5,2020-02-06,2020-02-07,2020-03-09,2020,-0.2199755237895981,0.3279579917032511,0.5,False
REYN,10,2020-02-13,2020-02-14,2020-03-16,2020,-0.2459270253285148,0.2886753756670991,0.5,False
REYN,15,2020-02-21,2020-02-24,2020-03-23,2020,-0.1909028037375509,0.2568596859515605,0.5,False
REYN,20,2020-02-28,2020-03-02,2020-03-30,2020,-0.0597032478518389,0.24268347089291456,0.5,False
RKT,2,2020-08-07,2020-08-10,2020-09-08,2020,0.022808690720806,0.48386341664196353,0.5,False
RKT,5,2020-08-12,2020-08-13,2020-09-11,2020,-0.2344426324645157,0.5842538462208501,0.5,True
RKT,10,2020-08-19,2020-08-20,2020-09-18,2020,-0.0448916246396046,0.6335009676920718,0.5,True
RKT,15,2020-08-26,2020-08-27,2020-09-25,2020,0.1755325232980558,0.5911895339854535,0.5,True
RKT,20,2020-09-02,2020-09-03,2020-10-02,2020,0.0444103211062488,0.5575620411803072,0.5,True
RLAY,2,2020-07-17,2020-07-20,2020-08-17,2020,0.2479620045360122,0.2755092159062084,0.5,False
RLAY,5,2020-07-22,2020-07-23,2020-08-20,2020,0.0811007218661353,0.3510369213113545,0.5,False
RLAY,10,2020-07-29,2020-07-30,2020-08-27,2020,0.0199146436823958,0.3951319939129201,0.5,False
RLAY,15,2020-08-05,2020-08-06,2020-09-03,2020,0.1091987204690369,0.40362125711435853,0.5,False
RLAY,20,2020-08-12,2020-08-13,2020-09-11,2020,0.0371792963891566,0.32511144919739743,0.5,False
RPRX,2,2020-06-17,2020-06-18,2020-07-17,2020,0.2466184930288676,0.23549924302855266,0.5,False
RPRX,5,2020-06-22,2020-06-23,2020-07-22,2020,0.2239845787986235,0.3034173449940791,0.5,False
RPRX,10,2020-06-29,2020-06-30,2020-07-29,2020,0.1824143616176133,0.28227519399366635,0.5,False
RPRX,15,2020-07-07,2020-07-08,2020-08-05,2020,0.1127475550695507,0.27692843432616754,0.5,False
RPRX,20,2020-07-14,2020-07-15,2020-08-12,2020,-0.0249245579743658,0.2476889690385441,0.5,False
RVMD,2,2020-02-14,2020-02-18,2020-03-17,2020,-0.1310548063960042,0.36462471403729374,0.5,False
RVMD,5,2020-02-20,2020-02-21,2020-03-20,2020,-0.2596625422591344,0.3943560649166826,0.5,False
RVMD,10,2020-02-27,2020-02-28,2020-03-27,2020,0.0798293012700072,0.3648388016106037,0.5,False
RVMD,15,2020-03-05,2020-03-06,2020-04-03,2020,0.1669243592984734,0.3671853175540475,0.5,False
RVMD,20,2020-03-12,2020-03-13,2020-04-13,2020,0.0454044181049485,0.5057410247245271,0.5,True
RXT,2,2020-08-06,2020-08-07,2020-09-04,2020,-0.2422210893691254,0.35660949759292054,0.5,False
RXT,5,2020-08-11,2020-08-12,2020-09-10,2020,-0.2311783906610638,0.3993456466215581,0.5,False
RXT,10,2020-08-18,2020-08-19,2020-09-17,2020,-0.0123380580661303,0.40913915291075104,0.5,False
RXT,15,2020-08-25,2020-08-26,2020-09-24,2020,-0.0401941241480204,0.3516718155661327,0.5,False
RXT,20,2020-09-01,2020-09-02,2020-10-01,2020,0.0504222993755179,0.40862790715026504,0.5,False
SDGR,2,2020-02-07,2020-02-10,2020-03-10,2020,-0.3113196827587242,0.33805980834091515,0.5,False
SDGR,5,2020-02-12,2020-02-13,2020-03-13,2020,-0.653939635091904,0.40621379033110067,0.5,False
SDGR,10,2020-02-20,2020-02-21,2020-03-20,2020,-0.2491848494106736,0.7028725272018194,0.5,True
SDGR,15,2020-02-27,2020-02-28,2020-03-27,2020,-0.0767617325738511,0.3926335684891017,0.5,False
SDGR,20,2020-03-05,2020-03-06,2020-04-03,2020,-0.169871296049418,0.4424964897335601,0.5,False
SEER,2,2020-12-07,2020-12-08,2021-01-07,2020,-0.0012657742419982,0.2180938885925595,0.5,False
SEER,5,2020-12-10,2020-12-11,2021-01-12,2020,0.2057360488947979,0.2906888225448417,0.5,False
SEER,10,2020-12-17,2020-12-18,2021-01-20,2020,-0.224990903499799,0.27531901262289776,0.5,False
SEER,15,2020-12-24,2020-12-28,2021-01-27,2020,-0.1064945567109186,0.3114736033032988,0.5,False
SHC,2,2020-11-23,2020-11-24,2020-12-23,2020,0.0463970448390669,0.29304965090625895,0.5,False
SHC,5,2020-11-27,2020-11-30,2020-12-29,2020,0.0273029633994049,0.32921290627262295,0.5,False
SHC,10,2020-12-04,2020-12-07,2021-01-06,2020,0.0480836145421083,0.3138290555296836,0.5,False
SHC,15,2020-12-11,2020-12-14,2021-01-13,2020,0.0201897980793811,0.2954377953096671,0.5,False
SHC,20,2020-12-18,2020-12-21,2021-01-21,2020,0.0398836894558145,0.2942825417453504,0.5,False
SLQT,2,2020-05-22,2020-05-26,2020-06-23,2020,0.059747531853451,0.470215734816417,0.5,False
SLQT,5,2020-05-28,2020-05-29,2020-06-26,2020,0.0463140260139912,0.5099812112023054,0.5,True
SLQT,10,2020-06-04,2020-06-05,2020-07-06,2020,0.0079526682189806,0.46170133440500316,0.5,False
SLQT,15,2020-06-11,2020-06-12,2020-07-13,2020,0.0665796399018109,0.45856558121333896,0.5,False
SLQT,20,2020-06-18,2020-06-19,2020-07-20,2020,0.1242113649596449,0.4169034460034155,0.5,False
SNOW,2,2020-09-17,2020-09-18,2020-10-16,2020,-0.0098590959497827,0.5953834731166131,0.5,True
SNOW,5,2020-09-22,2020-09-23,2020-10-21,2020,-0.0884130809065281,0.42069718504192494,0.5,False
SNOW,10,2020-09-29,2020-09-30,2020-10-28,2020,-0.1004460895524218,0.40738971629803383,0.5,False
SNOW,15,2020-10-06,2020-10-07,2020-11-04,2020,-0.0718181464435156,0.33656332505963804,0.5,False
SNOW,20,2020-10-13,2020-10-14,2020-11-11,2020,0.0420707199245952,0.3291163713427502,0.5,False
STEP,2,2020-09-17,2020-09-18,2020-10-16,2020,-0.0281208759301186,0.35371113665609805,0.5,False
STEP,5,2020-09-22,2020-09-23,2020-10-21,2020,0.0003936184504939,0.37979229018645766,0.5,False
STEP,10,2020-09-29,2020-09-30,2020-10-28,2020,-0.0590150641100303,0.34875247457528474,0.5,False
STEP,15,2020-10-06,2020-10-07,2020-11-04,2020,-0.1012929186577414,0.3249974951120768,0.5,False
STEP,20,2020-10-13,2020-10-14,2020-11-11,2020,-0.1545507887733413,0.2970891025139977,0.5,False
STTK,2,2020-10-12,2020-10-13,2020-11-10,2020,-0.2333207062948911,0.4651954306217259,0.5,False
STTK,5,2020-10-15,2020-10-16,2020-11-13,2020,-0.4919409311454644,0.4873329451878675,0.5,False
TARS,2,2020-10-19,2020-10-20,2020-11-17,2020,-0.0311948798598147,0.37581893036562886,0.5,False
TLS,2,2020-11-20,2020-11-23,2020-12-22,2020,-0.4565420078389178,0.4313139937477527,0.5,False
TLS,5,2020-11-25,2020-11-27,2020-12-28,2020,-0.4353923227793721,0.44704813938332966,0.5,False
TLS,10,2020-12-03,2020-12-04,2021-01-05,2020,-0.4236813613282314,0.46364738315533127,0.5,False
TLS,15,2020-12-10,2020-12-11,2021-01-12,2020,-0.6059625892534006,0.405242567985393,0.5,False
TLS,20,2020-12-17,2020-12-18,2021-01-20,2020,-0.5884473455015669,0.4177477746334078,0.5,False
TSHA,2,2020-09-25,2020-09-28,2020-10-26,2020,0.1502835365198708,0.37386436589354605,0.5,False
TSHA,5,2020-09-30,2020-10-01,2020-10-29,2020,0.0521207676001872,0.4651536853220591,0.5,False
TSHA,10,2020-10-07,2020-10-08,2020-11-05,2020,-0.0212094136507646,0.6560653215340811,0.5,True
TSHA,15,2020-10-14,2020-10-15,2020-11-12,2020,0.0293428520811358,0.46602076726603625,0.5,False
U,2,2020-09-21,2020-09-22,2020-10-20,2020,-0.1042759335304179,0.3886418905319053,0.5,False
U,5,2020-09-24,2020-09-25,2020-10-23,2020,-0.0719677782728138,0.4653242420642207,0.5,False
U,10,2020-10-01,2020-10-02,2020-10-30,2020,-0.2211954256929215,0.4886205933315312,0.5,False
U,15,2020-10-08,2020-10-09,2020-11-06,2020,-0.2887513443332146,0.5082771644580277,0.5,True
U,20,2020-10-15,2020-10-16,2020-11-13,2020,-0.2425463187415191,0.4291929322724679,0.5,False
UCL,2,2020-06-11,2020-06-12,2020-07-13,2020,0.197440240926495,0.6128176458448795,0.5,True
UPST,2,2020-12-17,2020-12-18,2021-01-20,2020,-0.4389235824675276,0.4062749824722225,0.5,False
UPST,5,2020-12-22,2020-12-23,2021-01-25,2020,-0.3862868594542285,0.47877683215118083,0.5,False
UPST,10,2020-12-30,2020-12-31,2021-02-01,2020,-0.8656777280557673,0.45708707618212496,0.5,False
VEL,2,2020-01-21,2020-01-22,2020-02-20,2020,-0.0432157184366572,0.5464185032478485,0.5,True
VERX,2,2020-07-30,2020-07-31,2020-08-28,2020,-0.0936238421070196,0.38155511345046395,0.5,False
VERX,5,2020-08-04,2020-08-05,2020-09-02,2020,0.1157548807077908,0.40837404095239027,0.5,False
VERX,10,2020-08-11,2020-08-12,2020-09-10,2020,-0.0157096879793487,0.36555379047775904,0.5,False
VERX,15,2020-08-18,2020-08-19,2020-09-17,2020,0.0552932831562625,0.3548796840783968,0.5,False
VERX,20,2020-08-25,2020-08-26,2020-09-24,2020,0.0946022907382332,0.3488172330893167,0.5,False
VITL,2,2020-08-03,2020-08-04,2020-09-01,2020,0.0188133283919367,0.3624973149290404,0.5,False
VITL,5,2020-08-06,2020-08-07,2020-09-04,2020,0.111857726327397,0.4034751832265005,0.5,False
VITL,10,2020-08-13,2020-08-14,2020-09-14,2020,-0.0400023851659496,0.35641122143695253,0.5,False
VITL,15,2020-08-20,2020-08-21,2020-09-21,2020,-0.1365359771563857,0.36529053461514727,0.5,False
VITL,20,2020-08-27,2020-08-28,2020-09-28,2020,-0.1746714348953631,0.32297608512764836,0.5,False
WMG,2,2020-06-04,2020-06-05,2020-07-06,2020,-0.0085993697238839,0.30894919380700864,0.5,False
WMG,5,2020-06-09,2020-06-10,2020-07-09,2020,0.0029930871131658,0.34766976267918026,0.5,False
WMG,10,2020-06-16,2020-06-17,2020-07-16,2020,0.0682542438699336,0.32237532874318797,0.5,False
WMG,15,2020-06-23,2020-06-24,2020-07-23,2020,0.079774340615287,0.2706448732656774,0.5,False
WMG,20,2020-06-30,2020-07-01,2020-07-30,2020,-0.0017643401228947,0.2635825555181192,0.5,False
XP,15,2020-01-02,2020-01-03,2020-02-03,2020,-0.0783310598029673,0.243722339496737,0.5,False
XP,20,2020-01-09,2020-01-10,2020-02-10,2020,-0.0026604217258455,0.2319857560785163,0.5,False
XPEV,2,2020-08-28,2020-08-31,2020-09-29,2020,0.0687243438425812,0.4913807018824641,0.5,False
XPEV,5,2020-09-02,2020-09-03,2020-10-02,2020,0.0099554729981678,0.7405910956791543,0.5,True
XPEV,10,2020-09-10,2020-09-11,2020-10-09,2020,-0.0072538031777992,0.7485105310596913,0.5,True
XPEV,15,2020-09-17,2020-09-18,2020-10-16,2020,-0.0888272824688065,0.738645405752978,0.5,True
XPEV,20,2020-09-24,2020-09-25,2020-10-23,2020,-0.0268430721022767,0.7236580278073443,0.5,True
YALA,2,2020-10-01,2020-10-02,2020-10-30,2020,-0.3651877318280437,0.9159486737195711,0.5,True
YALA,5,2020-10-06,2020-10-07,2020-11-04,2020,-0.1307458830506774,0.8384411448595993,0.5,True
YALA,10,2020-10-13,2020-10-14,2020-11-11,2020,-0.1194288004266914,0.8230472482068417,0.5,True
YALA,15,2020-10-20,2020-10-21,2020-11-18,2020,-0.0792767068446802,0.7752978469714008,0.5,True
YALA,20,2020-10-27,2020-10-28,2020-11-25,2020,-0.1769377549976884,0.759320740874074,0.5,True
ZNTL,2,2020-04-06,2020-04-07,2020-05-06,2020,-0.3119005486673954,0.3760903746450201,0.5,False
ZNTL,5,2020-04-09,2020-04-13,2020-05-11,2020,-0.3615785287155604,0.4118928265924166,0.5,False
ZNTL,10,2020-04-17,2020-04-20,2020-05-18,2020,-0.5851043728559769,0.3773185790412043,0.5,False
ZNTL,15,2020-04-24,2020-04-27,2020-05-26,2020,-0.2862728075738612,0.44376087377706497,0.5,False
ZNTL,20,2020-05-01,2020-05-04,2020-06-02,2020,-0.6415389561904528,0.3902091569383078,0.5,False
ABCL,15,2021-01-04,2021-01-05,2021-02-03,2021,-0.2674147682013933,0.5504110838754553,0.5,True
ABCL,20,2021-01-11,2021-01-12,2021-02-10,2021,-0.2659790730086944,0.532454137402228,0.5,True
ABNB,15,2020-12-31,2021-01-04,2021-02-02,2021,-0.2118354606271519,0.4462891290521469,0.5,False
ABNB,20,2021-01-08,2021-01-11,2021-02-09,2021,-0.3585608865147581,0.4507564943277405,0.5,False
ABOS,2,2021-07-02,2021-07-06,2021-08-03,2021,0.2236134664422097,0.293098367615946,0.5,False
ABSI,2,2021-07-23,2021-07-26,2021-08-23,2021,0.0298569898122818,0.34452104690146035,0.5,False
ABSI,5,2021-07-28,2021-07-29,2021-08-26,2021,0.1307745541720637,0.37701250224377775,0.5,False
ABSI,10,2021-08-04,2021-08-05,2021-09-02,2021,0.2348448817996122,0.37416712628794513,0.5,False
ABSI,15,2021-08-11,2021-08-12,2021-09-10,2021,0.4028541320615403,0.3390015919471822,0.5,False
ABSI,20,2021-08-18,2021-08-19,2021-09-17,2021,0.420568337732798,0.4188230488677171,0.5,False
ACT,2,2021-09-17,2021-09-20,2021-10-18,2021,-0.1091090951636687,0.32389962260164845,0.5,False
ACT,5,2021-09-22,2021-09-23,2021-10-21,2021,-0.0609212218098156,0.3578247199332534,0.5,False
ACT,10,2021-09-29,2021-09-30,2021-10-28,2021,-0.0112797321518136,0.3687406035885659,0.5,False
ACVA,2,2021-03-25,2021-03-26,2021-04-26,2021,-0.0423836616172654,0.34844306844009726,0.5,False
ACVA,5,2021-03-30,2021-03-31,2021-04-29,2021,0.0156995332149187,0.3898017250432788,0.5,False
ACVA,10,2021-04-07,2021-04-08,2021-05-06,2021,-0.0665812489577112,0.3520869179871159,0.5,False
ACVA,15,2021-04-14,2021-04-15,2021-05-13,2021,0.1288727248045446,0.40232322802204606,0.5,False
ACVA,20,2021-04-21,2021-04-22,2021-05-20,2021,0.1789010570143735,0.33939900300185233,0.5,False
ADAG,2,2021-02-10,2021-02-11,2021-03-12,2021,0.1273341211013479,0.532871182192186,0.5,True
ADAG,5,2021-02-16,2021-02-17,2021-03-17,2021,0.1349691720363468,0.5196672456716135,0.5,True
ADAG,10,2021-02-23,2021-02-24,2021-03-24,2021,0.2676469255865124,0.5135420434950728,0.5,True
AFCG,2,2021-03-22,2021-03-23,2021-04-21,2021,0.0891806421738809,0.45392779352999946,0.5,False
AFCG,5,2021-03-25,2021-03-26,2021-04-26,2021,-0.0260489101727224,0.5087696815016961,0.5,True
AFRM,2,2021-01-14,2021-01-15,2021-02-16,2021,0.0648847726970712,0.46969309387019675,0.5,False
AFRM,5,2021-01-20,2021-01-21,2021-02-19,2021,0.0002915156344808,0.4692715429940295,0.5,False
AFRM,10,2021-01-27,2021-01-28,2021-02-26,2021,0.0976890072721144,0.47740583325731045,0.5,False
AFRM,15,2021-02-03,2021-02-04,2021-03-05,2021,0.2345223135048598,0.48807707588374466,0.5,False
AFRM,20,2021-02-10,2021-02-11,2021-03-12,2021,0.4132951215036182,0.545840624372167,0.5,True
AI,20,2021-01-07,2021-01-08,2021-02-08,2021,-0.1127662807070301,0.4560868980308527,0.5,False
AIP,2,2021-10-28,2021-10-29,2021-11-29,2021,-0.4072005081690593,0.3761874041105853,0.5,False
AIP,5,2021-11-02,2021-11-03,2021-12-02,2021,-0.1620794419410334,0.3791750903399327,0.5,False
AIRS,2,2021-11-01,2021-11-02,2021-12-01,2021,0.2415809670845186,0.4375628775566575,0.5,False
AIRS,5,2021-11-04,2021-11-05,2021-12-06,2021,0.16804120016619,0.46754062265765023,0.5,False
AIRS,15,2021-11-18,2021-11-19,2021-12-20,2021,0.1444532585838437,0.430951915146948,0.5,False
ALHC,2,2021-03-29,2021-03-30,2021-04-28,2021,-0.3784578449442729,0.29324781069345596,0.5,False
ALHC,5,2021-04-01,2021-04-05,2021-05-03,2021,-0.0811857097581609,0.34823323222670943,0.5,False
ALHC,10,2021-04-09,2021-04-12,2021-05-10,2021,0.0891177475708032,0.3552190442140044,0.5,False
ALHC,15,2021-04-16,2021-04-19,2021-05-17,2021,0.1044799700397987,0.36942985179117127,0.5,False
ALHC,20,2021-04-23,2021-04-26,2021-05-24,2021,0.0484249504399885,0.30760096730163217,0.5,False
ALKT,2,2021-04-15,2021-04-16,2021-05-14,2021,0.2715089879322308,0.3893660862793797,0.5,False
ALKT,5,2021-04-20,2021-04-21,2021-05-19,2021,0.3055540860972459,0.4429761699359775,0.5,False
ALKT,10,2021-04-27,2021-04-28,2021-05-26,2021,0.2467415504731659,0.46534720043011846,0.5,False
ALKT,15,2021-05-04,2021-05-05,2021-06-03,2021,0.2016119896960391,0.3706509138883946,0.5,False
ALKT,20,2021-05-11,2021-05-12,2021-06-10,2021,0.0818134402684077,0.47009140083119955,0.5,False
AMPL,2,2021-09-29,2021-09-30,2021-10-28,2021,-0.3274756041009292,0.3929446074519396,0.5,False
AMPL,5,2021-10-04,2021-10-05,2021-11-02,2021,-0.3952468746356069,0.44722319730491955,0.5,False
AMPL,10,2021-10-11,2021-10-12,2021-11-09,2021,-0.6543137729286103,0.55445064654916,0.5,True
AMPL,15,2021-10-18,2021-10-19,2021-11-16,2021,-0.1461641250638999,0.5002038276960968,0.5,True
AMPL,20,2021-10-25,2021-10-26,2021-11-23,2021,0.0014712980520204,0.4516450818244084,0.5,False
AOMR,2,2021-06-18,2021-06-21,2021-07-20,2021,0.073290749491655,0.5891036647043901,0.5,True
AOMR,5,2021-06-23,2021-06-24,2021-07-23,2021,0.0520958543538476,0.6516585570095476,0.5,True
APP,2,2021-04-16,2021-04-19,2021-05-17,2021,-0.0731479462801219,0.5751276170477296,0.5,True
APP,5,2021-04-21,2021-04-22,2021-05-20,2021,-0.1276791438250727,0.5998685196156347,0.5,True
APP,10,2021-04-28,2021-04-29,2021-05-27,2021,-0.2164097820094244,0.5978607572228342,0.5,True
APP,15,2021-05-05,2021-05-06,2021-06-04,2021,-0.3075950428796002,0.586150749356001,0.5,True
APP,20,2021-05-12,2021-05-13,2021-06-11,2021,-0.5939032129854563,0.5361817414510383,0.5,True
ARHS,2,2021-11-05,2021-11-08,2021-12-07,2021,0.2397334439435258,0.4368067937911083,0.5,False
ARHS,5,2021-11-10,2021-11-11,2021-12-10,2021,-0.0527868761361564,0.6243554644831693,0.5,True
ARHS,10,2021-11-17,2021-11-18,2021-12-17,2021,0.0007720729018571,0.4848277360470541,0.5,False
ATAI,2,2021-06-21,2021-06-22,2021-07-21,2021,0.1722846509847026,0.3475061423650732,0.5,False
ATAI,5,2021-06-24,2021-06-25,2021-07-26,2021,0.1039472558775924,0.38648933536394636,0.5,False
ATAI,10,2021-07-01,2021-07-02,2021-08-02,2021,0.1265780108138858,0.354321663910272,0.5,False
ATAI,15,2021-07-09,2021-07-12,2021-08-09,2021,0.22397658202826,0.34818304388644705,0.5,False
ATAI,20,2021-07-16,2021-07-19,2021-08-16,2021,0.1417833066171189,0.30394184683106773,0.5,False
AURA,2,2021-11-01,2021-11-02,2021-12-01,2021,-0.2720031159756979,0.33444141967701435,0.5,False
AURA,5,2021-11-04,2021-11-05,2021-12-06,2021,0.0969231903564558,0.38446398004377,0.5,False
AVAH,2,2021-04-30,2021-05-03,2021-06-01,2021,-0.0354696117309768,0.4109767223894153,0.5,False
AVAH,5,2021-05-05,2021-05-06,2021-06-04,2021,-0.0591278366270822,0.4593439636018199,0.5,False
AVAH,10,2021-05-12,2021-05-13,2021-06-11,2021,-0.1634162227294488,0.5708844686639368,0.5,True
AVAH,15,2021-05-19,2021-05-20,2021-06-18,2021,-0.1659784387534904,0.5789771839528939,0.5,True
AVAH,20,2021-05-26,2021-05-27,2021-06-25,2021,-0.1107330074083914,0.41193544888680617,0.5,False
BLND,2,2021-07-19,2021-07-20,2021-08-17,2021,-0.0065276806466979,0.6284356826340863,0.5,True
BLND,5,2021-07-22,2021-07-23,2021-08-20,2021,-0.0578340575393848,0.6537934239734173,0.5,True
BLND,10,2021-07-29,2021-07-30,2021-08-27,2021,0.1309146302054978,0.5455423165217673,0.5,True
BLND,15,2021-08-05,2021-08-06,2021-09-03,2021,0.0770091494812328,0.5173735041136543,0.5,True
BLND,20,2021-08-12,2021-08-13,2021-09-13,2021,0.0989035584739545,0.5017649913795101,0.5,True
BLZE,2,2021-11-12,2021-11-15,2021-12-14,2021,0.1783965490512851,0.381585761163194,0.5,False
BLZE,5,2021-11-17,2021-11-18,2021-12-17,2021,0.3292956068564246,0.435254131756472,0.5,False
BLZE,10,2021-11-24,2021-11-26,2021-12-27,2021,0.2689742151222051,0.3727634141815857,0.5,False
BLZE,15,2021-12-02,2021-12-03,2022-01-03,2021,0.2734686510988293,0.33473967002839733,0.5,False
BLZE,20,2021-12-09,2021-12-10,2022-01-10,2021,0.37852657246251,0.40348799283601755,0.5,False
BMBL,2,2021-02-12,2021-02-16,2021-03-16,2021,0.058082629593536,0.37605726391977784,0.5,False
BMBL,5,2021-02-18,2021-02-19,2021-03-19,2021,0.0535699295412794,0.4157420875250114,0.5,False
BMBL,10,2021-02-25,2021-02-26,2021-03-26,2021,0.0452533629083728,0.5021879213370036,0.5,True
BMBL,15,2021-03-04,2021-03-05,2021-04-05,2021,0.1152079229192614,0.49212209133180257,0.5,False
BMBL,20,2021-03-11,2021-03-12,2021-04-12,2021,0.2552532650331251,0.5458518226246084,0.5,True
BMEA,2,2021-04-19,2021-04-20,2021-05-18,2021,-0.0286037283414586,0.31537865890954586,0.5,False
BRLT,2,2021-09-24,2021-09-27,2021-10-25,2021,0.2407225648300451,0.46917752037476856,0.5,False
BRLT,5,2021-09-29,2021-09-30,2021-10-28,2021,0.1052505540588307,0.4990313917835765,0.5,False
BRLT,10,2021-10-06,2021-10-07,2021-11-04,2021,-0.0568960667109638,0.6134766820038258,0.5,True
BRLT,15,2021-10-13,2021-10-14,2021-11-11,2021,-0.1950547365997658,0.6798276106438723,0.5,True
BRLT,20,2021-10-20,2021-10-21,2021-11-18,2021,-0.2761872041935982,0.4473133354006008,0.5,False
BROS,2,2021-09-16,2021-09-17,2021-10-15,2021,-0.1167950600686123,0.4835055652928618,0.5,False
BROS,5,2021-09-21,2021-09-22,2021-10-20,2021,-0.0602782226307876,0.4586935742503281,0.5,False
BROS,10,2021-09-28,2021-09-29,2021-10-27,2021,-0.4795388734090623,0.4042061147430362,0.5,False
BROS,15,2021-10-05,2021-10-06,2021-11-03,2021,-0.5986581980133282,0.45808122523045786,0.5,False
BROS,20,2021-10-12,2021-10-13,2021-11-10,2021,-0.2994913526080664,0.4911279547417114,0.5,False
BRZE,2,2021-11-18,2021-11-19,2021-12-20,2021,0.1697971709423059,0.5501137841315893,0.5,True
BRZE,5,2021-11-23,2021-11-24,2021-12-23,2021,-0.046046547704644,0.5346491858776583,0.5,True
BRZE,10,2021-12-01,2021-12-02,2021-12-31,2021,-0.0432288131867169,0.5040357162679207,0.5,True
BRZE,15,2021-12-08,2021-12-09,2022-01-07,2021,0.0420334844848251,0.5237734973947448,0.5,True
BRZE,20,2021-12-15,2021-12-16,2022-01-14,2021,-0.0544334122620467,0.5887890849704802,0.5,True
BVS,2,2021-02-12,2021-02-16,2021-03-16,2021,0.1687112684074995,0.4331984588768659,0.5,False
BVS,5,2021-02-18,2021-02-19,2021-03-19,2021,-0.0897006307559831,0.6219878227329971,0.5,True
BVS,10,2021-02-25,2021-02-26,2021-03-26,2021,-0.1278708814523132,0.6857951590651647,0.5,True
BWMN,2,2021-05-10,2021-05-11,2021-06-09,2021,0.0982699150194867,0.3313266889405804,0.5,False
BZ,2,2021-06-14,2021-06-15,2021-07-14,2021,0.1286500006318987,0.4451714974108397,0.5,False
BZ,5,2021-06-17,2021-06-18,2021-07-19,2021,0.0835734491793549,0.464926586578834,0.5,False
BZ,10,2021-06-24,2021-06-25,2021-07-26,2021,0.2717028841128703,0.48098570875200397,0.5,False
BZ,15,2021-07-01,2021-07-02,2021-08-02,2021,0.0417335982282677,0.4045784695525491,0.5,False
BZ,20,2021-07-09,2021-07-12,2021-08-09,2021,0.0096734195861684,0.38149584187062285,0.5,False
CADL,2,2021-07-28,2021-07-29,2021-08-26,2021,-0.1554455506442358,0.524576845278302,0.5,True
CDRE,2,2021-11-05,2021-11-08,2021-12-07,2021,-0.321030863761056,0.35445544631504333,0.5,False
CERT,15,2021-01-04,2021-01-05,2021-02-03,2021,-0.0203169958041091,0.41729547130751443,0.5,False
CERT,20,2021-01-11,2021-01-12,2021-02-10,2021,-0.0459448102287315,0.4623683833848549,0.5,False
CGEM,2,2021-01-11,2021-01-12,2021-02-10,2021,-0.363126736935403,0.30108602156015946,0.5,False
CGEM,5,2021-01-14,2021-01-15,2021-02-16,2021,-0.1026856310142572,0.3093778536578259,0.5,False
CGEM,10,2021-01-22,2021-01-25,2021-02-23,2021,-0.097128581710578,0.3196969225409458,0.5,False
CGEM,15,2021-01-29,2021-02-01,2021-03-02,2021,-0.2608734855564045,0.30121870063491535,0.5,False
CGEM,20,2021-02-05,2021-02-08,2021-03-09,2021,-0.430299899422267,0.2755407330207913,0.5,False
CGTX,2,2021-10-11,2021-10-12,2021-11-09,2021,0.0234485846496077,0.3361870579732713,0.5,False
CINT,2,2021-11-11,2021-11-12,2021-12-13,2021,0.2092573084322863,0.40323329352862053,0.5,False
CINT,5,2021-11-16,2021-11-17,2021-12-16,2021,0.2800060206653046,0.41693809953141775,0.5,False
CINT,10,2021-11-23,2021-11-24,2021-12-23,2021,0.0408450973754926,0.5548213493675915,0.5,True
CINT,15,2021-12-01,2021-12-02,2021-12-31,2021,-0.0625009606234666,0.5904167376536826,0.5,True
CLST,2,2021-10-14,2021-10-15,2021-11-12,2021,0.0549202539508056,0.32835271605399713,0.5,False
CMTG,2,2021-11-04,2021-11-05,2021-12-06,2021,-0.1029914960094151,0.4747261480525114,0.5,False
CMTG,5,2021-11-09,2021-11-10,2021-12-09,2021,-0.0191306215918169,0.5433692000270374,0.5,True
CNM,2,2021-07-26,2021-07-27,2021-08-24,2021,-0.2554163628389092,0.39002811242570723,0.5,False
CNM,5,2021-07-29,2021-07-30,2021-08-27,2021,-0.0351949604181954,0.4168939541573753,0.5,False
CNM,10,2021-08-05,2021-08-06,2021-09-03,2021,-0.0983899434788386,0.39946612150144867,0.5,False
CNM,15,2021-08-12,2021-08-13,2021-09-13,2021,-0.0196879831236121,0.43220834076040204,0.5,False
CNM,20,2021-08-19,2021-08-20,2021-09-20,2021,0.0265780753561753,0.3835263738544497,0.5,False
CNTB,2,2021-03-22,2021-03-23,2021-04-21,2021,0.1062117898478335,0.3149778635431518,0.5,False
CNTB,5,2021-03-25,2021-03-26,2021-04-26,2021,0.0268808390249287,0.6047355009803052,0.5,True
CNTB,10,2021-04-01,2021-04-05,2021-05-03,2021,0.1035259314170641,0.49670233651212436,0.5,False
CNTX,2,2021-10-21,2021-10-22,2021-11-19,2021,0.2078797216749036,0.3841046154085852,0.5,False
CNTX,5,2021-10-26,2021-10-27,2021-11-24,2021,0.3042838909498629,0.3753528536335899,0.5,False
CNTX,10,2021-11-02,2021-11-03,2021-12-02,2021,-0.0124523086567527,0.37267857338699234,0.5,False
CNTX,15,2021-11-09,2021-11-10,2021-12-09,2021,-0.1736960182324226,0.4006063947125921,0.5,False
COCO,2,2021-10-22,2021-10-25,2021-11-22,2021,-0.0539915601504774,0.41107893906703924,0.5,False
COCO,5,2021-10-27,2021-10-28,2021-11-26,2021,-0.1416444294657719,0.46082084412844915,0.5,False
COCO,10,2021-11-03,2021-11-04,2021-12-03,2021,0.1429472445397284,0.45237001471010463,0.5,False
COCO,15,2021-11-10,2021-11-11,2021-12-10,2021,0.2228612756578556,0.4213336052480351,0.5,False
COCO,20,2021-11-17,2021-11-18,2021-12-17,2021,0.4131738839073072,0.30097969958546944,0.5,False
COIN,2,2021-04-15,2021-04-16,2021-05-14,2021,0.1809543538953984,0.3654554975710346,0.5,False
COIN,5,2021-04-20,2021-04-21,2021-05-19,2021,0.2506941745253304,0.40607061376028464,0.5,False
COIN,10,2021-04-27,2021-04-28,2021-05-26,2021,0.1749005057118353,0.5324957198908252,0.5,True
COIN,15,2021-05-04,2021-05-05,2021-06-03,2021,0.1577521788638147,0.5109682144147442,0.5,True
COIN,20,2021-05-11,2021-05-12,2021-06-10,2021,0.2496423988889463,0.5243240718247216,0.5,True
COMP,2,2021-04-05,2021-04-06,2021-05-04,2021,0.0694386095449611,0.476632392877139,0.5,False
COMP,5,2021-04-08,2021-04-09,2021-05-07,2021,0.0087431108515908,0.6428431364331132,0.5,True
COMP,10,2021-04-15,2021-04-16,2021-05-14,2021,0.1935352052558093,0.5351323045375487,0.5,True
COMP,15,2021-04-22,2021-04-23,2021-05-21,2021,0.1780260445096751,0.6027795431922742,0.5,True
COMP,20,2021-04-29,2021-04-30,2021-05-28,2021,0.2591131257738498,0.5002259086678598,0.5,True
COUR,2,2021-04-01,2021-04-05,2021-05-03,2021,0.0849042684526529,0.4535120935100809,0.5,False
COUR,5,2021-04-07,2021-04-08,2021-05-06,2021,0.3437593777568873,0.5294222546318208,0.5,True
COUR,10,2021-04-14,2021-04-15,2021-05-13,2021,0.275026540119475,0.44803890074992087,0.5,False
COUR,15,2021-04-21,2021-04-22,2021-05-20,2021,0.0702760381993886,0.42063049039432493,0.5,False
COUR,20,2021-04-28,2021-04-29,2021-05-27,2021,0.1346800882123798,0.47650813618366367,0.5,False
CPNG,2,2021-03-12,2021-03-15,2021-04-13,2021,0.1024889162806131,0.4991606697653516,0.5,False
CPNG,5,2021-03-17,2021-03-18,2021-04-16,2021,0.0006994112845496,0.5212486602599367,0.5,True
CPNG,10,2021-03-24,2021-03-25,2021-04-23,2021,0.0323591942941288,0.5219981507820011,0.5,True
CPNG,15,2021-03-31,2021-04-01,2021-04-30,2021,0.1549555234005366,0.3896258714136099,0.5,False
CPNG,20,2021-04-08,2021-04-09,2021-05-07,2021,0.1294640147225982,0.46410671114693863,0.5,False
CRBU,2,2021-07-26,2021-07-27,2021-08-24,2021,-0.6204969780217138,0.3008160953854258,0.5,False
CRBU,5,2021-07-29,2021-07-30,2021-08-27,2021,-0.7325898925788505,0.6094188874902227,0.5,True
CRBU,10,2021-08-05,2021-08-06,2021-09-03,2021,-0.315619992107824,0.41591382222477247,0.5,False
CRBU,15,2021-08-12,2021-08-13,2021-09-13,2021,-0.232275922998303,0.34408286151360556,0.5,False
CRBU,20,2021-08-19,2021-08-20,2021-09-20,2021,0.0574728639757028,0.3467200999172615,0.5,False
CRCT,2,2021-03-29,2021-03-30,2021-04-28,2021,-0.3577932500750352,0.38669546374373204,0.5,False
CRCT,5,2021-04-01,2021-04-05,2021-05-03,2021,-0.2368978973659889,0.29864474514688344,0.5,False
CRCT,10,2021-04-09,2021-04-12,2021-05-10,2021,-0.0336221501050203,0.32280683857510384,0.5,False
CRCT,20,2021-04-23,2021-04-26,2021-05-24,2021,-0.2588542406332825,0.3044318520051392,0.5,False
CTKB,2,2021-07-26,2021-07-27,2021-08-24,2021,-0.3045029954516973,0.31404240323955446,0.5,False
CTKB,5,2021-07-29,2021-07-30,2021-08-27,2021,0.0548769204505283,0.31109098471302493,0.5,False
CTKB,10,2021-08-05,2021-08-06,2021-09-03,2021,0.0306503966660389,0.388692582690341,0.5,False
CTKB,15,2021-08-12,2021-08-13,2021-09-13,2021,-0.1428272764742502,0.31483145020729886,0.5,False
CTKB,20,2021-08-19,2021-08-20,2021-09-20,2021,-0.2447290963590097,0.29627651580622194,0.5,False
CURV,2,2021-07-02,2021-07-06,2021-08-03,2021,0.0801734278901959,0.39116012617646434,0.5,False
CURV,5,2021-07-08,2021-07-09,2021-08-06,2021,-0.0974499615831417,0.4059139414108905,0.5,False
CURV,10,2021-07-15,2021-07-16,2021-08-13,2021,-0.3159580439898419,0.3722655690175919,0.5,False
CURV,15,2021-07-22,2021-07-23,2021-08-20,2021,-0.3233825949115046,0.38868099656515487,0.5,False
CURV,20,2021-07-29,2021-07-30,2021-08-27,2021,-0.0453830688731241,0.37954398082022056,0.5,False
CVRX,2,2021-07-01,2021-07-02,2021-08-02,2021,0.1417874755642146,0.3789184427531278,0.5,False
CVRX,5,2021-07-07,2021-07-08,2021-08-05,2021,-0.0425251585171132,0.5530625317937958,0.5,True
CXM,2,2021-06-24,2021-06-25,2021-07-26,2021,0.0062110416078976,0.4544419475374822,0.5,False
CXM,5,2021-06-29,2021-06-30,2021-07-29,2021,0.2042170886981591,0.5002811680069352,0.5,True
CXM,10,2021-07-07,2021-07-08,2021-08-05,2021,0.022102466669634,0.43076179149501836,0.5,False
CXM,15,2021-07-14,2021-07-15,2021-08-12,2021,0.0716588357955982,0.4461488439054356,0.5,False
CXM,20,2021-07-21,2021-07-22,2021-08-19,2021,0.0375594771175955,0.44395731505663305,0.5,False
DASH,20,2021-01-07,2021-01-08,2021-02-08,2021,-0.1603712635148094,0.6182806446987523,0.5,True
DDI,2,2021-09-01,2021-09-02,2021-10-01,2021,-0.0689822289492547,0.43358972904672066,0.5,False
DDI,5,2021-09-07,2021-09-08,2021-10-06,2021,-0.17004308478945,0.6266755663162221,0.5,True
DDL,2,2021-06-30,2021-07-01,2021-07-30,2021,0.2803555524336813,0.28207954630452936,0.5,False
DDL,5,2021-07-06,2021-07-07,2021-08-04,2021,0.1725468767227509,0.19146645719414876,0.5,False
DDL,10,2021-07-13,2021-07-14,2021-08-11,2021,0.1091002272697083,0.22942502878014218,0.5,False
DDL,15,2021-07-20,2021-07-21,2021-08-18,2021,0.1280487520238435,0.2711470132313225,0.5,False
DDL,20,2021-07-27,2021-07-28,2021-08-25,2021,0.0573400947847492,0.5029094904531628,0.5,True
DERM,2,2021-11-15,2021-11-16,2021-12-15,2021,0.2617684387124722,0.4983856248383569,0.5,False
DFH,2,2021-01-22,2021-01-25,2021-02-23,2021,-0.1259966317732571,0.4116679740733603,0.5,False
DFH,5,2021-01-27,2021-01-28,2021-02-26,2021,-0.0722178938558588,0.4596986832240314,0.5,False
DFH,10,2021-02-03,2021-02-04,2021-03-05,2021,0.1496490042080755,0.4899409922001892,0.5,False
DFH,15,2021-02-10,2021-02-11,2021-03-12,2021,0.0792317053265267,0.5156474192830857,0.5,True
DFH,20,2021-02-18,2021-02-19,2021-03-19,2021,0.1088283945900318,0.39264870964614684,0.5,False
DH,2,2021-09-16,2021-09-17,2021-10-15,2021,0.0955972914581998,0.44542463035021296,0.5,False
DH,5,2021-09-21,2021-09-22,2021-10-20,2021,0.1431390314698495,0.4502925292648729,0.5,False
DH,10,2021-09-28,2021-09-29,2021-10-27,2021,0.174457219934116,0.43665376552936913,0.5,False
DH,15,2021-10-05,2021-10-06,2021-11-03,2021,0.0573602843811069,0.4240495473267651,0.5,False
DH,20,2021-10-12,2021-10-13,2021-11-10,2021,0.0652633124191001,0.3941652638233429,0.5,False
DIBS,2,2021-06-11,2021-06-14,2021-07-13,2021,-0.0679854472212294,0.47722218296537616,0.5,False
DIBS,5,2021-06-16,2021-06-17,2021-07-16,2021,0.0051182543878061,0.4894084732497519,0.5,False
DLO,2,2021-06-04,2021-06-07,2021-07-06,2021,-0.3769691898894662,0.4005746179551907,0.5,False
DLO,5,2021-06-09,2021-06-10,2021-07-09,2021,-0.5648130750525784,0.4271137895988332,0.5,False
DLO,10,2021-06-16,2021-06-17,2021-07-16,2021,-0.3952233931601005,0.4285410629933686,0.5,False
DLO,15,2021-06-23,2021-06-24,2021-07-23,2021,-0.1449351875431002,0.5459662095905097,0.5,True
DLO,20,2021-06-30,2021-07-01,2021-07-30,2021,0.1145058490265605,0.5193020474175563,0.5,True
DNUT,2,2021-07-02,2021-07-06,2021-08-03,2021,0.1670299337593529,0.46616113571333745,0.5,False
DNUT,5,2021-07-08,2021-07-09,2021-08-06,2021,0.1726003137244589,0.4721147617276628,0.5,False
DNUT,10,2021-07-15,2021-07-16,2021-08-13,2021,0.1220814883720109,0.4495118874163425,0.5,False
DNUT,15,2021-07-22,2021-07-23,2021-08-20,2021,0.0331089714577066,0.5564734475276523,0.5,True
DNUT,20,2021-07-29,2021-07-30,2021-08-27,2021,-0.0518714022643768,0.5648605824188973,0.5,True
DOCN,2,2021-03-25,2021-03-26,2021-04-26,2021,0.0419424219172724,0.4906540943804678,0.5,False
DOCN,5,2021-03-30,2021-03-31,2021-04-29,2021,-0.0156608760646342,0.538260364074512,0.5,True
DOCN,10,2021-04-07,2021-04-08,2021-05-06,2021,0.0286235895135511,0.543206851755267,0.5,True
DOCN,15,2021-04-14,2021-04-15,2021-05-13,2021,0.1640120638824476,0.5058071140807401,0.5,True
DOCN,20,2021-04-21,2021-04-22,2021-05-20,2021,-0.0431946532484706,0.4686452863630541,0.5,False
DOCS,2,2021-06-25,2021-06-28,2021-07-27,2021,-0.0307933104230931,0.556701453005268,0.5,True
DOCS,5,2021-06-30,2021-07-01,2021-07-30,2021,-0.0694892986636349,0.6049065447258802,0.5,True
DOCS,10,2021-07-08,2021-07-09,2021-08-06,2021,-0.0770696712574924,0.520439117589647,0.5,True
DOCS,15,2021-07-15,2021-07-16,2021-08-13,2021,-0.4215871525786305,0.5851615591831437,0.5,True
DOCS,20,2021-07-22,2021-07-23,2021-08-20,2021,-0.2948009802343271,0.5969224336148442,0.5,True
DOLE,2,2021-08-02,2021-08-03,2021-08-31,2021,-0.0262821784785228,0.43295262295086734,0.5,False
DOLE,5,2021-08-05,2021-08-06,2021-09-03,2021,-0.0452319844638926,0.48437176554960293,0.5,False
DOLE,10,2021-08-12,2021-08-13,2021-09-13,2021,0.0144692596474739,0.4777606613836554,0.5,False
DOLE,15,2021-08-19,2021-08-20,2021-09-20,2021,-0.0416917762089012,0.45926870976190215,0.5,False
DOLE,20,2021-08-26,2021-08-27,2021-09-27,2021,0.0747387152562371,0.34122453217538706,0.5,False
DRVN,2,2021-01-20,2021-01-21,2021-02-19,2021,0.0086538565543457,0.3331865113407989,0.5,False
DRVN,5,2021-01-25,2021-01-26,2021-02-24,2021,-0.0173777971763546,0.3286418931659596,0.5,False
DRVN,10,2021-02-01,2021-02-02,2021-03-03,2021,-0.0358330194859138,0.3687912967913286,0.5,False
DRVN,15,2021-02-08,2021-02-09,2021-03-10,2021,0.1316751077029207,0.3888322096992279,0.5,False
DRVN,20,2021-02-16,2021-02-17,2021-03-17,2021,0.144587887709032,0.3357913174468942,0.5,False
DSGN,2,2021-03-30,2021-03-31,2021-04-29,2021,0.2413160205846808,0.42910949420225913,0.5,False
DSGN,5,2021-04-05,2021-04-06,2021-05-04,2021,0.0790517280636483,0.4080780288245008,0.5,False
DSGN,10,2021-04-12,2021-04-13,2021-05-11,2021,-0.0728853081272483,0.4370797326842603,0.5,False
DSP,2,2021-02-11,2021-02-12,2021-03-15,2021,0.1412217140499875,0.512035175703926,0.5,True
DSP,5,2021-02-17,2021-02-18,2021-03-18,2021,0.1540273397792694,0.5136426148466305,0.5,True
DSP,10,2021-02-24,2021-02-25,2021-03-25,2021,0.1342149769992848,0.46867281771476277,0.5,False
DSP,15,2021-03-03,2021-03-04,2021-04-01,2021,-0.0594095047265745,0.37904486168853085,0.5,False
DSP,20,2021-03-10,2021-03-11,2021-04-09,2021,0.1362968329694399,0.43474109312104453,0.5,False
DUOL,2,2021-07-29,2021-07-30,2021-08-27,2021,0.1236924538741888,0.3614488622293243,0.5,False
DUOL,5,2021-08-03,2021-08-04,2021-09-01,2021,0.0037888657894314,0.40085045281215,0.5,False
DUOL,10,2021-08-10,2021-08-11,2021-09-09,2021,-0.2210182777402904,0.392398949043809,0.5,False
DUOL,15,2021-08-17,2021-08-18,2021-09-16,2021,-0.4149080671035847,0.3651894370274605,0.5,False
DUOL,20,2021-08-24,2021-08-25,2021-09-23,2021,-0.6356146090653749,0.49494126502921815,0.5,False
DV,2,2021-04-22,2021-04-23,2021-05-21,2021,0.0587612792753361,0.4068526989110573,0.5,False
DV,5,2021-04-27,2021-04-28,2021-05-26,2021,-0.0478324610752852,0.45209971174913033,0.5,False
DV,10,2021-05-04,2021-05-05,2021-06-03,2021,-0.0425599836570109,0.43077069701643744,0.5,False
DV,15,2021-05-11,2021-05-12,2021-06-10,2021,-0.008368013875743,0.3930315643494528,0.5,False
DV,20,2021-05-18,2021-05-19,2021-06-17,2021,-0.2672149415851528,0.4752407214845839,0.5,False
ERAS,2,2021-07-19,2021-07-20,2021-08-17,2021,-0.0302275085132438,0.35858261835727684,0.5,False
ERAS,5,2021-07-22,2021-07-23,2021-08-20,2021,-0.0701117233222716,0.41194039599693794,0.5,False
ERAS,10,2021-07-29,2021-07-30,2021-08-27,2021,-0.1038433388468675,0.42198399374005724,0.5,False
ERAS,15,2021-08-05,2021-08-06,2021-09-03,2021,-0.1686867570699269,0.38254458047915413,0.5,False
ERAS,20,2021-08-12,2021-08-13,2021-09-13,2021,-0.0861050184438709,0.3460337805543998,0.5,False
EVCM,2,2021-07-02,2021-07-06,2021-08-03,2021,-0.041826659931642,0.3063026090973887,0.5,False
EVCM,5,2021-07-08,2021-07-09,2021-08-06,2021,-0.1140657569624676,0.45035228411977385,0.5,False
EVCM,10,2021-07-15,2021-07-16,2021-08-13,2021,-0.1504466699256554,0.32995674011651577,0.5,False
EVCM,15,2021-07-22,2021-07-23,2021-08-20,2021,-0.1981779886960527,0.42121497435656274,0.5,False
EVCM,20,2021-07-29,2021-07-30,2021-08-27,2021,-0.2268155327847719,0.3258155424104088,0.5,False
EWTX,2,2021-03-29,2021-03-30,2021-04-28,2021,0.2715664277348052,0.4583145073272961,0.5,False
EWTX,5,2021-04-01,2021-04-05,2021-05-03,2021,0.0776236980490027,0.39400358570175986,0.5,False
EWTX,10,2021-04-09,2021-04-12,2021-05-10,2021,0.0913839409139432,0.41688951642347233,0.5,False
EWTX,15,2021-04-16,2021-04-19,2021-05-17,2021,-0.0382416851650145,0.3893563874452584,0.5,False
EWTX,20,2021-04-23,2021-04-26,2021-05-24,2021,-0.0622053355007562,0.3978043421304453,0.5,False
EXFY,2,2021-11-11,2021-11-12,2021-12-13,2021,0.1736052570336371,0.41542431039126976,0.5,False
EXFY,5,2021-11-16,2021-11-17,2021-12-16,2021,0.1765793122561396,0.4398104918191732,0.5,False
EXFY,10,2021-11-23,2021-11-24,2021-12-23,2021,0.152682476114483,0.44675485180270746,0.5,False
EXFY,15,2021-12-01,2021-12-02,2021-12-31,2021,0.0267578943717064,0.37292781880783576,0.5,False
EXFY,20,2021-12-08,2021-12-09,2022-01-07,2021,0.1393736215406612,0.3663245090532834,0.5,False
FA,2,2021-06-24,2021-06-25,2021-07-26,2021,0.0578653982041416,0.3383031393458264,0.5,False
FA,5,2021-06-29,2021-06-30,2021-07-29,2021,0.0671869037801545,0.3712719214767774,0.5,False
FA,10,2021-07-07,2021-07-08,2021-08-05,2021,0.0256109029648504,0.35111065468278235,0.5,False
FA,15,2021-07-14,2021-07-15,2021-08-12,2021,-0.1502267899508376,0.3482305333213907,0.5,False
FA,20,2021-07-21,2021-07-22,2021-08-19,2021,-0.1870400744797104,0.33321675758166963,0.5,False
FDMT,15,2021-01-04,2021-01-05,2021-02-03,2021,-0.2718627911398596,0.35801241182425203,0.5,False
FDMT,20,2021-01-11,2021-01-12,2021-02-10,2021,-0.1157135086079719,0.387142203004248,0.5,False
FIGS,2,2021-05-28,2021-06-01,2021-06-29,2021,-0.3436979954770066,0.41153292255169566,0.5,False
FIGS,5,2021-06-03,2021-06-04,2021-07-02,2021,-0.3708988627284163,0.4083038577933118,0.5,False
FIGS,10,2021-06-10,2021-06-11,2021-07-12,2021,-0.292795578322452,0.4470951266964087,0.5,False
FIGS,15,2021-06-17,2021-06-18,2021-07-19,2021,0.0008033838174958,0.44539628870812625,0.5,False
FIGS,20,2021-06-24,2021-06-25,2021-07-26,2021,0.1745591354412122,0.4925771579641642,0.5,False
FINW,2,2021-11-22,2021-11-23,2021-12-22,2021,-0.0308667446061575,0.34330382355706546,0.5,False
FLNC,2,2021-10-29,2021-11-01,2021-11-30,2021,0.0631360009773288,0.3709349234300457,0.5,False
FLNC,5,2021-11-03,2021-11-04,2021-12-03,2021,0.0753850353175474,0.41120226954736394,0.5,False
FLNC,10,2021-11-10,2021-11-11,2021-12-10,2021,0.0582712948197094,0.3791479693154957,0.5,False
FLNC,15,2021-11-17,2021-11-18,2021-12-17,2021,0.1063588940782452,0.39135064031261574,0.5,False
FLNC,20,2021-11-24,2021-11-26,2021-12-27,2021,-0.0132226724237232,0.35948613645206196,0.5,False
FLYW,2,2021-05-27,2021-05-28,2021-06-28,2021,-0.1421234738818136,0.37546155486756394,0.5,False
FLYW,5,2021-06-02,2021-06-03,2021-07-01,2021,-0.0638777468530995,0.4144812676390089,0.5,False
FLYW,10,2021-06-09,2021-06-10,2021-07-09,2021,-0.1713105885138366,0.5191554843712085,0.5,True
FLYW,15,2021-06-16,2021-06-17,2021-07-16,2021,0.0435328361681066,0.5452539845185016,0.5,True
FLYW,20,2021-06-23,2021-06-24,2021-07-23,2021,0.1262923056135841,0.4214339599619146,0.5,False
FRSH,2,2021-09-23,2021-09-24,2021-10-22,2021,0.0131345232190776,0.39449184983463736,0.5,False
FRSH,5,2021-09-28,2021-09-29,2021-10-27,2021,-0.0134769135028628,0.591372423024054,0.5,True
FRSH,10,2021-10-05,2021-10-06,2021-11-03,2021,0.0071506594385681,0.5583657758102849,0.5,True
FRSH,15,2021-10-12,2021-10-13,2021-11-10,2021,0.119117108361764,0.5668950784569166,0.5,True
FRSH,20,2021-10-19,2021-10-20,2021-11-17,2021,0.0927953324257252,0.5354734489093127,0.5,True
FSBC,2,2021-05-06,2021-05-07,2021-06-07,2021,-0.0857678937963214,0.35083429532192106,0.5,False
FWRG,2,2021-10-04,2021-10-05,2021-11-02,2021,0.1198226080874176,0.35683322973264775,0.5,False
FWRG,5,2021-10-07,2021-10-08,2021-11-05,2021,0.1615402044306963,0.40010899370747105,0.5,False
FWRG,10,2021-10-14,2021-10-15,2021-11-12,2021,0.1070675129038317,0.37775162612403257,0.5,False
FWRG,15,2021-10-21,2021-10-22,2021-11-19,2021,0.0173042063797013,0.36644781170710355,0.5,False
FWRG,20,2021-10-28,2021-10-29,2021-11-29,2021,0.0421422265209799,0.3502663598653727,0.5,False
GANX,2,2021-03-22,2021-03-23,2021-04-21,2021,0.0861910265601983,0.3251091129557702,0.5,False
GFS,2,2021-10-29,2021-11-01,2021-11-30,2021,-0.3257386490950021,0.3291637735244228,0.5,False
GFS,5,2021-11-03,2021-11-04,2021-12-03,2021,-0.2143428475721582,0.38712856812981083,0.5,False
GFS,10,2021-11-10,2021-11-11,2021-12-10,2021,-0.1021604236506048,0.3754122640031143,0.5,False
GFS,15,2021-11-17,2021-11-18,2021-12-17,2021,0.0196791880401721,0.39803953564365,0.5,False
GFS,20,2021-11-24,2021-11-26,2021-12-27,2021,0.0901026928148253,0.3912351630181681,0.5,False
GHRS,2,2021-06-28,2021-06-29,2021-07-28,2021,0.1365027607649698,0.30518519703026187,0.5,False
GHRS,5,2021-07-01,2021-07-02,2021-08-02,2021,0.0651410490131544,0.34634009853650954,0.5,False
GLBE,2,2021-05-13,2021-05-14,2021-06-14,2021,-0.9058151399215372,0.3485100948818813,0.5,False
GLBE,5,2021-05-18,2021-05-19,2021-06-17,2021,-0.9083034669045966,0.397729454629728,0.5,False
GLBE,10,2021-05-25,2021-05-26,2021-06-24,2021,-0.7766406076407425,0.4647828987592078,0.5,False
GLBE,15,2021-06-02,2021-06-03,2021-07-01,2021,-0.6253180067807107,0.4219206065652644,0.5,False
GLBE,20,2021-06-09,2021-06-10,2021-07-09,2021,-0.3825476547074208,0.45501825222704273,0.5,False
GLUE,2,2021-06-25,2021-06-28,2021-07-27,2021,-0.136072171732851,0.5890307747226688,0.5,True
GLUE,5,2021-06-30,2021-07-01,2021-07-30,2021,-0.0701429249130284,0.3219812054739385,0.5,False
GLUE,10,2021-07-08,2021-07-09,2021-08-06,2021,-0.4945102675526414,0.29038064086976695,0.5,False
GTLB,2,2021-10-15,2021-10-18,2021-11-15,2021,0.0025511806528727,0.4123978143885135,0.5,False
GTLB,5,2021-10-20,2021-10-21,2021-11-18,2021,-0.033466566158072,0.42687166241849583,0.5,False
GTLB,10,2021-10-27,2021-10-28,2021-11-26,2021,0.0688410413974763,0.43850410562285824,0.5,False
GTLB,15,2021-11-03,2021-11-04,2021-12-03,2021,0.1236042677842099,0.4597749597867061,0.5,False
GTLB,20,2021-11-10,2021-11-11,2021-12-10,2021,0.4337902434690002,0.4689022533689265,0.5,False
HAYW,2,2021-03-15,2021-03-16,2021-04-14,2021,0.0832795633972402,0.3380174458495604,0.5,False
HAYW,5,2021-03-18,2021-03-19,2021-04-19,2021,0.1056761867131003,0.3798154683260172,0.5,False
HAYW,10,2021-03-25,2021-03-26,2021-04-26,2021,-0.0694977482991467,0.6266367419665941,0.5,True
HAYW,15,2021-04-01,2021-04-05,2021-05-03,2021,-0.1874122942071046,0.48717887941560145,0.5,False
HAYW,20,2021-04-09,2021-04-12,2021-05-10,2021,-0.4354060920172112,0.45226407987406364,0.5,False
HEPS,2,2021-07-02,2021-07-06,2021-08-03,2021,0.0928548049752269,0.32969774958871,0.5,False
HEPS,5,2021-07-08,2021-07-09,2021-08-06,2021,0.052458845836571,0.3832302763577247,0.5,False
HEPS,10,2021-07-15,2021-07-16,2021-08-13,2021,0.014545652399618,0.3432884214206231,0.5,False
HEPS,15,2021-07-22,2021-07-23,2021-08-20,2021,0.0722413359008236,0.34987654872273144,0.5,False
HEPS,20,2021-07-29,2021-07-30,2021-08-27,2021,0.3069648486736279,0.33550611798621566,0.5,False
HNST,2,2021-05-06,2021-05-07,2021-06-07,2021,0.2083433164983339,0.3728675198466694,0.5,False
HNST,5,2021-05-11,2021-05-12,2021-06-10,2021,-0.2704666355680212,0.6743704506940428,0.5,True
HNST,10,2021-05-18,2021-05-19,2021-06-17,2021,-0.0017717477950334,0.5350604420625094,0.5,True
HNST,15,2021-05-25,2021-05-26,2021-06-24,2021,-0.0927880548296337,0.602404685469734,0.5,True
HNST,20,2021-06-02,2021-06-03,2021-07-01,2021,0.2056237095822553,0.5509288981500798,0.5,True
HOOD,2,2021-07-30,2021-08-02,2021-08-30,2021,-0.2128244276912104,0.4599188268460042,0.5,False
HOOD,5,2021-08-04,2021-08-05,2021-09-02,2021,0.3125003103153244,0.32051547358067467,0.5,False
HOOD,10,2021-08-11,2021-08-12,2021-09-10,2021,0.1568275474456726,0.27193765894592975,0.5,False
HOOD,15,2021-08-18,2021-08-19,2021-09-17,2021,0.0360178224314736,0.33783957037578516,0.5,False
HOOD,20,2021-08-25,2021-08-26,2021-09-24,2021,0.0315450341841187,0.3325983436219438,0.5,False
HOWL,2,2021-05-03,2021-05-04,2021-06-02,2021,0.138954939395559,0.3124637638398867,0.5,False
HOWL,5,2021-05-06,2021-05-07,2021-06-07,2021,0.1127121746624382,0.5850626211204538,0.5,True
IHS,2,2021-10-15,2021-10-18,2021-11-15,2021,0.1059554581879328,0.5933543978790792,0.5,True
IHS,5,2021-10-20,2021-10-21,2021-11-18,2021,0.119569576046231,0.4930916099017593,0.5,False
IHS,10,2021-10-27,2021-10-28,2021-11-26,2021,0.1113889044048074,0.618715080293754,0.5,True
IHS,15,2021-11-03,2021-11-04,2021-12-03,2021,0.1594423655215157,0.6116439839496924,0.5,True
IHS,20,2021-11-10,2021-11-11,2021-12-10,2021,0.1496595767322289,0.5737818029313373,0.5,True
IMCR,2,2021-02-08,2021-02-09,2021-03-10,2021,0.3284209886299045,0.4445475030074307,0.5,False
IMCR,5,2021-02-11,2021-02-12,2021-03-15,2021,0.242286825535137,0.3720194131270929,0.5,False
IMCR,10,2021-02-19,2021-02-22,2021-03-22,2021,0.1052592461169185,0.40117126507138096,0.5,False
IMCR,15,2021-02-26,2021-03-01,2021-03-29,2021,0.2462933914987033,0.38917339428267733,0.5,False
IMRX,2,2021-08-02,2021-08-03,2021-08-31,2021,-0.4418861937801668,0.3011181770626045,0.5,False
IMRX,5,2021-08-05,2021-08-06,2021-09-03,2021,-0.0230253492516232,0.3501388177841739,0.5,False
INNV,2,2021-03-05,2021-03-08,2021-04-06,2021,0.0252679477753274,0.3580589994487033,0.5,False
INNV,5,2021-03-10,2021-03-11,2021-04-09,2021,0.0577936235355965,0.3952945816039906,0.5,False
INNV,10,2021-03-17,2021-03-18,2021-04-16,2021,0.0738796038420513,0.39367793940557266,0.5,False
INTA,2,2021-07-01,2021-07-02,2021-08-02,2021,-0.3395937083399866,0.3665639452371318,0.5,False
INTA,5,2021-07-07,2021-07-08,2021-08-05,2021,-0.1727899281458582,0.40098701268119474,0.5,False
INTA,10,2021-07-14,2021-07-15,2021-08-12,2021,-0.1568066426018549,0.3940227106578081,0.5,False
INTA,15,2021-07-21,2021-07-22,2021-08-19,2021,-0.2700279789195235,0.39410312082326077,0.5,False
INTA,20,2021-07-28,2021-07-29,2021-08-26,2021,-0.2477660817997563,0.41604421209424713,0.5,False
IOT,2,2021-12-16,2021-12-17,2022-01-18,2021,0.0242935650268619,0.4950610793321779,0.5,False
IOT,5,2021-12-21,2021-12-22,2022-01-21,2021,0.1388965300479605,0.3626974687829465,0.5,False
IOT,10,2021-12-29,2021-12-30,2022-01-28,2021,0.2445710908052601,0.40149104381827894,0.5,False
IPSC,2,2021-06-21,2021-06-22,2021-07-21,2021,-0.0888678827514598,0.4001236724622082,0.5,False
IPSC,5,2021-06-24,2021-06-25,2021-07-26,2021,-0.1232993023468888,0.43755364701887234,0.5,False
IPSC,10,2021-07-01,2021-07-02,2021-08-02,2021,-0.016630441316524,0.45517669531039334,0.5,False
IPSC,15,2021-07-09,2021-07-12,2021-08-09,2021,-0.1174885737904339,0.39481997479206965,0.5,False
IPSC,20,2021-07-16,2021-07-19,2021-08-16,2021,-0.0771944795299245,0.3963937362922085,0.5,False
IREN,2,2021-11-18,2021-11-19,2021-12-20,2021,0.2017006735907614,0.42410253481295296,0.5,False
IREN,5,2021-11-23,2021-11-24,2021-12-23,2021,0.1725386704151271,0.588918070419876,0.5,True
IREN,10,2021-12-01,2021-12-02,2021-12-31,2021,0.1669367450189026,0.546575636297422,0.5,True
IREN,15,2021-12-08,2021-12-09,2022-01-07,2021,0.1964961377598282,0.5066734321968952,0.5,True
IREN,20,2021-12-15,2021-12-16,2022-01-14,2021,0.0532523009522143,0.497700403777321,0.5,False
JANX,2,2021-06-14,2021-06-15,2021-07-14,2021,-0.2688380725151018,0.4237709068494512,0.5,False
JANX,5,2021-06-17,2021-06-18,2021-07-19,2021,-0.5775857021272812,0.4202163328881575,0.5,False
JANX,10,2021-06-24,2021-06-25,2021-07-26,2021,-0.1144531311226753,0.37663889915814036,0.5,False
JANX,15,2021-07-01,2021-07-02,2021-08-02,2021,-0.3713973445740113,0.29294891758315544,0.5,False
JANX,20,2021-07-09,2021-07-12,2021-08-09,2021,-0.1674113780351523,0.30358425557548896,0.5,False
KARO,2,2021-04-05,2021-04-06,2021-05-04,2021,-0.0961862795704399,0.41583586670563016,0.5,False
KARO,5,2021-04-08,2021-04-09,2021-05-07,2021,-0.1332810857095646,0.4635653947058498,0.5,False
KLTR,2,2021-07-22,2021-07-23,2021-08-20,2021,-0.1406628566562043,0.3442241714616573,0.5,False
KLTR,5,2021-07-27,2021-07-28,2021-08-25,2021,-0.101283854031873,0.39501894477716454,0.5,False
KRT,2,2021-04-16,2021-04-19,2021-05-17,2021,0.0060261698122842,0.3388686806253663,0.5,False
LAW,2,2021-07-22,2021-07-23,2021-08-20,2021,-0.2559042737733855,0.3683177773460771,0.5,False
LAW,5,2021-07-27,2021-07-28,2021-08-25,2021,-0.2965778672714265,0.38570534301871773,0.5,False
LAW,10,2021-08-03,2021-08-04,2021-09-01,2021,-0.2658477546340811,0.397714100374857,0.5,False
LAW,15,2021-08-10,2021-08-11,2021-09-09,2021,-0.3772518350270401,0.3895458570238473,0.5,False
LAW,20,2021-08-17,2021-08-18,2021-09-16,2021,-0.1041810520420588,0.3908308605284844,0.5,False
LDI,2,2021-02-12,2021-02-16,2021-03-16,2021,0.269689320610379,0.7125501343222106,0.5,True
LDI,5,2021-02-18,2021-02-19,2021-03-19,2021,0.1441704854659371,0.5991455880462717,0.5,True
LDI,10,2021-02-25,2021-02-26,2021-03-26,2021,0.0401309169656016,0.5257849103878476,0.5,True
LDI,15,2021-03-04,2021-03-05,2021-04-05,2021,0.06330085420807,0.5596436572639505,0.5,True
LDI,20,2021-03-11,2021-03-12,2021-04-12,2021,0.0606390277052994,0.6150381924099844,0.5,True
LFST,2,2021-06-11,2021-06-14,2021-07-13,2021,-0.1620080707107848,0.3798067079516449,0.5,False
LFST,5,2021-06-16,2021-06-17,2021-07-16,2021,0.0023691877543785,0.43199712544991975,0.5,False
LFST,10,2021-06-23,2021-06-24,2021-07-23,2021,0.2211168426236794,0.4558734373004116,0.5,False
LFST,15,2021-06-30,2021-07-01,2021-07-30,2021,0.1380334831054861,0.41931020583929196,0.5,False
LFST,20,2021-07-08,2021-07-09,2021-08-06,2021,0.1028960843693047,0.39765353885798005,0.5,False
LTH,2,2021-10-08,2021-10-11,2021-11-08,2021,-0.0593275365657153,0.47853064045847093,0.5,False
LTH,5,2021-10-13,2021-10-14,2021-11-11,2021,-0.1306755443133258,0.5276283543018759,0.5,True
LTH,10,2021-10-20,2021-10-21,2021-11-18,2021,-0.0985166673063761,0.5075052335042157,0.5,True
LTH,15,2021-10-27,2021-10-28,2021-11-26,2021,-0.2587366320583492,0.3815979599394751,0.5,False
LTH,20,2021-11-03,2021-11-04,2021-12-03,2021,-0.1437059839015495,0.465186564979466,0.5,False
LUCD,2,2021-10-15,2021-10-18,2021-11-15,2021,-0.0282467275000764,0.5736562436927085,0.5,True
LZ,2,2021-07-01,2021-07-02,2021-08-02,2021,0.0185288478568479,0.3651846723563481,0.5,False
LZ,5,2021-07-07,2021-07-08,2021-08-05,2021,-0.0721609068055118,0.41575430159827403,0.5,False
LZ,10,2021-07-14,2021-07-15,2021-08-12,2021,0.0578159722987105,0.4041323862100666,0.5,False
LZ,15,2021-07-21,2021-07-22,2021-08-19,2021,0.098273165516317,0.38191355914781067,0.5,False
LZ,20,2021-07-28,2021-07-29,2021-08-26,2021,0.0163507895500806,0.48215261052243996,0.5,False
MASS,10,2021-01-04,2021-01-05,2021-02-03,2021,-0.2054755578437223,0.4494504556115839,0.5,False
MASS,15,2021-01-11,2021-01-12,2021-02-10,2021,-0.2094133817232303,0.5127444934498272,0.5,True
MASS,20,2021-01-19,2021-01-20,2021-02-18,2021,0.0037677035522305,0.5570744494132244,0.5,True
MDXH,2,2021-11-05,2021-11-08,2021-12-07,2021,0.2082118786187025,0.30322792413365945,0.5,False
MNDY,2,2021-06-11,2021-06-14,2021-07-13,2021,-0.1793158366029401,0.39985886824994216,0.5,False
MNDY,5,2021-06-16,2021-06-17,2021-07-16,2021,0.0630531781644302,0.46617251282698474,0.5,False
MNDY,10,2021-06-23,2021-06-24,2021-07-23,2021,0.152156153985821,0.47899209761467443,0.5,False
MNDY,15,2021-06-30,2021-07-01,2021-07-30,2021,-0.0153096684714235,0.42404635003035673,0.5,False
MNDY,20,2021-07-08,2021-07-09,2021-08-06,2021,-0.0381985837336159,0.4179840594916962,0.5,False
MNTK,2,2021-01-25,2021-01-26,2021-02-24,2021,-0.1756091340362001,0.33355448117724734,0.5,False
MNTK,5,2021-01-28,2021-01-29,2021-03-01,2021,-0.2357914254670217,0.3578339235069042,0.5,False
MOLN,2,2021-06-17,2021-06-18,2021-07-19,2021,0.0031739358582856,0.42834608196157137,0.5,False
MOLN,5,2021-06-22,2021-06-23,2021-07-22,2021,0.0084388493222862,0.4911490931141785,0.5,False
MQ,2,2021-06-10,2021-06-11,2021-07-12,2021,0.1865845647642383,0.5742166312638542,0.5,True
MQ,5,2021-06-15,2021-06-16,2021-07-15,2021,0.1863659535153176,0.631148860475835,0.5,True
MQ,10,2021-06-22,2021-06-23,2021-07-22,2021,0.1018722063085827,0.572650143437089,0.5,True
MQ,15,2021-06-29,2021-06-30,2021-07-29,2021,0.0061787984410506,0.7018711940759624,0.5,True
MQ,20,2021-07-07,2021-07-08,2021-08-05,2021,-0.0249684511711589,0.6906698409557119,0.5,True
MXCT,2,2021-08-02,2021-08-03,2021-08-31,2021,0.0342471774213927,0.33992734541325986,0.5,False
MXCT,5,2021-08-05,2021-08-06,2021-09-03,2021,-0.1502773479448895,0.5315759419818568,0.5,True
MXCT,10,2021-08-12,2021-08-13,2021-09-13,2021,0.0063812690344767,0.36021562361007325,0.5,False
MXCT,15,2021-08-19,2021-08-20,2021-09-20,2021,-0.0406719795199577,0.434530693281818,0.5,False
MXCT,20,2021-08-26,2021-08-27,2021-09-27,2021,-0.0115045422464831,0.4536818337121721,0.5,False
NPCE,2,2021-04-23,2021-04-26,2021-05-24,2021,0.1372189792879623,0.3896137135741687,0.5,False
NPCE,5,2021-04-28,2021-04-29,2021-05-27,2021,0.1406294580766013,0.4406923622752488,0.5,False
NPCE,10,2021-05-05,2021-05-06,2021-06-04,2021,0.0159891066679725,0.37078067088244016,0.5,False
NRDS,2,2021-11-05,2021-11-08,2021-12-07,2021,0.3347265611138059,0.481267914889614,0.5,False
NRDS,5,2021-11-10,2021-11-11,2021-12-10,2021,0.2897977461386481,0.4940745874136844,0.5,False
NRDS,10,2021-11-17,2021-11-18,2021-12-17,2021,0.3933471719726812,0.5313412312934958,0.5,True
NRDS,15,2021-11-24,2021-11-26,2021-12-27,2021,0.3192561400712783,0.5595208261529893,0.5,True
NRDS,20,2021-12-02,2021-12-03,2022-01-03,2021,0.0069272054088646,0.6024018208052727,0.5,True
NTRB,2,2021-10-04,2021-10-05,2021-11-02,2021,0.1021345132370521,0.5581309503412579,0.5,True
NTRB,10,2021-10-14,2021-10-15,2021-11-12,2021,0.2728840774503684,0.007402567200327337,0.5,False
NU,2,2021-12-10,2021-12-13,2022-01-11,2021,0.1302183944322023,0.3218347008016963,0.5,False
NU,5,2021-12-15,2021-12-16,2022-01-14,2021,0.1704259304962414,0.31294679695218125,0.5,False
NU,10,2021-12-22,2021-12-23,2022-01-24,2021,0.0825963785660055,0.4419121956533629,0.5,False
NU,15,2021-12-30,2021-12-31,2022-01-31,2021,0.0176990216290921,0.4732514694624737,0.5,False
ONON,2,2021-09-16,2021-09-17,2021-10-15,2021,0.2277644200876614,0.38072931439046875,0.5,False
ONON,5,2021-09-21,2021-09-22,2021-10-20,2021,0.2351296622516608,0.4085351219456969,0.5,False
ONON,10,2021-09-28,2021-09-29,2021-10-27,2021,-0.0198160531781969,0.48869889387801463,0.5,False
ONON,15,2021-10-05,2021-10-06,2021-11-03,2021,-0.1827108861360332,0.5107109910920646,0.5,True
ONON,20,2021-10-12,2021-10-13,2021-11-10,2021,-0.1494833435435893,0.5117342206571299,0.5,True
OSCR,2,2021-03-04,2021-03-05,2021-04-05,2021,0.3004253071898857,0.6053495744086517,0.5,True
OSCR,5,2021-03-09,2021-03-10,2021-04-08,2021,0.346457457024023,0.4702816332416596,0.5,False
OSCR,10,2021-03-16,2021-03-17,2021-04-15,2021,0.3598006783475341,0.49364006577750574,0.5,False
OSCR,15,2021-03-23,2021-03-24,2021-04-22,2021,0.32593558873278,0.5473627911782404,0.5,True
OSCR,20,2021-03-30,2021-03-31,2021-04-29,2021,0.2540420662176775,0.554151741181862,0.5,True
PATH,2,2021-04-22,2021-04-23,2021-05-21,2021,-0.0501543406383629,0.4172157974155562,0.5,False
PATH,5,2021-04-27,2021-04-28,2021-05-26,2021,-0.1352306462626791,0.4489487121382415,0.5,False
PATH,10,2021-05-04,2021-05-05,2021-06-03,2021,-0.013478121551824,0.4418783260923402,0.5,False
PATH,15,2021-05-11,2021-05-12,2021-06-10,2021,-0.0505500642057765,0.4192228143396476,0.5,False
PATH,20,2021-05-18,2021-05-19,2021-06-17,2021,0.0005832976556577,0.398344830686638,0.5,False
PAX,2,2021-01-25,2021-01-26,2021-02-24,2021,-0.1127975523846315,0.48038178013972804,0.5,False
PAX,5,2021-01-28,2021-01-29,2021-03-01,2021,-0.1296728577793473,0.5019704782940659,0.5,True
PAX,10,2021-02-04,2021-02-05,2021-03-08,2021,0.0876475581977891,0.38223862404439535,0.5,False
PAX,15,2021-02-11,2021-02-12,2021-03-15,2021,0.1872292068260582,0.3454266190016397,0.5,False
PAX,20,2021-02-19,2021-02-22,2021-03-22,2021,0.1433868914513986,0.3148079532050004,0.5,False
PAY,2,2021-05-27,2021-05-28,2021-06-28,2021,-0.2508736519317942,0.3720345684359815,0.5,False
PAY,5,2021-06-02,2021-06-03,2021-07-01,2021,-0.0179023607133434,0.42630690875702393,0.5,False
PAY,10,2021-06-09,2021-06-10,2021-07-09,2021,-0.2499447526784166,0.35552603289579476,0.5,False
PAY,15,2021-06-16,2021-06-17,2021-07-16,2021,-0.0554770227554189,0.39852212971567497,0.5,False
PAY,20,2021-06-23,2021-06-24,2021-07-23,2021,0.231165158433773,0.42332435296621057,0.5,False
PCOR,2,2021-05-21,2021-05-24,2021-06-22,2021,-0.0881392511430689,0.4256236453607882,0.5,False
PCOR,5,2021-05-26,2021-05-27,2021-06-25,2021,-0.1701286533403164,0.47475078619469174,0.5,False
PCOR,10,2021-06-03,2021-06-04,2021-07-02,2021,-0.1717393701978747,0.45065555176244004,0.5,False
PCOR,15,2021-06-10,2021-06-11,2021-07-12,2021,-0.1265198720359461,0.45085832930295894,0.5,False
PCOR,20,2021-06-17,2021-06-18,2021-07-19,2021,-0.1334897731467096,0.4108863483228812,0.5,False
PHVS,2,2021-02-08,2021-02-09,2021-03-10,2021,-0.0578366691741489,0.4238739768314057,0.5,False
PHVS,5,2021-02-11,2021-02-12,2021-03-15,2021,-0.2608385412558199,0.4489276438439071,0.5,False
PHVS,10,2021-02-19,2021-02-22,2021-03-22,2021,0.0430283370097998,0.5340681488724268,0.5,True
PHVS,15,2021-02-26,2021-03-01,2021-03-29,2021,0.3193703789950807,0.46632204363639046,0.5,False
PHVS,20,2021-03-05,2021-03-08,2021-04-06,2021,0.0920613877216013,0.33089064133003654,0.5,False
PLTK,2,2021-01-20,2021-01-21,2021-02-19,2021,-0.0110856436835427,0.3043807700234676,0.5,False
PLTK,5,2021-01-25,2021-01-26,2021-02-24,2021,-0.063684362516413,0.4913423350850466,0.5,False
PLTK,10,2021-02-01,2021-02-02,2021-03-03,2021,-0.0478615878332732,0.46995672760345214,0.5,False
PLTK,15,2021-02-08,2021-02-09,2021-03-10,2021,0.1561431426374453,0.3507830695180559,0.5,False
PLTK,20,2021-02-16,2021-02-17,2021-03-17,2021,0.1848507080301845,0.3219622550421983,0.5,False
PRCT,2,2021-09-16,2021-09-17,2021-10-15,2021,-0.2182858621160547,0.44728182012256323,0.5,False
PRCT,5,2021-09-21,2021-09-22,2021-10-20,2021,-0.0850541346882238,0.4350643949855818,0.5,False
PRCT,10,2021-09-28,2021-09-29,2021-10-27,2021,-0.1088204910695238,0.43245116913878406,0.5,False
PRCT,15,2021-10-05,2021-10-06,2021-11-03,2021,-0.165149715799878,0.45565003837498175,0.5,False
PRCT,20,2021-10-12,2021-10-13,2021-11-10,2021,0.0388344393368007,0.46748704405606445,0.5,False
PRVA,2,2021-04-30,2021-05-03,2021-06-01,2021,0.0651682065572614,0.43071165328542566,0.5,False
PRVA,5,2021-05-05,2021-05-06,2021-06-04,2021,0.1132709336217255,0.46833829329007814,0.5,False
PRVA,10,2021-05-12,2021-05-13,2021-06-11,2021,-0.3063232434869296,0.3699792980145977,0.5,False
PRVA,15,2021-05-19,2021-05-20,2021-06-18,2021,-0.5366157968800487,0.41684293906988534,0.5,False
PRVA,20,2021-05-26,2021-05-27,2021-06-25,2021,-0.4191714570890124,0.4298276814212829,0.5,False
PTLO,2,2021-10-22,2021-10-25,2021-11-22,2021,0.0592145958609319,0.453102517300758,0.5,False
PTLO,5,2021-10-27,2021-10-28,2021-11-26,2021,-0.0748525155821271,0.4376822276058765,0.5,False
PTLO,10,2021-11-03,2021-11-04,2021-12-03,2021,0.1060315629314733,0.48338858695801806,0.5,False
PTLO,15,2021-11-10,2021-11-11,2021-12-10,2021,0.2031814937903228,0.4777393550185905,0.5,False
PTLO,20,2021-11-17,2021-11-18,2021-12-17,2021,0.2251857349867556,0.5711025071665762,0.5,True
PUBM,20,2021-01-07,2021-01-08,2021-02-08,2021,-0.8897706910087094,0.3943382346590782,0.5,False
PYXS,2,2021-10-11,2021-10-12,2021-11-09,2021,0.0444693790650718,0.5015624700061184,0.5,True
PYXS,5,2021-10-14,2021-10-15,2021-11-12,2021,0.0350479083277788,0.5304588527973967,0.5,True
RANI,2,2021-08-02,2021-08-03,2021-08-31,2021,-0.7988953365549408,0.40881364244262425,0.5,False
RBLX,2,2021-03-11,2021-03-12,2021-04-12,2021,0.0101928414842336,0.4336200784894123,0.5,False
RBLX,5,2021-03-16,2021-03-17,2021-04-15,2021,0.004447687851709,0.47420541584677817,0.5,False
RBLX,10,2021-03-23,2021-03-24,2021-04-22,2021,0.052316932995394,0.42399739826841965,0.5,False
RBLX,15,2021-03-30,2021-03-31,2021-04-29,2021,-0.008793981676745,0.4232077942106233,0.5,False
RBLX,20,2021-04-07,2021-04-08,2021-05-06,2021,0.1130023471548355,0.43620119281608005,0.5,False
REFI,2,2021-12-09,2021-12-10,2022-01-10,2021,-0.1264158338377094,0.30060422357397265,0.5,False
RELY,2,2021-09-24,2021-09-27,2021-10-25,2021,0.2426678507936439,0.47989837540527897,0.5,False
RELY,5,2021-09-29,2021-09-30,2021-10-28,2021,0.1820039340526556,0.6405177385695734,0.5,True
RELY,10,2021-10-06,2021-10-07,2021-11-04,2021,0.2148693093630915,0.6366071009280603,0.5,True
RELY,15,2021-10-13,2021-10-14,2021-11-11,2021,0.282885585702318,0.591202750191326,0.5,True
RELY,20,2021-10-20,2021-10-21,2021-11-18,2021,0.253782661590718,0.5197533282241005,0.5,True
RERE,2,2021-06-21,2021-06-22,2021-07-21,2021,0.0395408886862462,0.4816570853486232,0.5,False
RERE,5,2021-06-24,2021-06-25,2021-07-26,2021,0.1112520932338378,0.4964064677955637,0.5,False
RERE,10,2021-07-01,2021-07-02,2021-08-02,2021,0.2014745963855118,0.49956636520005016,0.5,False
RERE,20,2021-07-16,2021-07-19,2021-08-16,2021,0.2105352141312321,0.4597380027605804,0.5,False
RIVN,2,2021-11-11,2021-11-12,2021-12-13,2021,0.050967027071942,0.3615530983955969,0.5,False
RIVN,5,2021-11-16,2021-11-17,2021-12-16,2021,0.2916119797735609,0.4363993637287834,0.5,False
RIVN,10,2021-11-23,2021-11-24,2021-12-23,2021,0.174925969035012,0.2809408690928625,0.5,False
RIVN,15,2021-12-01,2021-12-02,2021-12-31,2021,0.2064510186163026,0.36277031012799776,0.5,False
RIVN,20,2021-12-08,2021-12-09,2022-01-07,2021,0.2461310567194954,0.37671497793250197,0.5,False
RNXT,2,2021-08-27,2021-08-30,2021-09-28,2021,0.0220667137434036,0.3019949254623667,0.5,False
RNXT,5,2021-09-01,2021-09-02,2021-10-01,2021,0.2533741458028991,0.004089484182217695,0.5,False
RNXT,10,2021-09-09,2021-09-10,2021-10-08,2021,0.3342042342137281,0.03474898602392223,0.5,False
RNXT,15,2021-09-16,2021-09-17,2021-10-15,2021,0.2233472561185912,0.22980558801213316,0.5,False
RNXT,20,2021-09-23,2021-09-24,2021-10-22,2021,0.2415829761216661,0.2560119088762816,0.5,False
RPID,2,2021-07-16,2021-07-19,2021-08-16,2021,0.2109232970979933,0.3372839001154538,0.5,False
RPID,5,2021-07-21,2021-07-22,2021-08-19,2021,0.0444307856094977,0.3079264634987637,0.5,False
RPID,10,2021-07-28,2021-07-29,2021-08-26,2021,-0.0056009783905402,0.3354630115777758,0.5,False
RSKD,2,2021-07-30,2021-08-02,2021-08-30,2021,-0.199218629758262,0.36449765134115825,0.5,False
RSKD,5,2021-08-04,2021-08-05,2021-09-02,2021,-0.1969531864444696,0.413316529976598,0.5,False
RSKD,10,2021-08-11,2021-08-12,2021-09-10,2021,-0.0805280758190678,0.39428907182632356,0.5,False
RSKD,15,2021-08-18,2021-08-19,2021-09-17,2021,-0.031738718912805,0.3679936286178562,0.5,False
RSKD,20,2021-08-25,2021-08-26,2021-09-24,2021,-0.0396217605859194,0.34780084378932,0.5,False
RXRX,2,2021-04-19,2021-04-20,2021-05-18,2021,0.1263234935605251,0.39299486032619113,0.5,False
RXRX,5,2021-04-22,2021-04-23,2021-05-21,2021,0.1785634301390346,0.3948028011565114,0.5,False
RXRX,10,2021-04-29,2021-04-30,2021-05-28,2021,0.2201008829667727,0.4458724898628753,0.5,False
RXRX,15,2021-05-06,2021-05-07,2021-06-07,2021,0.0007884693944955,0.3359820593862548,0.5,False
RXRX,20,2021-05-13,2021-05-14,2021-06-14,2021,-0.5644689699913957,0.41555285939057246,0.5,False
RXST,2,2021-08-02,2021-08-03,2021-08-31,2021,0.1155311012714147,0.3042784800063475,0.5,False
RXST,5,2021-08-05,2021-08-06,2021-09-03,2021,-0.1504128286562368,0.5666670203293995,0.5,True
RYAN,2,2021-07-23,2021-07-26,2021-08-23,2021,-0.1223261566533339,0.3838359006515253,0.5,False
RYAN,5,2021-07-28,2021-07-29,2021-08-26,2021,-0.0797557128521464,0.4312288385520596,0.5,False
RYAN,10,2021-08-04,2021-08-05,2021-09-02,2021,-0.1403233211532423,0.4197219383043814,0.5,False
RYAN,15,2021-08-11,2021-08-12,2021-09-10,2021,-0.1352924340175036,0.41859599502621203,0.5,False
RYAN,20,2021-08-18,2021-08-19,2021-09-17,2021,-0.0840898008753539,0.3876609990395895,0.5,False
S,2,2021-07-01,2021-07-02,2021-08-02,2021,-0.2481147533919449,0.5051492661058944,0.5,True
S,5,2021-07-07,2021-07-08,2021-08-05,2021,-0.0345866179676077,0.3812078456753259,0.5,False
S,10,2021-07-14,2021-07-15,2021-08-12,2021,-0.0517184133069395,0.3570476536103951,0.5,False
S,15,2021-07-21,2021-07-22,2021-08-19,2021,-0.1126645080540263,0.3784164045431729,0.5,False
S,20,2021-07-28,2021-07-29,2021-08-26,2021,-0.2341987373223247,0.37453249401406086,0.5,False
SANA,2,2021-02-05,2021-02-08,2021-03-09,2021,0.2822847504823008,0.3693806667958751,0.5,False
SANA,5,2021-02-10,2021-02-11,2021-03-12,2021,0.2649310946628336,0.406036658745332,0.5,False
SANA,10,2021-02-18,2021-02-19,2021-03-19,2021,0.0575834059682706,0.3236899572522147,0.5,False
SANA,15,2021-02-25,2021-02-26,2021-03-26,2021,0.0600344893255018,0.46608057043736445,0.5,False
SANA,20,2021-03-04,2021-03-05,2021-04-05,2021,-0.1985066537790428,0.48675725804443054,0.5,False
SEER,20,2021-01-04,2021-01-05,2021-02-03,2021,-0.1061455102929237,0.48123635032533396,0.5,False
SERA,2,2021-07-16,2021-07-19,2021-08-16,2021,0.1226221949019414,0.5305045939831617,0.5,True
SG,2,2021-11-19,2021-11-22,2021-12-21,2021,0.3950752074516742,0.4288619038778829,0.5,False
SG,5,2021-11-24,2021-11-26,2021-12-27,2021,0.1475042748801873,0.5443454640568659,0.5,True
SG,10,2021-12-02,2021-12-03,2022-01-03,2021,-0.0055448148623637,0.45589838709201724,0.5,False
SG,15,2021-12-09,2021-12-10,2022-01-10,2021,0.0532095732100257,0.4924285222311391,0.5,False
SG,20,2021-12-16,2021-12-17,2022-01-18,2021,0.1196535295471861,0.4841261622107184,0.5,False
SGHT,2,2021-07-16,2021-07-19,2021-08-16,2021,-0.1549220872732049,0.4152730354055741,0.5,False
SGHT,5,2021-07-21,2021-07-22,2021-08-19,2021,-0.0408722696524549,0.4270831295843807,0.5,False
SGHT,10,2021-07-28,2021-07-29,2021-08-26,2021,0.0476404051051143,0.4391509304412186,0.5,False
SGHT,15,2021-08-04,2021-08-05,2021-09-02,2021,0.2506067270609635,0.44428824410882883,0.5,False
SGHT,20,2021-08-11,2021-08-12,2021-09-10,2021,0.1400955612736869,0.41512652310984716,0.5,False
SHLS,2,2021-01-29,2021-02-01,2021-03-02,2021,-0.0382506406427766,0.31169502452942993,0.5,False
SHLS,5,2021-02-03,2021-02-04,2021-03-05,2021,0.1106700366841898,0.3117175261650865,0.5,False
SHLS,10,2021-02-10,2021-02-11,2021-03-12,2021,0.0473242304831063,0.36624105484391195,0.5,False
SHLS,15,2021-02-18,2021-02-19,2021-03-19,2021,0.1509468076433384,0.3550115029272218,0.5,False
SHLS,20,2021-02-25,2021-02-26,2021-03-26,2021,0.1250414385208511,0.29573887659780856,0.5,False
SKYT,2,2021-04-22,2021-04-23,2021-05-21,2021,-0.3828253058679152,0.43379506967498366,0.5,False
SKYT,5,2021-04-27,2021-04-28,2021-05-26,2021,-0.4384045704721619,0.4252131096138219,0.5,False
SKYT,10,2021-05-04,2021-05-05,2021-06-03,2021,-0.2552088894271394,0.4862449101371928,0.5,False
SKYT,15,2021-05-11,2021-05-12,2021-06-10,2021,-0.345812422452284,0.4054366409493833,0.5,False
SKYT,20,2021-05-18,2021-05-19,2021-06-17,2021,-0.6847605555905478,0.3995855892048256,0.5,False
SMWB,2,2021-05-13,2021-05-14,2021-06-14,2021,0.0056967061262159,0.5017490587930933,0.5,True
SMWB,5,2021-05-18,2021-05-19,2021-06-17,2021,0.1052567760530793,0.5553398096430475,0.5,True
SOPH,2,2021-07-26,2021-07-27,2021-08-24,2021,-0.0448138321046898,0.39341734011235635,0.5,False
SOPH,5,2021-07-29,2021-07-30,2021-08-27,2021,-0.2444888633807223,0.5867356090757536,0.5,True
SOPH,10,2021-08-05,2021-08-06,2021-09-03,2021,-0.0762000288449194,0.4587271928937485,0.5,False
SOPH,15,2021-08-12,2021-08-13,2021-09-13,2021,0.0290631068042238,0.2917250275628103,0.5,False
SRAD,2,2021-09-15,2021-09-16,2021-10-14,2021,0.1118280430905111,0.31148332154100183,0.5,False
SRAD,5,2021-09-20,2021-09-21,2021-10-19,2021,0.1912233859564148,0.46674877046236424,0.5,False
SRAD,10,2021-09-27,2021-09-28,2021-10-26,2021,0.1535489176718467,0.4470094654575204,0.5,False
SRAD,15,2021-10-04,2021-10-05,2021-11-02,2021,0.1354854300417262,0.5608425295414993,0.5,True
SRAD,20,2021-10-11,2021-10-12,2021-11-09,2021,0.14321485513156,0.5682002504981957,0.5,True
STVN,2,2021-07-19,2021-07-20,2021-08-17,2021,-0.0033754404310195,0.5250848144124675,0.5,True
STVN,5,2021-07-22,2021-07-23,2021-08-20,2021,-0.2480563325743289,0.5852492282376276,0.5,True
STVN,10,2021-07-29,2021-07-30,2021-08-27,2021,-0.2486415717644646,0.5683397319958376,0.5,True
STVN,15,2021-08-05,2021-08-06,2021-09-03,2021,-0.322104873297945,0.5615532088784375,0.5,True
STVN,20,2021-08-12,2021-08-13,2021-09-13,2021,-0.2711054088449504,0.4133280509920962,0.5,False
SWIM,2,2021-04-26,2021-04-27,2021-05-25,2021,-0.1459313844599698,0.3880509564477224,0.5,False
SWIM,5,2021-04-29,2021-04-30,2021-05-28,2021,-0.2091969252981424,0.43042431442078577,0.5,False
SWIM,10,2021-05-06,2021-05-07,2021-06-07,2021,-0.0820266022518496,0.41084696135999854,0.5,False
SWIM,15,2021-05-13,2021-05-14,2021-06-14,2021,0.0817233741137304,0.4419419934163392,0.5,False
SWIM,20,2021-05-20,2021-05-21,2021-06-21,2021,-0.0237179519949654,0.39948215275867,0.5,False
TASK,2,2021-06-14,2021-06-15,2021-07-14,2021,0.0591569909423414,0.40037229026132526,0.5,False
TASK,5,2021-06-17,2021-06-18,2021-07-19,2021,0.0533896791797938,0.4274610689727899,0.5,False
TASK,10,2021-06-24,2021-06-25,2021-07-26,2021,0.0868091781206456,0.46197404604773157,0.5,False
TASK,15,2021-07-01,2021-07-02,2021-08-02,2021,0.0808616106827169,0.4252098000817313,0.5,False
TASK,20,2021-07-09,2021-07-12,2021-08-09,2021,0.0358871358243944,0.3870111870398639,0.5,False
TCBX,2,2021-11-10,2021-11-11,2021-12-10,2021,-0.1528897912260064,0.29614371476999946,0.5,False
TCBX,5,2021-11-15,2021-11-16,2021-12-15,2021,-0.0540992592101469,0.3394355497373118,0.5,False
TCRX,2,2021-07-19,2021-07-20,2021-08-17,2021,-0.1435493335206705,0.526356194334234,0.5,True
TDUP,2,2021-03-29,2021-03-30,2021-04-28,2021,0.4050235238538887,0.4738138026147287,0.5,False
TDUP,5,2021-04-01,2021-04-05,2021-05-03,2021,0.2871928039158195,0.251337408085548,0.5,False
TDUP,10,2021-04-09,2021-04-12,2021-05-10,2021,-0.0015937009285224,0.24803314728483733,0.5,False
TDUP,15,2021-04-16,2021-04-19,2021-05-17,2021,-0.2601744751336963,0.38766985862665215,0.5,False
TDUP,20,2021-04-23,2021-04-26,2021-05-24,2021,-0.3098442036061741,0.38046855631271226,0.5,False
TKNO,2,2021-06-28,2021-06-29,2021-07-28,2021,0.3524074809470755,0.4714657884178279,0.5,False
TKNO,5,2021-07-01,2021-07-02,2021-08-02,2021,0.0637570873291535,0.44871325694455855,0.5,False
TMCI,2,2021-04-26,2021-04-27,2021-05-25,2021,-0.0075979208509701,0.3882288361656878,0.5,False
TMCI,5,2021-04-29,2021-04-30,2021-05-28,2021,-0.121557183225303,0.4062785163925018,0.5,False
TMCI,10,2021-05-06,2021-05-07,2021-06-07,2021,-0.1644085630678017,0.40775200475042833,0.5,False
TMCI,15,2021-05-13,2021-05-14,2021-06-14,2021,-0.2747617833817888,0.3437065288285673,0.5,False
TMCI,20,2021-05-20,2021-05-21,2021-06-21,2021,-0.1474678339422797,0.389352847032542,0.5,False
TNYA,2,2021-08-02,2021-08-03,2021-08-31,2021,-0.1158915602634522,0.2784433521479049,0.5,False
TNYA,5,2021-08-05,2021-08-06,2021-09-03,2021,-0.2674197707170629,0.2685797424607645,0.5,False
TNYA,10,2021-08-12,2021-08-13,2021-09-13,2021,-0.0465301991331569,0.32760021857771005,0.5,False
TNYA,15,2021-08-19,2021-08-20,2021-09-20,2021,0.0436102647639748,0.27126824665362753,0.5,False
TNYA,20,2021-08-26,2021-08-27,2021-09-27,2021,0.084135876961942,0.30365847903736,0.5,False
TOST,2,2021-09-23,2021-09-24,2021-10-22,2021,0.1783160024488947,0.39534280992992865,0.5,False
TOST,5,2021-09-28,2021-09-29,2021-10-27,2021,-0.0095723719833634,0.5853779287990916,0.5,True
TOST,10,2021-10-05,2021-10-06,2021-11-03,2021,-0.130361262087409,0.570474191556148,0.5,True
TOST,15,2021-10-12,2021-10-13,2021-11-10,2021,0.1004520617806029,0.5441578664823837,0.5,True
TOST,20,2021-10-19,2021-10-20,2021-11-17,2021,0.1487804077179508,0.5321980263448302,0.5,True
TRDA,2,2021-11-01,2021-11-02,2021-12-01,2021,-0.4574878417494832,0.3001894834251223,0.5,False
TRDA,5,2021-11-04,2021-11-05,2021-12-06,2021,0.0529219715718936,0.3060807409411604,0.5,False
TRDA,10,2021-11-11,2021-11-12,2021-12-13,2021,0.3415091330557304,0.42789906242189946,0.5,False
TRDA,15,2021-11-18,2021-11-19,2021-12-20,2021,0.5560543324618654,0.3437739655188384,0.5,False
TRDA,20,2021-11-26,2021-11-29,2021-12-28,2021,0.3970691239714186,0.2661438220464572,0.5,False
TUYA,2,2021-03-22,2021-03-23,2021-04-21,2021,0.2965862913923087,0.43844932435523803,0.5,False
TUYA,5,2021-03-25,2021-03-26,2021-04-26,2021,0.054156403698013,0.5452975229991077,0.5,True
TUYA,10,2021-04-01,2021-04-05,2021-05-03,2021,0.1646379814958229,0.4769624512162172,0.5,False
TUYA,15,2021-04-09,2021-04-12,2021-05-10,2021,0.2792110115044283,0.42301971979877473,0.5,False
TUYA,20,2021-04-16,2021-04-19,2021-05-17,2021,0.0364389108513587,0.49010902745481905,0.5,False
TYRA,2,2021-09-16,2021-09-17,2021-10-15,2021,0.2005419612134973,0.45741885114783254,0.5,False
TYRA,5,2021-09-21,2021-09-22,2021-10-20,2021,-0.0529125562863457,0.4329712649654357,0.5,False
TYRA,10,2021-09-28,2021-09-29,2021-10-27,2021,-0.2453880837896777,0.4103028281783725,0.5,False
TYRA,15,2021-10-05,2021-10-06,2021-11-03,2021,-1.153566364237275,0.447303647213108,0.5,False
TYRA,20,2021-10-12,2021-10-13,2021-11-10,2021,-0.770508788848798,0.5659720863639928,0.5,True
ULCC,2,2021-04-05,2021-04-06,2021-05-04,2021,-0.0137918083289161,0.3122501478088081,0.5,False
ULCC,5,2021-04-08,2021-04-09,2021-05-07,2021,0.0574762842231685,0.3680260630068187,0.5,False
ULCC,10,2021-04-15,2021-04-16,2021-05-14,2021,-0.0482087265466681,0.3450345575652631,0.5,False
ULCC,15,2021-04-22,2021-04-23,2021-05-21,2021,0.0379963863039846,0.34487350495807595,0.5,False
ULCC,20,2021-04-29,2021-04-30,2021-05-28,2021,-0.0305972068898386,0.3352374309859445,0.5,False
UPST,15,2021-01-07,2021-01-08,2021-02-08,2021,-0.3308050437437769,0.6913940344824068,0.5,True
UPST,20,2021-01-14,2021-01-15,2021-02-16,2021,-0.537031746797786,0.6356815905173605,0.5,True
VALN,2,2021-05-07,2021-05-10,2021-06-08,2021,0.0554436361597367,0.32874203811802993,0.5,False
VINP,2,2021-01-29,2021-02-01,2021-03-02,2021,0.0677091811659496,0.4135815848814732,0.5,False
VINP,5,2021-02-03,2021-02-04,2021-03-05,2021,0.0415209296639053,0.34531245167338737,0.5,False
VINP,10,2021-02-10,2021-02-11,2021-03-12,2021,0.2009850022970003,0.3454329426769044,0.5,False
VINP,15,2021-02-18,2021-02-19,2021-03-19,2021,0.2032693002070461,0.43199863518889015,0.5,False
VINP,20,2021-02-25,2021-02-26,2021-03-26,2021,0.1871755317915771,0.5196911398228421,0.5,True
VTEX,2,2021-07-22,2021-07-23,2021-08-20,2021,0.1330437792847937,0.34775813119675747,0.5,False
VTEX,5,2021-07-27,2021-07-28,2021-08-25,2021,-0.0743470037360491,0.340730864181738,0.5,False
VTEX,10,2021-08-03,2021-08-04,2021-09-01,2021,0.0235472432319947,0.37199003673389197,0.5,False
VTEX,15,2021-08-10,2021-08-11,2021-09-09,2021,0.171567878371594,0.4020349028117895,0.5,False
VTEX,20,2021-08-17,2021-08-18,2021-09-16,2021,0.0492533547352683,0.29669298551416184,0.5,False
WEAV,2,2021-11-12,2021-11-15,2021-12-14,2021,0.1534599975330263,0.42379785651514834,0.5,False
WEAV,5,2021-11-17,2021-11-18,2021-12-17,2021,0.2797486865471889,0.43613931057192684,0.5,False
WEAV,10,2021-11-24,2021-11-26,2021-12-27,2021,0.2695867287549295,0.44647569692545774,0.5,False
WOOF,2,2021-01-15,2021-01-19,2021-02-17,2021,0.1677217178198633,0.4247895561398623,0.5,False
WOOF,5,2021-01-21,2021-01-22,2021-02-22,2021,0.1201650747632708,0.4593303170227958,0.5,False
WOOF,10,2021-01-28,2021-01-29,2021-03-01,2021,0.2252938868096591,0.434796509798968,0.5,False
WOOF,15,2021-02-04,2021-02-05,2021-03-08,2021,0.1723578967121775,0.4351465655548968,0.5,False
WOOF,20,2021-02-11,2021-02-12,2021-03-15,2021,0.0533419096300381,0.5598760478826543,0.5,True
WRBY,2,2021-09-30,2021-10-01,2021-10-29,2021,0.0289206745981089,0.36534597759638304,0.5,False
WRBY,5,2021-10-05,2021-10-06,2021-11-03,2021,0.0373108923176367,0.41661111924936056,0.5,False
WRBY,10,2021-10-12,2021-10-13,2021-11-10,2021,-0.0342799686791566,0.5435703544776851,0.5,True
WRBY,15,2021-10-19,2021-10-20,2021-11-17,2021,-0.0519796074690976,0.4264030968136593,0.5,False
WRBY,20,2021-10-26,2021-10-27,2021-11-24,2021,0.0800916067408245,0.3864834589670287,0.5,False
XMTR,2,2021-07-01,2021-07-02,2021-08-02,2021,-0.2108944722157959,0.6478320911069818,0.5,True
XMTR,5,2021-07-07,2021-07-08,2021-08-05,2021,-0.2722287564751665,0.6190405165656344,0.5,True
XMTR,10,2021-07-14,2021-07-15,2021-08-12,2021,-0.2836703913243998,0.6250473520596493,0.5,True
XMTR,15,2021-07-21,2021-07-22,2021-08-19,2021,0.0125955951047924,0.5196107877162561,0.5,True
XMTR,20,2021-07-28,2021-07-29,2021-08-26,2021,-0.0513267268846954,0.4669339018024911,0.5,False
XPOF,2,2021-07-26,2021-07-27,2021-08-24,2021,0.041654447889656,0.3784503385644143,0.5,False
YMM,2,2021-06-24,2021-06-25,2021-07-26,2021,0.5538380090744502,0.34616624645641375,0.5,False
YMM,5,2021-06-29,2021-06-30,2021-07-29,2021,0.3755010657442127,0.6175217629917367,0.5,True
YMM,10,2021-07-07,2021-07-08,2021-08-05,2021,0.2890801713060625,0.5442881400942429,0.5,True
YMM,15,2021-07-14,2021-07-15,2021-08-12,2021,0.3095925258546864,0.5828090590665761,0.5,True
YMM,20,2021-07-21,2021-07-22,2021-08-19,2021,0.333512304313045,0.5558269449859249,0.5,True
YOU,2,2021-07-01,2021-07-02,2021-08-02,2021,-0.3022255809738831,0.4146234583570355,0.5,False
YOU,5,2021-07-07,2021-07-08,2021-08-05,2021,-0.3456278094880385,0.38987281734726176,0.5,False
YOU,10,2021-07-14,2021-07-15,2021-08-12,2021,-0.3313297605859946,0.4005722788778289,0.5,False
YOU,15,2021-07-21,2021-07-22,2021-08-19,2021,-0.1310276550546403,0.41153053283041935,0.5,False
YOU,20,2021-07-28,2021-07-29,2021-08-26,2021,-0.0817265145689604,0.4110980705452739,0.5,False
ZETA,2,2021-06-11,2021-06-14,2021-07-13,2021,0.2277237983960085,0.5981868946051334,0.5,True
ZETA,5,2021-06-16,2021-06-17,2021-07-16,2021,0.2956128234127726,0.4650271815148052,0.5,False
ZETA,10,2021-06-23,2021-06-24,2021-07-23,2021,0.3219645971901435,0.4797493822304903,0.5,False
ZIM,2,2021-01-29,2021-02-01,2021-03-02,2021,-0.6611177377461023,0.44136813934386243,0.5,False
ZIM,5,2021-02-03,2021-02-04,2021-03-05,2021,-0.3397537789840263,0.4947808645997661,0.5,False
ZIM,10,2021-02-10,2021-02-11,2021-03-12,2021,-0.4306445197329395,0.45007063924046925,0.5,False
ZIM,15,2021-02-18,2021-02-19,2021-03-19,2021,-0.335101737780869,0.4472781877367933,0.5,False
ZIM,20,2021-02-25,2021-02-26,2021-03-26,2021,-0.3072308341496773,0.37877341378055723,0.5,False
ZIP,2,2021-05-27,2021-05-28,2021-06-28,2021,-0.2042944219873846,0.3685665216061184,0.5,False
ZIP,5,2021-06-02,2021-06-03,2021-07-01,2021,-0.0085300795450118,0.40413748715306974,0.5,False
ZIP,10,2021-06-09,2021-06-10,2021-07-09,2021,-0.0488225311931626,0.39683052971677973,0.5,False
ZIP,15,2021-06-16,2021-06-17,2021-07-16,2021,-0.2053118872642446,0.35888483934833904,0.5,False
ZIP,20,2021-06-23,2021-06-24,2021-07-23,2021,-0.0582456234827204,0.40496534102338577,0.5,False
ZVIA,2,2021-07-23,2021-07-26,2021-08-23,2021,0.0714146892905844,0.49528677971118135,0.5,False
ZVIA,5,2021-07-28,2021-07-29,2021-08-26,2021,-0.1228535831170678,0.5464973550197829,0.5,True
ACRV,2,2022-11-16,2022-11-17,2022-12-16,2022,0.2224582468724993,0.488589647351409,0.5,False
AMLX,2,2022-01-10,2022-01-11,2022-02-09,2022,-0.3097744551980909,0.5578800444867101,0.5,True
AMLX,5,2022-01-13,2022-01-14,2022-02-14,2022,-0.045433799056328,0.4541340249105144,0.5,False
AMLX,10,2022-01-21,2022-01-24,2022-02-22,2022,-0.7104619294235303,0.46307391607176707,0.5,False
AMLX,15,2022-01-28,2022-01-31,2022-03-01,2022,-0.4497324956860334,0.4298363289826088,0.5,False
AMLX,20,2022-02-04,2022-02-07,2022-03-08,2022,-0.4145092824626224,0.45661706986096084,0.5,False
ANTX,2,2022-03-28,2022-03-29,2022-04-27,2022,-0.1474566298065666,0.39913094515296,0.5,False
ATAT,2,2022-11-14,2022-11-15,2022-12-14,2022,-0.2028020146681793,0.4568983374008389,0.5,False
ATAT,5,2022-11-17,2022-11-18,2022-12-19,2022,-0.2060395988761822,0.5693760637179819,0.5,True
ATAT,10,2022-11-25,2022-11-28,2022-12-27,2022,-0.5669504825123167,0.5038402227747033,0.5,True
ATAT,15,2022-12-02,2022-12-05,2023-01-04,2022,-0.1710335811533593,0.613668530022842,0.5,True
ATAT,20,2022-12-09,2022-12-12,2023-01-11,2022,-0.4555682438195541,0.48933817905748317,0.5,False
BLCO,2,2022-05-09,2022-05-10,2022-06-08,2022,0.1723732548836639,0.5080716534021135,0.5,True
BLCO,5,2022-05-12,2022-05-13,2022-06-13,2022,0.121297991052716,0.5362660384289454,0.5,True
BLCO,10,2022-05-19,2022-05-20,2022-06-21,2022,0.0282062249729071,0.5311042641997561,0.5,True
BLCO,15,2022-05-26,2022-05-27,2022-06-28,2022,0.0406463678687728,0.48144489483226255,0.5,False
BLCO,20,2022-06-03,2022-06-06,2022-07-06,2022,-0.0601570475404089,0.5127787043863828,0.5,True
BLTE,2,2022-05-02,2022-05-03,2022-06-01,2022,-0.4688747409850862,0.5603214515974925,0.5,True
BLTE,5,2022-05-05,2022-05-06,2022-06-06,2022,0.0461868661210004,0.7214203750472711,0.5,True
BLTE,10,2022-05-12,2022-05-13,2022-06-13,2022,-0.6370932563724429,0.6039069323529863,0.5,True
CRBG,2,2022-09-19,2022-09-20,2022-10-18,2022,-0.0832255736315464,0.4820464068081734,0.5,False
CRBG,5,2022-09-22,2022-09-23,2022-10-21,2022,-0.057455424720825,0.5052196447493793,0.5,True
CRBG,10,2022-09-29,2022-09-30,2022-10-28,2022,-0.0893036814267515,0.539510842882203,0.5,True
CRBG,15,2022-10-06,2022-10-07,2022-11-04,2022,-0.1038409925121131,0.5386718853328422,0.5,True
CRBG,20,2022-10-13,2022-10-14,2022-11-11,2022,-0.0656150910219516,0.4712092401176961,0.5,False
CRDO,2,2022-01-28,2022-01-31,2022-03-01,2022,-0.4064788526839079,0.43177420659559507,0.5,False
CRDO,5,2022-02-02,2022-02-03,2022-03-04,2022,-0.2812286295940214,0.43366385299392507,0.5,False
CRDO,10,2022-02-09,2022-02-10,2022-03-11,2022,-0.1881938014361219,0.44223729973512316,0.5,False
CRDO,15,2022-02-16,2022-02-17,2022-03-18,2022,0.0581338362521504,0.4394649085689542,0.5,False
CRDO,20,2022-02-24,2022-02-25,2022-03-25,2022,0.0440464021257108,0.4359121104364108,0.5,False
ECBK,2,2022-07-29,2022-08-01,2022-08-29,2022,-0.0604058592984625,0.39752849083013725,0.5,False
EE,2,2022-04-14,2022-04-18,2022-05-16,2022,-0.0165231519965173,0.4174609953738031,0.5,False
EE,5,2022-04-20,2022-04-21,2022-05-19,2022,-0.1485116144156842,0.44744273337375556,0.5,False
EE,10,2022-04-27,2022-04-28,2022-05-26,2022,-0.0572472920845069,0.3831807456609638,0.5,False
EE,15,2022-05-04,2022-05-05,2022-06-03,2022,-0.1859534263233835,0.4484696721326591,0.5,False
EE,20,2022-05-11,2022-05-12,2022-06-10,2022,-0.1896050453379736,0.43982767840192744,0.5,False
FGI,2,2022-01-26,2022-01-27,2022-02-25,2022,0.1874859354733558,0.3955896639795603,0.5,False
GCT,2,2022-08-19,2022-08-22,2022-09-20,2022,0.6130845660325841,0.8894562418288565,0.5,True
GCT,5,2022-08-24,2022-08-25,2022-09-23,2022,0.3824810473678317,0.9837536317897873,0.5,True
GCT,10,2022-08-31,2022-09-01,2022-09-30,2022,0.149363346361146,0.871854024565854,0.5,True
GCT,15,2022-09-08,2022-09-09,2022-10-07,2022,0.6144615597252878,0.8977672201412754,0.5,True
GCT,20,2022-09-15,2022-09-16,2022-10-14,2022,0.5513754705583537,0.819722625818805,0.5,True
IE,2,2022-06-29,2022-06-30,2022-07-29,2022,0.1324174394368521,0.5240076994632201,0.5,True
IE,5,2022-07-05,2022-07-06,2022-08-03,2022,0.1321337287572613,0.48763327899009473,0.5,False
IMMX,20,2022-01-13,2022-01-14,2022-02-14,2022,0.1221497040258604,0.9464272519640827,0.5,True
IOT,15,2022-01-05,2022-01-06,2022-02-04,2022,-0.0450034675722919,0.4491159062878976,0.5,False
IOT,20,2022-01-12,2022-01-13,2022-02-11,2022,-0.0578483284714291,0.3958816650254685,0.5,False
MAIA,2,2022-07-29,2022-08-01,2022-08-29,2022,0.4243218392068154,0.5341683509483204,0.5,True
MAIA,5,2022-08-03,2022-08-04,2022-09-01,2022,0.1469299729486956,0.7568814578734288,0.5,True
MBLY,2,2022-10-27,2022-10-28,2022-11-28,2022,0.0021660937410848,0.49640423697191216,0.5,False
MBLY,5,2022-11-01,2022-11-02,2022-12-01,2022,-0.0932553267158788,0.5212143327845126,0.5,True
MBLY,10,2022-11-08,2022-11-09,2022-12-08,2022,-0.1677144286363672,0.4381518365819142,0.5,False
MBLY,15,2022-11-15,2022-11-16,2022-12-15,2022,-0.212404116055181,0.4927023243254674,0.5,False
MBLY,20,2022-11-22,2022-11-23,2022-12-22,2022,-0.2438736151384311,0.4769715793187343,0.5,False
NSTS,2,2022-01-20,2022-01-21,2022-02-18,2022,-0.0677005273645171,0.37658088108104065,0.5,False
NU,20,2022-01-06,2022-01-07,2022-02-07,2022,0.0230040668197246,0.5510756075098269,0.5,True
PEPG,2,2022-05-09,2022-05-10,2022-06-08,2022,0.0720132014462474,0.49549947706475655,0.5,False
PRME,2,2022-10-21,2022-10-24,2022-11-21,2022,-0.0932818455344744,0.4866766916068812,0.5,False
PRME,5,2022-10-26,2022-10-27,2022-11-25,2022,-0.2190875890407574,0.46229543845780585,0.5,False
PRME,10,2022-11-02,2022-11-03,2022-12-02,2022,0.2390859957931738,0.45838918374474436,0.5,False
PRME,15,2022-11-09,2022-11-10,2022-12-09,2022,0.1305634563579915,0.43317676244697967,0.5,False
PRME,20,2022-11-16,2022-11-17,2022-12-16,2022,0.0293456575768041,0.4233031194309557,0.5,False
SKYX,2,2022-02-11,2022-02-14,2022-03-15,2022,-0.3223581577455195,0.4398462778516723,0.5,False
SNAL,2,2022-11-11,2022-11-14,2022-12-13,2022,0.3133071600779249,0.751450660088073,0.5,True
SNAL,5,2022-11-16,2022-11-17,2022-12-16,2022,0.4535544953331389,0.6224345840665094,0.5,True
TPG,2,2022-01-14,2022-01-18,2022-02-15,2022,-0.0261148573337196,0.46652609946110796,0.5,False
TPG,5,2022-01-20,2022-01-21,2022-02-18,2022,0.06424147329425,0.4288351059348326,0.5,False
TPG,10,2022-01-27,2022-01-28,2022-02-28,2022,0.0336003346757421,0.49375401171551647,0.5,False
TPG,15,2022-02-03,2022-02-04,2022-03-07,2022,0.0822737791671796,0.4274532633891876,0.5,False
TPG,20,2022-02-10,2022-02-11,2022-03-14,2022,0.0620203179379711,0.505224852012235,0.5,True
ABVX,2,2023-10-23,2023-10-24,2023-11-21,2023,-0.1774605104687071,0.5139263503408311,0.5,True
AESI,2,2023-03-10,2023-03-13,2023-04-11,2023,0.0259522541389276,0.4431022378158295,0.5,False
AESI,5,2023-03-15,2023-03-16,2023-04-14,2023,-0.0692304676815201,0.41069862521513467,0.5,False
AESI,10,2023-03-22,2023-03-23,2023-04-21,2023,-0.0710287614093431,0.3920858009830157,0.5,False
AESI,15,2023-03-29,2023-03-30,2023-04-28,2023,-0.0621893909013221,0.39411858476555306,0.5,False
AESI,20,2023-04-05,2023-04-06,2023-05-05,2023,0.0002916304381604,0.4066406052905385,0.5,False
APGE,2,2023-07-17,2023-07-18,2023-08-15,2023,-0.1246720711301117,0.41925499075402206,0.5,False
APGE,5,2023-07-20,2023-07-21,2023-08-18,2023,-0.2611457258203322,0.3693099602074933,0.5,False
ARM,2,2023-09-15,2023-09-18,2023-10-16,2023,0.0488606510762161,0.6111642309431652,0.5,True
ARM,5,2023-09-20,2023-09-21,2023-10-19,2023,-0.0235929396394965,0.6117456884337453,0.5,True
ARM,10,2023-09-27,2023-09-28,2023-10-26,2023,-0.0132436547412907,0.633709814266651,0.5,True
ARM,15,2023-10-04,2023-10-05,2023-11-02,2023,0.0256323347654,0.6406324289328588,0.5,True
ARM,20,2023-10-11,2023-10-12,2023-11-09,2023,0.0124111548671296,0.6431709200606205,0.5,True
ATMU,2,2023-05-30,2023-05-31,2023-06-29,2023,-0.0018586780345458,0.3786674279608493,0.5,False
ATMU,5,2023-06-02,2023-06-05,2023-07-05,2023,-0.0989948062639197,0.4313910444496289,0.5,False
ATMU,10,2023-06-09,2023-06-12,2023-07-12,2023,-0.1725505360792334,0.4097991856893802,0.5,False
ATMU,15,2023-06-16,2023-06-20,2023-07-19,2023,-0.1814971280025034,0.4160899942894284,0.5,False
ATMU,20,2023-06-26,2023-06-27,2023-07-26,2023,-0.0615568000027104,0.37573191982390586,0.5,False
BFRG,2,2023-02-15,2023-02-16,2023-03-17,2023,0.3829179148816788,0.4726935159606043,0.5,False
BIRK,2,2023-10-12,2023-10-13,2023-11-10,2023,-0.0928799111528467,0.5694466727568395,0.5,True
BIRK,5,2023-10-17,2023-10-18,2023-11-15,2023,-0.0267844080180344,0.5289785595645874,0.5,True
BIRK,10,2023-10-24,2023-10-25,2023-11-22,2023,0.0078982527023161,0.509940625482306,0.5,True
BIRK,15,2023-10-31,2023-11-01,2023-11-30,2023,-0.1003926447120752,0.5149563123502823,0.5,True
BIRK,20,2023-11-07,2023-11-08,2023-12-07,2023,-0.0818332182175332,0.4411615061755439,0.5,False
CART,2,2023-09-20,2023-09-21,2023-10-19,2023,0.1317071387344239,0.6379522821873467,0.5,True
CART,5,2023-09-25,2023-09-26,2023-10-24,2023,0.0795372550009562,0.6053344822113415,0.5,True
CART,10,2023-10-02,2023-10-03,2023-10-31,2023,0.022656249617524,0.6214346027423,0.5,True
CART,15,2023-10-09,2023-10-10,2023-11-07,2023,-0.1793190255851074,0.6220102334063314,0.5,True
CART,20,2023-10-16,2023-10-17,2023-11-14,2023,-0.0374247256535505,0.6392819809366638,0.5,True
CAVA,2,2023-06-16,2023-06-20,2023-07-19,2023,-0.2504997168172824,0.5432242307823346,0.5,True
CAVA,5,2023-06-22,2023-06-23,2023-07-24,2023,-0.3274569121285808,0.5160426612949078,0.5,True
CAVA,10,2023-06-29,2023-06-30,2023-07-31,2023,-0.2844612359994774,0.4613310518473761,0.5,False
CAVA,15,2023-07-07,2023-07-10,2023-08-07,2023,-0.3246680233996217,0.4978038978267896,0.5,False
CAVA,20,2023-07-14,2023-07-17,2023-08-14,2023,-0.0407386471604313,0.520479139452445,0.5,True
FEBO,2,2023-12-01,2023-12-04,2024-01-03,2023,-0.2336583362634838,0.4782556323076984,0.5,False
GENK,2,2023-06-29,2023-06-30,2023-07-31,2023,-0.3161821898210397,0.5176708019203095,0.5,True
GENK,5,2023-07-05,2023-07-06,2023-08-03,2023,-0.1722532888403352,0.428795292932838,0.5,False
GNLX,2,2023-01-27,2023-01-30,2023-02-28,2023,-1.618284439980571,0.43354516871748805,0.5,False
GPCR,2,2023-02-06,2023-02-07,2023-03-08,2023,-0.040052032252616,0.42196917271012646,0.5,False
HG,2,2023-11-13,2023-11-14,2023-12-13,2023,0.0247553810705514,0.3724301718708211,0.5,False
HG,5,2023-11-16,2023-11-17,2023-12-18,2023,0.10330636298868,0.31360633428384793,0.5,False
HG,10,2023-11-24,2023-11-27,2023-12-26,2023,0.1120084998025244,0.33582117710440246,0.5,False
HSAI,2,2023-02-10,2023-02-13,2023-03-14,2023,0.1074085270688005,0.5198532385311927,0.5,True
HSAI,5,2023-02-15,2023-02-16,2023-03-17,2023,0.2718997417161183,0.48037856705749904,0.5,False
HSAI,10,2023-02-23,2023-02-24,2023-03-24,2023,0.1675342408691682,0.548324136575755,0.5,True
HSAI,15,2023-03-02,2023-03-03,2023-03-31,2023,0.231310150435109,0.5546596281468331,0.5,True
HSAI,20,2023-03-09,2023-03-10,2023-04-10,2023,0.3930239919040644,0.5601168029310483,0.5,True
KGS,2,2023-06-30,2023-07-03,2023-08-01,2023,-0.1440663678374726,0.3791801515647346,0.5,False
KGS,5,2023-07-06,2023-07-07,2023-08-04,2023,-0.1948959460017782,0.3440771369355287,0.5,False
KGS,10,2023-07-13,2023-07-14,2023-08-11,2023,-0.2404247634218077,0.3308774782914638,0.5,False
KGS,15,2023-07-20,2023-07-21,2023-08-18,2023,-0.1796509402794509,0.33899863935561336,0.5,False
KGS,20,2023-07-27,2023-07-28,2023-08-25,2023,-0.0378858384341611,0.36277670988494365,0.5,False
KVUE,2,2023-05-05,2023-05-08,2023-06-06,2023,0.0683059880539189,0.47629808340727225,0.5,False
KVUE,5,2023-05-10,2023-05-11,2023-06-09,2023,0.0705078170311231,0.418477494018194,0.5,False
KVUE,10,2023-05-17,2023-05-18,2023-06-16,2023,0.0952323935619352,0.43969343636842123,0.5,False
KVUE,15,2023-05-24,2023-05-25,2023-06-26,2023,0.0039481910577137,0.4290178118487184,0.5,False
KVUE,20,2023-06-01,2023-06-02,2023-07-03,2023,-0.0388634585277189,0.42652279081825456,0.5,False
KVYO,2,2023-09-21,2023-09-22,2023-10-20,2023,0.0838145344824337,0.4721509204916668,0.5,False
KVYO,5,2023-09-26,2023-09-27,2023-10-25,2023,0.1022163397651085,0.42295540655322694,0.5,False
KVYO,10,2023-10-03,2023-10-04,2023-11-01,2023,0.0682585839503094,0.4126254047736885,0.5,False
KVYO,15,2023-10-10,2023-10-11,2023-11-08,2023,0.1907954379581774,0.45135526414227123,0.5,False
KVYO,20,2023-10-17,2023-10-18,2023-11-15,2023,0.1600107733612204,0.42073745941661367,0.5,False
LXEO,2,2023-11-06,2023-11-07,2023-12-06,2023,-0.2983311933100288,0.46341637313552697,0.5,False
MLYS,2,2023-02-13,2023-02-14,2023-03-15,2023,-0.0035693105501729,0.4256118886638785,0.5,False
MNR,2,2023-10-26,2023-10-27,2023-11-27,2023,0.1788986569440121,0.39960454229981984,0.5,False
NMRA,2,2023-09-18,2023-09-19,2023-10-17,2023,0.2718070764472098,0.5716828803876548,0.5,True
NMRA,5,2023-09-21,2023-09-22,2023-10-20,2023,-0.0219839123503102,0.5847691731577719,0.5,True
NMRA,10,2023-09-28,2023-09-29,2023-10-27,2023,0.0178779754426545,0.5926758467910906,0.5,True
NMRA,15,2023-10-05,2023-10-06,2023-11-03,2023,0.0039888719466377,0.5475872639549615,0.5,True
NMRA,20,2023-10-12,2023-10-13,2023-11-10,2023,-0.2173482251931689,0.5294667615137977,0.5,True
NXT,2,2023-02-10,2023-02-13,2023-03-14,2023,-0.1326426263817546,0.4553050297739704,0.5,False
NXT,5,2023-02-15,2023-02-16,2023-03-17,2023,-0.0153899868043888,0.42553092340952536,0.5,False
NXT,10,2023-02-23,2023-02-24,2023-03-24,2023,-0.0196651965773913,0.417412843278369,0.5,False
NXT,15,2023-03-02,2023-03-03,2023-03-31,2023,-0.0942969915706851,0.4256208341090495,0.5,False
NXT,20,2023-03-09,2023-03-10,2023-04-10,2023,-0.0117287769659871,0.4382966253165825,0.5,False
ODD,2,2023-07-20,2023-07-21,2023-08-18,2023,0.0283714156025234,0.4396771538059068,0.5,False
ODD,5,2023-07-25,2023-07-26,2023-08-23,2023,0.0598084830912239,0.4017521293765526,0.5,False
ODD,10,2023-08-01,2023-08-02,2023-08-30,2023,0.1567678925070856,0.4204606371120175,0.5,False
ODD,15,2023-08-08,2023-08-09,2023-09-07,2023,0.2401556830085614,0.3994856270681703,0.5,False
ODD,20,2023-08-15,2023-08-16,2023-09-14,2023,0.1389295392890911,0.46824476084652944,0.5,False
RR,2,2023-11-20,2023-11-21,2023-12-20,2023,0.1693287436210577,0.4673513272216842,0.5,False
SGMT,2,2023-07-17,2023-07-18,2023-08-15,2023,-0.0394403361068045,0.4162761829868739,0.5,False
SKWD,2,2023-01-17,2023-01-18,2023-02-15,2023,-0.0352750837144252,0.4052840812293834,0.5,False
SKWD,5,2023-01-20,2023-01-23,2023-02-21,2023,-0.0373537564020644,0.3595123397528771,0.5,False
SRFM,2,2023-07-28,2023-07-31,2023-08-28,2023,0.3824281327726057,0.6613739428486747,0.5,True
SRFM,5,2023-08-02,2023-08-03,2023-08-31,2023,-0.0131548816532343,0.7029380299257324,0.5,True
SVV,2,2023-06-30,2023-07-03,2023-08-01,2023,0.0006204161887506,0.40593296325438355,0.5,False
SVV,5,2023-07-06,2023-07-07,2023-08-04,2023,-0.0524465993043698,0.3709157546676116,0.5,False
SVV,10,2023-07-13,2023-07-14,2023-08-11,2023,-0.1385076408242468,0.3696759057130778,0.5,False
SVV,15,2023-07-20,2023-07-21,2023-08-18,2023,-0.1914804899245337,0.37460673927620886,0.5,False
SVV,20,2023-07-27,2023-07-28,2023-08-25,2023,-0.056014039307504,0.3778853373722777,0.5,False
TXO,2,2023-01-30,2023-01-31,2023-03-01,2023,-0.1603338429857203,0.42534690855904184,0.5,False
VTMX,2,2023-07-03,2023-07-05,2023-08-02,2023,-0.0132494709313439,0.3759023339544446,0.5,False
VTMX,5,2023-07-07,2023-07-10,2023-08-07,2023,0.0409949822240481,0.38526578226597635,0.5,False
VTMX,10,2023-07-14,2023-07-17,2023-08-14,2023,-0.023787219718609,0.35808112630387784,0.5,False
VTMX,15,2023-07-21,2023-07-24,2023-08-21,2023,-0.1532152483831996,0.34774689979307233,0.5,False
VTMX,20,2023-07-28,2023-07-31,2023-08-28,2023,-0.0987838108233788,0.3758066661682634,0.5,False
AHR,2,2024-02-08,2024-02-09,2024-03-11,2024,-0.0589664117356367,0.40543374005729726,0.5,False
AHR,5,2024-02-13,2024-02-14,2024-03-14,2024,-0.0061805428996754,0.37602065632727183,0.5,False
AHR,10,2024-02-21,2024-02-22,2024-03-21,2024,-0.0394661540699046,0.37016588209186424,0.5,False
AHR,15,2024-02-28,2024-02-29,2024-03-28,2024,-0.0917174946719776,0.3727192956286268,0.5,False
AHR,20,2024-03-06,2024-03-07,2024-04-05,2024,-0.0094608901115951,0.3736278485701279,0.5,False
ALAB,2,2024-03-21,2024-03-22,2024-04-22,2024,-0.1020514705407609,0.5784536787805612,0.5,True
ALAB,5,2024-03-26,2024-03-27,2024-04-25,2024,0.0386454884868281,0.6435899437456569,0.5,True
ALAB,10,2024-04-03,2024-04-04,2024-05-02,2024,-0.2192192277149011,0.5601099977004498,0.5,True
ALAB,15,2024-04-10,2024-04-11,2024-05-09,2024,-0.0072652264464504,0.5689535921840103,0.5,True
ALAB,20,2024-04-17,2024-04-18,2024-05-16,2024,-0.0041573953358679,0.5704551615729267,0.5,True
ALMS,2,2024-07-01,2024-07-02,2024-07-31,2024,0.0055825700283682,0.44570350177783186,0.5,False
ANRO,2,2024-02-05,2024-02-06,2024-03-06,2024,0.3170117079142729,0.37730325070775933,0.5,False
ANRO,5,2024-02-08,2024-02-09,2024-03-11,2024,0.2300107217042519,0.41955658989234856,0.5,False
ANRO,10,2024-02-15,2024-02-16,2024-03-18,2024,0.0973134171719893,0.4468573693764447,0.5,False
ARDT,2,2024-07-19,2024-07-22,2024-08-19,2024,-0.0234744984662055,0.3947372494448746,0.5,False
ARDT,5,2024-07-24,2024-07-25,2024-08-22,2024,-0.0056478767937312,0.3618492950598111,0.5,False
ARDT,10,2024-07-31,2024-08-01,2024-08-29,2024,-0.1303078228264239,0.35855395845338844,0.5,False
ARDT,15,2024-08-07,2024-08-08,2024-09-06,2024,-0.1914805196832712,0.37197979218348065,0.5,False
ARTV,2,2024-07-22,2024-07-23,2024-08-20,2024,0.2078510411909377,0.5850833735444938,0.5,True
AS,2,2024-02-02,2024-02-05,2024-03-05,2024,-0.0588991133307887,0.46555306299447907,0.5,False
AS,5,2024-02-07,2024-02-08,2024-03-08,2024,-0.0162935936020162,0.4325445306043049,0.5,False
AS,10,2024-02-14,2024-02-15,2024-03-15,2024,-0.0117706515512746,0.41860444903496397,0.5,False
AS,15,2024-02-22,2024-02-23,2024-03-22,2024,-0.0493509847240757,0.42410465457419994,0.5,False
AS,20,2024-02-29,2024-03-01,2024-04-01,2024,0.0803833349526456,0.4406066369876992,0.5,False
AUNA,2,2024-03-25,2024-03-26,2024-04-24,2024,0.1817028383921349,0.4468967933094994,0.5,False
AUNA,5,2024-03-28,2024-04-01,2024-04-29,2024,0.2766763228732862,0.4108094512901257,0.5,False
AUNA,10,2024-04-05,2024-04-08,2024-05-06,2024,0.2248808214309241,0.47911876311402946,0.5,False
AUNA,15,2024-04-12,2024-04-15,2024-05-13,2024,-0.1991080571970369,0.4899844889920395,0.5,False
AUNA,20,2024-04-19,2024-04-22,2024-05-20,2024,-0.2559215546013701,0.48255524825816776,0.5,False
AVBP,2,2024-01-29,2024-01-30,2024-02-28,2024,0.0382157598642199,0.5285427409304432,0.5,True
AVBP,5,2024-02-01,2024-02-02,2024-03-04,2024,0.0042101944801304,0.43454756930147714,0.5,False
AVR,2,2024-12-16,2024-12-17,2025-01-17,2024,-0.1093075992537997,0.4418234921384815,0.5,False
BCAX,2,2024-09-16,2024-09-17,2024-10-15,2024,0.2782195135014049,0.47037649447658586,0.5,False
BCAX,5,2024-09-19,2024-09-20,2024-10-18,2024,0.1124608796419095,0.4487152738404959,0.5,False
BCAX,10,2024-09-26,2024-09-27,2024-10-25,2024,0.1135478075885121,0.4416761019873602,0.5,False
BCAX,15,2024-10-03,2024-10-04,2024-11-01,2024,-0.0418511694755431,0.4274393496110358,0.5,False
BCAX,20,2024-10-10,2024-10-11,2024-11-08,2024,-0.2757830838031725,0.4752984255697987,0.5,False
BKV,2,2024-09-27,2024-09-30,2024-10-28,2024,0.0378815621115373,0.3714322543566914,0.5,False
BKV,5,2024-10-02,2024-10-03,2024-10-31,2024,-0.0239439737355166,0.3243867531329521,0.5,False
BKV,10,2024-10-09,2024-10-10,2024-11-07,2024,-0.0479328490839575,0.3135312017065385,0.5,False
BKV,15,2024-10-16,2024-10-17,2024-11-14,2024,-0.1865066629649623,0.3219082756705477,0.5,False
BKV,20,2024-10-23,2024-10-24,2024-11-21,2024,-0.1987155919962048,0.3180082735679508,0.5,False
BOLD,2,2024-04-01,2024-04-02,2024-04-30,2024,0.191782362794723,0.49488116919423397,0.5,False
BOLD,5,2024-04-04,2024-04-05,2024-05-03,2024,0.2639767329950285,0.44515420303395303,0.5,False
BOW,2,2024-05-24,2024-05-28,2024-06-26,2024,0.0800875264404007,0.3712972659227214,0.5,False
BOW,5,2024-05-30,2024-05-31,2024-07-01,2024,0.0851670849246805,0.3395251720791846,0.5,False
BOW,10,2024-06-06,2024-06-07,2024-07-09,2024,0.0242662573499633,0.3326577935409719,0.5,False
BOW,15,2024-06-13,2024-06-14,2024-07-16,2024,0.0082576721744526,0.33167157260170876,0.5,False
BTSG,2,2024-01-29,2024-01-30,2024-02-28,2024,0.0903794929096494,0.5858301679351678,0.5,True
BTSG,5,2024-02-01,2024-02-02,2024-03-04,2024,0.2014998866541408,0.48434104510190684,0.5,False
BTSG,10,2024-02-08,2024-02-09,2024-03-11,2024,0.1961837720422254,0.4646006979339578,0.5,False
BTSG,15,2024-02-15,2024-02-16,2024-03-18,2024,0.155212554569411,0.5290660140490181,0.5,True
BTSG,20,2024-02-23,2024-02-26,2024-03-25,2024,-0.0580976564116564,0.5251355657361931,0.5,True
CAMP,2,2024-10-14,2024-10-15,2024-11-12,2024,-0.2093573289565869,0.5026728500902599,0.5,True
CBLL,2,2024-10-14,2024-10-15,2024-11-12,2024,-0.138307617229048,0.41661156902457064,0.5,False
CBLL,5,2024-10-17,2024-10-18,2024-11-15,2024,-0.0126411676920777,0.37839903653724316,0.5,False
CBLL,10,2024-10-24,2024-10-25,2024-11-22,2024,0.0151126319338978,0.37508245886152103,0.5,False
CBLL,15,2024-10-31,2024-11-01,2024-12-02,2024,-0.0464001625906711,0.37571585444972677,0.5,False
CBLL,20,2024-11-07,2024-11-08,2024-12-09,2024,-0.0533849792467413,0.40633060862228304,0.5,False
CGON,2,2024-01-26,2024-01-29,2024-02-27,2024,-0.2518790414294934,0.5549486001462449,0.5,True
CGON,5,2024-01-31,2024-02-01,2024-03-01,2024,-0.1315599513462462,0.5392285846140041,0.5,True
CGON,10,2024-02-07,2024-02-08,2024-03-08,2024,0.1536879177664954,0.5567450202291112,0.5,True
CGON,15,2024-02-14,2024-02-15,2024-03-15,2024,0.1139161886263845,0.5800261495871187,0.5,True
CGON,20,2024-02-22,2024-02-23,2024-03-22,2024,0.1232091992518022,0.5944293772126711,0.5,True
CON,2,2024-07-26,2024-07-29,2024-08-26,2024,-0.0224622916208225,0.42236171211672063,0.5,False
CON,5,2024-07-31,2024-08-01,2024-08-29,2024,-0.0308670864668758,0.3839915939487278,0.5,False
CON,10,2024-08-07,2024-08-08,2024-09-06,2024,-0.0742281676319259,0.3658132304533126,0.5,False
CON,15,2024-08-14,2024-08-15,2024-09-13,2024,-0.0103581501027805,0.3722399658343372,0.5,False
CON,20,2024-08-21,2024-08-22,2024-09-20,2024,0.0034035472412883,0.3721686271770802,0.5,False
CTNM,2,2024-04-08,2024-04-09,2024-05-07,2024,-0.0214991695311029,0.4333553058608213,0.5,False
CTRI,2,2024-04-22,2024-04-23,2024-05-21,2024,-0.0528849119280229,0.3804477953144865,0.5,False
CTRI,5,2024-04-25,2024-04-26,2024-05-24,2024,-0.042152028844223,0.3635741413987557,0.5,False
CTRI,10,2024-05-02,2024-05-03,2024-06-03,2024,-0.1141340571353257,0.3348229453344741,0.5,False
CTRI,15,2024-05-09,2024-05-10,2024-06-10,2024,-0.0574195505299343,0.32952564782111343,0.5,False
CTRI,20,2024-05-16,2024-05-17,2024-06-17,2024,-0.0148355114461726,0.34116568716300955,0.5,False
FBLA,2,2024-10-24,2024-10-25,2024-11-22,2024,-0.0380820543203627,0.46688200179175504,0.5,False
FLX,2,2024-10-07,2024-10-08,2024-11-05,2024,0.1273457011293717,0.5716032506308886,0.5,True
FVR,2,2024-10-03,2024-10-04,2024-11-01,2024,-0.0060833490873395,0.36895817695003774,0.5,False
FVR,5,2024-10-08,2024-10-09,2024-11-06,2024,0.0137549468936356,0.35945885713648157,0.5,False
FVR,10,2024-10-15,2024-10-16,2024-11-13,2024,-0.011477811775009,0.35852671986566,0.5,False
FVR,15,2024-10-22,2024-10-23,2024-11-20,2024,0.0244466205072218,0.32135403744553753,0.5,False
FVR,20,2024-10-29,2024-10-30,2024-11-27,2024,-0.0550538880498757,0.3477717847367461,0.5,False
GAUZ,2,2024-06-07,2024-06-10,2024-07-10,2024,0.5050051991435157,0.4651716112115163,0.5,False
GRDN,2,2024-09-27,2024-09-30,2024-10-28,2024,0.0004877161563061,0.40985879268538017,0.5,False
GRDN,5,2024-10-02,2024-10-03,2024-10-31,2024,-0.0925645183427821,0.38672416221924044,0.5,False
GUTS,2,2024-02-05,2024-02-06,2024-03-06,2024,0.2377601979427583,0.5187675395350814,0.5,True
HDL,2,2024-05-20,2024-05-21,2024-06-20,2024,0.2229146295197425,0.44183578163439485,0.5,False
IBTA,2,2024-04-22,2024-04-23,2024-05-21,2024,0.0010400201703628,0.3782532225340858,0.5,False
IBTA,5,2024-04-25,2024-04-26,2024-05-24,2024,0.0211219843755784,0.37127075584902286,0.5,False
IBTA,10,2024-05-02,2024-05-03,2024-06-03,2024,0.1984876056732568,0.34305964156130025,0.5,False
IBTA,15,2024-05-09,2024-05-10,2024-06-10,2024,0.198740093461125,0.3325373018363423,0.5,False
IBTA,20,2024-05-16,2024-05-17,2024-06-17,2024,0.3798993344230171,0.3400065787961543,0.5,False
INGM,2,2024-10-25,2024-10-28,2024-11-25,2024,0.1121014368144843,0.38238726908228177,0.5,False
INGM,5,2024-10-30,2024-10-31,2024-11-29,2024,0.0638557287682275,0.40912937090421503,0.5,False
INGM,10,2024-11-06,2024-11-07,2024-12-06,2024,0.0628527263547596,0.3391736006606848,0.5,False
INGM,15,2024-11-13,2024-11-14,2024-12-13,2024,0.0943857419659224,0.4093655613098167,0.5,False
INGM,20,2024-11-20,2024-11-21,2024-12-20,2024,0.0630603457153204,0.4337453089263716,0.5,False
KLC,2,2024-10-10,2024-10-11,2024-11-08,2024,0.0085659484076529,0.4108491781164957,0.5,False
KLC,5,2024-10-15,2024-10-16,2024-11-13,2024,0.1007560003109385,0.37358995108459114,0.5,False
KLC,10,2024-10-22,2024-10-23,2024-11-20,2024,0.1734402175931125,0.36353626016028745,0.5,False
KLC,15,2024-10-29,2024-10-30,2024-11-27,2024,0.1739613221350986,0.3694797466202509,0.5,False
KLC,20,2024-11-05,2024-11-06,2024-12-05,2024,0.1578034343957362,0.3654477797135848,0.5,False
KSPI,2,2024-01-22,2024-01-23,2024-02-21,2024,-0.0860076763036506,0.4639261172342589,0.5,False
KSPI,5,2024-01-25,2024-01-26,2024-02-26,2024,-0.102471413935693,0.49139228769573745,0.5,False
KSPI,10,2024-02-01,2024-02-02,2024-03-04,2024,-0.1276225383443045,0.4138324229548849,0.5,False
KSPI,15,2024-02-08,2024-02-09,2024-03-11,2024,-0.222795717346319,0.4775955981121119,0.5,False
KSPI,20,2024-02-15,2024-02-16,2024-03-18,2024,-0.222195468996186,0.4033715750751502,0.5,False
KYTX,2,2024-02-12,2024-02-13,2024-03-13,2024,0.0052120410372696,0.4361393508679634,0.5,False
KYTX,5,2024-02-15,2024-02-16,2024-03-18,2024,0.0910526612987633,0.38081852962333174,0.5,False
KYTX,10,2024-02-23,2024-02-26,2024-03-25,2024,0.1552526636725828,0.45537471746437574,0.5,False
KYTX,15,2024-03-01,2024-03-04,2024-04-02,2024,0.16732162732035,0.4376938392749643,0.5,False
KYTX,20,2024-03-08,2024-03-11,2024-04-09,2024,0.1193504271081502,0.429921405692037,0.5,False
LB,2,2024-07-01,2024-07-02,2024-07-31,2024,-0.4546657239504251,0.4379120384343147,0.5,False
LB,5,2024-07-05,2024-07-08,2024-08-05,2024,-0.1515791037262769,0.492766477652855,0.5,False
LB,10,2024-07-12,2024-07-15,2024-08-12,2024,-0.1589203376546717,0.4910726736926312,0.5,False
LB,15,2024-07-19,2024-07-22,2024-08-19,2024,-0.2319365865713291,0.4643155712796071,0.5,False
LB,20,2024-07-26,2024-07-29,2024-08-26,2024,-0.2710723340492018,0.470038869297755,0.5,False
LIF,2,2024-06-07,2024-06-10,2024-07-10,2024,-0.2030715329950596,0.39025968741417305,0.5,False
LIF,5,2024-06-12,2024-06-13,2024-07-15,2024,-0.2399090150901098,0.3290305094621406,0.5,False
LIF,10,2024-06-20,2024-06-21,2024-07-22,2024,-0.0571410842946644,0.3707367890778711,0.5,False
LIF,15,2024-06-27,2024-06-28,2024-07-29,2024,-0.0426842267381226,0.351044394588561,0.5,False
LIF,20,2024-07-05,2024-07-08,2024-08-05,2024,0.0033380811004582,0.3515212727182233,0.5,False
LINE,2,2024-07-26,2024-07-29,2024-08-26,2024,-0.0148916914962592,0.4850860703589553,0.5,False
LINE,5,2024-07-31,2024-08-01,2024-08-29,2024,0.0327517089406434,0.47205295198308483,0.5,False
LINE,10,2024-08-07,2024-08-08,2024-09-06,2024,0.0827438218587842,0.43554585663333295,0.5,False
LINE,15,2024-08-14,2024-08-15,2024-09-13,2024,-0.0064836530841321,0.4215047012584234,0.5,False
LINE,20,2024-08-21,2024-08-22,2024-09-20,2024,0.0341058382298132,0.4368219549558259,0.5,False
LOAR,2,2024-04-26,2024-04-29,2024-05-28,2024,-0.0245365505017481,0.43534321857070046,0.5,False
LOAR,5,2024-05-01,2024-05-02,2024-05-31,2024,-0.1196143243194121,0.4101355465768921,0.5,False
LOAR,10,2024-05-08,2024-05-09,2024-06-07,2024,-0.2134558111583175,0.4048051166426226,0.5,False
LOAR,15,2024-05-15,2024-05-16,2024-06-14,2024,-0.1585589614110088,0.41300808682693263,0.5,False
LOAR,20,2024-05-22,2024-05-23,2024-06-24,2024,0.0293445699082659,0.4668053112782997,0.5,False
MBX,2,2024-09-16,2024-09-17,2024-10-15,2024,-0.0892618513839077,0.4942863135241696,0.5,False
MGX,2,2024-02-12,2024-02-13,2024-03-13,2024,0.0373614027241061,0.4612606610847682,0.5,False
MGX,5,2024-02-15,2024-02-16,2024-03-18,2024,0.0928477824945463,0.42389160155328953,0.5,False
MRX,2,2024-04-26,2024-04-29,2024-05-28,2024,-0.166966140761835,0.41222455956773735,0.5,False
MRX,5,2024-05-01,2024-05-02,2024-05-31,2024,-0.0322897759887414,0.3665861916593712,0.5,False
MRX,10,2024-05-08,2024-05-09,2024-06-07,2024,-0.0371036452065702,0.3634932626777671,0.5,False
MRX,15,2024-05-15,2024-05-16,2024-06-14,2024,-0.0014315467887177,0.36524711995724757,0.5,False
MRX,20,2024-05-22,2024-05-23,2024-06-24,2024,0.1163222195227737,0.3962052845664393,0.5,False
NBBK,2,2023-12-29,2024-01-02,2024-01-31,2024,-0.0419804729131646,0.497381211530899,0.5,False
NBBK,5,2024-01-04,2024-01-05,2024-02-05,2024,0.0233747465722651,0.38765111628836696,0.5,False
NBBK,10,2024-01-11,2024-01-12,2024-02-12,2024,0.0182744036746648,0.3757795041613142,0.5,False
NBBK,15,2024-01-19,2024-01-22,2024-02-20,2024,-0.0012432135649146,0.3790437576178652,0.5,False
NBBK,20,2024-01-26,2024-01-29,2024-02-27,2024,0.0434543962531658,0.37462508454498294,0.5,False
PACS,2,2024-04-12,2024-04-15,2024-05-13,2024,-0.0482034349850583,0.3884977264926452,0.5,False
PACS,5,2024-04-17,2024-04-18,2024-05-16,2024,-0.1621522646047239,0.3538855483051999,0.5,False
PACS,10,2024-04-24,2024-04-25,2024-05-23,2024,-0.1858693982259931,0.3491703538274443,0.5,False
PACS,15,2024-05-01,2024-05-02,2024-05-31,2024,-0.2317830282372131,0.3534061910301035,0.5,False
PACS,20,2024-05-08,2024-05-09,2024-06-07,2024,-0.2121165652102598,0.3429929298728832,0.5,False
PAL,2,2024-05-10,2024-05-13,2024-06-11,2024,0.0327006135622774,0.38923509840764253,0.5,False
PONY,2,2024-11-29,2024-12-02,2024-12-31,2024,-0.1627112081089424,0.490562541255358,0.5,False
PONY,5,2024-12-04,2024-12-05,2025-01-06,2024,-0.3242466363926153,0.4909311619612772,0.5,False
PONY,10,2024-12-11,2024-12-12,2025-01-14,2024,-0.0898347183939011,0.49596813569667336,0.5,False
PONY,15,2024-12-18,2024-12-19,2025-01-22,2024,-0.064022419243038,0.479667352665832,0.5,False
PONY,20,2024-12-26,2024-12-27,2025-01-29,2024,0.040582761830067,0.47523063643929253,0.5,False
RAPP,2,2024-06-10,2024-06-11,2024-07-11,2024,0.0805277911518685,0.4844416811242479,0.5,False
RAPP,5,2024-06-13,2024-06-14,2024-07-16,2024,-0.1889138365199368,0.5214862273644637,0.5,True
RAPP,10,2024-06-21,2024-06-24,2024-07-23,2024,0.0671567102082713,0.48728729272678023,0.5,False
RAPP,15,2024-06-28,2024-07-01,2024-07-30,2024,0.0741646763302442,0.4725658163437544,0.5,False
RAPP,20,2024-07-08,2024-07-09,2024-08-06,2024,-0.0946906689441367,0.46498394358247264,0.5,False
RBRK,2,2024-04-26,2024-04-29,2024-05-28,2024,0.1316292735561757,0.4392122107058568,0.5,False
RBRK,5,2024-05-01,2024-05-02,2024-05-31,2024,0.115024668889143,0.48228473018439866,0.5,False
RBRK,10,2024-05-08,2024-05-09,2024-06-07,2024,0.0054665744737066,0.4758551608055134,0.5,False
RBRK,15,2024-05-15,2024-05-16,2024-06-14,2024,0.0980322181235581,0.47439339371166445,0.5,False
RBRK,20,2024-05-22,2024-05-23,2024-06-24,2024,0.1427918042061834,0.46491591285911615,0.5,False
RDDT,2,2024-03-22,2024-03-25,2024-04-23,2024,0.0196835691601874,0.5860150175196218,0.5,True
RDDT,5,2024-03-27,2024-03-28,2024-04-26,2024,0.0982983087524713,0.7017593412647168,0.5,True
RDDT,10,2024-04-04,2024-04-05,2024-05-03,2024,-0.0597911462339215,0.6002022395599484,0.5,True
RDDT,15,2024-04-11,2024-04-12,2024-05-10,2024,-0.2565111913863733,0.6617074206669241,0.5,True
RDDT,20,2024-04-18,2024-04-19,2024-05-17,2024,-0.5178736806932164,0.6535234633144108,0.5,True
SARO,2,2024-10-03,2024-10-04,2024-11-01,2024,0.0987526355460056,0.44167073616951524,0.5,False
SARO,5,2024-10-08,2024-10-09,2024-11-06,2024,0.1063327574167574,0.3950260020994565,0.5,False
SARO,10,2024-10-15,2024-10-16,2024-11-13,2024,0.1179512064330839,0.4008621492535713,0.5,False
SARO,15,2024-10-22,2024-10-23,2024-11-20,2024,0.0589647267321316,0.39324107720153734,0.5,False
SARO,20,2024-10-29,2024-10-30,2024-11-27,2024,0.0056962238193289,0.45990240749867883,0.5,False
SDHC,2,2024-01-12,2024-01-16,2024-02-13,2024,-0.1237091893503012,0.3554350122491406,0.5,False
SDHC,5,2024-01-18,2024-01-19,2024-02-16,2024,-0.0904258358214149,0.31363034311610505,0.5,False
SDHC,10,2024-01-25,2024-01-26,2024-02-26,2024,-0.0770712021861076,0.32791550792085883,0.5,False
SDHC,15,2024-02-01,2024-02-02,2024-03-04,2024,-0.2278716887981265,0.32827250672706537,0.5,False
SEPN,2,2024-10-28,2024-10-29,2024-11-26,2024,-0.151883894711871,0.5299288235486506,0.5,True
SEPN,5,2024-10-31,2024-11-01,2024-12-02,2024,-0.0290574281240162,0.44851588184996966,0.5,False
SEPN,10,2024-11-07,2024-11-08,2024-12-09,2024,0.1067770963742419,0.46498997717274976,0.5,False
SEPN,15,2024-11-14,2024-11-15,2024-12-16,2024,0.0189193178430556,0.42042489969370206,0.5,False
SVCO,2,2024-05-10,2024-05-13,2024-06-11,2024,0.0696955701448641,0.5157787773734052,0.5,True
SVCO,5,2024-05-15,2024-05-16,2024-06-14,2024,0.1151911908527941,0.36646084536206075,0.5,False
TBBB,2,2024-02-12,2024-02-13,2024-03-13,2024,-0.0735448413302349,0.42505301917056726,0.5,False
TBBB,5,2024-02-15,2024-02-16,2024-03-18,2024,-0.0830305874691562,0.39994447610356204,0.5,False
TBBB,10,2024-02-23,2024-02-26,2024-03-25,2024,-0.1621157823714132,0.3953473577500566,0.5,False
TBBB,15,2024-03-01,2024-03-04,2024-04-02,2024,-0.108348301932495,0.39727906622025166,0.5,False
TBBB,20,2024-03-08,2024-03-11,2024-04-09,2024,-0.0562805315685442,0.3947786039161845,0.5,False
TBN,2,2024-06-28,2024-07-01,2024-07-30,2024,-0.1219767658541473,0.35009127910155263,0.5,False
TEM,2,2024-06-17,2024-06-18,2024-07-18,2024,-0.0983803351974194,0.5835004935958498,0.5,True
TEM,5,2024-06-21,2024-06-24,2024-07-23,2024,-0.3896100177151345,0.5699551183325724,0.5,True
TEM,10,2024-06-28,2024-07-01,2024-07-30,2024,-0.2842857380324259,0.6063148441371276,0.5,True
TEM,15,2024-07-08,2024-07-09,2024-08-06,2024,-0.2360025278828619,0.5486328090675154,0.5,True
TEM,20,2024-07-15,2024-07-16,2024-08-13,2024,-0.1580383287591308,0.5659058914346229,0.5,True
TTAN,2,2024-12-13,2024-12-16,2025-01-16,2024,-0.0705871035816423,0.4942251132334395,0.5,False
TTAN,5,2024-12-18,2024-12-19,2025-01-22,2024,0.1211577986880185,0.3936233460042907,0.5,False
TTAN,10,2024-12-26,2024-12-27,2025-01-29,2024,0.0500804773664076,0.3847673010562742,0.5,False
TWFG,2,2024-07-19,2024-07-22,2024-08-19,2024,-0.1835537456936817,0.3964282642355662,0.5,False
TWFG,5,2024-07-24,2024-07-25,2024-08-22,2024,-0.1671501379502228,0.35760402455226237,0.5,False
TWFG,10,2024-07-31,2024-08-01,2024-08-29,2024,-0.1012492488519084,0.3981671577714311,0.5,False
TWFG,15,2024-08-07,2024-08-08,2024-09-06,2024,-0.2510621791272609,0.37547051076266874,0.5,False
TWFG,20,2024-08-14,2024-08-15,2024-09-13,2024,-0.163893549874725,0.37410711815222897,0.5,False
ULS,2,2024-04-15,2024-04-16,2024-05-14,2024,-0.0349359067529955,0.41164685057956524,0.5,False
ULS,5,2024-04-18,2024-04-19,2024-05-17,2024,-0.0430809989427047,0.3597843775535888,0.5,False
ULS,10,2024-04-25,2024-04-26,2024-05-24,2024,-0.2174666997899496,0.36042162989201776,0.5,False
ULS,15,2024-05-02,2024-05-03,2024-06-03,2024,-0.1006818078395867,0.3694084614556155,0.5,False
ULS,20,2024-05-09,2024-05-10,2024-06-10,2024,-0.0850174065293451,0.37358315504135126,0.5,False
UPB,2,2024-10-14,2024-10-15,2024-11-12,2024,-0.1456206618474922,0.43345606427904665,0.5,False
UPB,5,2024-10-17,2024-10-18,2024-11-15,2024,-0.088915557749094,0.4060089200651805,0.5,False
UPB,10,2024-10-24,2024-10-25,2024-11-22,2024,0.2803737797632948,0.42559971989528295,0.5,False
UPB,15,2024-10-31,2024-11-01,2024-12-02,2024,0.2388679925407352,0.41914076213486784,0.5,False
UPB,20,2024-11-07,2024-11-08,2024-12-09,2024,0.1781094702804922,0.44330853701863476,0.5,False
VIK,2,2024-05-02,2024-05-03,2024-06-03,2024,-0.1210850710635358,0.45121051910163684,0.5,False
VIK,5,2024-05-07,2024-05-08,2024-06-06,2024,-0.043120566088856,0.4175926439129626,0.5,False
VIK,10,2024-05-14,2024-05-15,2024-06-13,2024,-0.1426486293160381,0.4111028069414216,0.5,False
VIK,15,2024-05-21,2024-05-22,2024-06-21,2024,-0.0363618174373268,0.41922668630178384,0.5,False
VIK,20,2024-05-29,2024-05-30,2024-06-28,2024,-0.0730591637059348,0.42172362465578017,0.5,False
WAY,2,2024-06-10,2024-06-11,2024-07-11,2024,0.0668820677935038,0.46306539044064987,0.5,False
WAY,5,2024-06-13,2024-06-14,2024-07-16,2024,0.0073352123725117,0.43425109273143286,0.5,False
WAY,10,2024-06-21,2024-06-24,2024-07-23,2024,-0.1005593389882511,0.4197033601195705,0.5,False
WAY,15,2024-06-28,2024-07-01,2024-07-30,2024,-0.1128834496686616,0.41935188214528296,0.5,False
WAY,20,2024-07-08,2024-07-09,2024-08-06,2024,-0.0938471719952389,0.44589502009458387,0.5,False
WBTN,2,2024-06-28,2024-07-01,2024-07-30,2024,0.0490320271340597,0.4616982147841904,0.5,False
WBTN,5,2024-07-03,2024-07-05,2024-08-02,2024,-0.0503827934114753,0.5205139950165318,0.5,True
WBTN,10,2024-07-11,2024-07-12,2024-08-09,2024,0.2571598335160013,0.5172824505009996,0.5,True
WBTN,15,2024-07-18,2024-07-19,2024-08-16,2024,0.379888997525791,0.5147951274941104,0.5,True
WBTN,20,2024-07-25,2024-07-26,2024-08-23,2024,0.3858407895910358,0.5269942857433826,0.5,True
WRD,2,2024-10-28,2024-10-29,2024-11-26,2024,-0.018939787918883,0.47209767531408847,0.5,False
WRD,5,2024-10-31,2024-11-01,2024-12-02,2024,-0.0830400777120258,0.5315165257420242,0.5,True
XCH,2,2024-09-11,2024-09-12,2024-10-10,2024,-0.6356484066286368,0.5561049206957246,0.5,True
ZBIO,2,2024-09-16,2024-09-17,2024-10-15,2024,-0.0897630978190285,0.41054704322774666,0.5,False
AAPG,2,2025-01-27,2025-01-28,2025-02-26,2025,-0.2378824481384815,0.3873308646065371,0.5,False
AARD,2,2025-02-14,2025-02-18,2025-03-18,2025,0.1465462364942461,0.4556638038927734,0.5,False
AERO,2,2025-11-07,2025-11-10,2025-12-09,2025,0.0518485685838261,0.3634030963572071,0.5,False
AERO,5,2025-11-12,2025-11-13,2025-12-12,2025,-0.0546996889121015,0.4436693812332159,0.5,False
AERO,10,2025-11-19,2025-11-20,2025-12-19,2025,-0.2530505840931683,0.4294097818793457,0.5,False
AERO,15,2025-11-26,2025-11-28,2025-12-29,2025,-0.1896165791003354,0.4546318550078518,0.5,False
AERO,20,2025-12-04,2025-12-05,2026-01-06,2025,-0.1155681809087869,0.32390631462644076,0.5,False
AII,2,2025-05-09,2025-05-12,2025-06-10,2025,0.0918832761028529,0.3793324455140913,0.5,False
AIRO,2,2025-06-16,2025-06-17,2025-07-17,2025,0.2292601578027868,0.9608664505580663,0.5,True
AIRO,5,2025-06-20,2025-06-23,2025-07-22,2025,-0.0627187037645772,0.940186931823983,0.5,True
AIRO,10,2025-06-27,2025-06-30,2025-07-29,2025,0.140325971637313,0.9398975676087978,0.5,True
AIRO,15,2025-07-07,2025-07-08,2025-08-05,2025,-0.0324079163656695,0.9225598728524014,0.5,True
AIRO,20,2025-07-14,2025-07-15,2025-08-12,2025,0.2993335684290595,0.9553104656583628,0.5,True
ALH,2,2025-10-10,2025-10-13,2025-11-10,2025,-0.0644158608734641,0.407813362066323,0.5,False
ALH,5,2025-10-15,2025-10-16,2025-11-13,2025,-0.0241433188997819,0.37786755319997223,0.5,False
ALH,10,2025-10-22,2025-10-23,2025-11-20,2025,0.0754441643305628,0.3814083599558824,0.5,False
ALH,15,2025-10-29,2025-10-30,2025-11-28,2025,0.0545975179066513,0.3763213804590554,0.5,False
ALH,20,2025-11-05,2025-11-06,2025-12-05,2025,0.1503650263137307,0.3817219479491833,0.5,False
AMBQ,2,2025-07-31,2025-08-01,2025-08-29,2025,0.0591837231314977,0.5240434321990066,0.5,True
AMBQ,5,2025-08-05,2025-08-06,2025-09-04,2025,-0.1453999419468888,0.552825147690476,0.5,True
AMBQ,10,2025-08-12,2025-08-13,2025-09-11,2025,0.1158897088620157,0.50593632492664,0.5,True
AMBQ,15,2025-08-19,2025-08-20,2025-09-18,2025,0.1369740720598977,0.5437769389088539,0.5,True
AMBQ,20,2025-08-26,2025-08-27,2025-09-25,2025,0.2916707302255824,0.48216661936131394,0.5,False
ANDG,2,2025-12-18,2025-12-19,2026-01-21,2025,0.1497407179277933,0.4350446491440363,0.5,False
ANDG,5,2025-12-23,2025-12-24,2026-01-26,2025,0.0672734858113301,0.43785424892968805,0.5,False
ANTA,2,2025-05-15,2025-05-16,2025-06-16,2025,-0.077443198427502,0.7449306017468549,0.5,True
ANTA,5,2025-05-20,2025-05-21,2025-06-20,2025,0.0909237813262092,0.7585937669563556,0.5,True
ARX,2,2025-07-25,2025-07-28,2025-08-25,2025,-0.0204523101669975,0.45880906933800963,0.5,False
ARX,5,2025-07-30,2025-07-31,2025-08-28,2025,0.195784358136069,0.42515890382067933,0.5,False
ARX,10,2025-08-06,2025-08-07,2025-09-05,2025,0.2899383856382971,0.4340542724043668,0.5,False
ARX,15,2025-08-13,2025-08-14,2025-09-12,2025,0.4125696172291936,0.4292877764439633,0.5,False
ARX,20,2025-08-20,2025-08-21,2025-09-19,2025,0.5002880640112009,0.43736617238990333,0.5,False
ASIC,2,2025-06-12,2025-06-13,2025-07-15,2025,0.1540108031307117,0.3569203397851183,0.5,False
AUGO,2,2025-07-17,2025-07-18,2025-08-15,2025,-0.189163429945706,0.42598496647761436,0.5,False
AUGO,5,2025-07-22,2025-07-23,2025-08-20,2025,-0.1163255134918534,0.3645625565115331,0.5,False
AUGO,10,2025-07-29,2025-07-30,2025-08-27,2025,-0.2130707084284902,0.3699566562454296,0.5,False
AUGO,15,2025-08-05,2025-08-06,2025-09-04,2025,-0.2248956651500606,0.34922209491299616,0.5,False
AUGO,20,2025-08-12,2025-08-13,2025-09-11,2025,-0.2065599893659424,0.36718336120366724,0.5,False
BBNX,2,2025-01-31,2025-02-03,2025-03-04,2025,0.1627167703799716,0.4214257842863054,0.5,False
BBNX,5,2025-02-05,2025-02-06,2025-03-07,2025,0.1910425223176148,0.3873154953258198,0.5,False
BBNX,10,2025-02-12,2025-02-13,2025-03-14,2025,0.2026831981607889,0.46827181523692785,0.5,False
BBNX,15,2025-02-20,2025-02-21,2025-03-21,2025,0.1897708584599418,0.4649655661815823,0.5,False
BBNX,20,2025-02-27,2025-02-28,2025-03-28,2025,0.3467852741371455,0.4584946196174003,0.5,False
BETA,2,2025-11-05,2025-11-06,2025-12-05,2025,0.2425981094346687,0.4734183975483922,0.5,False
BETA,5,2025-11-10,2025-11-11,2025-12-10,2025,0.066053552266433,0.4498779502490097,0.5,False
BETA,10,2025-11-17,2025-11-18,2025-12-17,2025,-0.0187813684960079,0.5377177733591207,0.5,True
BETA,15,2025-11-24,2025-11-25,2025-12-24,2025,-0.0964359555259399,0.5393321882205716,0.5,True
BETA,20,2025-12-02,2025-12-03,2026-01-02,2025,0.047206673727056,0.5541299634435587,0.5,True
BLLN,2,2025-11-07,2025-11-10,2025-12-09,2025,-0.0980529789080795,0.4558749129257396,0.5,False
BLLN,5,2025-11-12,2025-11-13,2025-12-12,2025,-0.0436607042203701,0.42104435051014594,0.5,False
BLLN,10,2025-11-19,2025-11-20,2025-12-19,2025,-0.0520285871626936,0.4248992342990083,0.5,False
BLLN,15,2025-11-26,2025-11-28,2025-12-29,2025,0.3530034709611557,0.5304271848622307,0.5,True
BLLN,20,2025-12-04,2025-12-05,2026-01-06,2025,0.0965453534710037,0.4277401052337697,0.5,False
BLSH,2,2025-08-14,2025-08-15,2025-09-15,2025,0.3318743650198562,0.6947428306308633,0.5,True
BLSH,5,2025-08-19,2025-08-20,2025-09-18,2025,-0.0641502317800451,0.7112411171812428,0.5,True
BLSH,10,2025-08-26,2025-08-27,2025-09-25,2025,0.0639765935482647,0.7282954709437665,0.5,True
BLSH,15,2025-09-03,2025-09-04,2025-10-02,2025,-0.288137548087394,0.6725993095257615,0.5,True
BLSH,20,2025-09-10,2025-09-11,2025-10-09,2025,-0.3063540627004414,0.6730830188827815,0.5,True
BRCB,2,2025-09-15,2025-09-16,2025-10-14,2025,0.0982422278210562,0.4527279014049795,0.5,False
BRCB,5,2025-09-18,2025-09-19,2025-10-17,2025,0.133073441954213,0.4228078536135884,0.5,False
BRCB,10,2025-09-25,2025-09-26,2025-10-24,2025,-0.0330811253527773,0.49552673162610994,0.5,False
BRCB,15,2025-10-02,2025-10-03,2025-10-31,2025,-0.1604714907590335,0.47476209494932464,0.5,False
BRCB,20,2025-10-09,2025-10-10,2025-11-07,2025,-0.0715125469121893,0.4830018857722712,0.5,False
CAI,2,2025-06-20,2025-06-23,2025-07-22,2025,-0.0852859228955966,0.46755865722392226,0.5,False
CAI,5,2025-06-25,2025-06-26,2025-07-25,2025,-0.0803588611858804,0.4354811448667679,0.5,False
CAI,10,2025-07-02,2025-07-03,2025-08-01,2025,-0.0802107585907936,0.4341686741179184,0.5,False
CAI,15,2025-07-10,2025-07-11,2025-08-08,2025,-0.1114002343142545,0.4284626943154522,0.5,False
CAI,20,2025-07-17,2025-07-18,2025-08-15,2025,-0.1493402047356263,0.474972368742031,0.5,False
CARL,2,2025-07-24,2025-07-25,2025-08-22,2025,0.1089853800650742,0.41228100506861726,0.5,False
CARL,5,2025-07-29,2025-07-30,2025-08-27,2025,0.0396356139376326,0.36485716177972144,0.5,False
CARL,10,2025-08-05,2025-08-06,2025-09-04,2025,-0.049295440701383,0.441009374808346,0.5,False
CBC,2,2025-11-24,2025-11-25,2025-12-24,2025,0.027640250595474,0.4508646449792812,0.5,False
CBC,5,2025-11-28,2025-12-01,2025-12-30,2025,-0.023352355495802,0.40093621050785677,0.5,False
CBC,10,2025-12-05,2025-12-08,2026-01-07,2025,-0.0446140107991944,0.3823185783171329,0.5,False
CBC,15,2025-12-12,2025-12-15,2026-01-14,2025,-0.073625167966796,0.3871722936844166,0.5,False
CBC,20,2025-12-19,2025-12-22,2026-01-22,2025,-0.0992804809584904,0.3841985622086648,0.5,False
CBK,2,2025-10-03,2025-10-06,2025-11-03,2025,-0.0100736520966939,0.3973471703506321,0.5,False
CDNL,2,2025-12-11,2025-12-12,2026-01-13,2025,-0.0416137306563963,0.4150045568659347,0.5,False
CDNL,5,2025-12-16,2025-12-17,2026-01-16,2025,-0.0314580124478723,0.42214300646560887,0.5,False
CDNL,10,2025-12-23,2025-12-24,2026-01-26,2025,-0.1974119769677934,0.3852921213043956,0.5,False
CEPF,2,2025-08-22,2025-08-25,2025-09-23,2025,0.0111210926041045,0.4067903884279069,0.5,False
CEPF,5,2025-08-27,2025-08-28,2025-09-26,2025,-0.0027683584200795,0.3764803627508104,0.5,False
CHA,2,2025-04-21,2025-04-22,2025-05-20,2025,0.2655664531424231,0.6252921110522083,0.5,True
CHA,5,2025-04-24,2025-04-25,2025-05-23,2025,0.1198833341818304,0.5957116717669328,0.5,True
CHA,10,2025-05-01,2025-05-02,2025-06-02,2025,0.1873195945639442,0.5161681228288167,0.5,True
CHA,15,2025-05-08,2025-05-09,2025-06-09,2025,0.018957147179576,0.4915051927942534,0.5,False
CHA,20,2025-05-15,2025-05-16,2025-06-16,2025,-0.0039226570371899,0.5775029233874003,0.5,True
CHYM,2,2025-06-13,2025-06-16,2025-07-16,2025,0.1306237893164072,0.6207486790006176,0.5,True
CHYM,5,2025-06-18,2025-06-20,2025-07-21,2025,0.0032310748858672,0.5869885553860835,0.5,True
CHYM,10,2025-06-26,2025-06-27,2025-07-28,2025,0.0217164538517954,0.5958493339869378,0.5,True
CHYM,15,2025-07-03,2025-07-07,2025-08-04,2025,-0.070636026514281,0.5707683951806947,0.5,True
CHYM,20,2025-07-11,2025-07-14,2025-08-11,2025,0.0135431331517899,0.5563413648086868,0.5,True
CRCL,2,2025-06-06,2025-06-09,2025-07-09,2025,-0.4911039472811279,0.7767698770597667,0.5,True
CRCL,5,2025-06-11,2025-06-12,2025-07-14,2025,-0.7381663355033428,0.8159691484552847,0.5,True
CRCL,10,2025-06-18,2025-06-20,2025-07-21,2025,0.1146976737417987,0.9703446935982029,0.5,True
CRCL,15,2025-06-26,2025-06-27,2025-07-28,2025,0.163462817872733,0.975158613890171,0.5,True
CRCL,20,2025-07-03,2025-07-07,2025-08-04,2025,0.1249405830215804,0.9422264201506619,0.5,True
CRWV,2,2025-03-31,2025-04-01,2025-04-30,2025,-0.1150990271199202,0.6408988381056563,0.5,True
CRWV,5,2025-04-03,2025-04-04,2025-05-05,2025,0.0581383614371705,0.6998038588001124,0.5,True
CRWV,10,2025-04-10,2025-04-11,2025-05-12,2025,-0.237022760480503,0.5629480831505734,0.5,True
CRWV,15,2025-04-17,2025-04-21,2025-05-19,2025,-1.0306344352987522,0.5566198732859409,0.5,True
CRWV,20,2025-04-25,2025-04-28,2025-05-27,2025,-1.865463217124248,0.5422338368095625,0.5,True
ETOR,2,2025-05-15,2025-05-16,2025-06-16,2025,0.0756621975330857,0.48807972857892573,0.5,False
ETOR,5,2025-05-20,2025-05-21,2025-06-20,2025,0.0827722710224669,0.4513391006765486,0.5,False
ETOR,10,2025-05-28,2025-05-29,2025-06-27,2025,0.0187138271838307,0.5341908667558437,0.5,True
ETOR,15,2025-06-04,2025-06-05,2025-07-07,2025,0.0616711835814537,0.44707381406759394,0.5,False
ETOR,20,2025-06-11,2025-06-12,2025-07-14,2025,0.0942720938078717,0.5624489414971607,0.5,True
EVMN,2,2025-11-07,2025-11-10,2025-12-09,2025,0.0430247712970465,0.3926466931296781,0.5,False
FATN,2,2025-04-09,2025-04-10,2025-05-09,2025,0.1083955172116443,0.9890603416074859,0.5,True
FATN,5,2025-04-14,2025-04-15,2025-05-14,2025,-0.1760427682222831,0.993747813108846,0.5,True
FATN,10,2025-04-22,2025-04-23,2025-05-21,2025,-0.0578288414698131,0.9946664233844114,0.5,True
FATN,15,2025-04-29,2025-04-30,2025-05-29,2025,-0.0714190509135174,0.9921625047688728,0.5,True
FIG,2,2025-08-01,2025-08-04,2025-09-02,2025,0.4375573534697433,0.6905227931294468,0.5,True
FIG,5,2025-08-06,2025-08-07,2025-09-05,2025,0.3666859555544786,0.5881532250579534,0.5,True
FIG,10,2025-08-13,2025-08-14,2025-09-12,2025,0.3575507181837236,0.5903032988932351,0.5,True
FIG,15,2025-08-20,2025-08-21,2025-09-19,2025,0.2184911362545294,0.5520390275336406,0.5,True
FIG,20,2025-08-27,2025-08-28,2025-09-26,2025,0.2319772765041945,0.5221844380114937,0.5,True
FIGR,2,2025-09-12,2025-09-15,2025-10-13,2025,-0.3426610065706467,0.5547753526407602,0.5,True
FIGR,5,2025-09-17,2025-09-18,2025-10-16,2025,-0.0863686024960469,0.5841592268386814,0.5,True
FIGR,10,2025-09-24,2025-09-25,2025-10-23,2025,-0.0355621995749588,0.5874712731544103,0.5,True
FIGR,15,2025-10-01,2025-10-02,2025-10-30,2025,-0.0650210353106059,0.5627846031502791,0.5,True
FIGR,20,2025-10-08,2025-10-09,2025-11-06,2025,0.2304901965872713,0.6497066391549463,0.5,True
FLOC,2,2025-01-17,2025-01-21,2025-02-19,2025,0.1090008553360764,0.3806196994259308,0.5,False
FLOC,5,2025-01-23,2025-01-24,2025-02-24,2025,0.0423707596386723,0.34685783597615055,0.5,False
FLOC,10,2025-01-30,2025-01-31,2025-03-03,2025,0.0542797665654595,0.33420270109383465,0.5,False
FLOC,15,2025-02-06,2025-02-07,2025-03-10,2025,0.1673376173654001,0.3352486068953067,0.5,False
FLOC,20,2025-02-13,2025-02-14,2025-03-17,2025,0.0057989312820944,0.4114711471252119,0.5,False
FLY,2,2025-08-08,2025-08-11,2025-09-09,2025,0.101750274229214,0.6233565107444885,0.5,True
FLY,5,2025-08-13,2025-08-14,2025-09-12,2025,0.1348465524130497,0.6276711819400329,0.5,True
FLY,10,2025-08-20,2025-08-21,2025-09-19,2025,0.0382710222373584,0.5901561590385453,0.5,True
FLY,15,2025-08-27,2025-08-28,2025-09-26,2025,0.2288869030287,0.6070059400633634,0.5,True
FLY,20,2025-09-04,2025-09-05,2025-10-03,2025,0.3486725293966819,0.6110614369632532,0.5,True
FRMI,2,2025-10-02,2025-10-03,2025-10-31,2025,0.1261142881378258,0.5793832708059294,0.5,True
FRMI,5,2025-10-07,2025-10-08,2025-11-05,2025,0.0203254180815222,0.5539774027673602,0.5,True
FRMI,10,2025-10-14,2025-10-15,2025-11-12,2025,0.3071115505114581,0.5533191571312907,0.5,True
FRMI,15,2025-10-21,2025-10-22,2025-11-19,2025,0.1875880014810295,0.578222947604336,0.5,True
FRMI,20,2025-10-28,2025-10-29,2025-11-26,2025,0.4157636183691734,0.5965930598964688,0.5,True
GEMI,2,2025-09-15,2025-09-16,2025-10-14,2025,0.2917059154850542,0.6441430723035038,0.5,True
GEMI,5,2025-09-18,2025-09-19,2025-10-17,2025,0.1650761282667148,0.7220963959880847,0.5,True
GEMI,10,2025-09-25,2025-09-26,2025-10-24,2025,0.2316275514766128,0.7037659032492697,0.5,True
GEMI,15,2025-10-02,2025-10-03,2025-10-31,2025,0.1937766554084989,0.690994316559591,0.5,True
GEMI,20,2025-10-09,2025-10-10,2025-11-07,2025,0.3375191565223975,0.704552008256899,0.5,True
GLOO,2,2025-11-20,2025-11-21,2025-12-22,2025,0.3951462125621009,0.4013227591300432,0.5,False
GLOO,5,2025-11-25,2025-11-26,2025-12-26,2025,0.3067163662828912,0.370539557816744,0.5,False
HCHL,2,2025-06-25,2025-06-26,2025-07-25,2025,0.1941229704615903,0.5559739031319415,0.5,True
HNGE,2,2025-05-23,2025-05-27,2025-06-25,2025,-0.0647656263973978,0.41212775090728315,0.5,False
HNGE,5,2025-05-29,2025-05-30,2025-06-30,2025,-0.3028770702400213,0.38246336293656397,0.5,False
HNGE,10,2025-06-05,2025-06-06,2025-07-08,2025,-0.0967723088482563,0.37670947760315415,0.5,False
HNGE,15,2025-06-12,2025-06-13,2025-07-15,2025,-0.3089070728517442,0.45214112115749977,0.5,False
HNGE,20,2025-06-20,2025-06-23,2025-07-22,2025,-0.0892181566452487,0.40094741656554356,0.5,False
HTFL,2,2025-08-12,2025-08-13,2025-09-11,2025,-0.1005007539086292,0.4548632298419491,0.5,False
HTFL,5,2025-08-15,2025-08-18,2025-09-16,2025,0.0072431617282571,0.5221952042750482,0.5,True
HTFL,10,2025-08-22,2025-08-25,2025-09-23,2025,-0.2107555822895369,0.3954980698539287,0.5,False
HTFL,15,2025-08-29,2025-09-02,2025-09-30,2025,-0.0595689487401077,0.4345593902951574,0.5,False
HTFL,20,2025-09-08,2025-09-09,2025-10-07,2025,0.031498148764216,0.46276593327335164,0.5,False
HYNE,2,2025-12-05,2025-12-08,2026-01-07,2025,-0.0413603313795873,0.3595038663027388,0.5,False
INR,2,2025-02-03,2025-02-04,2025-03-05,2025,0.1625635569114075,0.38302207880103883,0.5,False
INR,5,2025-02-06,2025-02-07,2025-03-10,2025,0.0756767814412989,0.44661542164560186,0.5,False
INR,10,2025-02-13,2025-02-14,2025-03-17,2025,0.0168056397472034,0.44045198078034575,0.5,False
INR,15,2025-02-21,2025-02-24,2025-03-24,2025,0.0378772161135153,0.4646869480266016,0.5,False
INR,20,2025-02-28,2025-03-03,2025-03-31,2025,-0.1265515679913976,0.44378670593214015,0.5,False
JCAP,2,2025-06-27,2025-06-30,2025-07-29,2025,0.123213294170598,0.4180145910680969,0.5,False
JCAP,5,2025-07-02,2025-07-03,2025-08-01,2025,0.0533138221674001,0.37086306118151124,0.5,False
JCAP,10,2025-07-10,2025-07-11,2025-08-08,2025,-0.0442373252122737,0.44831156621399515,0.5,False
KLAR,2,2025-09-12,2025-09-15,2025-10-13,2025,0.0818393318986608,0.455593238524281,0.5,False
KLAR,5,2025-09-17,2025-09-18,2025-10-16,2025,0.1912363696134118,0.40714549915761067,0.5,False
KLAR,10,2025-09-24,2025-09-25,2025-10-23,2025,0.1220116917793798,0.3827212411645416,0.5,False
KLAR,15,2025-10-01,2025-10-02,2025-10-30,2025,0.0122162048686773,0.49796108167069136,0.5,False
KLAR,20,2025-10-08,2025-10-09,2025-11-06,2025,0.1555541727005968,0.4902051875888366,0.5,False
KMTS,2,2025-03-07,2025-03-10,2025-04-07,2025,-0.3158509940176692,0.49412066689804574,0.5,False
KMTS,5,2025-03-12,2025-03-13,2025-04-10,2025,-0.2802645887450204,0.3646543531856237,0.5,False
KMTS,10,2025-03-19,2025-03-20,2025-04-17,2025,-0.2006439930496682,0.40729799011413026,0.5,False
KMTS,15,2025-03-26,2025-03-27,2025-04-25,2025,-0.1168825547285376,0.40178257482997737,0.5,False
KMTS,20,2025-04-02,2025-04-03,2025-05-02,2025,0.0998005767229024,0.4158228687312159,0.5,False
KRMN,2,2025-02-14,2025-02-18,2025-03-18,2025,-0.2320095983032302,0.41806051994957,0.5,False
KRMN,5,2025-02-20,2025-02-21,2025-03-21,2025,-0.33669827161702,0.3755189296880788,0.5,False
KRMN,10,2025-02-27,2025-02-28,2025-03-28,2025,-0.2694683129338309,0.381850039271551,0.5,False
KRMN,15,2025-03-06,2025-03-07,2025-04-04,2025,-0.110165132137404,0.3643797902849198,0.5,False
KRMN,20,2025-03-13,2025-03-14,2025-04-11,2025,-0.0655514636028184,0.3908047044852777,0.5,False
LBRX,2,2025-09-12,2025-09-15,2025-10-13,2025,0.02475155055693,0.4524959308220698,0.5,False
LGN,2,2025-09-15,2025-09-16,2025-10-14,2025,-0.0668191738869926,0.48099574346562574,0.5,False
LGN,5,2025-09-18,2025-09-19,2025-10-17,2025,-0.1679101950915386,0.4344540706139259,0.5,False
LGN,10,2025-09-25,2025-09-26,2025-10-24,2025,-0.1183872049040805,0.4537618657884793,0.5,False
LGN,15,2025-10-02,2025-10-03,2025-10-31,2025,-0.393148128395451,0.43751792697409064,0.5,False
LGN,20,2025-10-09,2025-10-10,2025-11-07,2025,-0.1771798477420149,0.43798810781876113,0.5,False
LMRI,2,2025-12-12,2025-12-15,2026-01-14,2025,0.1529493197429436,0.4248169910902092,0.5,False
LMRI,5,2025-12-17,2025-12-18,2026-01-20,2025,0.0999858847972997,0.5144084841151148,0.5,True
LMRI,10,2025-12-24,2025-12-26,2026-01-27,2025,0.2242965248702808,0.4240779935183142,0.5,False
MAZE,2,2025-02-03,2025-02-04,2025-03-05,2025,0.1427396457415616,0.5330413875579411,0.5,True
MAZE,5,2025-02-06,2025-02-07,2025-03-10,2025,-0.081741667360542,0.4986402937440261,0.5,False
MDLN,2,2025-12-18,2025-12-19,2026-01-21,2025,-0.1288178941074619,0.5506894630876188,0.5,True
MDLN,5,2025-12-23,2025-12-24,2026-01-26,2025,-0.0368783566629708,0.5423543064503721,0.5,True
MENS,2,2025-06-18,2025-06-20,2025-07-21,2025,-0.3151384343031408,0.5658414434508199,0.5,True
MH,2,2025-07-25,2025-07-28,2025-08-25,2025,0.1308352045639759,0.4138169454044578,0.5,False
MH,5,2025-07-30,2025-07-31,2025-08-28,2025,0.046776851094372,0.4671337184249675,0.5,False
MH,10,2025-08-06,2025-08-07,2025-09-05,2025,-0.1479132658556107,0.4498116457918449,0.5,False
MH,15,2025-08-13,2025-08-14,2025-09-12,2025,-0.0383149894748029,0.46162158128784503,0.5,False
MH,20,2025-08-20,2025-08-21,2025-09-19,2025,0.1567115413938072,0.47310999976445944,0.5,False
MIAX,2,2025-08-15,2025-08-18,2025-09-16,2025,-0.1909130326749211,0.4433880202969052,0.5,False
MIAX,5,2025-08-20,2025-08-21,2025-09-19,2025,-0.1323470080469009,0.41911817378601474,0.5,False
MIAX,10,2025-08-27,2025-08-28,2025-09-26,2025,-0.2060798253673168,0.4314380414732905,0.5,False
MIAX,15,2025-09-04,2025-09-05,2025-10-03,2025,-0.2005070775579759,0.4401271087751381,0.5,False
MIAX,20,2025-09-11,2025-09-12,2025-10-10,2025,-0.1964399784076165,0.45397312465184825,0.5,False
MNTN,2,2025-05-23,2025-05-27,2025-06-25,2025,0.2375518513764008,0.48633885551581957,0.5,False
MNTN,5,2025-05-29,2025-05-30,2025-06-30,2025,0.2060691449401603,0.4426974259117591,0.5,False
MNTN,10,2025-06-05,2025-06-06,2025-07-08,2025,0.1536286391638661,0.4304938284854719,0.5,False
MNTN,15,2025-06-12,2025-06-13,2025-07-15,2025,-0.2194716031278647,0.4806652709389641,0.5,False
MNTN,20,2025-06-20,2025-06-23,2025-07-22,2025,-0.3304372182601249,0.49793961922064633,0.5,False
MPLT,2,2025-10-28,2025-10-29,2025-11-26,2025,0.1780324703935952,0.5568616567801783,0.5,True
MPLT,5,2025-10-31,2025-11-03,2025-12-02,2025,0.206170057525466,0.5519308263719855,0.5,True
NAVN,2,2025-10-31,2025-11-03,2025-12-02,2025,0.1873795127827557,0.5164841747316351,0.5,True
NAVN,5,2025-11-05,2025-11-06,2025-12-05,2025,0.2058146675255661,0.6155815146666032,0.5,True
NAVN,10,2025-11-12,2025-11-13,2025-12-12,2025,0.1690689896695109,0.5827958823134731,0.5,True
NAVN,15,2025-11-19,2025-11-20,2025-12-19,2025,-0.0713231351086452,0.5577017732275124,0.5,True
NAVN,20,2025-11-26,2025-11-28,2025-12-29,2025,-0.005289088427038,0.5889676797422364,0.5,True
NIQ,2,2025-07-24,2025-07-25,2025-08-22,2025,0.0845405065256552,0.45758666587375835,0.5,False
NIQ,5,2025-07-29,2025-07-30,2025-08-27,2025,0.1156825477897009,0.5175786396681368,0.5,True
NIQ,10,2025-08-05,2025-08-06,2025-09-04,2025,-0.0478295421493457,0.4894183241667121,0.5,False
NIQ,15,2025-08-12,2025-08-13,2025-09-11,2025,-0.0077254292568504,0.5134968010567393,0.5,True
NIQ,20,2025-08-19,2025-08-20,2025-09-18,2025,0.0356022073194528,0.4982346749804633,0.5,False
NNNN,2,2025-02-20,2025-02-21,2025-03-21,2025,-0.4707270481536802,0.36527629382182947,0.5,False
NP,2,2025-10-02,2025-10-03,2025-10-31,2025,0.0870612980765422,0.44583834106010906,0.5,False
NP,5,2025-10-07,2025-10-08,2025-11-05,2025,0.015421547937099,0.441833174557416,0.5,False
NP,10,2025-10-14,2025-10-15,2025-11-12,2025,0.1013422900437103,0.43740378277788783,0.5,False
NP,15,2025-10-21,2025-10-22,2025-11-19,2025,0.0198866887480667,0.4179848039260256,0.5,False
NP,20,2025-10-28,2025-10-29,2025-11-26,2025,-0.0254362264645736,0.4197704458268696,0.5,False
NTSK,2,2025-09-19,2025-09-22,2025-10-20,2025,0.1053362114560069,0.5022402861852525,0.5,True
NTSK,5,2025-09-24,2025-09-25,2025-10-23,2025,-0.0076598729951043,0.4789055840292461,0.5,False
NTSK,10,2025-10-01,2025-10-02,2025-10-30,2025,-0.0680111269071261,0.5436831626266656,0.5,True
NTSK,15,2025-10-08,2025-10-09,2025-11-06,2025,-0.0146608653642522,0.45619340491474736,0.5,False
NTSK,20,2025-10-15,2025-10-16,2025-11-13,2025,0.1256565159049787,0.45243095197472005,0.5,False
OMDA,2,2025-06-09,2025-06-10,2025-07-10,2025,0.2131876549899368,0.5139779351227669,0.5,True
OMDA,5,2025-06-12,2025-06-13,2025-07-15,2025,-0.062734457937753,0.6270069239333887,0.5,True
OMDA,10,2025-06-20,2025-06-23,2025-07-22,2025,-0.2410751871659194,0.5773658888745007,0.5,True
OMDA,15,2025-06-27,2025-06-30,2025-07-29,2025,-0.0381224863826616,0.6148836213945245,0.5,True
OMDA,20,2025-07-07,2025-07-08,2025-08-05,2025,0.052728943101647,0.6035057762686963,0.5,True
OMSE,2,2025-05-14,2025-05-15,2025-06-13,2025,0.1507525245050181,0.4762952237103131,0.5,False
PTRN,2,2025-09-22,2025-09-23,2025-10-21,2025,0.0113419032243724,0.4801905583340509,0.5,False
PTRN,5,2025-09-25,2025-09-26,2025-10-24,2025,-0.41098093965742,0.4758273915091449,0.5,False
PTRN,10,2025-10-02,2025-10-03,2025-10-31,2025,-0.2450115035812693,0.46759082978765154,0.5,False
PTRN,15,2025-10-09,2025-10-10,2025-11-07,2025,-0.2569577791221508,0.4442456148632098,0.5,False
PTRN,20,2025-10-16,2025-10-17,2025-11-14,2025,-0.2750980308269122,0.4754189561253835,0.5,False
PXED,2,2025-10-10,2025-10-13,2025-11-10,2025,0.1110314919836967,0.5167539384484412,0.5,True
SAIL,2,2025-02-14,2025-02-18,2025-03-18,2025,0.0604215472777113,0.5153440060713934,0.5,True
SAIL,5,2025-02-20,2025-02-21,2025-03-21,2025,0.0319189225727676,0.49604585151782443,0.5,False
SAIL,10,2025-02-27,2025-02-28,2025-03-28,2025,0.0606777778662282,0.49124338963239406,0.5,False
SAIL,15,2025-03-06,2025-03-07,2025-04-04,2025,0.0829560935270319,0.48183924505230247,0.5,False
SAIL,20,2025-03-13,2025-03-14,2025-04-11,2025,-0.0675290666864965,0.5687572323212634,0.5,True
SFD,2,2025-01-29,2025-01-30,2025-02-28,2025,-0.0598544447461602,0.45461475323384876,0.5,False
SFD,5,2025-02-03,2025-02-04,2025-03-05,2025,-0.0010592267929305,0.42673366370288685,0.5,False
SFD,10,2025-02-10,2025-02-11,2025-03-12,2025,-0.0583405315665442,0.41344118321096157,0.5,False
SFD,15,2025-02-18,2025-02-19,2025-03-19,2025,0.011829199103685,0.42028258547508907,0.5,False
SFD,20,2025-02-25,2025-02-26,2025-03-26,2025,0.042256209733866,0.42138192899437016,0.5,False
SI,2,2025-08-01,2025-08-04,2025-09-02,2025,-0.1141754456461865,0.5033537922777408,0.5,True
SION,2,2025-02-10,2025-02-11,2025-03-12,2025,0.1050841068320113,0.4040284202123085,0.5,False
SLDE,2,2025-06-20,2025-06-23,2025-07-22,2025,0.2374656062447425,0.4889831902320517,0.5,False
SLDE,5,2025-06-25,2025-06-26,2025-07-25,2025,0.0820383953544609,0.44702224499227416,0.5,False
SLDE,10,2025-07-02,2025-07-03,2025-08-01,2025,0.0755738306155645,0.4319922807354391,0.5,False
SLDE,15,2025-07-10,2025-07-11,2025-08-08,2025,0.0654671295290016,0.5040442878364807,0.5,True
SLDE,20,2025-07-17,2025-07-18,2025-08-15,2025,0.1968313875244793,0.5007348015815432,0.5,True
SMA,2,2025-04-03,2025-04-04,2025-05-05,2025,-0.0165190315033616,0.40807422161838275,0.5,False
SMA,5,2025-04-08,2025-04-09,2025-05-08,2025,-0.0080504159954123,0.4522372420609148,0.5,False
SMA,10,2025-04-15,2025-04-16,2025-05-15,2025,0.0162408636171154,0.3548452309273813,0.5,False
SMA,15,2025-04-23,2025-04-24,2025-05-22,2025,-0.0827585668686264,0.3662025521816096,0.5,False
SMA,20,2025-04-30,2025-05-01,2025-05-30,2025,-0.0416023273035944,0.37533504396206674,0.5,False
STUB,2,2025-09-18,2025-09-19,2025-10-17,2025,0.136644068793383,0.6288199761380704,0.5,True
STUB,5,2025-09-23,2025-09-24,2025-10-22,2025,-0.0831803326185558,0.6039247102407843,0.5,True
STUB,10,2025-09-30,2025-10-01,2025-10-29,2025,-0.14330707478609,0.5638825689954213,0.5,True
STUB,15,2025-10-07,2025-10-08,2025-11-05,2025,-0.0567717947719687,0.5750429643196804,0.5,True
STUB,20,2025-10-14,2025-10-15,2025-11-12,2025,-0.0251867714670676,0.5869801738716084,0.5,True
TTAM,2,2025-02-10,2025-02-11,2025-03-12,2025,0.0397118526974579,0.39316197402390796,0.5,False
TTAM,5,2025-02-13,2025-02-14,2025-03-17,2025,0.0207904515936558,0.3495053283889718,0.5,False
TTAM,10,2025-02-21,2025-02-24,2025-03-24,2025,0.0585115797465193,0.4812585847673337,0.5,False
TTAM,15,2025-02-28,2025-03-03,2025-03-31,2025,0.0809606243105247,0.48090240703623466,0.5,False
TTAM,20,2025-03-07,2025-03-10,2025-04-07,2025,0.1413459628179642,0.47171441135424946,0.5,False
TTAN,15,2025-01-03,2025-01-06,2025-02-05,2025,0.0224653197170196,0.40045158301165357,0.5,False
TTAN,20,2025-01-13,2025-01-14,2025-02-12,2025,-0.0180520277652859,0.3793058453834175,0.5,False
VIA,2,2025-09-15,2025-09-16,2025-10-14,2025,0.0721962719930561,0.4417645040455083,0.5,False
VIA,5,2025-09-18,2025-09-19,2025-10-17,2025,-0.0006153195352291,0.40246832418798184,0.5,False
VIA,10,2025-09-25,2025-09-26,2025-10-24,2025,-0.0449240582508834,0.3970986416245794,0.5,False
VIA,15,2025-10-02,2025-10-03,2025-10-31,2025,-0.1414200898884706,0.39473390050999574,0.5,False
VIA,20,2025-10-09,2025-10-10,2025-11-07,2025,-0.1334515960531433,0.38349422501203806,0.5,False
VOYG,2,2025-06-12,2025-06-13,2025-07-15,2025,0.2117876995385102,0.6266099690579697,0.5,True
VOYG,5,2025-06-17,2025-06-18,2025-07-18,2025,0.1910004046756728,0.622104801675771,0.5,True
VOYG,10,2025-06-25,2025-06-26,2025-07-25,2025,0.0778325348314926,0.5666287754139651,0.5,True
VOYG,15,2025-07-02,2025-07-03,2025-08-01,2025,-0.0116231491420343,0.5562969043314689,0.5,True
VOYG,20,2025-07-10,2025-07-11,2025-08-08,2025,0.2712571838449837,0.5777507904083979,0.5,True
WBI,2,2025-09-18,2025-09-19,2025-10-17,2025,-0.0840780616285668,0.41011449521941146,0.5,False
WBI,5,2025-09-23,2025-09-24,2025-10-22,2025,-0.0417834447736042,0.37761778767758414,0.5,False
WBI,10,2025-09-30,2025-10-01,2025-10-29,2025,0.0934026887885691,0.3997327553464106,0.5,False
WBI,15,2025-10-07,2025-10-08,2025-11-05,2025,0.0679738399669351,0.4026685180636357,0.5,False
WBI,20,2025-10-14,2025-10-15,2025-11-12,2025,0.0067197483637592,0.38413567513057545,0.5,False
WLTH,2,2025-12-16,2025-12-17,2026-01-16,2025,0.2539317301204207,0.5920567329777845,0.5,True
WLTH,5,2025-12-19,2025-12-22,2026-01-22,2025,0.2772619010277791,0.5568975018385721,0.5,True
WLTH,10,2025-12-29,2025-12-30,2026-01-29,2025,0.3222781910430358,0.43072985069139885,0.5,False
WYFI,2,2025-08-08,2025-08-11,2025-09-09,2025,-0.2091487861373217,0.6879544794408725,0.5,True
WYFI,5,2025-08-13,2025-08-14,2025-09-12,2025,-0.2282031901750611,0.5754601148125631,0.5,True
WYFI,10,2025-08-20,2025-08-21,2025-09-19,2025,-0.5680274400388142,0.5930285342171941,0.5,True
WYFI,15,2025-08-27,2025-08-28,2025-09-26,2025,-0.3151506287300416,0.5873719149224368,0.5,True
WYFI,20,2025-09-04,2025-09-05,2025-10-03,2025,-0.918545237279736,0.5796090582897978,0.5,True
XZO,2,2025-11-06,2025-11-07,2025-12-08,2025,0.1030224259651117,0.46917537883020405,0.5,False
XZO,5,2025-11-11,2025-11-12,2025-12-11,2025,-0.06837454569229,0.4336489640686554,0.5,False
XZO,10,2025-11-18,2025-11-19,2025-12-18,2025,-0.2623142179920635,0.4022192121156727,0.5,False
YB,2,2025-05-01,2025-05-02,2025-06-02,2025,0.0549178367179602,0.6249045757893525,0.5,True
YDDL,2,2025-10-10,2025-10-13,2025-11-10,2025,0.1891335982660385,0.6913765338023348,0.5,True
AADX,2,2026-06-04,2026-06-05,2026-07-07,2026,-0.2946866218105973,0.46711615406145734,0.5,False
AADX,5,2026-06-09,2026-06-10,2026-07-10,2026,-0.0708105516429278,0.43183644736809695,0.5,False
AADX,10,2026-06-16,2026-06-17,2026-07-17,2026,0.1728242219292302,0.4607738754493821,0.5,False
AADX,15,2026-06-24,2026-06-25,2026-07-24,2026,-0.0227706693584046,0.507227640102756,0.5,True
AADX,20,2026-07-01,2026-07-02,2026-07-31,2026,0.1916779769121308,0.497568150956316,0.5,False
AGBK,2,2026-02-12,2026-02-13,2026-03-16,2026,0.0117167607543038,0.5255110802998202,0.5,True
AGBK,5,2026-02-18,2026-02-19,2026-03-19,2026,0.0913591928684741,0.39755043695784636,0.5,False
AGBK,10,2026-02-25,2026-02-26,2026-03-26,2026,0.2577264789836814,0.3932312861695811,0.5,False
AGBK,15,2026-03-04,2026-03-05,2026-04-02,2026,0.2648179374112902,0.3725059032183577,0.5,False
AGBK,20,2026-03-11,2026-03-12,2026-04-10,2026,0.293604367479549,0.4458145425414551,0.5,False
AGMB,2,2026-02-09,2026-02-10,2026-03-11,2026,0.0243263025714889,0.4669280545721381,0.5,False
AKTS,2,2026-01-12,2026-01-13,2026-02-11,2026,0.1816007181052582,0.5017654802291779,0.5,True
AKTS,5,2026-01-15,2026-01-16,2026-02-17,2026,0.0475124966909285,0.4292589119883996,0.5,False
AKTS,10,2026-01-23,2026-01-26,2026-02-24,2026,0.0414893988187388,0.4716201262520541,0.5,False
AKTS,15,2026-01-30,2026-02-02,2026-03-03,2026,-0.0691874374584676,0.4163728201436648,0.5,False
AKTS,20,2026-02-06,2026-02-09,2026-03-10,2026,-0.0817370913922295,0.5053589923664661,0.5,True
ALMR,2,2026-04-20,2026-04-21,2026-05-19,2026,0.073678658258962,0.4572751078198218,0.5,False
ALMR,5,2026-04-23,2026-04-24,2026-05-22,2026,0.2239658145452146,0.4239632812897105,0.5,False
ALMR,10,2026-04-30,2026-05-01,2026-06-01,2026,0.2338326532440296,0.42016184901772197,0.5,False
ALMR,15,2026-05-07,2026-05-08,2026-06-08,2026,0.1507093695958533,0.40763975191581514,0.5,False
ALMR,20,2026-05-14,2026-05-15,2026-06-15,2026,0.060934095495666,0.3902711317602681,0.5,False
ANDG,10,2025-12-31,2026-01-02,2026-02-02,2026,0.1253523176981262,0.4379326641545253,0.5,False
ANDG,15,2026-01-08,2026-01-09,2026-02-09,2026,0.0952873354428009,0.406128945698802,0.5,False
ANDG,20,2026-01-15,2026-01-16,2026-02-17,2026,0.0218619277799588,0.3839411243701222,0.5,False
APC,2,2026-02-13,2026-02-17,2026-03-17,2026,-0.1002582764357848,0.4434537690727548,0.5,False
APC,5,2026-02-19,2026-02-20,2026-03-20,2026,-0.0568415110014865,0.41193231471723535,0.5,False
ARXS,2,2026-04-17,2026-04-20,2026-05-18,2026,0.1381804106219032,0.5049637493810851,0.5,True
ARXS,5,2026-04-22,2026-04-23,2026-05-21,2026,0.0863765030601518,0.4465277006104906,0.5,False
ARXS,10,2026-04-29,2026-04-30,2026-05-29,2026,-0.2258096813680554,0.5410965989453229,0.5,True
ARXS,15,2026-05-06,2026-05-07,2026-06-05,2026,-0.1569742948635483,0.5333010429109325,0.5,True
ARXS,20,2026-05-13,2026-05-14,2026-06-12,2026,-0.1887052908039081,0.4318837560087875,0.5,False
AVEX,2,2026-04-20,2026-04-21,2026-05-19,2026,0.3213193188329946,0.6075495817407198,0.5,True
AVEX,5,2026-04-23,2026-04-24,2026-05-22,2026,0.1884646063744031,0.5651293983000472,0.5,True
AVEX,10,2026-04-30,2026-05-01,2026-06-01,2026,-0.2478370798309601,0.5048177900625835,0.5,True
AVEX,15,2026-05-07,2026-05-08,2026-06-08,2026,0.0103236723160775,0.444909666320894,0.5,False
AVEX,20,2026-05-14,2026-05-15,2026-06-15,2026,0.0459311116735754,0.48135667990107056,0.5,False
AVLN,2,2026-05-01,2026-05-04,2026-06-02,2026,0.2001126436086869,0.46972284592376284,0.5,False
AVLN,5,2026-05-06,2026-05-07,2026-06-05,2026,-0.0125365593832761,0.4092862969746449,0.5,False
AVLN,10,2026-05-13,2026-05-14,2026-06-12,2026,-0.0097045130185498,0.4577857472861237,0.5,False
AVLN,15,2026-05-20,2026-05-21,2026-06-22,2026,-0.2209184513224305,0.3984836386609382,0.5,False
AVLN,20,2026-05-28,2026-05-29,2026-06-29,2026,-0.1318424153971732,0.4097187258961152,0.5,False
BOBS,2,2026-02-06,2026-02-09,2026-03-10,2026,-0.1011108530062549,0.5603438930937414,0.5,True
BOBS,5,2026-02-11,2026-02-12,2026-03-13,2026,0.0920216366132007,0.4320663698002979,0.5,False
BOBS,10,2026-02-19,2026-02-20,2026-03-20,2026,0.2896468069485193,0.43246381399595396,0.5,False
BOBS,15,2026-02-26,2026-02-27,2026-03-27,2026,0.4529275434458075,0.44023171717643855,0.5,False
BOBS,20,2026-03-05,2026-03-06,2026-04-06,2026,0.3314980367621252,0.39313911741989493,0.5,False
BTGO,2,2026-01-23,2026-01-26,2026-02-24,2026,0.3049523893021608,0.5953205567698098,0.5,True
BTGO,5,2026-01-28,2026-01-29,2026-02-27,2026,0.1931734466135548,0.5432894968775206,0.5,True
BTGO,10,2026-02-04,2026-02-05,2026-03-06,2026,-0.0443713937202956,0.500739457287033,0.5,True
BTGO,15,2026-02-11,2026-02-12,2026-03-13,2026,-0.1911759547356744,0.49642682464321297,0.5,False
BTGO,20,2026-02-19,2026-02-20,2026-03-20,2026,-0.0995164191743465,0.5115983536904487,0.5,True
BXDC,2,2026-05-15,2026-05-18,2026-06-16,2026,-0.080358355632962,0.4752897010377261,0.5,False
BXDC,5,2026-05-20,2026-05-21,2026-06-22,2026,0.0183321767372566,0.47453794941783445,0.5,False
BXDC,10,2026-05-28,2026-05-29,2026-06-29,2026,-0.0308510496005203,0.4343298862628466,0.5,False
BXDC,15,2026-06-04,2026-06-05,2026-07-07,2026,0.0153979462503976,0.4262175130290055,0.5,False
BXDC,20,2026-06-11,2026-06-12,2026-07-14,2026,0.0443535811226087,0.4217168899732679,0.5,False
CBRS,2,2026-05-15,2026-05-18,2026-06-16,2026,0.2673257352506278,0.6856302201567733,0.5,True
CBRS,5,2026-05-20,2026-05-21,2026-06-22,2026,0.2225628936267444,0.6608599018013461,0.5,True
CBRS,10,2026-05-28,2026-05-29,2026-06-29,2026,0.0684195225570082,0.6010772098171553,0.5,True
CBRS,15,2026-06-04,2026-06-05,2026-07-07,2026,0.1203091074514408,0.5940488924397881,0.5,True
CBRS,20,2026-06-11,2026-06-12,2026-07-14,2026,0.095150860771187,0.6050687058742745,0.5,True
CDNL,15,2025-12-31,2026-01-02,2026-02-02,2026,-0.0462341731731584,0.43385189134344954,0.5,False
CDNL,20,2026-01-08,2026-01-09,2026-02-09,2026,-0.1609554900080158,0.4166872012852477,0.5,False
COAG,2,2026-05-04,2026-05-05,2026-06-03,2026,-0.0654673952837022,0.5554539350507011,0.5,True
COAG,5,2026-05-07,2026-05-08,2026-06-08,2026,-0.0154582915635357,0.5383010407546075,0.5,True
COAG,10,2026-05-14,2026-05-15,2026-06-15,2026,0.113112191139327,0.4494858103601513,0.5,False
COAG,15,2026-05-21,2026-05-22,2026-06-23,2026,-0.1912798437618277,0.4954797850453763,0.5,False
DPC,2,2026-06-26,2026-06-29,2026-07-28,2026,0.012354753849984,0.4855926286526437,0.5,False
DPC,5,2026-07-01,2026-07-02,2026-07-31,2026,0.0086958795491325,0.4674347755810617,0.5,False
EIKN,2,2026-02-06,2026-02-09,2026-03-10,2026,0.0613766395046762,0.46962194676389507,0.5,False
EIKN,5,2026-02-11,2026-02-12,2026-03-13,2026,0.1105139655544884,0.4258689738567438,0.5,False
EIKN,10,2026-02-19,2026-02-20,2026-03-20,2026,0.1554136007613889,0.4311844278354446,0.5,False
EIKN,15,2026-02-26,2026-02-27,2026-03-27,2026,0.2086713650360825,0.49141053222665315,0.5,False
EIKN,20,2026-03-05,2026-03-06,2026-04-06,2026,0.2946398409861369,0.40515383023422846,0.5,False
ELMT,2,2026-04-24,2026-04-27,2026-05-26,2026,0.0893290429629649,0.5854007511630371,0.5,True
ELMT,5,2026-04-29,2026-04-30,2026-05-29,2026,0.1224192198248049,0.5382646113046359,0.5,True
ELMT,10,2026-05-06,2026-05-07,2026-06-05,2026,-0.1224065188067849,0.5185361273063284,0.5,True
ELMT,15,2026-05-13,2026-05-14,2026-06-12,2026,-0.2496970065368166,0.5353600653395315,0.5,True
ELMT,20,2026-05-20,2026-05-21,2026-06-22,2026,-0.3771643226661236,0.47461932885522645,0.5,False
EQPT,2,2026-01-26,2026-01-27,2026-02-25,2026,-0.001580066911894,0.5015297855997526,0.5,True
EQPT,5,2026-01-29,2026-01-30,2026-03-02,2026,-0.0179026822184681,0.4931869777699172,0.5,False
EQPT,10,2026-02-05,2026-02-06,2026-03-09,2026,0.0882346212465226,0.46696463255886006,0.5,False
EQPT,15,2026-02-12,2026-02-13,2026-03-16,2026,0.1640833892237083,0.4566139975225435,0.5,False
EQPT,20,2026-02-20,2026-02-23,2026-03-23,2026,0.2783275766618047,0.43357266041311127,0.5,False
EROC,2,2026-06-11,2026-06-12,2026-07-14,2026,0.3099380890111454,0.4695748015937024,0.5,False
EROC,5,2026-06-16,2026-06-17,2026-07-17,2026,0.2494016256722597,0.511517104432868,0.5,True
EROC,10,2026-06-24,2026-06-25,2026-07-24,2026,0.2607454238989009,0.5065676641734754,0.5,True
EROC,15,2026-07-01,2026-07-02,2026-07-31,2026,0.2984851606889294,0.5283247657391354,0.5,True
EROK,2,2026-05-15,2026-05-18,2026-06-16,2026,0.0560715597911852,0.5407789357691081,0.5,True
EROK,5,2026-05-20,2026-05-21,2026-06-22,2026,0.0665997064589237,0.40308135707503695,0.5,False
EROK,10,2026-05-28,2026-05-29,2026-06-29,2026,-0.0246651658069546,0.378518251697004,0.5,False
EROK,15,2026-06-04,2026-06-05,2026-07-07,2026,0.0238798973971329,0.37858140735192347,0.5,False
EROK,20,2026-06-11,2026-06-12,2026-07-14,2026,-0.0503623270171336,0.4629470254223961,0.5,False
FCBM,2,2026-06-22,2026-06-23,2026-07-22,2026,0.0066889105321404,0.4861182160545204,0.5,False
FISN,2,2026-06-22,2026-06-23,2026-07-22,2026,0.0356005791651607,0.5639272100190551,0.5,True
FISN,5,2026-06-25,2026-06-26,2026-07-27,2026,0.0482331797902906,0.5101022792444391,0.5,True
FPS,2,2026-02-06,2026-02-09,2026-03-10,2026,-0.1068118530446779,0.5319521121456213,0.5,True
FPS,5,2026-02-11,2026-02-12,2026-03-13,2026,-0.0307798596116041,0.5047386427396525,0.5,True
FPS,10,2026-02-19,2026-02-20,2026-03-20,2026,-0.0697661008322255,0.4866559179555999,0.5,False
FPS,15,2026-02-26,2026-02-27,2026-03-27,2026,-0.1571890793251347,0.4762153091528266,0.5,False
FPS,20,2026-03-05,2026-03-06,2026-04-06,2026,-0.0080550374188539,0.4622546905121809,0.5,False
FRBT,2,2026-06-12,2026-06-15,2026-07-15,2026,-0.0670535806554813,0.4262078753564739,0.5,False
FRVO,2,2026-05-14,2026-05-15,2026-06-15,2026,0.0515579387023151,0.5387887271823822,0.5,True
FRVO,5,2026-05-19,2026-05-20,2026-06-18,2026,0.0683922766300842,0.4918344306154247,0.5,False
FRVO,10,2026-05-27,2026-05-28,2026-06-26,2026,0.0568948476777125,0.4737011454726909,0.5,False
FRVO,15,2026-06-03,2026-06-04,2026-07-06,2026,0.2617013236618051,0.501987244090736,0.5,True
FRVO,20,2026-06-10,2026-06-11,2026-07-13,2026,0.231695731137545,0.5350851247288521,0.5,True
GENB,2,2026-03-02,2026-03-03,2026-03-31,2026,-0.0965162348036883,0.48949387043337583,0.5,False
GENB,5,2026-03-05,2026-03-06,2026-04-06,2026,-0.0441952488876818,0.4518266414088727,0.5,False
GENB,10,2026-03-12,2026-03-13,2026-04-13,2026,0.0482225606199333,0.46056097468929236,0.5,False
GENB,15,2026-03-19,2026-03-20,2026-04-20,2026,0.0303772176365069,0.41995894887184815,0.5,False
GENB,20,2026-03-26,2026-03-27,2026-04-27,2026,0.0629975473201207,0.4277311592523448,0.5,False
GMRS,2,2026-05-14,2026-05-15,2026-06-15,2026,0.1212237502242228,0.4513525112850791,0.5,False
GMRS,5,2026-05-19,2026-05-20,2026-06-18,2026,-0.0623951404646452,0.48869758158292537,0.5,False
GMRS,10,2026-05-27,2026-05-28,2026-06-26,2026,-0.2891047489824678,0.49849719795807174,0.5,False
GMRS,15,2026-06-03,2026-06-04,2026-07-06,2026,-0.4046450166120796,0.460733414972358,0.5,False
GMRS,20,2026-06-10,2026-06-11,2026-07-13,2026,-0.1192988921252506,0.43012355252655426,0.5,False
GMTL,2,2026-03-23,2026-03-24,2026-04-22,2026,-0.3144804784690567,0.5440332853705154,0.5,True
GMTL,5,2026-03-26,2026-03-27,2026-04-27,2026,-0.1119265931129024,0.5430629427798702,0.5,True
HAWK,2,2026-05-08,2026-05-11,2026-06-09,2026,0.2258770112645007,0.4530510561597111,0.5,False
HAWK,5,2026-05-13,2026-05-14,2026-06-12,2026,0.2685625097706735,0.41924818947171294,0.5,False
HAWK,10,2026-05-20,2026-05-21,2026-06-22,2026,0.2590395983640103,0.48476432284711435,0.5,False
HAWK,15,2026-05-28,2026-05-29,2026-06-29,2026,0.2738926794342035,0.5090763608813347,0.5,True
HAWK,20,2026-06-04,2026-06-05,2026-07-07,2026,0.207728459869527,0.4539067643321412,0.5,False
HMH,2,2026-04-02,2026-04-06,2026-05-04,2026,-0.0704765145488568,0.4483557015439652,0.5,False
HMH,5,2026-04-08,2026-04-09,2026-05-07,2026,-0.1989167196037673,0.4926268638871708,0.5,False
HMH,10,2026-04-15,2026-04-16,2026-05-14,2026,-0.1147144441226328,0.49319155341501825,0.5,False
HMH,15,2026-04-22,2026-04-23,2026-05-21,2026,-0.1288768517191867,0.42261422042428454,0.5,False
HMH,20,2026-04-29,2026-04-30,2026-05-29,2026,-0.0092440486505197,0.40075306938382604,0.5,False
INIO,2,2026-06-09,2026-06-10,2026-07-10,2026,0.0128366455376421,0.5631262021544133,0.5,True
INIO,5,2026-06-12,2026-06-15,2026-07-15,2026,0.0599999526546382,0.6492478358349524,0.5,True
INIO,10,2026-06-22,2026-06-23,2026-07-22,2026,0.2776763771441076,0.6280351826334102,0.5,True
INIO,15,2026-06-29,2026-06-30,2026-07-29,2026,0.3561322053591772,0.5700163885565632,0.5,True
JAN,2,2026-03-23,2026-03-24,2026-04-22,2026,0.0766847996494103,0.4612839506865075,0.5,False
JAN,5,2026-03-26,2026-03-27,2026-04-27,2026,0.0656625988146204,0.4068582586711342,0.5,False
JAN,10,2026-04-02,2026-04-06,2026-05-04,2026,0.0137076041485817,0.4065840774328927,0.5,False
JAN,15,2026-04-10,2026-04-13,2026-05-11,2026,-0.1188198436966898,0.38960578482080116,0.5,False
JAN,20,2026-04-17,2026-04-20,2026-05-18,2026,-0.0298860502611889,0.41437127701588977,0.5,False
KARD,2,2026-06-22,2026-06-23,2026-07-22,2026,0.0014248766090318,0.5040903361331933,0.5,True
KARD,5,2026-06-25,2026-06-26,2026-07-27,2026,0.0362845764140617,0.4564791076255629,0.5,False
KLRA,2,2026-04-20,2026-04-21,2026-05-19,2026,0.2320541381512199,0.49049100738407025,0.5,False
KLRA,5,2026-04-23,2026-04-24,2026-05-22,2026,0.1883201925466407,0.45968477118195816,0.5,False
KLRA,10,2026-04-30,2026-05-01,2026-06-01,2026,0.123399662395904,0.4440565287760853,0.5,False
KLRA,15,2026-05-07,2026-05-08,2026-06-08,2026,0.0993468476529071,0.5015427101693724,0.5,True
KLRA,20,2026-05-14,2026-05-15,2026-06-15,2026,0.0440621796589892,0.5024667789872808,0.5,True
LCLN,2,2026-05-21,2026-05-22,2026-06-23,2026,-0.0635770478651664,0.4486035097941937,0.5,False
LCLN,5,2026-05-27,2026-05-28,2026-06-26,2026,-0.1580447362588158,0.3959606705098027,0.5,False
LCLN,10,2026-06-03,2026-06-04,2026-07-06,2026,-0.0391330451535059,0.40134193768324256,0.5,False
LCLN,15,2026-06-10,2026-06-11,2026-07-13,2026,0.1035360869630835,0.4001290757166456,0.5,False
LCLN,20,2026-06-17,2026-06-18,2026-07-20,2026,0.0344934096646081,0.37713509092314873,0.5,False
LFTO,2,2026-06-05,2026-06-08,2026-07-08,2026,0.1041125331735676,0.4972734478901095,0.5,False
LFTO,5,2026-06-10,2026-06-11,2026-07-13,2026,0.0394327320928844,0.4280969102125941,0.5,False
LFTO,10,2026-06-17,2026-06-18,2026-07-20,2026,0.0442473964500584,0.4551792224923834,0.5,False
LFTO,15,2026-06-25,2026-06-26,2026-07-27,2026,0.0909840779172737,0.4294976270977629,0.5,False
LIFE,2,2026-01-30,2026-02-02,2026-03-03,2026,0.1143816061071843,0.5671303306588914,0.5,True
LIFE,5,2026-02-04,2026-02-05,2026-03-06,2026,-0.0513677722068188,0.5133598219111329,0.5,True
LIFE,10,2026-02-11,2026-02-12,2026-03-13,2026,-0.2767279186003699,0.46222343482588824,0.5,False
LMRI,15,2026-01-02,2026-01-05,2026-02-03,2026,0.3070282156573022,0.4948343506843559,0.5,False
LMRI,20,2026-01-09,2026-01-12,2026-02-10,2026,0.1520767767562009,0.49083434348995186,0.5,False
MAIR,2,2026-04-17,2026-04-20,2026-05-18,2026,-0.1713186574903984,0.49647813936181445,0.5,False
MAIR,5,2026-04-22,2026-04-23,2026-05-21,2026,-0.0808366981937621,0.46335978124831795,0.5,False
MAIR,10,2026-04-29,2026-04-30,2026-05-29,2026,-0.1483119319311038,0.4566395846247548,0.5,False
MAIR,15,2026-05-06,2026-05-07,2026-06-05,2026,-0.0148740258991053,0.481308887476758,0.5,False
MAIR,20,2026-05-13,2026-05-14,2026-06-12,2026,0.0514119695088839,0.5007723445849728,0.5,True
MANE,2,2026-02-05,2026-02-06,2026-03-09,2026,-0.4305736917863125,0.4542973130909725,0.5,False
MANE,5,2026-02-10,2026-02-11,2026-03-12,2026,-0.3751065381070938,0.4398537385856981,0.5,False
MANE,10,2026-02-18,2026-02-19,2026-03-19,2026,-0.2200700128810712,0.5442074935837589,0.5,True
MANE,15,2026-02-25,2026-02-26,2026-03-26,2026,-0.6745911553270181,0.43481733579035,0.5,False
MANE,20,2026-03-04,2026-03-05,2026-04-02,2026,-0.3926756990978888,0.49002042804535434,0.5,False
MDLN,10,2025-12-31,2026-01-02,2026-02-02,2026,-0.0844028393478024,0.5066612145902714,0.5,True
MDLN,15,2026-01-08,2026-01-09,2026-02-09,2026,-0.1702734910627571,0.5134575227446452,0.5,True
MDLN,20,2026-01-15,2026-01-16,2026-02-17,2026,-0.1203015358381774,0.5028570114387901,0.5,True
MMED,2,2026-03-09,2026-03-10,2026-04-08,2026,0.2171484010916412,0.5799232237892605,0.5,True
MMED,5,2026-03-12,2026-03-13,2026-04-13,2026,0.1409982014094889,0.5271397324235767,0.5,True
MMED,10,2026-03-19,2026-03-20,2026-04-20,2026,0.2853380310027896,0.5333750526416186,0.5,True
MMED,15,2026-03-26,2026-03-27,2026-04-27,2026,0.3651585458485298,0.4858530727075715,0.5,False
MMED,20,2026-04-02,2026-04-06,2026-05-04,2026,0.3045343556801954,0.4952907862878192,0.5,False
MOBI,2,2026-05-11,2026-05-12,2026-06-10,2026,-0.1129511205715488,0.46516503858485,0.5,False
MWH,2,2026-02-13,2026-02-17,2026-03-17,2026,0.023170533497442,0.4795984118383643,0.5,False
MWH,5,2026-02-19,2026-02-20,2026-03-20,2026,-0.0152956808368842,0.47408131003708304,0.5,False
MWH,10,2026-02-26,2026-02-27,2026-03-27,2026,-0.0680088804052691,0.422173964533635,0.5,False
MWH,15,2026-03-05,2026-03-06,2026-04-06,2026,-0.0655621729910051,0.49344177139704737,0.5,False
MWH,20,2026-03-12,2026-03-13,2026-04-13,2026,-0.1389706696686124,0.5349126966199296,0.5,True
NHP,2,2026-04-23,2026-04-24,2026-05-22,2026,-0.1390081502414302,0.4870314357225973,0.5,False
NHP,5,2026-04-28,2026-04-29,2026-05-28,2026,-0.0874112930015194,0.4485297788555576,0.5,False
NHP,10,2026-05-05,2026-05-06,2026-06-04,2026,-0.0712045723787555,0.4262282965208504,0.5,False
NHP,15,2026-05-12,2026-05-13,2026-06-11,2026,-0.1026890729392125,0.4443995450220917,0.5,False
NHP,20,2026-05-19,2026-05-20,2026-06-18,2026,0.0276282100953626,0.46535634435930706,0.5,False
ODTX,2,2026-05-11,2026-05-12,2026-06-10,2026,0.0268170185362252,0.47446839265683544,0.5,False
ODTX,5,2026-05-14,2026-05-15,2026-06-15,2026,-0.0333924536897251,0.426510870544646,0.5,False
ODTX,10,2026-05-21,2026-05-22,2026-06-23,2026,-0.1122835423122272,0.4269621519935229,0.5,False
ODTX,15,2026-05-29,2026-06-01,2026-06-30,2026,-0.105315498388213,0.40196624025718297,0.5,False
ODTX,20,2026-06-05,2026-06-08,2026-07-08,2026,0.0304001692072532,0.39410975539268067,0.5,False
OFRM,2,2026-02-09,2026-02-10,2026-03-11,2026,-0.0428940364262057,0.47700434493676597,0.5,False
OFRM,5,2026-02-12,2026-02-13,2026-03-16,2026,0.0665290018596979,0.4168565631269298,0.5,False
OFRM,10,2026-02-20,2026-02-23,2026-03-23,2026,0.2028934737498418,0.44279255902345244,0.5,False
OFRM,15,2026-02-27,2026-03-02,2026-03-30,2026,0.2661174662613397,0.40630001337142124,0.5,False
OFRM,20,2026-03-06,2026-03-09,2026-04-07,2026,0.1821562975596402,0.37412374555243383,0.5,False
OPTH,2,2026-05-21,2026-05-22,2026-06-23,2026,0.1809099052844749,0.41334983828214955,0.5,False
PAYP,2,2026-03-13,2026-03-16,2026-04-14,2026,0.0074909801296282,0.5711001783053788,0.5,True
PAYP,5,2026-03-18,2026-03-19,2026-04-17,2026,-0.0808861890205351,0.49853518951228654,0.5,False
PAYP,10,2026-03-25,2026-03-26,2026-04-24,2026,0.3063278947727156,0.6031406177431531,0.5,True
PAYP,15,2026-04-01,2026-04-02,2026-05-01,2026,0.137571826413896,0.48594937572389546,0.5,False
PAYP,20,2026-04-09,2026-04-10,2026-05-08,2026,0.1661477059024263,0.5070831118179747,0.5,True
PBLS,2,2026-06-11,2026-06-12,2026-07-14,2026,-0.0500360365196963,0.5097824668408634,0.5,True
PBLS,5,2026-06-16,2026-06-17,2026-07-17,2026,-0.0305147443367567,0.5652579458209755,0.5,True
PBLS,10,2026-06-24,2026-06-25,2026-07-24,2026,-0.1777983035187501,0.45481887520587644,0.5,False
PBLS,15,2026-07-01,2026-07-02,2026-07-31,2026,-0.253831667936825,0.43527910182599133,0.5,False
PICS,2,2026-01-30,2026-02-02,2026-03-03,2026,0.154380508449957,0.5785204047723287,0.5,True
PICS,5,2026-02-04,2026-02-05,2026-03-06,2026,0.097664593655151,0.513704931199005,0.5,True
PICS,10,2026-02-11,2026-02-12,2026-03-13,2026,-0.0964466711602387,0.4872658809044472,0.5,False
PICS,15,2026-02-19,2026-02-20,2026-03-20,2026,0.0490288715384041,0.5208062560714568,0.5,True
PICS,20,2026-02-26,2026-02-27,2026-03-27,2026,0.1812682837296397,0.5377179598930301,0.5,True
PPHC,2,2026-01-29,2026-01-30,2026-03-02,2026,-0.0381995827896877,0.4173123697142765,0.5,False
PS,2,2026-04-30,2026-05-01,2026-06-01,2026,-0.2126777996689479,0.5452505466233626,0.5,True
PS,5,2026-05-05,2026-05-06,2026-06-04,2026,-0.1528209524510226,0.6143291865585312,0.5,True
PS,10,2026-05-12,2026-05-13,2026-06-11,2026,0.3227253929308895,0.7525405151080212,0.5,True
PS,15,2026-05-19,2026-05-20,2026-06-18,2026,0.1634631219546471,0.5541037638354487,0.5,True
PS,20,2026-05-27,2026-05-28,2026-06-26,2026,0.0338284225504735,0.5695535715108021,0.5,True
QNT,2,2026-06-05,2026-06-08,2026-07-08,2026,-0.3198450650533426,0.6451127346201813,0.5,True
QNT,5,2026-06-10,2026-06-11,2026-07-13,2026,-0.2424509364736549,0.5874013996493198,0.5,True
QNT,10,2026-06-17,2026-06-18,2026-07-20,2026,0.0508809231290878,0.5345221643667726,0.5,True
QNT,15,2026-06-25,2026-06-26,2026-07-27,2026,0.2092007947658312,0.5433198014833688,0.5,True
REA,2,2026-05-07,2026-05-08,2026-06-08,2026,0.210221208470145,0.4606463433117569,0.5,False
REA,5,2026-05-12,2026-05-13,2026-06-11,2026,0.3954767655493274,0.49101147251631455,0.5,False
REA,10,2026-05-19,2026-05-20,2026-06-18,2026,0.2023075022345619,0.3964432194387508,0.5,False
REA,15,2026-05-27,2026-05-28,2026-06-26,2026,0.2163500383535004,0.3956932937235676,0.5,False
SBMT,2,2026-05-01,2026-05-04,2026-06-02,2026,0.1784023519653172,0.39408760137603666,0.5,False
SGP,2,2026-02-09,2026-02-10,2026-03-11,2026,-0.1006989876115582,0.48497471466476677,0.5,False
SHAZ,2,2026-02-19,2026-02-20,2026-03-20,2026,0.1321666318270773,0.4250618142670197,0.5,False
SHAZ,5,2026-02-24,2026-02-25,2026-03-25,2026,0.0909566384670034,0.39009780364670954,0.5,False
SHAZ,10,2026-03-03,2026-03-04,2026-04-01,2026,-0.7224252400754576,0.4221849133579244,0.5,False
SIND,2,2026-06-29,2026-06-30,2026-07-29,2026,-0.1005601719137794,0.4199132468247349,0.5,False
SPCX,2,2026-06-15,2026-06-16,2026-07-16,2026,0.3136969554663141,0.6725939977734813,0.5,True
SPCX,5,2026-06-18,2026-06-22,2026-07-21,2026,0.2732805900998099,0.6810636479214262,0.5,True
SPCX,10,2026-06-26,2026-06-29,2026-07-28,2026,0.2418666194220745,0.6151019266299171,0.5,True
SPTX,2,2026-05-04,2026-05-05,2026-06-03,2026,0.0446743125777919,0.5601652186488908,0.5,True
SPTX,5,2026-05-07,2026-05-08,2026-06-08,2026,-0.0522506701356848,0.5055157524858546,0.5,True
SPTX,10,2026-05-14,2026-05-15,2026-06-15,2026,-0.0449219411595096,0.5320934029013709,0.5,True
SPTX,15,2026-05-21,2026-05-22,2026-06-23,2026,-0.1687486708431916,0.511060180443681,0.5,True
SPTX,20,2026-05-29,2026-06-01,2026-06-30,2026,-0.2423416258723138,0.5007297323883046,0.5,True
SSMR,2,2026-06-05,2026-06-08,2026-07-08,2026,0.1006327666591847,0.44133390145423484,0.5,False
SSMR,5,2026-06-10,2026-06-11,2026-07-13,2026,0.0572637782860165,0.5102717879291172,0.5,True
SSMR,10,2026-06-17,2026-06-18,2026-07-20,2026,0.0204687908795925,0.4790977418131103,0.5,False
SUJA,2,2026-05-08,2026-05-11,2026-06-09,2026,0.0988648274761649,0.43413371680009233,0.5,False
SUJA,5,2026-05-13,2026-05-14,2026-06-12,2026,0.3524583252328302,0.4863589747738945,0.5,False
SUJA,10,2026-05-20,2026-05-21,2026-06-22,2026,0.4303576858916459,0.4977628080323915,0.5,False
SUJA,15,2026-05-28,2026-05-29,2026-06-29,2026,0.2829459209690689,0.47231133426357447,0.5,False
SWMR,2,2026-03-18,2026-03-19,2026-04-17,2026,0.4279823418832075,0.9896216388907667,0.5,True
SWMR,5,2026-03-23,2026-03-24,2026-04-22,2026,-0.4049986892531736,0.7639506372777255,0.5,True
SWMR,10,2026-03-30,2026-03-31,2026-04-29,2026,0.3177442857300585,0.9698180891851167,0.5,True
SWMR,15,2026-04-07,2026-04-08,2026-05-06,2026,0.3641957709355854,0.9677941065132198,0.5,True
SWMR,20,2026-04-14,2026-04-15,2026-05-13,2026,0.2933532768771864,0.9384887532116468,0.5,True
WHK,2,2026-06-10,2026-06-11,2026-07-13,2026,0.0123691264473665,0.4090517928324893,0.5,False
WHK,5,2026-06-15,2026-06-16,2026-07-16,2026,5.4904872523454246e-05,0.37325681151353435,0.5,False
WHK,10,2026-06-23,2026-06-24,2026-07-23,2026,0.0112988963185864,0.3602671148687253,0.5,False
WHK,15,2026-06-30,2026-07-01,2026-07-30,2026,0.0367432228685247,0.35803945985124147,0.5,False
WLTH,15,2026-01-06,2026-01-07,2026-02-05,2026,0.3351656411512998,0.42657620677098096,0.5,False
WLTH,20,2026-01-13,2026-01-14,2026-02-12,2026,0.2514163341444053,0.5048053958232361,0.5,True
XE,2,2026-04-27,2026-04-28,2026-05-27,2026,0.2607215647173764,0.5943717289634728,0.5,True
XE,5,2026-04-30,2026-05-01,2026-06-01,2026,0.2370851409970635,0.5481456791090432,0.5,True
XE,10,2026-05-07,2026-05-08,2026-06-08,2026,0.242013996357761,0.520767843004297,0.5,True
XE,15,2026-05-14,2026-05-15,2026-06-15,2026,0.2793175534615492,0.49374254165345494,0.5,False
XE,20,2026-05-21,2026-05-22,2026-06-23,2026,0.2004504244651027,0.516299989595261,0.5,True
YSS,2,2026-01-30,2026-02-02,2026-03-03,2026,0.241705833891436,0.4818701749545121,0.5,False
YSS,5,2026-02-04,2026-02-05,2026-03-06,2026,0.034791009589145,0.519075355018482,0.5,True
YSS,10,2026-02-11,2026-02-12,2026-03-13,2026,0.1786756675578998,0.5480785845620094,0.5,True
YSS,15,2026-02-19,2026-02-20,2026-03-20,2026,0.0878906412424678,0.5392991555357224,0.5,True
YSS,20,2026-02-26,2026-02-27,2026-03-27,2026,-0.0653738940672386,0.4981226820338199,0.5,False
YSWY,2,2026-04-23,2026-04-24,2026-05-22,2026,-0.041188381260979,0.46432354660205166,0.5,False
YSWY,5,2026-04-28,2026-04-29,2026-05-28,2026,0.1557392239851564,0.4481194920537906,0.5,False
YSWY,10,2026-05-05,2026-05-06,2026-06-04,2026,0.2675191627226148,0.4939826285439771,0.5,False
YSWY,15,2026-05-12,2026-05-13,2026-06-11,2026,0.0047779757641603,0.44176425183762646,0.5,False
YSWY,20,2026-05-19,2026-05-20,2026-06-18,2026,0.1021016164939817,0.4192107055058374,0.5,False
