symbol,signal_day,signal_date,entry_date,exit_date,year,y,pred,thr,short_it
ABCL,2,2020-12-14,2020-12-15,2021-01-14,2020,0.1007624610271016,0.6276163308764017,0.5,True
ABCL,5,2020-12-17,2020-12-18,2021-01-20,2020,0.0453698965805154,0.6566503934162307,0.5,True
ABCL,10,2020-12-24,2020-12-28,2021-01-27,2020,-0.1188536541615345,0.6567228569115536,0.5,True
ABNB,2,2020-12-11,2020-12-14,2021-01-13,2020,-0.2474592432992765,0.6051107841634348,0.5,True
ABNB,5,2020-12-16,2020-12-17,2021-01-19,2020,-0.2206745096780391,0.6250244370909895,0.5,True
ABNB,10,2020-12-23,2020-12-24,2021-01-26,2020,-0.1781099527534433,0.6542518332967112,0.5,True
ACI,2,2020-06-29,2020-06-30,2020-07-29,2020,0.086945668385614,0.8395901758753923,0.5,True
ACI,5,2020-07-02,2020-07-06,2020-08-03,2020,0.0895283415609086,0.8177613606795989,0.5,True
ACI,10,2020-07-10,2020-07-13,2020-08-10,2020,-0.0121645243240884,0.5992335660183653,0.5,True
ACI,15,2020-07-17,2020-07-20,2020-08-17,2020,0.066262033779508,0.6482652543055827,0.5,True
ACI,20,2020-07-24,2020-07-27,2020-08-24,2020,0.12135415398789,0.5425953687985802,0.5,True
ADCT,2,2020-05-19,2020-05-20,2020-06-18,2020,-0.2291631012398285,0.353525306532958,0.5,False
ADCT,5,2020-05-22,2020-05-26,2020-06-23,2020,-0.1887212717479587,0.42266221811000554,0.5,False
ADCT,10,2020-06-01,2020-06-02,2020-06-30,2020,-0.3351785642514463,0.31845026082848366,0.5,False
ADCT,15,2020-06-08,2020-06-09,2020-07-08,2020,-0.290073603275789,0.5252233562143797,0.5,True
ADCT,20,2020-06-15,2020-06-16,2020-07-15,2020,-0.1720222725464181,0.7506196082747816,0.5,True
AI,2,2020-12-10,2020-12-11,2021-01-12,2020,-0.0579335949359346,0.5990935416907984,0.5,True
AI,5,2020-12-15,2020-12-16,2021-01-15,2020,-0.2928259435544695,0.6645572650042004,0.5,True
AI,10,2020-12-22,2020-12-23,2021-01-25,2020,0.1539117392935762,0.6397762833415902,0.5,True
AI,15,2020-12-30,2020-12-31,2021-02-01,2020,0.0214832048746206,0.5718817054188635,0.5,True
ALGM,2,2020-10-30,2020-11-02,2020-12-01,2020,-0.2256260436731536,0.7610868413663342,0.5,True
ALGM,5,2020-11-04,2020-11-05,2020-12-04,2020,-0.2788638523913604,0.7573299872210042,0.5,True
ALGM,10,2020-11-11,2020-11-12,2020-12-11,2020,-0.1736489397651223,0.7282676373302029,0.5,True
ALGM,15,2020-11-18,2020-11-19,2020-12-18,2020,-0.1466668735422084,0.7079545127196772,0.5,True
ALGM,20,2020-11-25,2020-11-27,2020-12-28,2020,-0.0103704058355532,0.5000566580412301,0.5,True
ALXO,2,2020-07-20,2020-07-21,2020-08-18,2020,-0.3079435434641586,0.6533285582842969,0.5,True
ALXO,5,2020-07-23,2020-07-24,2020-08-21,2020,-0.4951156767170677,0.5357603619559336,0.5,True
ANNX,2,2020-07-27,2020-07-28,2020-08-25,2020,-0.2961121292678171,0.5426283974448932,0.5,True
ANVS,2,2020-01-30,2020-01-31,2020-03-02,2020,0.1512683218956482,0.4271796965580179,0.5,False
API,2,2020-06-29,2020-06-30,2020-07-29,2020,0.1570609561498493,0.8395901758753923,0.5,True
API,5,2020-07-02,2020-07-06,2020-08-03,2020,0.3752197633026403,0.8177613606795989,0.5,True
API,10,2020-07-10,2020-07-13,2020-08-10,2020,0.3291775250948976,0.5992335660183653,0.5,True
API,15,2020-07-17,2020-07-20,2020-08-17,2020,0.2479356555680883,0.6482652543055827,0.5,True
API,20,2020-07-24,2020-07-27,2020-08-24,2020,0.1252709238001964,0.5425953687985802,0.5,True
ARQT,2,2020-02-03,2020-02-04,2020-03-04,2020,-0.2043455900313916,0.37991014302771303,0.5,False
ARQT,5,2020-02-06,2020-02-07,2020-03-09,2020,-0.4447967824433002,0.42028173754802867,0.5,False
ARQT,15,2020-02-21,2020-02-24,2020-03-23,2020,-0.592204289875491,0.4525514534057553,0.5,False
ARQT,20,2020-02-28,2020-03-02,2020-03-30,2020,-0.2480314299728349,0.6404482778305327,0.5,True
ARRY,2,2020-10-16,2020-10-19,2020-11-16,2020,0.0169412921076568,0.675821417538913,0.5,True
ARRY,5,2020-10-21,2020-10-22,2020-11-19,2020,-0.061732751745397,0.6551920734822324,0.5,True
ARRY,10,2020-10-28,2020-10-29,2020-11-27,2020,-0.1171412379826302,0.7743747263076747,0.5,True
ARRY,15,2020-11-04,2020-11-05,2020-12-04,2020,0.0903890026029602,0.7573299872210042,0.5,True
ARRY,20,2020-11-11,2020-11-12,2020-12-11,2020,0.0605094169652057,0.7282676373302029,0.5,True
ASAN,2,2020-10-01,2020-10-02,2020-10-30,2020,0.0602525835170253,0.8203600505278147,0.5,True
ASAN,5,2020-10-06,2020-10-07,2020-11-04,2020,0.1348689622388666,0.7754523722938305,0.5,True
ASAN,10,2020-10-13,2020-10-14,2020-11-11,2020,0.0997686040125348,0.7226068268067976,0.5,True
ASAN,15,2020-10-20,2020-10-21,2020-11-18,2020,0.0533264226256392,0.7128358759922271,0.5,True
ASAN,20,2020-10-27,2020-10-28,2020-11-25,2020,-0.0869091897175136,0.7024732191866341,0.5,True
ASO,2,2020-10-05,2020-10-06,2020-11-03,2020,-0.2201888716048423,0.80485455678782,0.5,True
ASO,5,2020-10-08,2020-10-09,2020-11-06,2020,-0.3183233539228894,0.7118800382671946,0.5,True
ASO,10,2020-10-15,2020-10-16,2020-11-13,2020,-0.2114158399529081,0.7024321742083086,0.5,True
ASO,15,2020-10-22,2020-10-23,2020-11-20,2020,-0.0930839978843879,0.6551709353157966,0.5,True
ASO,20,2020-10-29,2020-10-30,2020-11-30,2020,-0.1049684112460296,0.7686099905299413,0.5,True
AVIR,2,2020-11-02,2020-11-03,2020-12-02,2020,0.1159255370731962,0.7812715748750025,0.5,True
AVIR,5,2020-11-05,2020-11-06,2020-12-07,2020,0.2077036190757247,0.7627084757971411,0.5,True
AVIR,10,2020-11-12,2020-11-13,2020-12-14,2020,-0.0422590481950142,0.7315981063141624,0.5,True
AVIR,15,2020-11-19,2020-11-20,2020-12-21,2020,-0.0940997169927565,0.6982014670721358,0.5,True
AVIR,20,2020-11-27,2020-11-30,2020-12-29,2020,-0.1565747498798976,0.5065230743332013,0.5,True
AVO,2,2020-10-05,2020-10-06,2020-11-03,2020,-0.0969656964430276,0.80485455678782,0.5,True
AVO,5,2020-10-08,2020-10-09,2020-11-06,2020,-0.1191751151183581,0.7118800382671946,0.5,True
BDTX,2,2020-02-03,2020-02-04,2020-03-04,2020,0.094077081038854,0.37991014302771303,0.5,False
BDTX,5,2020-02-06,2020-02-07,2020-03-09,2020,0.0588865117268492,0.42028173754802867,0.5,False
BDTX,10,2020-02-13,2020-02-14,2020-03-16,2020,0.0151676434361854,0.44643077129955105,0.5,False
BDTX,15,2020-02-21,2020-02-24,2020-03-23,2020,0.1738329313724852,0.4525514534057553,0.5,False
BDTX,20,2020-02-28,2020-03-02,2020-03-30,2020,-0.1802986844449815,0.6404482778305327,0.5,True
BEAM,2,2020-02-07,2020-02-10,2020-03-10,2020,-0.2813435405374722,0.4558465728027341,0.5,False
BEAM,5,2020-02-12,2020-02-13,2020-03-13,2020,0.0503489821435754,0.4381103006345839,0.5,False
BEAM,10,2020-02-20,2020-02-21,2020-03-20,2020,-0.2267685463666269,0.40724813193024656,0.5,False
BEAM,15,2020-02-27,2020-02-28,2020-03-27,2020,-0.1823164592784176,0.6398839924108888,0.5,True
BEAM,20,2020-03-05,2020-03-06,2020-04-03,2020,0.0814502438458019,0.8186871506261533,0.5,True
BEKE,2,2020-08-14,2020-08-17,2020-09-15,2020,-0.6514704048739329,0.5879048018834239,0.5,True
BEKE,5,2020-08-19,2020-08-20,2020-09-18,2020,-0.3773399899885851,0.6050863463838144,0.5,True
BEKE,10,2020-08-26,2020-08-27,2020-09-25,2020,-0.2699024660825664,0.5588386546134213,0.5,True
BEKE,15,2020-09-02,2020-09-03,2020-10-02,2020,-0.283631816673336,0.5243350992181969,0.5,True
BEKE,20,2020-09-10,2020-09-11,2020-10-09,2020,-0.3301557961781422,0.7012025823572464,0.5,True
BILL,15,2020-01-03,2020-01-06,2020-02-04,2020,-0.4313523154317953,0.4878860504985611,0.5,False
BILL,20,2020-01-10,2020-01-13,2020-02-11,2020,-0.5442411904513739,0.2865127686045068,0.5,False
BNL,2,2020-09-18,2020-09-21,2020-10-19,2020,0.0467883274644544,0.7759788481884518,0.5,True
BNL,5,2020-09-23,2020-09-24,2020-10-22,2020,0.0733412539541527,0.7883587021227306,0.5,True
BNL,10,2020-09-30,2020-10-01,2020-10-29,2020,-0.0522220010428507,0.8193366909547047,0.5,True
BNL,15,2020-10-07,2020-10-08,2020-11-05,2020,0.0028750490847805,0.7549629702544378,0.5,True
BNL,20,2020-10-14,2020-10-15,2020-11-12,2020,-0.0349284766266321,0.7281759800267742,0.5,True
BSY,2,2020-09-24,2020-09-25,2020-10-23,2020,-0.0896991233261154,0.8035035184899826,0.5,True
BSY,5,2020-09-29,2020-09-30,2020-10-28,2020,-0.2024355409977636,0.8076601804792427,0.5,True
BSY,10,2020-10-06,2020-10-07,2020-11-04,2020,-0.191193710321489,0.7754523722938305,0.5,True
BSY,15,2020-10-13,2020-10-14,2020-11-11,2020,0.0005647782060336,0.7226068268067976,0.5,True
BSY,20,2020-10-20,2020-10-21,2020-11-18,2020,0.1051295829971992,0.7128358759922271,0.5,True
CCCC,2,2020-10-05,2020-10-06,2020-11-03,2020,0.0203919753875578,0.80485455678782,0.5,True
CCCC,5,2020-10-08,2020-10-09,2020-11-06,2020,-0.1011208137827737,0.7118800382671946,0.5,True
CCCC,10,2020-10-15,2020-10-16,2020-11-13,2020,-0.0255902391321081,0.7024321742083086,0.5,True
CCCC,15,2020-10-22,2020-10-23,2020-11-20,2020,-0.0713872695034196,0.6551709353157966,0.5,True
CCCC,20,2020-10-29,2020-10-30,2020-11-30,2020,-0.322613765298447,0.7686099905299413,0.5,True
CERT,2,2020-12-14,2020-12-15,2021-01-14,2020,-0.0051500558890448,0.6276163308764017,0.5,True
CERT,5,2020-12-17,2020-12-18,2021-01-20,2020,0.0597531991010096,0.6566503934162307,0.5,True
CERT,10,2020-12-24,2020-12-28,2021-01-27,2020,0.1151889069488512,0.6567228569115536,0.5,True
CMPS,2,2020-09-21,2020-09-22,2020-10-20,2020,-0.2869044055046974,0.7736555557931397,0.5,True
CMPS,5,2020-09-24,2020-09-25,2020-10-23,2020,0.1261920669874026,0.8035035184899826,0.5,True
CMPS,10,2020-10-01,2020-10-02,2020-10-30,2020,-0.0264686481660649,0.8203600505278147,0.5,True
CMPS,15,2020-10-08,2020-10-09,2020-11-06,2020,0.0059249695962323,0.7118800382671946,0.5,True
CMPS,20,2020-10-15,2020-10-16,2020-11-13,2020,0.0655542826772428,0.7024321742083086,0.5,True
CRSR,2,2020-09-24,2020-09-25,2020-10-23,2020,-0.4885103459098148,0.8035035184899826,0.5,True
CRSR,5,2020-09-29,2020-09-30,2020-10-28,2020,-0.342636190349906,0.8076601804792427,0.5,True
CRSR,10,2020-10-06,2020-10-07,2020-11-04,2020,-0.4361689555117625,0.7754523722938305,0.5,True
CRSR,15,2020-10-13,2020-10-14,2020-11-11,2020,-0.5687751650543725,0.7226068268067976,0.5,True
CRSR,20,2020-10-20,2020-10-21,2020-11-18,2020,-0.3539342040702961,0.7128358759922271,0.5,True
DASH,2,2020-12-10,2020-12-11,2021-01-12,2020,-0.058401298005452,0.5990935416907984,0.5,True
DASH,5,2020-12-15,2020-12-16,2021-01-15,2020,-0.167968736133697,0.6645572650042004,0.5,True
DASH,10,2020-12-22,2020-12-23,2021-01-25,2020,-0.2049469841010542,0.6397762833415902,0.5,True
DASH,15,2020-12-30,2020-12-31,2021-02-01,2020,-0.3950789087264245,0.5718817054188635,0.5,True
DYN,2,2020-09-18,2020-09-21,2020-10-19,2020,0.274407111724523,0.7759788481884518,0.5,True
DYN,5,2020-09-23,2020-09-24,2020-10-22,2020,0.3252449274497865,0.7883587021227306,0.5,True
EBC,2,2020-10-16,2020-10-19,2020-11-16,2020,-0.1414653866863366,0.675821417538913,0.5,True
EBC,5,2020-10-21,2020-10-22,2020-11-19,2020,-0.115242887100035,0.6551920734822324,0.5,True
EBC,10,2020-10-28,2020-10-29,2020-11-27,2020,-0.0977741159043466,0.7743747263076747,0.5,True
EBC,15,2020-11-04,2020-11-05,2020-12-04,2020,-0.2965674666720216,0.7573299872210042,0.5,True
EBC,20,2020-11-11,2020-11-12,2020-12-11,2020,-0.2594908665028073,0.7282676373302029,0.5,True
FDMT,2,2020-12-14,2020-12-15,2021-01-14,2020,-0.11454069983608,0.6276163308764017,0.5,True
FDMT,5,2020-12-17,2020-12-18,2021-01-20,2020,-0.1551534967929288,0.6566503934162307,0.5,True
FDMT,10,2020-12-24,2020-12-28,2021-01-27,2020,-0.0783208621589814,0.6567228569115536,0.5,True
FHTX,2,2020-10-26,2020-10-27,2020-11-24,2020,0.0792624191195532,0.7069085569408894,0.5,True
FHTX,5,2020-10-29,2020-10-30,2020-11-30,2020,-0.105205870705183,0.7686099905299413,0.5,True
FOUR,2,2020-06-08,2020-06-09,2020-07-08,2020,-0.3085210361672776,0.5252233562143797,0.5,True
FOUR,5,2020-06-11,2020-06-12,2020-07-13,2020,-0.1820064592708029,0.5966526684478377,0.5,True
FOUR,10,2020-06-18,2020-06-19,2020-07-20,2020,0.0671234926381396,0.7966466467088789,0.5,True
FOUR,15,2020-06-25,2020-06-26,2020-07-27,2020,0.0518152564288791,0.801431026326218,0.5,True
FOUR,20,2020-07-02,2020-07-06,2020-08-03,2020,-0.0669708007486873,0.8177613606795989,0.5,True
FROG,2,2020-09-17,2020-09-18,2020-10-16,2020,-0.2468854908822189,0.6792391482241342,0.5,True
FROG,5,2020-09-22,2020-09-23,2020-10-21,2020,0.0269910680726715,0.8022292862517181,0.5,True
FROG,10,2020-09-29,2020-09-30,2020-10-28,2020,0.0756324433459411,0.8076601804792427,0.5,True
FROG,15,2020-10-06,2020-10-07,2020-11-04,2020,0.0501030584407504,0.7754523722938305,0.5,True
FROG,20,2020-10-13,2020-10-14,2020-11-11,2020,0.1826827383441839,0.7226068268067976,0.5,True
FTHM,2,2020-08-03,2020-08-04,2020-09-01,2020,-0.6350489281873142,0.6270391515733998,0.5,True
GDRX,2,2020-09-24,2020-09-25,2020-10-23,2020,-0.0310288930073728,0.8035035184899826,0.5,True
GDRX,5,2020-09-29,2020-09-30,2020-10-28,2020,0.0971848815043516,0.8076601804792427,0.5,True
GDRX,10,2020-10-06,2020-10-07,2020-11-04,2020,0.1171744238869912,0.7754523722938305,0.5,True
GDRX,15,2020-10-13,2020-10-14,2020-11-11,2020,0.0053227952681292,0.7226068268067976,0.5,True
GDRX,20,2020-10-20,2020-10-21,2020-11-18,2020,0.34154242305472,0.7128358759922271,0.5,True
GFL,2,2020-03-04,2020-03-05,2020-04-02,2020,-0.0307008587130028,0.7520814648111027,0.5,True
GFL,5,2020-03-09,2020-03-10,2020-04-07,2020,0.0732744283009188,0.914616459536355,0.5,True
GFL,10,2020-03-16,2020-03-17,2020-04-15,2020,0.1591132328323559,0.9826340008437225,0.5,True
GFL,15,2020-03-23,2020-03-24,2020-04-22,2020,0.0548959359659368,0.9794034726123183,0.5,True
GFL,20,2020-03-30,2020-03-31,2020-04-29,2020,-0.0925831858482344,0.9822752996181658,0.5,True
HRMY,2,2020-08-20,2020-08-21,2020-09-21,2020,0.0559288119345705,0.5664689677718567,0.5,True
HRMY,5,2020-08-25,2020-08-26,2020-09-24,2020,-0.0390894614897715,0.5561033658031834,0.5,True
HRMY,10,2020-09-01,2020-09-02,2020-10-01,2020,0.0337033779342735,0.481730382423532,0.5,False
HRMY,15,2020-09-09,2020-09-10,2020-10-08,2020,0.2380519812711667,0.6857765702341594,0.5,True
HRMY,20,2020-09-16,2020-09-17,2020-10-15,2020,-0.0438560461998152,0.6783901504798069,0.5,True
IBEX,2,2020-08-10,2020-08-11,2020-09-09,2020,0.4082706636022003,0.6240818643809333,0.5,True
IBEX,5,2020-08-13,2020-08-14,2020-09-14,2020,0.3180880093912644,0.5924207826267436,0.5,True
IH,2,2020-10-12,2020-10-13,2020-11-10,2020,-0.0075860140230073,0.7384464365623248,0.5,True
IH,5,2020-10-15,2020-10-16,2020-11-13,2020,0.0248940862855951,0.7024321742083086,0.5,True
IH,10,2020-10-22,2020-10-23,2020-11-20,2020,-0.3367395127331291,0.6551709353157966,0.5,True
IH,15,2020-10-29,2020-10-30,2020-11-30,2020,-0.269151275427633,0.7686099905299413,0.5,True
IMNM,2,2020-10-05,2020-10-06,2020-11-03,2020,0.0025456983505466,0.80485455678782,0.5,True
IVA,2,2020-07-13,2020-07-14,2020-08-11,2020,-0.0028011717067948,0.6279322410593129,0.5,True
IVA,5,2020-07-16,2020-07-17,2020-08-14,2020,-0.0070342555255792,0.6455313477615273,0.5,True
KC,2,2020-05-11,2020-05-12,2020-06-10,2020,0.2890077094096682,0.4518945893999428,0.5,False
KC,5,2020-05-14,2020-05-15,2020-06-15,2020,0.1229748164659959,0.48860721171094745,0.5,False
KC,10,2020-05-21,2020-05-22,2020-06-22,2020,-0.4418764339528144,0.3981672467022861,0.5,False
KC,15,2020-05-29,2020-06-01,2020-06-29,2020,-0.3643145481474939,0.3313036256699348,0.5,False
KC,20,2020-06-05,2020-06-08,2020-07-07,2020,-0.7910378133235904,0.38745654231875426,0.5,False
KROS,2,2020-04-09,2020-04-13,2020-05-11,2020,-0.1936865865133325,0.9059354051832865,0.5,True
KYMR,2,2020-08-24,2020-08-25,2020-09-23,2020,-0.2026224107642182,0.5748713319749712,0.5,True
KYMR,5,2020-08-27,2020-08-28,2020-09-28,2020,-0.0191094758565649,0.5187063361967164,0.5,True
KYMR,10,2020-09-03,2020-09-04,2020-10-05,2020,0.0149188526879701,0.645787671210369,0.5,True
KYMR,15,2020-09-11,2020-09-14,2020-10-12,2020,-0.2024991823564656,0.6723116396336438,0.5,True
KYMR,20,2020-09-18,2020-09-21,2020-10-19,2020,-0.3088848815100367,0.7759788481884518,0.5,True
LEGN,2,2020-06-08,2020-06-09,2020-07-08,2020,-0.1506274607367426,0.5252233562143797,0.5,True
LEGN,5,2020-06-11,2020-06-12,2020-07-13,2020,-0.0221640955328171,0.5966526684478377,0.5,True
LEGN,10,2020-06-18,2020-06-19,2020-07-20,2020,0.1263111504238385,0.7966466467088789,0.5,True
LEGN,15,2020-06-25,2020-06-26,2020-07-27,2020,0.1518574413773893,0.801431026326218,0.5,True
LEGN,20,2020-07-02,2020-07-06,2020-08-03,2020,0.1693662386938516,0.8177613606795989,0.5,True
LI,2,2020-07-31,2020-08-03,2020-08-31,2020,0.0621017703391628,0.6144984632331346,0.5,True
LI,5,2020-08-05,2020-08-06,2020-09-03,2020,0.0256578294627366,0.6010768529526268,0.5,True
LI,10,2020-08-12,2020-08-13,2020-09-11,2020,-0.0761542083650298,0.6089004730224828,0.5,True
LI,15,2020-08-19,2020-08-20,2020-09-18,2020,-0.2079991034937595,0.6050863463838144,0.5,True
LI,20,2020-08-26,2020-08-27,2020-09-25,2020,0.0952081013374508,0.5588386546134213,0.5,True
LMND,2,2020-07-06,2020-07-07,2020-08-04,2020,0.312855363820548,0.8152011264139314,0.5,True
LMND,5,2020-07-09,2020-07-10,2020-08-07,2020,0.2110615763444076,0.7669410576806205,0.5,True
LMND,10,2020-07-16,2020-07-17,2020-08-14,2020,0.2316648837985025,0.6455313477615273,0.5,True
LMND,15,2020-07-23,2020-07-24,2020-08-21,2020,0.2527421135887561,0.5357603619559336,0.5,True
LMND,20,2020-07-30,2020-07-31,2020-08-28,2020,0.2406157398588475,0.594258530087465,0.5,True
LSF,2,2020-09-24,2020-09-25,2020-10-23,2020,-0.3480003583861919,0.8035035184899826,0.5,True
LSF,5,2020-09-29,2020-09-30,2020-10-28,2020,-0.2540470799440107,0.8076601804792427,0.5,True
LSF,10,2020-10-06,2020-10-07,2020-11-04,2020,-0.1209895139011051,0.7754523722938305,0.5,True
LSF,15,2020-10-13,2020-10-14,2020-11-11,2020,0.1477465801879554,0.7226068268067976,0.5,True
LSF,20,2020-10-20,2020-10-21,2020-11-18,2020,0.2101568107976676,0.7128358759922271,0.5,True
LTRN,2,2020-06-12,2020-06-15,2020-07-14,2020,0.2053529531834546,0.7240745315710436,0.5,True
LU,2,2020-11-02,2020-11-03,2020-12-02,2020,-0.0828001687973217,0.7812715748750025,0.5,True
LU,5,2020-11-05,2020-11-06,2020-12-07,2020,-0.0289294335637598,0.7627084757971411,0.5,True
LU,10,2020-11-12,2020-11-13,2020-12-14,2020,0.3142379247322238,0.7315981063141624,0.5,True
LU,15,2020-11-19,2020-11-20,2020-12-21,2020,0.097087213715874,0.6982014670721358,0.5,True
LU,20,2020-11-27,2020-11-30,2020-12-29,2020,0.1172608450027143,0.5065230743332013,0.5,True
LUNG,2,2020-10-02,2020-10-05,2020-11-02,2020,-0.0600775502221495,0.7961172663792805,0.5,True
LUNG,5,2020-10-07,2020-10-08,2020-11-05,2020,-0.0104096761091583,0.7549629702544378,0.5,True
LUNG,10,2020-10-14,2020-10-15,2020-11-12,2020,-0.1027598154144899,0.7281759800267742,0.5,True
LUNG,15,2020-10-21,2020-10-22,2020-11-19,2020,-0.0727431792472729,0.6551920734822324,0.5,True
LUNG,20,2020-10-28,2020-10-29,2020-11-27,2020,-0.2908276080593133,0.7743747263076747,0.5,True
MASS,2,2020-12-21,2020-12-22,2021-01-22,2020,-0.2306244446826715,0.6360864858796056,0.5,True
MASS,5,2020-12-24,2020-12-28,2021-01-27,2020,0.2397795897569144,0.6567228569115536,0.5,True
MAX,2,2020-10-29,2020-10-30,2020-11-30,2020,-0.0307341267452133,0.7686099905299413,0.5,True
MAX,5,2020-11-03,2020-11-04,2020-12-03,2020,0.0992052001143015,0.7458052502048154,0.5,True
MAX,10,2020-11-10,2020-11-11,2020-12-10,2020,0.0119951877074624,0.753698975755929,0.5,True
MAX,15,2020-11-17,2020-11-18,2020-12-17,2020,0.0659479032014308,0.6969079954377829,0.5,True
MAX,20,2020-11-24,2020-11-25,2020-12-24,2020,-0.1431142158285953,0.6398387877598511,0.5,True
MCFE,2,2020-10-23,2020-10-26,2020-11-23,2020,0.2146331576981,0.680221950567712,0.5,True
MCFE,5,2020-10-28,2020-10-29,2020-11-27,2020,0.1547641291571412,0.7743747263076747,0.5,True
MCFE,10,2020-11-04,2020-11-05,2020-12-04,2020,0.0804806668519059,0.7573299872210042,0.5,True
MCFE,15,2020-11-11,2020-11-12,2020-12-11,2020,0.048015172140314,0.7282676373302029,0.5,True
MCFE,20,2020-11-18,2020-11-19,2020-12-18,2020,-0.0217872978306204,0.7079545127196772,0.5,True
MNSO,2,2020-10-16,2020-10-19,2020-11-16,2020,0.1721920330650852,0.675821417538913,0.5,True
MNSO,5,2020-10-21,2020-10-22,2020-11-19,2020,0.1095380541001814,0.6551920734822324,0.5,True
MNSO,10,2020-10-28,2020-10-29,2020-11-27,2020,0.0824314884961023,0.7743747263076747,0.5,True
MNSO,15,2020-11-04,2020-11-05,2020-12-04,2020,-0.0496933402718533,0.7573299872210042,0.5,True
MNSO,20,2020-11-11,2020-11-12,2020-12-11,2020,-0.0956973048284621,0.7282676373302029,0.5,True
MRM,2,2020-12-30,2020-12-31,2021-02-01,2020,0.0752654348864355,0.5718817054188635,0.5,True
MRVI,2,2020-11-23,2020-11-24,2020-12-23,2020,-0.0340171340172757,0.6549840640885393,0.5,True
MRVI,5,2020-11-27,2020-11-30,2020-12-29,2020,0.0804637343151235,0.5065230743332013,0.5,True
MRVI,10,2020-12-04,2020-12-07,2021-01-06,2020,0.0489253174308101,0.55661109704825,0.5,True
MRVI,15,2020-12-11,2020-12-14,2021-01-13,2020,-0.0700876724127271,0.6051107841634348,0.5,True
MRVI,20,2020-12-18,2020-12-21,2021-01-21,2020,-0.0387377178345118,0.652847664091436,0.5,True
NBTX,2,2020-12-14,2020-12-15,2021-01-14,2020,-0.1066801577398224,0.6276163308764017,0.5,True
NCNO,2,2020-07-15,2020-07-16,2020-08-13,2020,-0.1615289224188927,0.628750373312171,0.5,True
NCNO,5,2020-07-20,2020-07-21,2020-08-18,2020,-0.0413465603618358,0.6533285582842969,0.5,True
NCNO,10,2020-07-27,2020-07-28,2020-08-25,2020,-0.1710426165676823,0.5426283974448932,0.5,True
NCNO,15,2020-08-03,2020-08-04,2020-09-01,2020,-0.2637786530480319,0.6270391515733998,0.5,True
NCNO,20,2020-08-10,2020-08-11,2020-09-09,2020,-0.0561016883413281,0.6240818643809333,0.5,True
NKTX,2,2020-07-13,2020-07-14,2020-08-11,2020,0.4529175469925347,0.6279322410593129,0.5,True
NKTX,5,2020-07-16,2020-07-17,2020-08-14,2020,0.2862199489501441,0.6455313477615273,0.5,True
NKTX,10,2020-07-23,2020-07-24,2020-08-21,2020,0.2294369524304145,0.5357603619559336,0.5,True
NNOX,2,2020-08-24,2020-08-25,2020-09-23,2020,-0.1569109050708071,0.5748713319749712,0.5,True
NNOX,5,2020-08-27,2020-08-28,2020-09-28,2020,-0.1392900410563891,0.5187063361967164,0.5,True
NNOX,10,2020-09-03,2020-09-04,2020-10-05,2020,-0.0856375452782225,0.645787671210369,0.5,True
NNOX,15,2020-09-11,2020-09-14,2020-10-12,2020,0.4936600043644892,0.6723116396336438,0.5,True
NNOX,20,2020-09-18,2020-09-21,2020-10-19,2020,-0.0122890766778769,0.7759788481884518,0.5,True
NREF,2,2020-02-10,2020-02-11,2020-03-11,2020,-0.1805997278543232,0.45930354766865383,0.5,False
NRIX,2,2020-07-27,2020-07-28,2020-08-25,2020,-0.1074305407250705,0.5426283974448932,0.5,True
NRIX,5,2020-07-30,2020-07-31,2020-08-28,2020,-0.1934400437417272,0.594258530087465,0.5,True
NTST,2,2020-08-14,2020-08-17,2020-09-15,2020,-0.0464669641911019,0.5879048018834239,0.5,True
NTST,5,2020-08-19,2020-08-20,2020-09-18,2020,-0.0302434504193126,0.6050863463838144,0.5,True
NTST,10,2020-08-26,2020-08-27,2020-09-25,2020,-0.0901384330392874,0.5588386546134213,0.5,True
NTST,20,2020-09-10,2020-09-11,2020-10-09,2020,-0.0865936796854631,0.7012025823572464,0.5,True
OLMA,2,2020-11-20,2020-11-23,2020-12-22,2020,0.0489068143252251,0.6923621129636104,0.5,True
OLMA,5,2020-11-25,2020-11-27,2020-12-28,2020,0.0065397487946724,0.5000566580412301,0.5,True
OLMA,10,2020-12-03,2020-12-04,2021-01-05,2020,0.1622254786923797,0.5235475835344889,0.5,True
OLMA,15,2020-12-10,2020-12-11,2021-01-12,2020,0.0728042950717393,0.5990935416907984,0.5,True
OLMA,20,2020-12-17,2020-12-18,2021-01-20,2020,-0.0598049261701656,0.6566503934162307,0.5,True
ONEW,2,2020-02-10,2020-02-11,2020-03-11,2020,0.0678405326852804,0.45930354766865383,0.5,False
ORIC,2,2020-04-27,2020-04-28,2020-05-27,2020,-0.0012346518219233,0.5592563463770418,0.5,True
ORIC,5,2020-04-30,2020-05-01,2020-06-01,2020,-0.0712740751879706,0.4069940195205856,0.5,False
ORIC,10,2020-05-07,2020-05-08,2020-06-08,2020,-0.0591410595271128,0.4781816330890297,0.5,False
ORIC,15,2020-05-14,2020-05-15,2020-06-15,2020,0.0696871459148072,0.48860721171094745,0.5,False
ORIC,20,2020-05-21,2020-05-22,2020-06-22,2020,-0.1014597013137305,0.3981672467022861,0.5,False
PCVX,2,2020-06-15,2020-06-16,2020-07-15,2020,0.1090997965291609,0.7506196082747816,0.5,True
PCVX,5,2020-06-18,2020-06-19,2020-07-20,2020,0.091960837575742,0.7966466467088789,0.5,True
PCVX,10,2020-06-25,2020-06-26,2020-07-27,2020,0.1290599619725084,0.801431026326218,0.5,True
PLRX,2,2020-06-04,2020-06-05,2020-07-06,2020,-0.2250081493164041,0.3275514861400688,0.5,False
PLRX,5,2020-06-09,2020-06-10,2020-07-09,2020,-0.2412726874190928,0.432131259635648,0.5,False
PLRX,10,2020-06-16,2020-06-17,2020-07-16,2020,0.0215471220557647,0.8088472682891892,0.5,True
PLRX,15,2020-06-23,2020-06-24,2020-07-23,2020,0.1343515894975845,0.807470315285019,0.5,True
PLTR,2,2020-10-01,2020-10-02,2020-10-30,2020,-0.1742856068632221,0.8203600505278147,0.5,True
PLTR,5,2020-10-06,2020-10-07,2020-11-04,2020,-0.0742628224618397,0.7754523722938305,0.5,True
PLTR,10,2020-10-13,2020-10-14,2020-11-11,2020,-0.6722887573729484,0.7226068268067976,0.5,True
PLTR,15,2020-10-20,2020-10-21,2020-11-18,2020,-0.9462290584029108,0.7128358759922271,0.5,True
PLTR,20,2020-10-27,2020-10-28,2020-11-25,2020,-1.723109304726602,0.7024732191866341,0.5,True
PMVP,2,2020-09-28,2020-09-29,2020-10-27,2020,0.0126999665583081,0.816261465650664,0.5,True
PMVP,5,2020-10-01,2020-10-02,2020-10-30,2020,-0.1260092712165156,0.8203600505278147,0.5,True
PMVP,10,2020-10-08,2020-10-09,2020-11-06,2020,-0.079910404757198,0.7118800382671946,0.5,True
PMVP,15,2020-10-15,2020-10-16,2020-11-13,2020,0.0827604686407501,0.7024321742083086,0.5,True
PMVP,20,2020-10-22,2020-10-23,2020-11-20,2020,0.0649562523100114,0.6551709353157966,0.5,True
PPD,2,2020-02-07,2020-02-10,2020-03-10,2020,-0.079493721239599,0.4558465728027341,0.5,False
PPD,5,2020-02-12,2020-02-13,2020-03-13,2020,-0.0380032122388272,0.4381103006345839,0.5,False
PPD,10,2020-02-20,2020-02-21,2020-03-20,2020,0.0289746597244789,0.40724813193024656,0.5,False
PPD,15,2020-02-27,2020-02-28,2020-03-27,2020,0.2696977401457713,0.6398839924108888,0.5,True
PPD,20,2020-03-05,2020-03-06,2020-04-03,2020,0.3018955568142655,0.8186871506261533,0.5,True
PRLD,2,2020-09-28,2020-09-29,2020-10-27,2020,-0.3641220947322638,0.816261465650664,0.5,True
PRLD,5,2020-10-01,2020-10-02,2020-10-30,2020,-0.1258929179041716,0.8203600505278147,0.5,True
PRLD,10,2020-10-08,2020-10-09,2020-11-06,2020,-0.0287144662768795,0.7118800382671946,0.5,True
PRLD,15,2020-10-15,2020-10-16,2020-11-13,2020,-0.3811662689132342,0.7024321742083086,0.5,True
PRLD,20,2020-10-22,2020-10-23,2020-11-20,2020,-0.7298258941166748,0.6551709353157966,0.5,True
PUBM,2,2020-12-10,2020-12-11,2021-01-12,2020,0.0508667903691239,0.5990935416907984,0.5,True
PUBM,5,2020-12-15,2020-12-16,2021-01-15,2020,-0.2242758740861544,0.6645572650042004,0.5,True
PUBM,10,2020-12-22,2020-12-23,2021-01-25,2020,-0.134376306944849,0.6397762833415902,0.5,True
PUBM,15,2020-12-30,2020-12-31,2021-02-01,2020,-0.6651364712051465,0.5718817054188635,0.5,True
REYN,2,2020-02-03,2020-02-04,2020-03-04,2020,-0.0815085945530611,0.37991014302771303,0.5,False
REYN,5,2020-02-06,2020-02-07,2020-03-09,2020,-0.2199755237895981,0.42028173754802867,0.5,False
REYN,10,2020-02-13,2020-02-14,2020-03-16,2020,-0.2459270253285148,0.44643077129955105,0.5,False
REYN,15,2020-02-21,2020-02-24,2020-03-23,2020,-0.1909028037375509,0.4525514534057553,0.5,False
REYN,20,2020-02-28,2020-03-02,2020-03-30,2020,-0.0597032478518389,0.6404482778305327,0.5,True
RKT,2,2020-08-07,2020-08-10,2020-09-08,2020,0.022808690720806,0.6297646991924338,0.5,True
RKT,5,2020-08-12,2020-08-13,2020-09-11,2020,-0.2344426324645157,0.6089004730224828,0.5,True
RKT,10,2020-08-19,2020-08-20,2020-09-18,2020,-0.0448916246396046,0.6050863463838144,0.5,True
RKT,15,2020-08-26,2020-08-27,2020-09-25,2020,0.1755325232980558,0.5588386546134213,0.5,True
RKT,20,2020-09-02,2020-09-03,2020-10-02,2020,0.0444103211062488,0.5243350992181969,0.5,True
RLAY,2,2020-07-17,2020-07-20,2020-08-17,2020,0.2479620045360122,0.6482652543055827,0.5,True
RLAY,5,2020-07-22,2020-07-23,2020-08-20,2020,0.0811007218661353,0.5879204694549699,0.5,True
RLAY,10,2020-07-29,2020-07-30,2020-08-27,2020,0.0199146436823958,0.6065851207814644,0.5,True
RLAY,15,2020-08-05,2020-08-06,2020-09-03,2020,0.1091987204690369,0.6010768529526268,0.5,True
RLAY,20,2020-08-12,2020-08-13,2020-09-11,2020,0.0371792963891566,0.6089004730224828,0.5,True
RPRX,2,2020-06-17,2020-06-18,2020-07-17,2020,0.2466184930288676,0.8283540142514301,0.5,True
RPRX,5,2020-06-22,2020-06-23,2020-07-22,2020,0.2239845787986235,0.750794027875009,0.5,True
RPRX,10,2020-06-29,2020-06-30,2020-07-29,2020,0.1824143616176133,0.8395901758753923,0.5,True
RPRX,15,2020-07-07,2020-07-08,2020-08-05,2020,0.1127475550695507,0.8020085927547124,0.5,True
RPRX,20,2020-07-14,2020-07-15,2020-08-12,2020,-0.0249245579743658,0.6002537793443139,0.5,True
RVMD,2,2020-02-14,2020-02-18,2020-03-17,2020,-0.1310548063960042,0.4272122421560308,0.5,False
RVMD,5,2020-02-20,2020-02-21,2020-03-20,2020,-0.2596625422591344,0.40724813193024656,0.5,False
RVMD,10,2020-02-27,2020-02-28,2020-03-27,2020,0.0798293012700072,0.6398839924108888,0.5,True
RVMD,15,2020-03-05,2020-03-06,2020-04-03,2020,0.1669243592984734,0.8186871506261533,0.5,True
RVMD,20,2020-03-12,2020-03-13,2020-04-13,2020,0.0454044181049485,0.9656159926048598,0.5,True
RXT,2,2020-08-06,2020-08-07,2020-09-04,2020,-0.2422210893691254,0.639019151729378,0.5,True
RXT,5,2020-08-11,2020-08-12,2020-09-10,2020,-0.2311783906610638,0.6450352586750917,0.5,True
RXT,10,2020-08-18,2020-08-19,2020-09-17,2020,-0.0123380580661303,0.628893511854689,0.5,True
RXT,15,2020-08-25,2020-08-26,2020-09-24,2020,-0.0401941241480204,0.5561033658031834,0.5,True
RXT,20,2020-09-01,2020-09-02,2020-10-01,2020,0.0504222993755179,0.481730382423532,0.5,False
SDGR,2,2020-02-07,2020-02-10,2020-03-10,2020,-0.3113196827587242,0.4558465728027341,0.5,False
SDGR,5,2020-02-12,2020-02-13,2020-03-13,2020,-0.653939635091904,0.4381103006345839,0.5,False
SDGR,10,2020-02-20,2020-02-21,2020-03-20,2020,-0.2491848494106736,0.40724813193024656,0.5,False
SDGR,15,2020-02-27,2020-02-28,2020-03-27,2020,-0.0767617325738511,0.6398839924108888,0.5,True
SDGR,20,2020-03-05,2020-03-06,2020-04-03,2020,-0.169871296049418,0.8186871506261533,0.5,True
SEER,2,2020-12-07,2020-12-08,2021-01-07,2020,-0.0012657742419982,0.5993181162366457,0.5,True
SEER,5,2020-12-10,2020-12-11,2021-01-12,2020,0.2057360488947979,0.5990935416907984,0.5,True
SEER,10,2020-12-17,2020-12-18,2021-01-20,2020,-0.224990903499799,0.6566503934162307,0.5,True
SEER,15,2020-12-24,2020-12-28,2021-01-27,2020,-0.1064945567109186,0.6567228569115536,0.5,True
SHC,2,2020-11-23,2020-11-24,2020-12-23,2020,0.0463970448390669,0.6549840640885393,0.5,True
SHC,5,2020-11-27,2020-11-30,2020-12-29,2020,0.0273029633994049,0.5065230743332013,0.5,True
SHC,10,2020-12-04,2020-12-07,2021-01-06,2020,0.0480836145421083,0.55661109704825,0.5,True
SHC,15,2020-12-11,2020-12-14,2021-01-13,2020,0.0201897980793811,0.6051107841634348,0.5,True
SHC,20,2020-12-18,2020-12-21,2021-01-21,2020,0.0398836894558145,0.652847664091436,0.5,True
SLQT,2,2020-05-22,2020-05-26,2020-06-23,2020,0.059747531853451,0.42266221811000554,0.5,False
SLQT,5,2020-05-28,2020-05-29,2020-06-26,2020,0.0463140260139912,0.38288548196703687,0.5,False
SLQT,10,2020-06-04,2020-06-05,2020-07-06,2020,0.0079526682189806,0.3275514861400688,0.5,False
SLQT,15,2020-06-11,2020-06-12,2020-07-13,2020,0.0665796399018109,0.5966526684478377,0.5,True
SLQT,20,2020-06-18,2020-06-19,2020-07-20,2020,0.1242113649596449,0.7966466467088789,0.5,True
SNOW,2,2020-09-17,2020-09-18,2020-10-16,2020,-0.0098590959497827,0.6792391482241342,0.5,True
SNOW,5,2020-09-22,2020-09-23,2020-10-21,2020,-0.0884130809065281,0.8022292862517181,0.5,True
SNOW,10,2020-09-29,2020-09-30,2020-10-28,2020,-0.1004460895524218,0.8076601804792427,0.5,True
SNOW,15,2020-10-06,2020-10-07,2020-11-04,2020,-0.0718181464435156,0.7754523722938305,0.5,True
SNOW,20,2020-10-13,2020-10-14,2020-11-11,2020,0.0420707199245952,0.7226068268067976,0.5,True
STEP,2,2020-09-17,2020-09-18,2020-10-16,2020,-0.0281208759301186,0.6792391482241342,0.5,True
STEP,5,2020-09-22,2020-09-23,2020-10-21,2020,0.0003936184504939,0.8022292862517181,0.5,True
STEP,10,2020-09-29,2020-09-30,2020-10-28,2020,-0.0590150641100303,0.8076601804792427,0.5,True
STEP,15,2020-10-06,2020-10-07,2020-11-04,2020,-0.1012929186577414,0.7754523722938305,0.5,True
STEP,20,2020-10-13,2020-10-14,2020-11-11,2020,-0.1545507887733413,0.7226068268067976,0.5,True
STTK,2,2020-10-12,2020-10-13,2020-11-10,2020,-0.2333207062948911,0.7384464365623248,0.5,True
STTK,5,2020-10-15,2020-10-16,2020-11-13,2020,-0.4919409311454644,0.7024321742083086,0.5,True
TARS,2,2020-10-19,2020-10-20,2020-11-17,2020,-0.0311948798598147,0.709035025210191,0.5,True
TLS,2,2020-11-20,2020-11-23,2020-12-22,2020,-0.4565420078389178,0.6923621129636104,0.5,True
TLS,5,2020-11-25,2020-11-27,2020-12-28,2020,-0.4353923227793721,0.5000566580412301,0.5,True
TLS,10,2020-12-03,2020-12-04,2021-01-05,2020,-0.4236813613282314,0.5235475835344889,0.5,True
TLS,15,2020-12-10,2020-12-11,2021-01-12,2020,-0.6059625892534006,0.5990935416907984,0.5,True
TLS,20,2020-12-17,2020-12-18,2021-01-20,2020,-0.5884473455015669,0.6566503934162307,0.5,True
TSHA,2,2020-09-25,2020-09-28,2020-10-26,2020,0.1502835365198708,0.8111660585695426,0.5,True
TSHA,5,2020-09-30,2020-10-01,2020-10-29,2020,0.0521207676001872,0.8193366909547047,0.5,True
TSHA,10,2020-10-07,2020-10-08,2020-11-05,2020,-0.0212094136507646,0.7549629702544378,0.5,True
TSHA,15,2020-10-14,2020-10-15,2020-11-12,2020,0.0293428520811358,0.7281759800267742,0.5,True
U,2,2020-09-21,2020-09-22,2020-10-20,2020,-0.1042759335304179,0.7736555557931397,0.5,True
U,5,2020-09-24,2020-09-25,2020-10-23,2020,-0.0719677782728138,0.8035035184899826,0.5,True
U,10,2020-10-01,2020-10-02,2020-10-30,2020,-0.2211954256929215,0.8203600505278147,0.5,True
U,15,2020-10-08,2020-10-09,2020-11-06,2020,-0.2887513443332146,0.7118800382671946,0.5,True
U,20,2020-10-15,2020-10-16,2020-11-13,2020,-0.2425463187415191,0.7024321742083086,0.5,True
UCL,2,2020-06-11,2020-06-12,2020-07-13,2020,0.197440240926495,0.5966526684478377,0.5,True
UPST,2,2020-12-17,2020-12-18,2021-01-20,2020,-0.4389235824675276,0.6566503934162307,0.5,True
UPST,5,2020-12-22,2020-12-23,2021-01-25,2020,-0.3862868594542285,0.6397762833415902,0.5,True
UPST,10,2020-12-30,2020-12-31,2021-02-01,2020,-0.8656777280557673,0.5718817054188635,0.5,True
VEL,2,2020-01-21,2020-01-22,2020-02-20,2020,-0.0432157184366572,0.3416916141825698,0.5,False
VERX,2,2020-07-30,2020-07-31,2020-08-28,2020,-0.0936238421070196,0.594258530087465,0.5,True
VERX,5,2020-08-04,2020-08-05,2020-09-02,2020,0.1157548807077908,0.6130970024074337,0.5,True
VERX,10,2020-08-11,2020-08-12,2020-09-10,2020,-0.0157096879793487,0.6450352586750917,0.5,True
VERX,15,2020-08-18,2020-08-19,2020-09-17,2020,0.0552932831562625,0.628893511854689,0.5,True
VERX,20,2020-08-25,2020-08-26,2020-09-24,2020,0.0946022907382332,0.5561033658031834,0.5,True
VITL,2,2020-08-03,2020-08-04,2020-09-01,2020,0.0188133283919367,0.6270391515733998,0.5,True
VITL,5,2020-08-06,2020-08-07,2020-09-04,2020,0.111857726327397,0.639019151729378,0.5,True
VITL,10,2020-08-13,2020-08-14,2020-09-14,2020,-0.0400023851659496,0.5924207826267436,0.5,True
VITL,15,2020-08-20,2020-08-21,2020-09-21,2020,-0.1365359771563857,0.5664689677718567,0.5,True
VITL,20,2020-08-27,2020-08-28,2020-09-28,2020,-0.1746714348953631,0.5187063361967164,0.5,True
WMG,2,2020-06-04,2020-06-05,2020-07-06,2020,-0.0085993697238839,0.3275514861400688,0.5,False
WMG,5,2020-06-09,2020-06-10,2020-07-09,2020,0.0029930871131658,0.432131259635648,0.5,False
WMG,10,2020-06-16,2020-06-17,2020-07-16,2020,0.0682542438699336,0.8088472682891892,0.5,True
WMG,15,2020-06-23,2020-06-24,2020-07-23,2020,0.079774340615287,0.807470315285019,0.5,True
WMG,20,2020-06-30,2020-07-01,2020-07-30,2020,-0.0017643401228947,0.8592804293902807,0.5,True
XP,15,2020-01-02,2020-01-03,2020-02-03,2020,-0.0783310598029673,0.4238703536654964,0.5,False
XP,20,2020-01-09,2020-01-10,2020-02-10,2020,-0.0026604217258455,0.31544746914745625,0.5,False
XPEV,2,2020-08-28,2020-08-31,2020-09-29,2020,0.0687243438425812,0.5328268914764258,0.5,True
XPEV,5,2020-09-02,2020-09-03,2020-10-02,2020,0.0099554729981678,0.5243350992181969,0.5,True
XPEV,10,2020-09-10,2020-09-11,2020-10-09,2020,-0.0072538031777992,0.7012025823572464,0.5,True
XPEV,15,2020-09-17,2020-09-18,2020-10-16,2020,-0.0888272824688065,0.6792391482241342,0.5,True
XPEV,20,2020-09-24,2020-09-25,2020-10-23,2020,-0.0268430721022767,0.8035035184899826,0.5,True
YALA,2,2020-10-01,2020-10-02,2020-10-30,2020,-0.3651877318280437,0.8203600505278147,0.5,True
YALA,5,2020-10-06,2020-10-07,2020-11-04,2020,-0.1307458830506774,0.7754523722938305,0.5,True
YALA,10,2020-10-13,2020-10-14,2020-11-11,2020,-0.1194288004266914,0.7226068268067976,0.5,True
YALA,15,2020-10-20,2020-10-21,2020-11-18,2020,-0.0792767068446802,0.7128358759922271,0.5,True
YALA,20,2020-10-27,2020-10-28,2020-11-25,2020,-0.1769377549976884,0.7024732191866341,0.5,True
ZNTL,2,2020-04-06,2020-04-07,2020-05-06,2020,-0.3119005486673954,0.9684560893091336,0.5,True
ZNTL,5,2020-04-09,2020-04-13,2020-05-11,2020,-0.3615785287155604,0.9059354051832865,0.5,True
ZNTL,10,2020-04-17,2020-04-20,2020-05-18,2020,-0.5851043728559769,0.6195043902389796,0.5,True
ZNTL,15,2020-04-24,2020-04-27,2020-05-26,2020,-0.2862728075738612,0.5860139224328135,0.5,True
ZNTL,20,2020-05-01,2020-05-04,2020-06-02,2020,-0.6415389561904528,0.5241549718581054,0.5,True
ABCL,15,2021-01-04,2021-01-05,2021-02-03,2021,-0.2674147682013933,0.5492638896678741,0.5,True
ABCL,20,2021-01-11,2021-01-12,2021-02-10,2021,-0.2659790730086944,0.46848742103852004,0.5,False
ABNB,15,2020-12-31,2021-01-04,2021-02-02,2021,-0.2118354606271519,0.6128548080820286,0.5,True
ABNB,20,2021-01-08,2021-01-11,2021-02-09,2021,-0.3585608865147581,0.5341593456932561,0.5,True
ABOS,2,2021-07-02,2021-07-06,2021-08-03,2021,0.2236134664422097,0.3294608743198554,0.5,False
ABSI,2,2021-07-23,2021-07-26,2021-08-23,2021,0.0298569898122818,0.3574937145041397,0.5,False
ABSI,5,2021-07-28,2021-07-29,2021-08-26,2021,0.1307745541720637,0.39634807103103414,0.5,False
ABSI,10,2021-08-04,2021-08-05,2021-09-02,2021,0.2348448817996122,0.4546025895688201,0.5,False
ABSI,15,2021-08-11,2021-08-12,2021-09-10,2021,0.4028541320615403,0.4318960981167963,0.5,False
ABSI,20,2021-08-18,2021-08-19,2021-09-17,2021,0.420568337732798,0.42387041075167564,0.5,False
ACT,2,2021-09-17,2021-09-20,2021-10-18,2021,-0.1091090951636687,0.4866654758306424,0.5,False
ACT,5,2021-09-22,2021-09-23,2021-10-21,2021,-0.0609212218098156,0.5188552529643968,0.5,True
ACT,10,2021-09-29,2021-09-30,2021-10-28,2021,-0.0112797321518136,0.5801765955516661,0.5,True
ACVA,2,2021-03-25,2021-03-26,2021-04-26,2021,-0.0423836616172654,0.4115761426613157,0.5,False
ACVA,5,2021-03-30,2021-03-31,2021-04-29,2021,0.0156995332149187,0.4531196915594635,0.5,False
ACVA,10,2021-04-07,2021-04-08,2021-05-06,2021,-0.0665812489577112,0.3039482362349781,0.5,False
ACVA,15,2021-04-14,2021-04-15,2021-05-13,2021,0.1288727248045446,0.3365170641397537,0.5,False
ACVA,20,2021-04-21,2021-04-22,2021-05-20,2021,0.1789010570143735,0.31981248829823206,0.5,False
ADAG,2,2021-02-10,2021-02-11,2021-03-12,2021,0.1273341211013479,0.43256385478569864,0.5,False
ADAG,5,2021-02-16,2021-02-17,2021-03-17,2021,0.1349691720363468,0.3940947434071181,0.5,False
ADAG,10,2021-02-23,2021-02-24,2021-03-24,2021,0.2676469255865124,0.3497632855145623,0.5,False
AFCG,2,2021-03-22,2021-03-23,2021-04-21,2021,0.0891806421738809,0.4697040513807706,0.5,False
AFCG,5,2021-03-25,2021-03-26,2021-04-26,2021,-0.0260489101727224,0.4115761426613157,0.5,False
AFRM,2,2021-01-14,2021-01-15,2021-02-16,2021,0.0648847726970712,0.6016283890761371,0.5,True
AFRM,5,2021-01-20,2021-01-21,2021-02-19,2021,0.0002915156344808,0.48418176884586145,0.5,False
AFRM,10,2021-01-27,2021-01-28,2021-02-26,2021,0.0976890072721144,0.5013122160188711,0.5,True
AFRM,15,2021-02-03,2021-02-04,2021-03-05,2021,0.2345223135048598,0.4484848220042627,0.5,False
AFRM,20,2021-02-10,2021-02-11,2021-03-12,2021,0.4132951215036182,0.43256385478569864,0.5,False
AI,20,2021-01-07,2021-01-08,2021-02-08,2021,-0.1127662807070301,0.529969713984319,0.5,True
AIP,2,2021-10-28,2021-10-29,2021-11-29,2021,-0.4072005081690593,0.4453946766633577,0.5,False
AIP,5,2021-11-02,2021-11-03,2021-12-02,2021,-0.1620794419410334,0.3787826680817638,0.5,False
AIRS,2,2021-11-01,2021-11-02,2021-12-01,2021,0.2415809670845186,0.341962191622211,0.5,False
AIRS,5,2021-11-04,2021-11-05,2021-12-06,2021,0.16804120016619,0.38083591562260294,0.5,False
AIRS,15,2021-11-18,2021-11-19,2021-12-20,2021,0.1444532585838437,0.4146110839738827,0.5,False
ALHC,2,2021-03-29,2021-03-30,2021-04-28,2021,-0.3784578449442729,0.4131353273433185,0.5,False
ALHC,5,2021-04-01,2021-04-05,2021-05-03,2021,-0.0811857097581609,0.34814031439136367,0.5,False
ALHC,10,2021-04-09,2021-04-12,2021-05-10,2021,0.0891177475708032,0.2891782104914109,0.5,False
ALHC,15,2021-04-16,2021-04-19,2021-05-17,2021,0.1044799700397987,0.29070120515343656,0.5,False
ALHC,20,2021-04-23,2021-04-26,2021-05-24,2021,0.0484249504399885,0.3751276807011794,0.5,False
ALKT,2,2021-04-15,2021-04-16,2021-05-14,2021,0.2715089879322308,0.33733359273908897,0.5,False
ALKT,5,2021-04-20,2021-04-21,2021-05-19,2021,0.3055540860972459,0.3246395572678278,0.5,False
ALKT,10,2021-04-27,2021-04-28,2021-05-26,2021,0.2467415504731659,0.37899277710887247,0.5,False
ALKT,15,2021-05-04,2021-05-05,2021-06-03,2021,0.2016119896960391,0.38006442631474663,0.5,False
ALKT,20,2021-05-11,2021-05-12,2021-06-10,2021,0.0818134402684077,0.406150628004073,0.5,False
AMPL,2,2021-09-29,2021-09-30,2021-10-28,2021,-0.3274756041009292,0.5801765955516661,0.5,True
AMPL,5,2021-10-04,2021-10-05,2021-11-02,2021,-0.3952468746356069,0.5996656955142524,0.5,True
AMPL,10,2021-10-11,2021-10-12,2021-11-09,2021,-0.6543137729286103,0.5713130455909795,0.5,True
AMPL,15,2021-10-18,2021-10-19,2021-11-16,2021,-0.1461641250638999,0.45858526959637325,0.5,False
AMPL,20,2021-10-25,2021-10-26,2021-11-23,2021,0.0014712980520204,0.48791394076239364,0.5,False
AOMR,2,2021-06-18,2021-06-21,2021-07-20,2021,0.073290749491655,0.45207770575967193,0.5,False
AOMR,5,2021-06-23,2021-06-24,2021-07-23,2021,0.0520958543538476,0.4574108121179544,0.5,False
APP,2,2021-04-16,2021-04-19,2021-05-17,2021,-0.0731479462801219,0.29070120515343656,0.5,False
APP,5,2021-04-21,2021-04-22,2021-05-20,2021,-0.1276791438250727,0.31981248829823206,0.5,False
APP,10,2021-04-28,2021-04-29,2021-05-27,2021,-0.2164097820094244,0.3451269313947563,0.5,False
APP,15,2021-05-05,2021-05-06,2021-06-04,2021,-0.3075950428796002,0.3688738321953899,0.5,False
APP,20,2021-05-12,2021-05-13,2021-06-11,2021,-0.5939032129854563,0.412406291326769,0.5,False
ARHS,2,2021-11-05,2021-11-08,2021-12-07,2021,0.2397334439435258,0.3462373839954645,0.5,False
ARHS,5,2021-11-10,2021-11-11,2021-12-10,2021,-0.0527868761361564,0.3535690527903185,0.5,False
ARHS,10,2021-11-17,2021-11-18,2021-12-17,2021,0.0007720729018571,0.4542506230674234,0.5,False
ATAI,2,2021-06-21,2021-06-22,2021-07-21,2021,0.1722846509847026,0.45353180026824363,0.5,False
ATAI,5,2021-06-24,2021-06-25,2021-07-26,2021,0.1039472558775924,0.46338910684736,0.5,False
ATAI,10,2021-07-01,2021-07-02,2021-08-02,2021,0.1265780108138858,0.33192378953915813,0.5,False
ATAI,15,2021-07-09,2021-07-12,2021-08-09,2021,0.22397658202826,0.320037761678397,0.5,False
ATAI,20,2021-07-16,2021-07-19,2021-08-16,2021,0.1417833066171189,0.3041301920148557,0.5,False
AURA,2,2021-11-01,2021-11-02,2021-12-01,2021,-0.2720031159756979,0.341962191622211,0.5,False
AURA,5,2021-11-04,2021-11-05,2021-12-06,2021,0.0969231903564558,0.38083591562260294,0.5,False
AVAH,2,2021-04-30,2021-05-03,2021-06-01,2021,-0.0354696117309768,0.37456476664526184,0.5,False
AVAH,5,2021-05-05,2021-05-06,2021-06-04,2021,-0.0591278366270822,0.3688738321953899,0.5,False
AVAH,10,2021-05-12,2021-05-13,2021-06-11,2021,-0.1634162227294488,0.412406291326769,0.5,False
AVAH,15,2021-05-19,2021-05-20,2021-06-18,2021,-0.1659784387534904,0.5042138997660697,0.5,True
AVAH,20,2021-05-26,2021-05-27,2021-06-25,2021,-0.1107330074083914,0.513524579704196,0.5,True
BLND,2,2021-07-19,2021-07-20,2021-08-17,2021,-0.0065276806466979,0.325800598464647,0.5,False
BLND,5,2021-07-22,2021-07-23,2021-08-20,2021,-0.0578340575393848,0.3514395601219814,0.5,False
BLND,10,2021-07-29,2021-07-30,2021-08-27,2021,0.1309146302054978,0.4012870516955659,0.5,False
BLND,15,2021-08-05,2021-08-06,2021-09-03,2021,0.0770091494812328,0.4623547150466174,0.5,False
BLND,20,2021-08-12,2021-08-13,2021-09-13,2021,0.0989035584739545,0.47459234049371124,0.5,False
BLZE,2,2021-11-12,2021-11-15,2021-12-14,2021,0.1783965490512851,0.4805781234671262,0.5,False
BLZE,5,2021-11-17,2021-11-18,2021-12-17,2021,0.3292956068564246,0.4542506230674234,0.5,False
BLZE,10,2021-11-24,2021-11-26,2021-12-27,2021,0.2689742151222051,0.4043099139745202,0.5,False
BLZE,15,2021-12-02,2021-12-03,2022-01-03,2021,0.2734686510988293,0.4324507370108331,0.5,False
BLZE,20,2021-12-09,2021-12-10,2022-01-10,2021,0.37852657246251,0.38229436921171694,0.5,False
BMBL,2,2021-02-12,2021-02-16,2021-03-16,2021,0.058082629593536,0.3924196728163464,0.5,False
BMBL,5,2021-02-18,2021-02-19,2021-03-19,2021,0.0535699295412794,0.4283467419680775,0.5,False
BMBL,10,2021-02-25,2021-02-26,2021-03-26,2021,0.0452533629083728,0.31176593528760277,0.5,False
BMBL,15,2021-03-04,2021-03-05,2021-04-05,2021,0.1152079229192614,0.30057921588486186,0.5,False
BMBL,20,2021-03-11,2021-03-12,2021-04-12,2021,0.2552532650331251,0.3645405413528391,0.5,False
BMEA,2,2021-04-19,2021-04-20,2021-05-18,2021,-0.0286037283414586,0.29514680637044105,0.5,False
BRLT,2,2021-09-24,2021-09-27,2021-10-25,2021,0.2407225648300451,0.514507322836581,0.5,True
BRLT,5,2021-09-29,2021-09-30,2021-10-28,2021,0.1052505540588307,0.5801765955516661,0.5,True
BRLT,10,2021-10-06,2021-10-07,2021-11-04,2021,-0.0568960667109638,0.5902998487679475,0.5,True
BRLT,15,2021-10-13,2021-10-14,2021-11-11,2021,-0.1950547365997658,0.5565717608716122,0.5,True
BRLT,20,2021-10-20,2021-10-21,2021-11-18,2021,-0.2761872041935982,0.4966225437114042,0.5,False
BROS,2,2021-09-16,2021-09-17,2021-10-15,2021,-0.1167950600686123,0.48953467719295,0.5,False
BROS,5,2021-09-21,2021-09-22,2021-10-20,2021,-0.0602782226307876,0.48222572878396064,0.5,False
BROS,10,2021-09-28,2021-09-29,2021-10-27,2021,-0.4795388734090623,0.5026904863546919,0.5,True
BROS,15,2021-10-05,2021-10-06,2021-11-03,2021,-0.5986581980133282,0.5677633043939354,0.5,True
BROS,20,2021-10-12,2021-10-13,2021-11-10,2021,-0.2994913526080664,0.5670584356314313,0.5,True
BRZE,2,2021-11-18,2021-11-19,2021-12-20,2021,0.1697971709423059,0.4146110839738827,0.5,False
BRZE,5,2021-11-23,2021-11-24,2021-12-23,2021,-0.046046547704644,0.41163161027996104,0.5,False
BRZE,10,2021-12-01,2021-12-02,2021-12-31,2021,-0.0432288131867169,0.4491604703487445,0.5,False
BRZE,15,2021-12-08,2021-12-09,2022-01-07,2021,0.0420334844848251,0.4135085183926942,0.5,False
BRZE,20,2021-12-15,2021-12-16,2022-01-14,2021,-0.0544334122620467,0.46539581141214326,0.5,False
BVS,2,2021-02-12,2021-02-16,2021-03-16,2021,0.1687112684074995,0.3924196728163464,0.5,False
BVS,5,2021-02-18,2021-02-19,2021-03-19,2021,-0.0897006307559831,0.4283467419680775,0.5,False
BVS,10,2021-02-25,2021-02-26,2021-03-26,2021,-0.1278708814523132,0.31176593528760277,0.5,False
BWMN,2,2021-05-10,2021-05-11,2021-06-09,2021,0.0982699150194867,0.348765691518251,0.5,False
BZ,2,2021-06-14,2021-06-15,2021-07-14,2021,0.1286500006318987,0.431674878736854,0.5,False
BZ,5,2021-06-17,2021-06-18,2021-07-19,2021,0.0835734491793549,0.4423547498240025,0.5,False
BZ,10,2021-06-24,2021-06-25,2021-07-26,2021,0.2717028841128703,0.46338910684736,0.5,False
BZ,15,2021-07-01,2021-07-02,2021-08-02,2021,0.0417335982282677,0.33192378953915813,0.5,False
BZ,20,2021-07-09,2021-07-12,2021-08-09,2021,0.0096734195861684,0.320037761678397,0.5,False
CADL,2,2021-07-28,2021-07-29,2021-08-26,2021,-0.1554455506442358,0.39634807103103414,0.5,False
CDRE,2,2021-11-05,2021-11-08,2021-12-07,2021,-0.321030863761056,0.3462373839954645,0.5,False
CERT,15,2021-01-04,2021-01-05,2021-02-03,2021,-0.0203169958041091,0.5492638896678741,0.5,True
CERT,20,2021-01-11,2021-01-12,2021-02-10,2021,-0.0459448102287315,0.46848742103852004,0.5,False
CGEM,2,2021-01-11,2021-01-12,2021-02-10,2021,-0.363126736935403,0.46848742103852004,0.5,False
CGEM,5,2021-01-14,2021-01-15,2021-02-16,2021,-0.1026856310142572,0.6016283890761371,0.5,True
CGEM,10,2021-01-22,2021-01-25,2021-02-23,2021,-0.097128581710578,0.5746357701431424,0.5,True
CGEM,15,2021-01-29,2021-02-01,2021-03-02,2021,-0.2608734855564045,0.4763820750497355,0.5,False
CGEM,20,2021-02-05,2021-02-08,2021-03-09,2021,-0.430299899422267,0.46636760090519325,0.5,False
CGTX,2,2021-10-11,2021-10-12,2021-11-09,2021,0.0234485846496077,0.5713130455909795,0.5,True
CINT,2,2021-11-11,2021-11-12,2021-12-13,2021,0.2092573084322863,0.3795900102079397,0.5,False
CINT,5,2021-11-16,2021-11-17,2021-12-16,2021,0.2800060206653046,0.4449519260624663,0.5,False
CINT,10,2021-11-23,2021-11-24,2021-12-23,2021,0.0408450973754926,0.41163161027996104,0.5,False
CINT,15,2021-12-01,2021-12-02,2021-12-31,2021,-0.0625009606234666,0.4491604703487445,0.5,False
CLST,2,2021-10-14,2021-10-15,2021-11-12,2021,0.0549202539508056,0.5001597895504738,0.5,True
CMTG,2,2021-11-04,2021-11-05,2021-12-06,2021,-0.1029914960094151,0.38083591562260294,0.5,False
CMTG,5,2021-11-09,2021-11-10,2021-12-09,2021,-0.0191306215918169,0.3639670993287916,0.5,False
CNM,2,2021-07-26,2021-07-27,2021-08-24,2021,-0.2554163628389092,0.33440866991253815,0.5,False
CNM,5,2021-07-29,2021-07-30,2021-08-27,2021,-0.0351949604181954,0.4012870516955659,0.5,False
CNM,10,2021-08-05,2021-08-06,2021-09-03,2021,-0.0983899434788386,0.4623547150466174,0.5,False
CNM,15,2021-08-12,2021-08-13,2021-09-13,2021,-0.0196879831236121,0.47459234049371124,0.5,False
CNM,20,2021-08-19,2021-08-20,2021-09-20,2021,0.0265780753561753,0.4737656796943389,0.5,False
CNTB,2,2021-03-22,2021-03-23,2021-04-21,2021,0.1062117898478335,0.4697040513807706,0.5,False
CNTB,5,2021-03-25,2021-03-26,2021-04-26,2021,0.0268808390249287,0.4115761426613157,0.5,False
CNTB,10,2021-04-01,2021-04-05,2021-05-03,2021,0.1035259314170641,0.34814031439136367,0.5,False
CNTX,2,2021-10-21,2021-10-22,2021-11-19,2021,0.2078797216749036,0.47545980996538106,0.5,False
CNTX,5,2021-10-26,2021-10-27,2021-11-24,2021,0.3042838909498629,0.4962087036812385,0.5,False
CNTX,10,2021-11-02,2021-11-03,2021-12-02,2021,-0.0124523086567527,0.3787826680817638,0.5,False
CNTX,15,2021-11-09,2021-11-10,2021-12-09,2021,-0.1736960182324226,0.3639670993287916,0.5,False
COCO,2,2021-10-22,2021-10-25,2021-11-22,2021,-0.0539915601504774,0.5018271170708773,0.5,True
COCO,5,2021-10-27,2021-10-28,2021-11-26,2021,-0.1416444294657719,0.5009666436221256,0.5,True
COCO,10,2021-11-03,2021-11-04,2021-12-03,2021,0.1429472445397284,0.3856726664873381,0.5,False
COCO,15,2021-11-10,2021-11-11,2021-12-10,2021,0.2228612756578556,0.3535690527903185,0.5,False
COCO,20,2021-11-17,2021-11-18,2021-12-17,2021,0.4131738839073072,0.4542506230674234,0.5,False
COIN,2,2021-04-15,2021-04-16,2021-05-14,2021,0.1809543538953984,0.33733359273908897,0.5,False
COIN,5,2021-04-20,2021-04-21,2021-05-19,2021,0.2506941745253304,0.3246395572678278,0.5,False
COIN,10,2021-04-27,2021-04-28,2021-05-26,2021,0.1749005057118353,0.37899277710887247,0.5,False
COIN,15,2021-05-04,2021-05-05,2021-06-03,2021,0.1577521788638147,0.38006442631474663,0.5,False
COIN,20,2021-05-11,2021-05-12,2021-06-10,2021,0.2496423988889463,0.406150628004073,0.5,False
COMP,2,2021-04-05,2021-04-06,2021-05-04,2021,0.0694386095449611,0.342934042804077,0.5,False
COMP,5,2021-04-08,2021-04-09,2021-05-07,2021,0.0087431108515908,0.3162349753066671,0.5,False
COMP,10,2021-04-15,2021-04-16,2021-05-14,2021,0.1935352052558093,0.33733359273908897,0.5,False
COMP,15,2021-04-22,2021-04-23,2021-05-21,2021,0.1780260445096751,0.2937441330271034,0.5,False
COMP,20,2021-04-29,2021-04-30,2021-05-28,2021,0.2591131257738498,0.35392885202339347,0.5,False
COUR,2,2021-04-01,2021-04-05,2021-05-03,2021,0.0849042684526529,0.34814031439136367,0.5,False
COUR,5,2021-04-07,2021-04-08,2021-05-06,2021,0.3437593777568873,0.3039482362349781,0.5,False
COUR,10,2021-04-14,2021-04-15,2021-05-13,2021,0.275026540119475,0.3365170641397537,0.5,False
COUR,15,2021-04-21,2021-04-22,2021-05-20,2021,0.0702760381993886,0.31981248829823206,0.5,False
COUR,20,2021-04-28,2021-04-29,2021-05-27,2021,0.1346800882123798,0.3451269313947563,0.5,False
CPNG,2,2021-03-12,2021-03-15,2021-04-13,2021,0.1024889162806131,0.39154311066332187,0.5,False
CPNG,5,2021-03-17,2021-03-18,2021-04-16,2021,0.0006994112845496,0.43679761265952777,0.5,False
CPNG,10,2021-03-24,2021-03-25,2021-04-23,2021,0.0323591942941288,0.482522564511216,0.5,False
CPNG,15,2021-03-31,2021-04-01,2021-04-30,2021,0.1549555234005366,0.4128199378401927,0.5,False
CPNG,20,2021-04-08,2021-04-09,2021-05-07,2021,0.1294640147225982,0.3162349753066671,0.5,False
CRBU,2,2021-07-26,2021-07-27,2021-08-24,2021,-0.6204969780217138,0.33440866991253815,0.5,False
CRBU,5,2021-07-29,2021-07-30,2021-08-27,2021,-0.7325898925788505,0.4012870516955659,0.5,False
CRBU,10,2021-08-05,2021-08-06,2021-09-03,2021,-0.315619992107824,0.4623547150466174,0.5,False
CRBU,15,2021-08-12,2021-08-13,2021-09-13,2021,-0.232275922998303,0.47459234049371124,0.5,False
CRBU,20,2021-08-19,2021-08-20,2021-09-20,2021,0.0574728639757028,0.4737656796943389,0.5,False
CRCT,2,2021-03-29,2021-03-30,2021-04-28,2021,-0.3577932500750352,0.4131353273433185,0.5,False
CRCT,5,2021-04-01,2021-04-05,2021-05-03,2021,-0.2368978973659889,0.34814031439136367,0.5,False
CRCT,10,2021-04-09,2021-04-12,2021-05-10,2021,-0.0336221501050203,0.2891782104914109,0.5,False
CRCT,20,2021-04-23,2021-04-26,2021-05-24,2021,-0.2588542406332825,0.3751276807011794,0.5,False
CTKB,2,2021-07-26,2021-07-27,2021-08-24,2021,-0.3045029954516973,0.33440866991253815,0.5,False
CTKB,5,2021-07-29,2021-07-30,2021-08-27,2021,0.0548769204505283,0.4012870516955659,0.5,False
CTKB,10,2021-08-05,2021-08-06,2021-09-03,2021,0.0306503966660389,0.4623547150466174,0.5,False
CTKB,15,2021-08-12,2021-08-13,2021-09-13,2021,-0.1428272764742502,0.47459234049371124,0.5,False
CTKB,20,2021-08-19,2021-08-20,2021-09-20,2021,-0.2447290963590097,0.4737656796943389,0.5,False
CURV,2,2021-07-02,2021-07-06,2021-08-03,2021,0.0801734278901959,0.3294608743198554,0.5,False
CURV,5,2021-07-08,2021-07-09,2021-08-06,2021,-0.0974499615831417,0.37093274823972666,0.5,False
CURV,10,2021-07-15,2021-07-16,2021-08-13,2021,-0.3159580439898419,0.30493061638138663,0.5,False
CURV,15,2021-07-22,2021-07-23,2021-08-20,2021,-0.3233825949115046,0.3514395601219814,0.5,False
CURV,20,2021-07-29,2021-07-30,2021-08-27,2021,-0.0453830688731241,0.4012870516955659,0.5,False
CVRX,2,2021-07-01,2021-07-02,2021-08-02,2021,0.1417874755642146,0.33192378953915813,0.5,False
CVRX,5,2021-07-07,2021-07-08,2021-08-05,2021,-0.0425251585171132,0.3336430417764497,0.5,False
CXM,2,2021-06-24,2021-06-25,2021-07-26,2021,0.0062110416078976,0.46338910684736,0.5,False
CXM,5,2021-06-29,2021-06-30,2021-07-29,2021,0.2042170886981591,0.39440279381863574,0.5,False
CXM,10,2021-07-07,2021-07-08,2021-08-05,2021,0.022102466669634,0.3336430417764497,0.5,False
CXM,15,2021-07-14,2021-07-15,2021-08-12,2021,0.0716588357955982,0.36654066823091375,0.5,False
CXM,20,2021-07-21,2021-07-22,2021-08-19,2021,0.0375594771175955,0.36884896142796497,0.5,False
DASH,20,2021-01-07,2021-01-08,2021-02-08,2021,-0.1603712635148094,0.529969713984319,0.5,True
DDI,2,2021-09-01,2021-09-02,2021-10-01,2021,-0.0689822289492547,0.4331834643703108,0.5,False
DDI,5,2021-09-07,2021-09-08,2021-10-06,2021,-0.17004308478945,0.4286593733835736,0.5,False
DDL,2,2021-06-30,2021-07-01,2021-07-30,2021,0.2803555524336813,0.41923625073906357,0.5,False
DDL,5,2021-07-06,2021-07-07,2021-08-04,2021,0.1725468767227509,0.3318994508800072,0.5,False
DDL,10,2021-07-13,2021-07-14,2021-08-11,2021,0.1091002272697083,0.38939730371226733,0.5,False
DDL,15,2021-07-20,2021-07-21,2021-08-18,2021,0.1280487520238435,0.35312887864010467,0.5,False
DDL,20,2021-07-27,2021-07-28,2021-08-25,2021,0.0573400947847492,0.38057479058140364,0.5,False
DERM,2,2021-11-15,2021-11-16,2021-12-15,2021,0.2617684387124722,0.45891568377284503,0.5,False
DFH,2,2021-01-22,2021-01-25,2021-02-23,2021,-0.1259966317732571,0.5746357701431424,0.5,True
DFH,5,2021-01-27,2021-01-28,2021-02-26,2021,-0.0722178938558588,0.5013122160188711,0.5,True
DFH,10,2021-02-03,2021-02-04,2021-03-05,2021,0.1496490042080755,0.4484848220042627,0.5,False
DFH,15,2021-02-10,2021-02-11,2021-03-12,2021,0.0792317053265267,0.43256385478569864,0.5,False
DFH,20,2021-02-18,2021-02-19,2021-03-19,2021,0.1088283945900318,0.4283467419680775,0.5,False
DH,2,2021-09-16,2021-09-17,2021-10-15,2021,0.0955972914581998,0.48953467719295,0.5,False
DH,5,2021-09-21,2021-09-22,2021-10-20,2021,0.1431390314698495,0.48222572878396064,0.5,False
DH,10,2021-09-28,2021-09-29,2021-10-27,2021,0.174457219934116,0.5026904863546919,0.5,True
DH,15,2021-10-05,2021-10-06,2021-11-03,2021,0.0573602843811069,0.5677633043939354,0.5,True
DH,20,2021-10-12,2021-10-13,2021-11-10,2021,0.0652633124191001,0.5670584356314313,0.5,True
DIBS,2,2021-06-11,2021-06-14,2021-07-13,2021,-0.0679854472212294,0.39640560029572597,0.5,False
DIBS,5,2021-06-16,2021-06-17,2021-07-16,2021,0.0051182543878061,0.4385647715193793,0.5,False
DLO,2,2021-06-04,2021-06-07,2021-07-06,2021,-0.3769691898894662,0.4708828591269674,0.5,False
DLO,5,2021-06-09,2021-06-10,2021-07-09,2021,-0.5648130750525784,0.3871180725351315,0.5,False
DLO,10,2021-06-16,2021-06-17,2021-07-16,2021,-0.3952233931601005,0.4385647715193793,0.5,False
DLO,15,2021-06-23,2021-06-24,2021-07-23,2021,-0.1449351875431002,0.4574108121179544,0.5,False
DLO,20,2021-06-30,2021-07-01,2021-07-30,2021,0.1145058490265605,0.41923625073906357,0.5,False
DNUT,2,2021-07-02,2021-07-06,2021-08-03,2021,0.1670299337593529,0.3294608743198554,0.5,False
DNUT,5,2021-07-08,2021-07-09,2021-08-06,2021,0.1726003137244589,0.37093274823972666,0.5,False
DNUT,10,2021-07-15,2021-07-16,2021-08-13,2021,0.1220814883720109,0.30493061638138663,0.5,False
DNUT,15,2021-07-22,2021-07-23,2021-08-20,2021,0.0331089714577066,0.3514395601219814,0.5,False
DNUT,20,2021-07-29,2021-07-30,2021-08-27,2021,-0.0518714022643768,0.4012870516955659,0.5,False
DOCN,2,2021-03-25,2021-03-26,2021-04-26,2021,0.0419424219172724,0.4115761426613157,0.5,False
DOCN,5,2021-03-30,2021-03-31,2021-04-29,2021,-0.0156608760646342,0.4531196915594635,0.5,False
DOCN,10,2021-04-07,2021-04-08,2021-05-06,2021,0.0286235895135511,0.3039482362349781,0.5,False
DOCN,15,2021-04-14,2021-04-15,2021-05-13,2021,0.1640120638824476,0.3365170641397537,0.5,False
DOCN,20,2021-04-21,2021-04-22,2021-05-20,2021,-0.0431946532484706,0.31981248829823206,0.5,False
DOCS,2,2021-06-25,2021-06-28,2021-07-27,2021,-0.0307933104230931,0.4616542575585313,0.5,False
DOCS,5,2021-06-30,2021-07-01,2021-07-30,2021,-0.0694892986636349,0.41923625073906357,0.5,False
DOCS,10,2021-07-08,2021-07-09,2021-08-06,2021,-0.0770696712574924,0.37093274823972666,0.5,False
DOCS,15,2021-07-15,2021-07-16,2021-08-13,2021,-0.4215871525786305,0.30493061638138663,0.5,False
DOCS,20,2021-07-22,2021-07-23,2021-08-20,2021,-0.2948009802343271,0.3514395601219814,0.5,False
DOLE,2,2021-08-02,2021-08-03,2021-08-31,2021,-0.0262821784785228,0.43232073970059004,0.5,False
DOLE,5,2021-08-05,2021-08-06,2021-09-03,2021,-0.0452319844638926,0.4623547150466174,0.5,False
DOLE,10,2021-08-12,2021-08-13,2021-09-13,2021,0.0144692596474739,0.47459234049371124,0.5,False
DOLE,15,2021-08-19,2021-08-20,2021-09-20,2021,-0.0416917762089012,0.4737656796943389,0.5,False
DOLE,20,2021-08-26,2021-08-27,2021-09-27,2021,0.0747387152562371,0.41620487930452527,0.5,False
DRVN,2,2021-01-20,2021-01-21,2021-02-19,2021,0.0086538565543457,0.48418176884586145,0.5,False
DRVN,5,2021-01-25,2021-01-26,2021-02-24,2021,-0.0173777971763546,0.5007883246661006,0.5,True
DRVN,10,2021-02-01,2021-02-02,2021-03-03,2021,-0.0358330194859138,0.47638010815845344,0.5,False
DRVN,15,2021-02-08,2021-02-09,2021-03-10,2021,0.1316751077029207,0.4373558249691516,0.5,False
DRVN,20,2021-02-16,2021-02-17,2021-03-17,2021,0.144587887709032,0.3940947434071181,0.5,False
DSGN,2,2021-03-30,2021-03-31,2021-04-29,2021,0.2413160205846808,0.4531196915594635,0.5,False
DSGN,5,2021-04-05,2021-04-06,2021-05-04,2021,0.0790517280636483,0.342934042804077,0.5,False
DSGN,10,2021-04-12,2021-04-13,2021-05-11,2021,-0.0728853081272483,0.34320156452506767,0.5,False
DSP,2,2021-02-11,2021-02-12,2021-03-15,2021,0.1412217140499875,0.41892143921379493,0.5,False
DSP,5,2021-02-17,2021-02-18,2021-03-18,2021,0.1540273397792694,0.3972107777846353,0.5,False
DSP,10,2021-02-24,2021-02-25,2021-03-25,2021,0.1342149769992848,0.37481938097093515,0.5,False
DSP,15,2021-03-03,2021-03-04,2021-04-01,2021,-0.0594095047265745,0.3060666334498849,0.5,False
DSP,20,2021-03-10,2021-03-11,2021-04-09,2021,0.1362968329694399,0.3903006172896874,0.5,False
DUOL,2,2021-07-29,2021-07-30,2021-08-27,2021,0.1236924538741888,0.4012870516955659,0.5,False
DUOL,5,2021-08-03,2021-08-04,2021-09-01,2021,0.0037888657894314,0.43149770541902016,0.5,False
DUOL,10,2021-08-10,2021-08-11,2021-09-09,2021,-0.2210182777402904,0.4641866749217457,0.5,False
DUOL,15,2021-08-17,2021-08-18,2021-09-16,2021,-0.4149080671035847,0.43704125592794923,0.5,False
DUOL,20,2021-08-24,2021-08-25,2021-09-23,2021,-0.6356146090653749,0.427075145748986,0.5,False
DV,2,2021-04-22,2021-04-23,2021-05-21,2021,0.0587612792753361,0.2937441330271034,0.5,False
DV,5,2021-04-27,2021-04-28,2021-05-26,2021,-0.0478324610752852,0.37899277710887247,0.5,False
DV,10,2021-05-04,2021-05-05,2021-06-03,2021,-0.0425599836570109,0.38006442631474663,0.5,False
DV,15,2021-05-11,2021-05-12,2021-06-10,2021,-0.008368013875743,0.406150628004073,0.5,False
DV,20,2021-05-18,2021-05-19,2021-06-17,2021,-0.2672149415851528,0.4949350818488306,0.5,False
ERAS,2,2021-07-19,2021-07-20,2021-08-17,2021,-0.0302275085132438,0.325800598464647,0.5,False
ERAS,5,2021-07-22,2021-07-23,2021-08-20,2021,-0.0701117233222716,0.3514395601219814,0.5,False
ERAS,10,2021-07-29,2021-07-30,2021-08-27,2021,-0.1038433388468675,0.4012870516955659,0.5,False
ERAS,15,2021-08-05,2021-08-06,2021-09-03,2021,-0.1686867570699269,0.4623547150466174,0.5,False
ERAS,20,2021-08-12,2021-08-13,2021-09-13,2021,-0.0861050184438709,0.47459234049371124,0.5,False
EVCM,2,2021-07-02,2021-07-06,2021-08-03,2021,-0.041826659931642,0.3294608743198554,0.5,False
EVCM,5,2021-07-08,2021-07-09,2021-08-06,2021,-0.1140657569624676,0.37093274823972666,0.5,False
EVCM,10,2021-07-15,2021-07-16,2021-08-13,2021,-0.1504466699256554,0.30493061638138663,0.5,False
EVCM,15,2021-07-22,2021-07-23,2021-08-20,2021,-0.1981779886960527,0.3514395601219814,0.5,False
EVCM,20,2021-07-29,2021-07-30,2021-08-27,2021,-0.2268155327847719,0.4012870516955659,0.5,False
EWTX,2,2021-03-29,2021-03-30,2021-04-28,2021,0.2715664277348052,0.4131353273433185,0.5,False
EWTX,5,2021-04-01,2021-04-05,2021-05-03,2021,0.0776236980490027,0.34814031439136367,0.5,False
EWTX,10,2021-04-09,2021-04-12,2021-05-10,2021,0.0913839409139432,0.2891782104914109,0.5,False
EWTX,15,2021-04-16,2021-04-19,2021-05-17,2021,-0.0382416851650145,0.29070120515343656,0.5,False
EWTX,20,2021-04-23,2021-04-26,2021-05-24,2021,-0.0622053355007562,0.3751276807011794,0.5,False
EXFY,2,2021-11-11,2021-11-12,2021-12-13,2021,0.1736052570336371,0.3795900102079397,0.5,False
EXFY,5,2021-11-16,2021-11-17,2021-12-16,2021,0.1765793122561396,0.4449519260624663,0.5,False
EXFY,10,2021-11-23,2021-11-24,2021-12-23,2021,0.152682476114483,0.41163161027996104,0.5,False
EXFY,15,2021-12-01,2021-12-02,2021-12-31,2021,0.0267578943717064,0.4491604703487445,0.5,False
EXFY,20,2021-12-08,2021-12-09,2022-01-07,2021,0.1393736215406612,0.4135085183926942,0.5,False
FA,2,2021-06-24,2021-06-25,2021-07-26,2021,0.0578653982041416,0.46338910684736,0.5,False
FA,5,2021-06-29,2021-06-30,2021-07-29,2021,0.0671869037801545,0.39440279381863574,0.5,False
FA,10,2021-07-07,2021-07-08,2021-08-05,2021,0.0256109029648504,0.3336430417764497,0.5,False
FA,15,2021-07-14,2021-07-15,2021-08-12,2021,-0.1502267899508376,0.36654066823091375,0.5,False
FA,20,2021-07-21,2021-07-22,2021-08-19,2021,-0.1870400744797104,0.36884896142796497,0.5,False
FDMT,15,2021-01-04,2021-01-05,2021-02-03,2021,-0.2718627911398596,0.5492638896678741,0.5,True
FDMT,20,2021-01-11,2021-01-12,2021-02-10,2021,-0.1157135086079719,0.46848742103852004,0.5,False
FIGS,2,2021-05-28,2021-06-01,2021-06-29,2021,-0.3436979954770066,0.5328320030384124,0.5,True
FIGS,5,2021-06-03,2021-06-04,2021-07-02,2021,-0.3708988627284163,0.45767885608490017,0.5,False
FIGS,10,2021-06-10,2021-06-11,2021-07-12,2021,-0.292795578322452,0.35168005435254185,0.5,False
FIGS,15,2021-06-17,2021-06-18,2021-07-19,2021,0.0008033838174958,0.4423547498240025,0.5,False
FIGS,20,2021-06-24,2021-06-25,2021-07-26,2021,0.1745591354412122,0.46338910684736,0.5,False
FINW,2,2021-11-22,2021-11-23,2021-12-22,2021,-0.0308667446061575,0.4186426605103061,0.5,False
FLNC,2,2021-10-29,2021-11-01,2021-11-30,2021,0.0631360009773288,0.3939220761628941,0.5,False
FLNC,5,2021-11-03,2021-11-04,2021-12-03,2021,0.0753850353175474,0.3856726664873381,0.5,False
FLNC,10,2021-11-10,2021-11-11,2021-12-10,2021,0.0582712948197094,0.3535690527903185,0.5,False
FLNC,15,2021-11-17,2021-11-18,2021-12-17,2021,0.1063588940782452,0.4542506230674234,0.5,False
FLNC,20,2021-11-24,2021-11-26,2021-12-27,2021,-0.0132226724237232,0.4043099139745202,0.5,False
FLYW,2,2021-05-27,2021-05-28,2021-06-28,2021,-0.1421234738818136,0.5264873414121761,0.5,True
FLYW,5,2021-06-02,2021-06-03,2021-07-01,2021,-0.0638777468530995,0.4968431878709416,0.5,False
FLYW,10,2021-06-09,2021-06-10,2021-07-09,2021,-0.1713105885138366,0.3871180725351315,0.5,False
FLYW,15,2021-06-16,2021-06-17,2021-07-16,2021,0.0435328361681066,0.4385647715193793,0.5,False
FLYW,20,2021-06-23,2021-06-24,2021-07-23,2021,0.1262923056135841,0.4574108121179544,0.5,False
FRSH,2,2021-09-23,2021-09-24,2021-10-22,2021,0.0131345232190776,0.5252387843147757,0.5,True
FRSH,5,2021-09-28,2021-09-29,2021-10-27,2021,-0.0134769135028628,0.5026904863546919,0.5,True
FRSH,10,2021-10-05,2021-10-06,2021-11-03,2021,0.0071506594385681,0.5677633043939354,0.5,True
FRSH,15,2021-10-12,2021-10-13,2021-11-10,2021,0.119117108361764,0.5670584356314313,0.5,True
FRSH,20,2021-10-19,2021-10-20,2021-11-17,2021,0.0927953324257252,0.45181395755100384,0.5,False
FSBC,2,2021-05-06,2021-05-07,2021-06-07,2021,-0.0857678937963214,0.31811543421728805,0.5,False
FWRG,2,2021-10-04,2021-10-05,2021-11-02,2021,0.1198226080874176,0.5996656955142524,0.5,True
FWRG,5,2021-10-07,2021-10-08,2021-11-05,2021,0.1615402044306963,0.5993014478086892,0.5,True
FWRG,10,2021-10-14,2021-10-15,2021-11-12,2021,0.1070675129038317,0.5001597895504738,0.5,True
FWRG,15,2021-10-21,2021-10-22,2021-11-19,2021,0.0173042063797013,0.47545980996538106,0.5,False
FWRG,20,2021-10-28,2021-10-29,2021-11-29,2021,0.0421422265209799,0.4453946766633577,0.5,False
GANX,2,2021-03-22,2021-03-23,2021-04-21,2021,0.0861910265601983,0.4697040513807706,0.5,False
GFS,2,2021-10-29,2021-11-01,2021-11-30,2021,-0.3257386490950021,0.3939220761628941,0.5,False
GFS,5,2021-11-03,2021-11-04,2021-12-03,2021,-0.2143428475721582,0.3856726664873381,0.5,False
GFS,10,2021-11-10,2021-11-11,2021-12-10,2021,-0.1021604236506048,0.3535690527903185,0.5,False
GFS,15,2021-11-17,2021-11-18,2021-12-17,2021,0.0196791880401721,0.4542506230674234,0.5,False
GFS,20,2021-11-24,2021-11-26,2021-12-27,2021,0.0901026928148253,0.4043099139745202,0.5,False
GHRS,2,2021-06-28,2021-06-29,2021-07-28,2021,0.1365027607649698,0.4515965653118728,0.5,False
GHRS,5,2021-07-01,2021-07-02,2021-08-02,2021,0.0651410490131544,0.33192378953915813,0.5,False
GLBE,2,2021-05-13,2021-05-14,2021-06-14,2021,-0.9058151399215372,0.4172445434875758,0.5,False
GLBE,5,2021-05-18,2021-05-19,2021-06-17,2021,-0.9083034669045966,0.4949350818488306,0.5,False
GLBE,10,2021-05-25,2021-05-26,2021-06-24,2021,-0.7766406076407425,0.5168025950859285,0.5,True
GLBE,15,2021-06-02,2021-06-03,2021-07-01,2021,-0.6253180067807107,0.4968431878709416,0.5,False
GLBE,20,2021-06-09,2021-06-10,2021-07-09,2021,-0.3825476547074208,0.3871180725351315,0.5,False
GLUE,2,2021-06-25,2021-06-28,2021-07-27,2021,-0.136072171732851,0.4616542575585313,0.5,False
GLUE,5,2021-06-30,2021-07-01,2021-07-30,2021,-0.0701429249130284,0.41923625073906357,0.5,False
GLUE,10,2021-07-08,2021-07-09,2021-08-06,2021,-0.4945102675526414,0.37093274823972666,0.5,False
GTLB,2,2021-10-15,2021-10-18,2021-11-15,2021,0.0025511806528727,0.49228580225279833,0.5,False
GTLB,5,2021-10-20,2021-10-21,2021-11-18,2021,-0.033466566158072,0.4966225437114042,0.5,False
GTLB,10,2021-10-27,2021-10-28,2021-11-26,2021,0.0688410413974763,0.5009666436221256,0.5,True
GTLB,15,2021-11-03,2021-11-04,2021-12-03,2021,0.1236042677842099,0.3856726664873381,0.5,False
GTLB,20,2021-11-10,2021-11-11,2021-12-10,2021,0.4337902434690002,0.3535690527903185,0.5,False
HAYW,2,2021-03-15,2021-03-16,2021-04-14,2021,0.0832795633972402,0.42114610191856083,0.5,False
HAYW,5,2021-03-18,2021-03-19,2021-04-19,2021,0.1056761867131003,0.36091943464316995,0.5,False
HAYW,10,2021-03-25,2021-03-26,2021-04-26,2021,-0.0694977482991467,0.4115761426613157,0.5,False
HAYW,15,2021-04-01,2021-04-05,2021-05-03,2021,-0.1874122942071046,0.34814031439136367,0.5,False
HAYW,20,2021-04-09,2021-04-12,2021-05-10,2021,-0.4354060920172112,0.2891782104914109,0.5,False
HEPS,2,2021-07-02,2021-07-06,2021-08-03,2021,0.0928548049752269,0.3294608743198554,0.5,False
HEPS,5,2021-07-08,2021-07-09,2021-08-06,2021,0.052458845836571,0.37093274823972666,0.5,False
HEPS,10,2021-07-15,2021-07-16,2021-08-13,2021,0.014545652399618,0.30493061638138663,0.5,False
HEPS,15,2021-07-22,2021-07-23,2021-08-20,2021,0.0722413359008236,0.3514395601219814,0.5,False
HEPS,20,2021-07-29,2021-07-30,2021-08-27,2021,0.3069648486736279,0.4012870516955659,0.5,False
HNST,2,2021-05-06,2021-05-07,2021-06-07,2021,0.2083433164983339,0.31811543421728805,0.5,False
HNST,5,2021-05-11,2021-05-12,2021-06-10,2021,-0.2704666355680212,0.406150628004073,0.5,False
HNST,10,2021-05-18,2021-05-19,2021-06-17,2021,-0.0017717477950334,0.4949350818488306,0.5,False
HNST,15,2021-05-25,2021-05-26,2021-06-24,2021,-0.0927880548296337,0.5168025950859285,0.5,True
HNST,20,2021-06-02,2021-06-03,2021-07-01,2021,0.2056237095822553,0.4968431878709416,0.5,False
HOOD,2,2021-07-30,2021-08-02,2021-08-30,2021,-0.2128244276912104,0.40900761094946403,0.5,False
HOOD,5,2021-08-04,2021-08-05,2021-09-02,2021,0.3125003103153244,0.4546025895688201,0.5,False
HOOD,10,2021-08-11,2021-08-12,2021-09-10,2021,0.1568275474456726,0.4318960981167963,0.5,False
HOOD,15,2021-08-18,2021-08-19,2021-09-17,2021,0.0360178224314736,0.42387041075167564,0.5,False
HOOD,20,2021-08-25,2021-08-26,2021-09-24,2021,0.0315450341841187,0.40779790140407635,0.5,False
HOWL,2,2021-05-03,2021-05-04,2021-06-02,2021,0.138954939395559,0.34711688808682073,0.5,False
HOWL,5,2021-05-06,2021-05-07,2021-06-07,2021,0.1127121746624382,0.31811543421728805,0.5,False
IHS,2,2021-10-15,2021-10-18,2021-11-15,2021,0.1059554581879328,0.49228580225279833,0.5,False
IHS,5,2021-10-20,2021-10-21,2021-11-18,2021,0.119569576046231,0.4966225437114042,0.5,False
IHS,10,2021-10-27,2021-10-28,2021-11-26,2021,0.1113889044048074,0.5009666436221256,0.5,True
IHS,15,2021-11-03,2021-11-04,2021-12-03,2021,0.1594423655215157,0.3856726664873381,0.5,False
IHS,20,2021-11-10,2021-11-11,2021-12-10,2021,0.1496595767322289,0.3535690527903185,0.5,False
IMCR,2,2021-02-08,2021-02-09,2021-03-10,2021,0.3284209886299045,0.4373558249691516,0.5,False
IMCR,5,2021-02-11,2021-02-12,2021-03-15,2021,0.242286825535137,0.41892143921379493,0.5,False
IMCR,10,2021-02-19,2021-02-22,2021-03-22,2021,0.1052592461169185,0.4117631509029549,0.5,False
IMCR,15,2021-02-26,2021-03-01,2021-03-29,2021,0.2462933914987033,0.3293729329876423,0.5,False
IMRX,2,2021-08-02,2021-08-03,2021-08-31,2021,-0.4418861937801668,0.43232073970059004,0.5,False
IMRX,5,2021-08-05,2021-08-06,2021-09-03,2021,-0.0230253492516232,0.4623547150466174,0.5,False
INNV,2,2021-03-05,2021-03-08,2021-04-06,2021,0.0252679477753274,0.3253275541956898,0.5,False
INNV,5,2021-03-10,2021-03-11,2021-04-09,2021,0.0577936235355965,0.3903006172896874,0.5,False
INNV,10,2021-03-17,2021-03-18,2021-04-16,2021,0.0738796038420513,0.43679761265952777,0.5,False
INTA,2,2021-07-01,2021-07-02,2021-08-02,2021,-0.3395937083399866,0.33192378953915813,0.5,False
INTA,5,2021-07-07,2021-07-08,2021-08-05,2021,-0.1727899281458582,0.3336430417764497,0.5,False
INTA,10,2021-07-14,2021-07-15,2021-08-12,2021,-0.1568066426018549,0.36654066823091375,0.5,False
INTA,15,2021-07-21,2021-07-22,2021-08-19,2021,-0.2700279789195235,0.36884896142796497,0.5,False
INTA,20,2021-07-28,2021-07-29,2021-08-26,2021,-0.2477660817997563,0.39634807103103414,0.5,False
IOT,2,2021-12-16,2021-12-17,2022-01-18,2021,0.0242935650268619,0.47174785023306065,0.5,False
IOT,5,2021-12-21,2021-12-22,2022-01-21,2021,0.1388965300479605,0.512985354858094,0.5,True
IOT,10,2021-12-29,2021-12-30,2022-01-28,2021,0.2445710908052601,0.4716693506661964,0.5,False
IPSC,2,2021-06-21,2021-06-22,2021-07-21,2021,-0.0888678827514598,0.45353180026824363,0.5,False
IPSC,5,2021-06-24,2021-06-25,2021-07-26,2021,-0.1232993023468888,0.46338910684736,0.5,False
IPSC,10,2021-07-01,2021-07-02,2021-08-02,2021,-0.016630441316524,0.33192378953915813,0.5,False
IPSC,15,2021-07-09,2021-07-12,2021-08-09,2021,-0.1174885737904339,0.320037761678397,0.5,False
IPSC,20,2021-07-16,2021-07-19,2021-08-16,2021,-0.0771944795299245,0.3041301920148557,0.5,False
IREN,2,2021-11-18,2021-11-19,2021-12-20,2021,0.2017006735907614,0.4146110839738827,0.5,False
IREN,5,2021-11-23,2021-11-24,2021-12-23,2021,0.1725386704151271,0.41163161027996104,0.5,False
IREN,10,2021-12-01,2021-12-02,2021-12-31,2021,0.1669367450189026,0.4491604703487445,0.5,False
IREN,15,2021-12-08,2021-12-09,2022-01-07,2021,0.1964961377598282,0.4135085183926942,0.5,False
IREN,20,2021-12-15,2021-12-16,2022-01-14,2021,0.0532523009522143,0.46539581141214326,0.5,False
JANX,2,2021-06-14,2021-06-15,2021-07-14,2021,-0.2688380725151018,0.431674878736854,0.5,False
JANX,5,2021-06-17,2021-06-18,2021-07-19,2021,-0.5775857021272812,0.4423547498240025,0.5,False
JANX,10,2021-06-24,2021-06-25,2021-07-26,2021,-0.1144531311226753,0.46338910684736,0.5,False
JANX,15,2021-07-01,2021-07-02,2021-08-02,2021,-0.3713973445740113,0.33192378953915813,0.5,False
JANX,20,2021-07-09,2021-07-12,2021-08-09,2021,-0.1674113780351523,0.320037761678397,0.5,False
KARO,2,2021-04-05,2021-04-06,2021-05-04,2021,-0.0961862795704399,0.342934042804077,0.5,False
KARO,5,2021-04-08,2021-04-09,2021-05-07,2021,-0.1332810857095646,0.3162349753066671,0.5,False
KLTR,2,2021-07-22,2021-07-23,2021-08-20,2021,-0.1406628566562043,0.3514395601219814,0.5,False
KLTR,5,2021-07-27,2021-07-28,2021-08-25,2021,-0.101283854031873,0.38057479058140364,0.5,False
KRT,2,2021-04-16,2021-04-19,2021-05-17,2021,0.0060261698122842,0.29070120515343656,0.5,False
LAW,2,2021-07-22,2021-07-23,2021-08-20,2021,-0.2559042737733855,0.3514395601219814,0.5,False
LAW,5,2021-07-27,2021-07-28,2021-08-25,2021,-0.2965778672714265,0.38057479058140364,0.5,False
LAW,10,2021-08-03,2021-08-04,2021-09-01,2021,-0.2658477546340811,0.43149770541902016,0.5,False
LAW,15,2021-08-10,2021-08-11,2021-09-09,2021,-0.3772518350270401,0.4641866749217457,0.5,False
LAW,20,2021-08-17,2021-08-18,2021-09-16,2021,-0.1041810520420588,0.43704125592794923,0.5,False
LDI,2,2021-02-12,2021-02-16,2021-03-16,2021,0.269689320610379,0.3924196728163464,0.5,False
LDI,5,2021-02-18,2021-02-19,2021-03-19,2021,0.1441704854659371,0.4283467419680775,0.5,False
LDI,10,2021-02-25,2021-02-26,2021-03-26,2021,0.0401309169656016,0.31176593528760277,0.5,False
LDI,15,2021-03-04,2021-03-05,2021-04-05,2021,0.06330085420807,0.30057921588486186,0.5,False
LDI,20,2021-03-11,2021-03-12,2021-04-12,2021,0.0606390277052994,0.3645405413528391,0.5,False
LFST,2,2021-06-11,2021-06-14,2021-07-13,2021,-0.1620080707107848,0.39640560029572597,0.5,False
LFST,5,2021-06-16,2021-06-17,2021-07-16,2021,0.0023691877543785,0.4385647715193793,0.5,False
LFST,10,2021-06-23,2021-06-24,2021-07-23,2021,0.2211168426236794,0.4574108121179544,0.5,False
LFST,15,2021-06-30,2021-07-01,2021-07-30,2021,0.1380334831054861,0.41923625073906357,0.5,False
LFST,20,2021-07-08,2021-07-09,2021-08-06,2021,0.1028960843693047,0.37093274823972666,0.5,False
LTH,2,2021-10-08,2021-10-11,2021-11-08,2021,-0.0593275365657153,0.5838445213339336,0.5,True
LTH,5,2021-10-13,2021-10-14,2021-11-11,2021,-0.1306755443133258,0.5565717608716122,0.5,True
LTH,10,2021-10-20,2021-10-21,2021-11-18,2021,-0.0985166673063761,0.4966225437114042,0.5,False
LTH,15,2021-10-27,2021-10-28,2021-11-26,2021,-0.2587366320583492,0.5009666436221256,0.5,True
LTH,20,2021-11-03,2021-11-04,2021-12-03,2021,-0.1437059839015495,0.3856726664873381,0.5,False
LUCD,2,2021-10-15,2021-10-18,2021-11-15,2021,-0.0282467275000764,0.49228580225279833,0.5,False
LZ,2,2021-07-01,2021-07-02,2021-08-02,2021,0.0185288478568479,0.33192378953915813,0.5,False
LZ,5,2021-07-07,2021-07-08,2021-08-05,2021,-0.0721609068055118,0.3336430417764497,0.5,False
LZ,10,2021-07-14,2021-07-15,2021-08-12,2021,0.0578159722987105,0.36654066823091375,0.5,False
LZ,15,2021-07-21,2021-07-22,2021-08-19,2021,0.098273165516317,0.36884896142796497,0.5,False
LZ,20,2021-07-28,2021-07-29,2021-08-26,2021,0.0163507895500806,0.39634807103103414,0.5,False
MASS,10,2021-01-04,2021-01-05,2021-02-03,2021,-0.2054755578437223,0.5492638896678741,0.5,True
MASS,15,2021-01-11,2021-01-12,2021-02-10,2021,-0.2094133817232303,0.46848742103852004,0.5,False
MASS,20,2021-01-19,2021-01-20,2021-02-18,2021,0.0037677035522305,0.5761451061878251,0.5,True
MDXH,2,2021-11-05,2021-11-08,2021-12-07,2021,0.2082118786187025,0.3462373839954645,0.5,False
MNDY,2,2021-06-11,2021-06-14,2021-07-13,2021,-0.1793158366029401,0.39640560029572597,0.5,False
MNDY,5,2021-06-16,2021-06-17,2021-07-16,2021,0.0630531781644302,0.4385647715193793,0.5,False
MNDY,10,2021-06-23,2021-06-24,2021-07-23,2021,0.152156153985821,0.4574108121179544,0.5,False
MNDY,15,2021-06-30,2021-07-01,2021-07-30,2021,-0.0153096684714235,0.41923625073906357,0.5,False
MNDY,20,2021-07-08,2021-07-09,2021-08-06,2021,-0.0381985837336159,0.37093274823972666,0.5,False
MNTK,2,2021-01-25,2021-01-26,2021-02-24,2021,-0.1756091340362001,0.5007883246661006,0.5,True
MNTK,5,2021-01-28,2021-01-29,2021-03-01,2021,-0.2357914254670217,0.4250207016205119,0.5,False
MOLN,2,2021-06-17,2021-06-18,2021-07-19,2021,0.0031739358582856,0.4423547498240025,0.5,False
MOLN,5,2021-06-22,2021-06-23,2021-07-22,2021,0.0084388493222862,0.4645188219651832,0.5,False
MQ,2,2021-06-10,2021-06-11,2021-07-12,2021,0.1865845647642383,0.35168005435254185,0.5,False
MQ,5,2021-06-15,2021-06-16,2021-07-15,2021,0.1863659535153176,0.4282784085039317,0.5,False
MQ,10,2021-06-22,2021-06-23,2021-07-22,2021,0.1018722063085827,0.4645188219651832,0.5,False
MQ,15,2021-06-29,2021-06-30,2021-07-29,2021,0.0061787984410506,0.39440279381863574,0.5,False
MQ,20,2021-07-07,2021-07-08,2021-08-05,2021,-0.0249684511711589,0.3336430417764497,0.5,False
MXCT,2,2021-08-02,2021-08-03,2021-08-31,2021,0.0342471774213927,0.43232073970059004,0.5,False
MXCT,5,2021-08-05,2021-08-06,2021-09-03,2021,-0.1502773479448895,0.4623547150466174,0.5,False
MXCT,10,2021-08-12,2021-08-13,2021-09-13,2021,0.0063812690344767,0.47459234049371124,0.5,False
MXCT,15,2021-08-19,2021-08-20,2021-09-20,2021,-0.0406719795199577,0.4737656796943389,0.5,False
MXCT,20,2021-08-26,2021-08-27,2021-09-27,2021,-0.0115045422464831,0.41620487930452527,0.5,False
NPCE,2,2021-04-23,2021-04-26,2021-05-24,2021,0.1372189792879623,0.3751276807011794,0.5,False
NPCE,5,2021-04-28,2021-04-29,2021-05-27,2021,0.1406294580766013,0.3451269313947563,0.5,False
NPCE,10,2021-05-05,2021-05-06,2021-06-04,2021,0.0159891066679725,0.3688738321953899,0.5,False
NRDS,2,2021-11-05,2021-11-08,2021-12-07,2021,0.3347265611138059,0.3462373839954645,0.5,False
NRDS,5,2021-11-10,2021-11-11,2021-12-10,2021,0.2897977461386481,0.3535690527903185,0.5,False
NRDS,10,2021-11-17,2021-11-18,2021-12-17,2021,0.3933471719726812,0.4542506230674234,0.5,False
NRDS,15,2021-11-24,2021-11-26,2021-12-27,2021,0.3192561400712783,0.4043099139745202,0.5,False
NRDS,20,2021-12-02,2021-12-03,2022-01-03,2021,0.0069272054088646,0.4324507370108331,0.5,False
NTRB,2,2021-10-04,2021-10-05,2021-11-02,2021,0.1021345132370521,0.5996656955142524,0.5,True
NTRB,10,2021-10-14,2021-10-15,2021-11-12,2021,0.2728840774503684,0.5001597895504738,0.5,True
NU,2,2021-12-10,2021-12-13,2022-01-11,2021,0.1302183944322023,0.3754974466936139,0.5,False
NU,5,2021-12-15,2021-12-16,2022-01-14,2021,0.1704259304962414,0.46539581141214326,0.5,False
NU,10,2021-12-22,2021-12-23,2022-01-24,2021,0.0825963785660055,0.5138008874516069,0.5,True
NU,15,2021-12-30,2021-12-31,2022-01-31,2021,0.0176990216290921,0.42915184694702113,0.5,False
ONON,2,2021-09-16,2021-09-17,2021-10-15,2021,0.2277644200876614,0.48953467719295,0.5,False
ONON,5,2021-09-21,2021-09-22,2021-10-20,2021,0.2351296622516608,0.48222572878396064,0.5,False
ONON,10,2021-09-28,2021-09-29,2021-10-27,2021,-0.0198160531781969,0.5026904863546919,0.5,True
ONON,15,2021-10-05,2021-10-06,2021-11-03,2021,-0.1827108861360332,0.5677633043939354,0.5,True
ONON,20,2021-10-12,2021-10-13,2021-11-10,2021,-0.1494833435435893,0.5670584356314313,0.5,True
OSCR,2,2021-03-04,2021-03-05,2021-04-05,2021,0.3004253071898857,0.30057921588486186,0.5,False
OSCR,5,2021-03-09,2021-03-10,2021-04-08,2021,0.346457457024023,0.3381097519965669,0.5,False
OSCR,10,2021-03-16,2021-03-17,2021-04-15,2021,0.3598006783475341,0.47502666001641153,0.5,False
OSCR,15,2021-03-23,2021-03-24,2021-04-22,2021,0.32593558873278,0.43687359693376265,0.5,False
OSCR,20,2021-03-30,2021-03-31,2021-04-29,2021,0.2540420662176775,0.4531196915594635,0.5,False
PATH,2,2021-04-22,2021-04-23,2021-05-21,2021,-0.0501543406383629,0.2937441330271034,0.5,False
PATH,5,2021-04-27,2021-04-28,2021-05-26,2021,-0.1352306462626791,0.37899277710887247,0.5,False
PATH,10,2021-05-04,2021-05-05,2021-06-03,2021,-0.013478121551824,0.38006442631474663,0.5,False
PATH,15,2021-05-11,2021-05-12,2021-06-10,2021,-0.0505500642057765,0.406150628004073,0.5,False
PATH,20,2021-05-18,2021-05-19,2021-06-17,2021,0.0005832976556577,0.4949350818488306,0.5,False
PAX,2,2021-01-25,2021-01-26,2021-02-24,2021,-0.1127975523846315,0.5007883246661006,0.5,True
PAX,5,2021-01-28,2021-01-29,2021-03-01,2021,-0.1296728577793473,0.4250207016205119,0.5,False
PAX,10,2021-02-04,2021-02-05,2021-03-08,2021,0.0876475581977891,0.47998261535902353,0.5,False
PAX,15,2021-02-11,2021-02-12,2021-03-15,2021,0.1872292068260582,0.41892143921379493,0.5,False
PAX,20,2021-02-19,2021-02-22,2021-03-22,2021,0.1433868914513986,0.4117631509029549,0.5,False
PAY,2,2021-05-27,2021-05-28,2021-06-28,2021,-0.2508736519317942,0.5264873414121761,0.5,True
PAY,5,2021-06-02,2021-06-03,2021-07-01,2021,-0.0179023607133434,0.4968431878709416,0.5,False
PAY,10,2021-06-09,2021-06-10,2021-07-09,2021,-0.2499447526784166,0.3871180725351315,0.5,False
PAY,15,2021-06-16,2021-06-17,2021-07-16,2021,-0.0554770227554189,0.4385647715193793,0.5,False
PAY,20,2021-06-23,2021-06-24,2021-07-23,2021,0.231165158433773,0.4574108121179544,0.5,False
PCOR,2,2021-05-21,2021-05-24,2021-06-22,2021,-0.0881392511430689,0.5154286146093295,0.5,True
PCOR,5,2021-05-26,2021-05-27,2021-06-25,2021,-0.1701286533403164,0.513524579704196,0.5,True
PCOR,10,2021-06-03,2021-06-04,2021-07-02,2021,-0.1717393701978747,0.45767885608490017,0.5,False
PCOR,15,2021-06-10,2021-06-11,2021-07-12,2021,-0.1265198720359461,0.35168005435254185,0.5,False
PCOR,20,2021-06-17,2021-06-18,2021-07-19,2021,-0.1334897731467096,0.4423547498240025,0.5,False
PHVS,2,2021-02-08,2021-02-09,2021-03-10,2021,-0.0578366691741489,0.4373558249691516,0.5,False
PHVS,5,2021-02-11,2021-02-12,2021-03-15,2021,-0.2608385412558199,0.41892143921379493,0.5,False
PHVS,10,2021-02-19,2021-02-22,2021-03-22,2021,0.0430283370097998,0.4117631509029549,0.5,False
PHVS,15,2021-02-26,2021-03-01,2021-03-29,2021,0.3193703789950807,0.3293729329876423,0.5,False
PHVS,20,2021-03-05,2021-03-08,2021-04-06,2021,0.0920613877216013,0.3253275541956898,0.5,False
PLTK,2,2021-01-20,2021-01-21,2021-02-19,2021,-0.0110856436835427,0.48418176884586145,0.5,False
PLTK,5,2021-01-25,2021-01-26,2021-02-24,2021,-0.063684362516413,0.5007883246661006,0.5,True
PLTK,10,2021-02-01,2021-02-02,2021-03-03,2021,-0.0478615878332732,0.47638010815845344,0.5,False
PLTK,15,2021-02-08,2021-02-09,2021-03-10,2021,0.1561431426374453,0.4373558249691516,0.5,False
PLTK,20,2021-02-16,2021-02-17,2021-03-17,2021,0.1848507080301845,0.3940947434071181,0.5,False
PRCT,2,2021-09-16,2021-09-17,2021-10-15,2021,-0.2182858621160547,0.48953467719295,0.5,False
PRCT,5,2021-09-21,2021-09-22,2021-10-20,2021,-0.0850541346882238,0.48222572878396064,0.5,False
PRCT,10,2021-09-28,2021-09-29,2021-10-27,2021,-0.1088204910695238,0.5026904863546919,0.5,True
PRCT,15,2021-10-05,2021-10-06,2021-11-03,2021,-0.165149715799878,0.5677633043939354,0.5,True
PRCT,20,2021-10-12,2021-10-13,2021-11-10,2021,0.0388344393368007,0.5670584356314313,0.5,True
PRVA,2,2021-04-30,2021-05-03,2021-06-01,2021,0.0651682065572614,0.37456476664526184,0.5,False
PRVA,5,2021-05-05,2021-05-06,2021-06-04,2021,0.1132709336217255,0.3688738321953899,0.5,False
PRVA,10,2021-05-12,2021-05-13,2021-06-11,2021,-0.3063232434869296,0.412406291326769,0.5,False
PRVA,15,2021-05-19,2021-05-20,2021-06-18,2021,-0.5366157968800487,0.5042138997660697,0.5,True
PRVA,20,2021-05-26,2021-05-27,2021-06-25,2021,-0.4191714570890124,0.513524579704196,0.5,True
PTLO,2,2021-10-22,2021-10-25,2021-11-22,2021,0.0592145958609319,0.5018271170708773,0.5,True
PTLO,5,2021-10-27,2021-10-28,2021-11-26,2021,-0.0748525155821271,0.5009666436221256,0.5,True
PTLO,10,2021-11-03,2021-11-04,2021-12-03,2021,0.1060315629314733,0.3856726664873381,0.5,False
PTLO,15,2021-11-10,2021-11-11,2021-12-10,2021,0.2031814937903228,0.3535690527903185,0.5,False
PTLO,20,2021-11-17,2021-11-18,2021-12-17,2021,0.2251857349867556,0.4542506230674234,0.5,False
PUBM,20,2021-01-07,2021-01-08,2021-02-08,2021,-0.8897706910087094,0.529969713984319,0.5,True
PYXS,2,2021-10-11,2021-10-12,2021-11-09,2021,0.0444693790650718,0.5713130455909795,0.5,True
PYXS,5,2021-10-14,2021-10-15,2021-11-12,2021,0.0350479083277788,0.5001597895504738,0.5,True
RANI,2,2021-08-02,2021-08-03,2021-08-31,2021,-0.7988953365549408,0.43232073970059004,0.5,False
RBLX,2,2021-03-11,2021-03-12,2021-04-12,2021,0.0101928414842336,0.3645405413528391,0.5,False
RBLX,5,2021-03-16,2021-03-17,2021-04-15,2021,0.004447687851709,0.47502666001641153,0.5,False
RBLX,10,2021-03-23,2021-03-24,2021-04-22,2021,0.052316932995394,0.43687359693376265,0.5,False
RBLX,15,2021-03-30,2021-03-31,2021-04-29,2021,-0.008793981676745,0.4531196915594635,0.5,False
RBLX,20,2021-04-07,2021-04-08,2021-05-06,2021,0.1130023471548355,0.3039482362349781,0.5,False
REFI,2,2021-12-09,2021-12-10,2022-01-10,2021,-0.1264158338377094,0.38229436921171694,0.5,False
RELY,2,2021-09-24,2021-09-27,2021-10-25,2021,0.2426678507936439,0.514507322836581,0.5,True
RELY,5,2021-09-29,2021-09-30,2021-10-28,2021,0.1820039340526556,0.5801765955516661,0.5,True
RELY,10,2021-10-06,2021-10-07,2021-11-04,2021,0.2148693093630915,0.5902998487679475,0.5,True
RELY,15,2021-10-13,2021-10-14,2021-11-11,2021,0.282885585702318,0.5565717608716122,0.5,True
RELY,20,2021-10-20,2021-10-21,2021-11-18,2021,0.253782661590718,0.4966225437114042,0.5,False
RERE,2,2021-06-21,2021-06-22,2021-07-21,2021,0.0395408886862462,0.45353180026824363,0.5,False
RERE,5,2021-06-24,2021-06-25,2021-07-26,2021,0.1112520932338378,0.46338910684736,0.5,False
RERE,10,2021-07-01,2021-07-02,2021-08-02,2021,0.2014745963855118,0.33192378953915813,0.5,False
RERE,20,2021-07-16,2021-07-19,2021-08-16,2021,0.2105352141312321,0.3041301920148557,0.5,False
RIVN,2,2021-11-11,2021-11-12,2021-12-13,2021,0.050967027071942,0.3795900102079397,0.5,False
RIVN,5,2021-11-16,2021-11-17,2021-12-16,2021,0.2916119797735609,0.4449519260624663,0.5,False
RIVN,10,2021-11-23,2021-11-24,2021-12-23,2021,0.174925969035012,0.41163161027996104,0.5,False
RIVN,15,2021-12-01,2021-12-02,2021-12-31,2021,0.2064510186163026,0.4491604703487445,0.5,False
RIVN,20,2021-12-08,2021-12-09,2022-01-07,2021,0.2461310567194954,0.4135085183926942,0.5,False
RNXT,2,2021-08-27,2021-08-30,2021-09-28,2021,0.0220667137434036,0.40210246691954915,0.5,False
RNXT,5,2021-09-01,2021-09-02,2021-10-01,2021,0.2533741458028991,0.4331834643703108,0.5,False
RNXT,10,2021-09-09,2021-09-10,2021-10-08,2021,0.3342042342137281,0.4444732932153014,0.5,False
RNXT,15,2021-09-16,2021-09-17,2021-10-15,2021,0.2233472561185912,0.48953467719295,0.5,False
RNXT,20,2021-09-23,2021-09-24,2021-10-22,2021,0.2415829761216661,0.5252387843147757,0.5,True
RPID,2,2021-07-16,2021-07-19,2021-08-16,2021,0.2109232970979933,0.3041301920148557,0.5,False
RPID,5,2021-07-21,2021-07-22,2021-08-19,2021,0.0444307856094977,0.36884896142796497,0.5,False
RPID,10,2021-07-28,2021-07-29,2021-08-26,2021,-0.0056009783905402,0.39634807103103414,0.5,False
RSKD,2,2021-07-30,2021-08-02,2021-08-30,2021,-0.199218629758262,0.40900761094946403,0.5,False
RSKD,5,2021-08-04,2021-08-05,2021-09-02,2021,-0.1969531864444696,0.4546025895688201,0.5,False
RSKD,10,2021-08-11,2021-08-12,2021-09-10,2021,-0.0805280758190678,0.4318960981167963,0.5,False
RSKD,15,2021-08-18,2021-08-19,2021-09-17,2021,-0.031738718912805,0.42387041075167564,0.5,False
RSKD,20,2021-08-25,2021-08-26,2021-09-24,2021,-0.0396217605859194,0.40779790140407635,0.5,False
RXRX,2,2021-04-19,2021-04-20,2021-05-18,2021,0.1263234935605251,0.29514680637044105,0.5,False
RXRX,5,2021-04-22,2021-04-23,2021-05-21,2021,0.1785634301390346,0.2937441330271034,0.5,False
RXRX,10,2021-04-29,2021-04-30,2021-05-28,2021,0.2201008829667727,0.35392885202339347,0.5,False
RXRX,15,2021-05-06,2021-05-07,2021-06-07,2021,0.0007884693944955,0.31811543421728805,0.5,False
RXRX,20,2021-05-13,2021-05-14,2021-06-14,2021,-0.5644689699913957,0.4172445434875758,0.5,False
RXST,2,2021-08-02,2021-08-03,2021-08-31,2021,0.1155311012714147,0.43232073970059004,0.5,False
RXST,5,2021-08-05,2021-08-06,2021-09-03,2021,-0.1504128286562368,0.4623547150466174,0.5,False
RYAN,2,2021-07-23,2021-07-26,2021-08-23,2021,-0.1223261566533339,0.3574937145041397,0.5,False
RYAN,5,2021-07-28,2021-07-29,2021-08-26,2021,-0.0797557128521464,0.39634807103103414,0.5,False
RYAN,10,2021-08-04,2021-08-05,2021-09-02,2021,-0.1403233211532423,0.4546025895688201,0.5,False
RYAN,15,2021-08-11,2021-08-12,2021-09-10,2021,-0.1352924340175036,0.4318960981167963,0.5,False
RYAN,20,2021-08-18,2021-08-19,2021-09-17,2021,-0.0840898008753539,0.42387041075167564,0.5,False
S,2,2021-07-01,2021-07-02,2021-08-02,2021,-0.2481147533919449,0.33192378953915813,0.5,False
S,5,2021-07-07,2021-07-08,2021-08-05,2021,-0.0345866179676077,0.3336430417764497,0.5,False
S,10,2021-07-14,2021-07-15,2021-08-12,2021,-0.0517184133069395,0.36654066823091375,0.5,False
S,15,2021-07-21,2021-07-22,2021-08-19,2021,-0.1126645080540263,0.36884896142796497,0.5,False
S,20,2021-07-28,2021-07-29,2021-08-26,2021,-0.2341987373223247,0.39634807103103414,0.5,False
SANA,2,2021-02-05,2021-02-08,2021-03-09,2021,0.2822847504823008,0.46636760090519325,0.5,False
SANA,5,2021-02-10,2021-02-11,2021-03-12,2021,0.2649310946628336,0.43256385478569864,0.5,False
SANA,10,2021-02-18,2021-02-19,2021-03-19,2021,0.0575834059682706,0.4283467419680775,0.5,False
SANA,15,2021-02-25,2021-02-26,2021-03-26,2021,0.0600344893255018,0.31176593528760277,0.5,False
SANA,20,2021-03-04,2021-03-05,2021-04-05,2021,-0.1985066537790428,0.30057921588486186,0.5,False
SEER,20,2021-01-04,2021-01-05,2021-02-03,2021,-0.1061455102929237,0.5492638896678741,0.5,True
SERA,2,2021-07-16,2021-07-19,2021-08-16,2021,0.1226221949019414,0.3041301920148557,0.5,False
SG,2,2021-11-19,2021-11-22,2021-12-21,2021,0.3950752074516742,0.4726077669122293,0.5,False
SG,5,2021-11-24,2021-11-26,2021-12-27,2021,0.1475042748801873,0.4043099139745202,0.5,False
SG,10,2021-12-02,2021-12-03,2022-01-03,2021,-0.0055448148623637,0.4324507370108331,0.5,False
SG,15,2021-12-09,2021-12-10,2022-01-10,2021,0.0532095732100257,0.38229436921171694,0.5,False
SG,20,2021-12-16,2021-12-17,2022-01-18,2021,0.1196535295471861,0.47174785023306065,0.5,False
SGHT,2,2021-07-16,2021-07-19,2021-08-16,2021,-0.1549220872732049,0.3041301920148557,0.5,False
SGHT,5,2021-07-21,2021-07-22,2021-08-19,2021,-0.0408722696524549,0.36884896142796497,0.5,False
SGHT,10,2021-07-28,2021-07-29,2021-08-26,2021,0.0476404051051143,0.39634807103103414,0.5,False
SGHT,15,2021-08-04,2021-08-05,2021-09-02,2021,0.2506067270609635,0.4546025895688201,0.5,False
SGHT,20,2021-08-11,2021-08-12,2021-09-10,2021,0.1400955612736869,0.4318960981167963,0.5,False
SHLS,2,2021-01-29,2021-02-01,2021-03-02,2021,-0.0382506406427766,0.4763820750497355,0.5,False
SHLS,5,2021-02-03,2021-02-04,2021-03-05,2021,0.1106700366841898,0.4484848220042627,0.5,False
SHLS,10,2021-02-10,2021-02-11,2021-03-12,2021,0.0473242304831063,0.43256385478569864,0.5,False
SHLS,15,2021-02-18,2021-02-19,2021-03-19,2021,0.1509468076433384,0.4283467419680775,0.5,False
SHLS,20,2021-02-25,2021-02-26,2021-03-26,2021,0.1250414385208511,0.31176593528760277,0.5,False
SKYT,2,2021-04-22,2021-04-23,2021-05-21,2021,-0.3828253058679152,0.2937441330271034,0.5,False
SKYT,5,2021-04-27,2021-04-28,2021-05-26,2021,-0.4384045704721619,0.37899277710887247,0.5,False
SKYT,10,2021-05-04,2021-05-05,2021-06-03,2021,-0.2552088894271394,0.38006442631474663,0.5,False
SKYT,15,2021-05-11,2021-05-12,2021-06-10,2021,-0.345812422452284,0.406150628004073,0.5,False
SKYT,20,2021-05-18,2021-05-19,2021-06-17,2021,-0.6847605555905478,0.4949350818488306,0.5,False
SMWB,2,2021-05-13,2021-05-14,2021-06-14,2021,0.0056967061262159,0.4172445434875758,0.5,False
SMWB,5,2021-05-18,2021-05-19,2021-06-17,2021,0.1052567760530793,0.4949350818488306,0.5,False
SOPH,2,2021-07-26,2021-07-27,2021-08-24,2021,-0.0448138321046898,0.33440866991253815,0.5,False
SOPH,5,2021-07-29,2021-07-30,2021-08-27,2021,-0.2444888633807223,0.4012870516955659,0.5,False
SOPH,10,2021-08-05,2021-08-06,2021-09-03,2021,-0.0762000288449194,0.4623547150466174,0.5,False
SOPH,15,2021-08-12,2021-08-13,2021-09-13,2021,0.0290631068042238,0.47459234049371124,0.5,False
SRAD,2,2021-09-15,2021-09-16,2021-10-14,2021,0.1118280430905111,0.476496487080778,0.5,False
SRAD,5,2021-09-20,2021-09-21,2021-10-19,2021,0.1912233859564148,0.5145035863109761,0.5,True
SRAD,10,2021-09-27,2021-09-28,2021-10-26,2021,0.1535489176718467,0.5300546168131438,0.5,True
SRAD,15,2021-10-04,2021-10-05,2021-11-02,2021,0.1354854300417262,0.5996656955142524,0.5,True
SRAD,20,2021-10-11,2021-10-12,2021-11-09,2021,0.14321485513156,0.5713130455909795,0.5,True
STVN,2,2021-07-19,2021-07-20,2021-08-17,2021,-0.0033754404310195,0.325800598464647,0.5,False
STVN,5,2021-07-22,2021-07-23,2021-08-20,2021,-0.2480563325743289,0.3514395601219814,0.5,False
STVN,10,2021-07-29,2021-07-30,2021-08-27,2021,-0.2486415717644646,0.4012870516955659,0.5,False
STVN,15,2021-08-05,2021-08-06,2021-09-03,2021,-0.322104873297945,0.4623547150466174,0.5,False
STVN,20,2021-08-12,2021-08-13,2021-09-13,2021,-0.2711054088449504,0.47459234049371124,0.5,False
SWIM,2,2021-04-26,2021-04-27,2021-05-25,2021,-0.1459313844599698,0.31945377334904373,0.5,False
SWIM,5,2021-04-29,2021-04-30,2021-05-28,2021,-0.2091969252981424,0.35392885202339347,0.5,False
SWIM,10,2021-05-06,2021-05-07,2021-06-07,2021,-0.0820266022518496,0.31811543421728805,0.5,False
SWIM,15,2021-05-13,2021-05-14,2021-06-14,2021,0.0817233741137304,0.4172445434875758,0.5,False
SWIM,20,2021-05-20,2021-05-21,2021-06-21,2021,-0.0237179519949654,0.5016311819855879,0.5,True
TASK,2,2021-06-14,2021-06-15,2021-07-14,2021,0.0591569909423414,0.431674878736854,0.5,False
TASK,5,2021-06-17,2021-06-18,2021-07-19,2021,0.0533896791797938,0.4423547498240025,0.5,False
TASK,10,2021-06-24,2021-06-25,2021-07-26,2021,0.0868091781206456,0.46338910684736,0.5,False
TASK,15,2021-07-01,2021-07-02,2021-08-02,2021,0.0808616106827169,0.33192378953915813,0.5,False
TASK,20,2021-07-09,2021-07-12,2021-08-09,2021,0.0358871358243944,0.320037761678397,0.5,False
TCBX,2,2021-11-10,2021-11-11,2021-12-10,2021,-0.1528897912260064,0.3535690527903185,0.5,False
TCBX,5,2021-11-15,2021-11-16,2021-12-15,2021,-0.0540992592101469,0.45891568377284503,0.5,False
TCRX,2,2021-07-19,2021-07-20,2021-08-17,2021,-0.1435493335206705,0.325800598464647,0.5,False
TDUP,2,2021-03-29,2021-03-30,2021-04-28,2021,0.4050235238538887,0.4131353273433185,0.5,False
TDUP,5,2021-04-01,2021-04-05,2021-05-03,2021,0.2871928039158195,0.34814031439136367,0.5,False
TDUP,10,2021-04-09,2021-04-12,2021-05-10,2021,-0.0015937009285224,0.2891782104914109,0.5,False
TDUP,15,2021-04-16,2021-04-19,2021-05-17,2021,-0.2601744751336963,0.29070120515343656,0.5,False
TDUP,20,2021-04-23,2021-04-26,2021-05-24,2021,-0.3098442036061741,0.3751276807011794,0.5,False
TKNO,2,2021-06-28,2021-06-29,2021-07-28,2021,0.3524074809470755,0.4515965653118728,0.5,False
TKNO,5,2021-07-01,2021-07-02,2021-08-02,2021,0.0637570873291535,0.33192378953915813,0.5,False
TMCI,2,2021-04-26,2021-04-27,2021-05-25,2021,-0.0075979208509701,0.31945377334904373,0.5,False
TMCI,5,2021-04-29,2021-04-30,2021-05-28,2021,-0.121557183225303,0.35392885202339347,0.5,False
TMCI,10,2021-05-06,2021-05-07,2021-06-07,2021,-0.1644085630678017,0.31811543421728805,0.5,False
TMCI,15,2021-05-13,2021-05-14,2021-06-14,2021,-0.2747617833817888,0.4172445434875758,0.5,False
TMCI,20,2021-05-20,2021-05-21,2021-06-21,2021,-0.1474678339422797,0.5016311819855879,0.5,True
TNYA,2,2021-08-02,2021-08-03,2021-08-31,2021,-0.1158915602634522,0.43232073970059004,0.5,False
TNYA,5,2021-08-05,2021-08-06,2021-09-03,2021,-0.2674197707170629,0.4623547150466174,0.5,False
TNYA,10,2021-08-12,2021-08-13,2021-09-13,2021,-0.0465301991331569,0.47459234049371124,0.5,False
TNYA,15,2021-08-19,2021-08-20,2021-09-20,2021,0.0436102647639748,0.4737656796943389,0.5,False
TNYA,20,2021-08-26,2021-08-27,2021-09-27,2021,0.084135876961942,0.41620487930452527,0.5,False
TOST,2,2021-09-23,2021-09-24,2021-10-22,2021,0.1783160024488947,0.5252387843147757,0.5,True
TOST,5,2021-09-28,2021-09-29,2021-10-27,2021,-0.0095723719833634,0.5026904863546919,0.5,True
TOST,10,2021-10-05,2021-10-06,2021-11-03,2021,-0.130361262087409,0.5677633043939354,0.5,True
TOST,15,2021-10-12,2021-10-13,2021-11-10,2021,0.1004520617806029,0.5670584356314313,0.5,True
TOST,20,2021-10-19,2021-10-20,2021-11-17,2021,0.1487804077179508,0.45181395755100384,0.5,False
TRDA,2,2021-11-01,2021-11-02,2021-12-01,2021,-0.4574878417494832,0.341962191622211,0.5,False
TRDA,5,2021-11-04,2021-11-05,2021-12-06,2021,0.0529219715718936,0.38083591562260294,0.5,False
TRDA,10,2021-11-11,2021-11-12,2021-12-13,2021,0.3415091330557304,0.3795900102079397,0.5,False
TRDA,15,2021-11-18,2021-11-19,2021-12-20,2021,0.5560543324618654,0.4146110839738827,0.5,False
TRDA,20,2021-11-26,2021-11-29,2021-12-28,2021,0.3970691239714186,0.4173345331796325,0.5,False
TUYA,2,2021-03-22,2021-03-23,2021-04-21,2021,0.2965862913923087,0.4697040513807706,0.5,False
TUYA,5,2021-03-25,2021-03-26,2021-04-26,2021,0.054156403698013,0.4115761426613157,0.5,False
TUYA,10,2021-04-01,2021-04-05,2021-05-03,2021,0.1646379814958229,0.34814031439136367,0.5,False
TUYA,15,2021-04-09,2021-04-12,2021-05-10,2021,0.2792110115044283,0.2891782104914109,0.5,False
TUYA,20,2021-04-16,2021-04-19,2021-05-17,2021,0.0364389108513587,0.29070120515343656,0.5,False
TYRA,2,2021-09-16,2021-09-17,2021-10-15,2021,0.2005419612134973,0.48953467719295,0.5,False
TYRA,5,2021-09-21,2021-09-22,2021-10-20,2021,-0.0529125562863457,0.48222572878396064,0.5,False
TYRA,10,2021-09-28,2021-09-29,2021-10-27,2021,-0.2453880837896777,0.5026904863546919,0.5,True
TYRA,15,2021-10-05,2021-10-06,2021-11-03,2021,-1.153566364237275,0.5677633043939354,0.5,True
TYRA,20,2021-10-12,2021-10-13,2021-11-10,2021,-0.770508788848798,0.5670584356314313,0.5,True
ULCC,2,2021-04-05,2021-04-06,2021-05-04,2021,-0.0137918083289161,0.342934042804077,0.5,False
ULCC,5,2021-04-08,2021-04-09,2021-05-07,2021,0.0574762842231685,0.3162349753066671,0.5,False
ULCC,10,2021-04-15,2021-04-16,2021-05-14,2021,-0.0482087265466681,0.33733359273908897,0.5,False
ULCC,15,2021-04-22,2021-04-23,2021-05-21,2021,0.0379963863039846,0.2937441330271034,0.5,False
ULCC,20,2021-04-29,2021-04-30,2021-05-28,2021,-0.0305972068898386,0.35392885202339347,0.5,False
UPST,15,2021-01-07,2021-01-08,2021-02-08,2021,-0.3308050437437769,0.529969713984319,0.5,True
UPST,20,2021-01-14,2021-01-15,2021-02-16,2021,-0.537031746797786,0.6016283890761371,0.5,True
VALN,2,2021-05-07,2021-05-10,2021-06-08,2021,0.0554436361597367,0.34792866213444384,0.5,False
VINP,2,2021-01-29,2021-02-01,2021-03-02,2021,0.0677091811659496,0.4763820750497355,0.5,False
VINP,5,2021-02-03,2021-02-04,2021-03-05,2021,0.0415209296639053,0.4484848220042627,0.5,False
VINP,10,2021-02-10,2021-02-11,2021-03-12,2021,0.2009850022970003,0.43256385478569864,0.5,False
VINP,15,2021-02-18,2021-02-19,2021-03-19,2021,0.2032693002070461,0.4283467419680775,0.5,False
VINP,20,2021-02-25,2021-02-26,2021-03-26,2021,0.1871755317915771,0.31176593528760277,0.5,False
VTEX,2,2021-07-22,2021-07-23,2021-08-20,2021,0.1330437792847937,0.3514395601219814,0.5,False
VTEX,5,2021-07-27,2021-07-28,2021-08-25,2021,-0.0743470037360491,0.38057479058140364,0.5,False
VTEX,10,2021-08-03,2021-08-04,2021-09-01,2021,0.0235472432319947,0.43149770541902016,0.5,False
VTEX,15,2021-08-10,2021-08-11,2021-09-09,2021,0.171567878371594,0.4641866749217457,0.5,False
VTEX,20,2021-08-17,2021-08-18,2021-09-16,2021,0.0492533547352683,0.43704125592794923,0.5,False
WEAV,2,2021-11-12,2021-11-15,2021-12-14,2021,0.1534599975330263,0.4805781234671262,0.5,False
WEAV,5,2021-11-17,2021-11-18,2021-12-17,2021,0.2797486865471889,0.4542506230674234,0.5,False
WEAV,10,2021-11-24,2021-11-26,2021-12-27,2021,0.2695867287549295,0.4043099139745202,0.5,False
WOOF,2,2021-01-15,2021-01-19,2021-02-17,2021,0.1677217178198633,0.5405278853247665,0.5,True
WOOF,5,2021-01-21,2021-01-22,2021-02-22,2021,0.1201650747632708,0.5245429300485187,0.5,True
WOOF,10,2021-01-28,2021-01-29,2021-03-01,2021,0.2252938868096591,0.4250207016205119,0.5,False
WOOF,15,2021-02-04,2021-02-05,2021-03-08,2021,0.1723578967121775,0.47998261535902353,0.5,False
WOOF,20,2021-02-11,2021-02-12,2021-03-15,2021,0.0533419096300381,0.41892143921379493,0.5,False
WRBY,2,2021-09-30,2021-10-01,2021-10-29,2021,0.0289206745981089,0.5613195701077259,0.5,True
WRBY,5,2021-10-05,2021-10-06,2021-11-03,2021,0.0373108923176367,0.5677633043939354,0.5,True
WRBY,10,2021-10-12,2021-10-13,2021-11-10,2021,-0.0342799686791566,0.5670584356314313,0.5,True
WRBY,15,2021-10-19,2021-10-20,2021-11-17,2021,-0.0519796074690976,0.45181395755100384,0.5,False
WRBY,20,2021-10-26,2021-10-27,2021-11-24,2021,0.0800916067408245,0.4962087036812385,0.5,False
XMTR,2,2021-07-01,2021-07-02,2021-08-02,2021,-0.2108944722157959,0.33192378953915813,0.5,False
XMTR,5,2021-07-07,2021-07-08,2021-08-05,2021,-0.2722287564751665,0.3336430417764497,0.5,False
XMTR,10,2021-07-14,2021-07-15,2021-08-12,2021,-0.2836703913243998,0.36654066823091375,0.5,False
XMTR,15,2021-07-21,2021-07-22,2021-08-19,2021,0.0125955951047924,0.36884896142796497,0.5,False
XMTR,20,2021-07-28,2021-07-29,2021-08-26,2021,-0.0513267268846954,0.39634807103103414,0.5,False
XPOF,2,2021-07-26,2021-07-27,2021-08-24,2021,0.041654447889656,0.33440866991253815,0.5,False
YMM,2,2021-06-24,2021-06-25,2021-07-26,2021,0.5538380090744502,0.46338910684736,0.5,False
YMM,5,2021-06-29,2021-06-30,2021-07-29,2021,0.3755010657442127,0.39440279381863574,0.5,False
YMM,10,2021-07-07,2021-07-08,2021-08-05,2021,0.2890801713060625,0.3336430417764497,0.5,False
YMM,15,2021-07-14,2021-07-15,2021-08-12,2021,0.3095925258546864,0.36654066823091375,0.5,False
YMM,20,2021-07-21,2021-07-22,2021-08-19,2021,0.333512304313045,0.36884896142796497,0.5,False
YOU,2,2021-07-01,2021-07-02,2021-08-02,2021,-0.3022255809738831,0.33192378953915813,0.5,False
YOU,5,2021-07-07,2021-07-08,2021-08-05,2021,-0.3456278094880385,0.3336430417764497,0.5,False
YOU,10,2021-07-14,2021-07-15,2021-08-12,2021,-0.3313297605859946,0.36654066823091375,0.5,False
YOU,15,2021-07-21,2021-07-22,2021-08-19,2021,-0.1310276550546403,0.36884896142796497,0.5,False
YOU,20,2021-07-28,2021-07-29,2021-08-26,2021,-0.0817265145689604,0.39634807103103414,0.5,False
ZETA,2,2021-06-11,2021-06-14,2021-07-13,2021,0.2277237983960085,0.39640560029572597,0.5,False
ZETA,5,2021-06-16,2021-06-17,2021-07-16,2021,0.2956128234127726,0.4385647715193793,0.5,False
ZETA,10,2021-06-23,2021-06-24,2021-07-23,2021,0.3219645971901435,0.4574108121179544,0.5,False
ZIM,2,2021-01-29,2021-02-01,2021-03-02,2021,-0.6611177377461023,0.4763820750497355,0.5,False
ZIM,5,2021-02-03,2021-02-04,2021-03-05,2021,-0.3397537789840263,0.4484848220042627,0.5,False
ZIM,10,2021-02-10,2021-02-11,2021-03-12,2021,-0.4306445197329395,0.43256385478569864,0.5,False
ZIM,15,2021-02-18,2021-02-19,2021-03-19,2021,-0.335101737780869,0.4283467419680775,0.5,False
ZIM,20,2021-02-25,2021-02-26,2021-03-26,2021,-0.3072308341496773,0.31176593528760277,0.5,False
ZIP,2,2021-05-27,2021-05-28,2021-06-28,2021,-0.2042944219873846,0.5264873414121761,0.5,True
ZIP,5,2021-06-02,2021-06-03,2021-07-01,2021,-0.0085300795450118,0.4968431878709416,0.5,False
ZIP,10,2021-06-09,2021-06-10,2021-07-09,2021,-0.0488225311931626,0.3871180725351315,0.5,False
ZIP,15,2021-06-16,2021-06-17,2021-07-16,2021,-0.2053118872642446,0.4385647715193793,0.5,False
ZIP,20,2021-06-23,2021-06-24,2021-07-23,2021,-0.0582456234827204,0.4574108121179544,0.5,False
ZVIA,2,2021-07-23,2021-07-26,2021-08-23,2021,0.0714146892905844,0.3574937145041397,0.5,False
ZVIA,5,2021-07-28,2021-07-29,2021-08-26,2021,-0.1228535831170678,0.39634807103103414,0.5,False
ACRV,2,2022-11-16,2022-11-17,2022-12-16,2022,0.2224582468724993,0.4429933744911629,0.5,False
AMLX,2,2022-01-10,2022-01-11,2022-02-09,2022,-0.3097744551980909,0.500939978680138,0.5,True
AMLX,5,2022-01-13,2022-01-14,2022-02-14,2022,-0.045433799056328,0.4775888627293118,0.5,False
AMLX,10,2022-01-21,2022-01-24,2022-02-22,2022,-0.7104619294235303,0.5347280353462649,0.5,True
AMLX,15,2022-01-28,2022-01-31,2022-03-01,2022,-0.4497324956860334,0.5383195056426295,0.5,True
AMLX,20,2022-02-04,2022-02-07,2022-03-08,2022,-0.4145092824626224,0.5500480490954416,0.5,True
ANTX,2,2022-03-28,2022-03-29,2022-04-27,2022,-0.1474566298065666,0.48932784006837093,0.5,False
ATAT,2,2022-11-14,2022-11-15,2022-12-14,2022,-0.2028020146681793,0.4805540270719365,0.5,False
ATAT,5,2022-11-17,2022-11-18,2022-12-19,2022,-0.2060395988761822,0.43749061818081153,0.5,False
ATAT,10,2022-11-25,2022-11-28,2022-12-27,2022,-0.5669504825123167,0.4552898103390732,0.5,False
ATAT,15,2022-12-02,2022-12-05,2023-01-04,2022,-0.1710335811533593,0.44309367546711753,0.5,False
ATAT,20,2022-12-09,2022-12-12,2023-01-11,2022,-0.4555682438195541,0.5947400678381275,0.5,True
BLCO,2,2022-05-09,2022-05-10,2022-06-08,2022,0.1723732548836639,0.6438189775457384,0.5,True
BLCO,5,2022-05-12,2022-05-13,2022-06-13,2022,0.121297991052716,0.6829693969907321,0.5,True
BLCO,10,2022-05-19,2022-05-20,2022-06-21,2022,0.0282062249729071,0.6939426550281749,0.5,True
BLCO,15,2022-05-26,2022-05-27,2022-06-28,2022,0.0406463678687728,0.5875194139991312,0.5,True
BLCO,20,2022-06-03,2022-06-06,2022-07-06,2022,-0.0601570475404089,0.5709222575755042,0.5,True
BLTE,2,2022-05-02,2022-05-03,2022-06-01,2022,-0.4688747409850862,0.5947145337954992,0.5,True
BLTE,5,2022-05-05,2022-05-06,2022-06-06,2022,0.0461868661210004,0.5891688477469494,0.5,True
BLTE,10,2022-05-12,2022-05-13,2022-06-13,2022,-0.6370932563724429,0.6829693969907321,0.5,True
CRBG,2,2022-09-19,2022-09-20,2022-10-18,2022,-0.0832255736315464,0.6609210692496118,0.5,True
CRBG,5,2022-09-22,2022-09-23,2022-10-21,2022,-0.057455424720825,0.7008948070247254,0.5,True
CRBG,10,2022-09-29,2022-09-30,2022-10-28,2022,-0.0893036814267515,0.7035330876213831,0.5,True
CRBG,15,2022-10-06,2022-10-07,2022-11-04,2022,-0.1038409925121131,0.6830947992699921,0.5,True
CRBG,20,2022-10-13,2022-10-14,2022-11-11,2022,-0.0656150910219516,0.6481272278324258,0.5,True
CRDO,2,2022-01-28,2022-01-31,2022-03-01,2022,-0.4064788526839079,0.5383195056426295,0.5,True
CRDO,5,2022-02-02,2022-02-03,2022-03-04,2022,-0.2812286295940214,0.5260263249578828,0.5,True
CRDO,10,2022-02-09,2022-02-10,2022-03-11,2022,-0.1881938014361219,0.4923154447665393,0.5,False
CRDO,15,2022-02-16,2022-02-17,2022-03-18,2022,0.0581338362521504,0.5161560511980307,0.5,True
CRDO,20,2022-02-24,2022-02-25,2022-03-25,2022,0.0440464021257108,0.5230853372944098,0.5,True
ECBK,2,2022-07-29,2022-08-01,2022-08-29,2022,-0.0604058592984625,0.5423729045621041,0.5,True
EE,2,2022-04-14,2022-04-18,2022-05-16,2022,-0.0165231519965173,0.5547906895495096,0.5,True
EE,5,2022-04-20,2022-04-21,2022-05-19,2022,-0.1485116144156842,0.6199490334023564,0.5,True
EE,10,2022-04-27,2022-04-28,2022-05-26,2022,-0.0572472920845069,0.6164433437918959,0.5,True
EE,15,2022-05-04,2022-05-05,2022-06-03,2022,-0.1859534263233835,0.5775570560917325,0.5,True
EE,20,2022-05-11,2022-05-12,2022-06-10,2022,-0.1896050453379736,0.6283820225862348,0.5,True
FGI,2,2022-01-26,2022-01-27,2022-02-25,2022,0.1874859354733558,0.521085804315657,0.5,True
GCT,2,2022-08-19,2022-08-22,2022-09-20,2022,0.6130845660325841,0.46966131005735734,0.5,False
GCT,5,2022-08-24,2022-08-25,2022-09-23,2022,0.3824810473678317,0.46758565387235546,0.5,False
GCT,10,2022-08-31,2022-09-01,2022-09-30,2022,0.149363346361146,0.6550490952095764,0.5,True
GCT,15,2022-09-08,2022-09-09,2022-10-07,2022,0.6144615597252878,0.7155925917398892,0.5,True
GCT,20,2022-09-15,2022-09-16,2022-10-14,2022,0.5513754705583537,0.7156880995243114,0.5,True
IE,2,2022-06-29,2022-06-30,2022-07-29,2022,0.1324174394368521,0.659757409616815,0.5,True
IE,5,2022-07-05,2022-07-06,2022-08-03,2022,0.1321337287572613,0.6601378105322822,0.5,True
IMMX,20,2022-01-13,2022-01-14,2022-02-14,2022,0.1221497040258604,0.4775888627293118,0.5,False
IOT,15,2022-01-05,2022-01-06,2022-02-04,2022,-0.0450034675722919,0.5357739843134227,0.5,True
IOT,20,2022-01-12,2022-01-13,2022-02-11,2022,-0.0578483284714291,0.4688619612258246,0.5,False
MAIA,2,2022-07-29,2022-08-01,2022-08-29,2022,0.4243218392068154,0.5423729045621041,0.5,True
MAIA,5,2022-08-03,2022-08-04,2022-09-01,2022,0.1469299729486956,0.5367125595748012,0.5,True
MBLY,2,2022-10-27,2022-10-28,2022-11-28,2022,0.0021660937410848,0.4835128927606099,0.5,False
MBLY,5,2022-11-01,2022-11-02,2022-12-01,2022,-0.0932553267158788,0.5157168404837325,0.5,True
MBLY,10,2022-11-08,2022-11-09,2022-12-08,2022,-0.1677144286363672,0.4556829502116571,0.5,False
MBLY,15,2022-11-15,2022-11-16,2022-12-15,2022,-0.212404116055181,0.48504331323036903,0.5,False
MBLY,20,2022-11-22,2022-11-23,2022-12-22,2022,-0.2438736151384311,0.4763099183229572,0.5,False
NSTS,2,2022-01-20,2022-01-21,2022-02-18,2022,-0.0677005273645171,0.48869680138637617,0.5,False
NU,20,2022-01-06,2022-01-07,2022-02-07,2022,0.0230040668197246,0.5597778768837932,0.5,True
PEPG,2,2022-05-09,2022-05-10,2022-06-08,2022,0.0720132014462474,0.6438189775457384,0.5,True
PRME,2,2022-10-21,2022-10-24,2022-11-21,2022,-0.0932818455344744,0.5621705990699416,0.5,True
PRME,5,2022-10-26,2022-10-27,2022-11-25,2022,-0.2190875890407574,0.5307750649775246,0.5,True
PRME,10,2022-11-02,2022-11-03,2022-12-02,2022,0.2390859957931738,0.5159093041870527,0.5,True
PRME,15,2022-11-09,2022-11-10,2022-12-09,2022,0.1305634563579915,0.44104595247369915,0.5,False
PRME,20,2022-11-16,2022-11-17,2022-12-16,2022,0.0293456575768041,0.4429933744911629,0.5,False
SKYX,2,2022-02-11,2022-02-14,2022-03-15,2022,-0.3223581577455195,0.5699187069694698,0.5,True
SNAL,2,2022-11-11,2022-11-14,2022-12-13,2022,0.3133071600779249,0.4828274696812363,0.5,False
SNAL,5,2022-11-16,2022-11-17,2022-12-16,2022,0.4535544953331389,0.4429933744911629,0.5,False
TPG,2,2022-01-14,2022-01-18,2022-02-15,2022,-0.0261148573337196,0.4737396457781848,0.5,False
TPG,5,2022-01-20,2022-01-21,2022-02-18,2022,0.06424147329425,0.48869680138637617,0.5,False
TPG,10,2022-01-27,2022-01-28,2022-02-28,2022,0.0336003346757421,0.5417230798071653,0.5,True
TPG,15,2022-02-03,2022-02-04,2022-03-07,2022,0.0822737791671796,0.5508820704767629,0.5,True
TPG,20,2022-02-10,2022-02-11,2022-03-14,2022,0.0620203179379711,0.508070057048412,0.5,True
ABVX,2,2023-10-23,2023-10-24,2023-11-21,2023,-0.1774605104687071,0.6361743650569198,0.5,True
AESI,2,2023-03-10,2023-03-13,2023-04-11,2023,0.0259522541389276,0.49061922948381703,0.5,False
AESI,5,2023-03-15,2023-03-16,2023-04-14,2023,-0.0692304676815201,0.5267829585384924,0.5,True
AESI,10,2023-03-22,2023-03-23,2023-04-21,2023,-0.0710287614093431,0.5190487261189649,0.5,True
AESI,15,2023-03-29,2023-03-30,2023-04-28,2023,-0.0621893909013221,0.5439339021415994,0.5,True
AESI,20,2023-04-05,2023-04-06,2023-05-05,2023,0.0002916304381604,0.5369631924038978,0.5,True
APGE,2,2023-07-17,2023-07-18,2023-08-15,2023,-0.1246720711301117,0.4441144208810509,0.5,False
APGE,5,2023-07-20,2023-07-21,2023-08-18,2023,-0.2611457258203322,0.44031250590362936,0.5,False
ARM,2,2023-09-15,2023-09-18,2023-10-16,2023,0.0488606510762161,0.4574362805724835,0.5,False
ARM,5,2023-09-20,2023-09-21,2023-10-19,2023,-0.0235929396394965,0.46363467456684265,0.5,False
ARM,10,2023-09-27,2023-09-28,2023-10-26,2023,-0.0132436547412907,0.5272937592808401,0.5,True
ARM,15,2023-10-04,2023-10-05,2023-11-02,2023,0.0256323347654,0.5753625723283006,0.5,True
ARM,20,2023-10-11,2023-10-12,2023-11-09,2023,0.0124111548671296,0.5579124930583194,0.5,True
ATMU,2,2023-05-30,2023-05-31,2023-06-29,2023,-0.0018586780345458,0.537147781844741,0.5,True
ATMU,5,2023-06-02,2023-06-05,2023-07-05,2023,-0.0989948062639197,0.5080769296664187,0.5,True
ATMU,10,2023-06-09,2023-06-12,2023-07-12,2023,-0.1725505360792334,0.5165126852340307,0.5,True
ATMU,15,2023-06-16,2023-06-20,2023-07-19,2023,-0.1814971280025034,0.47169730214432193,0.5,False
ATMU,20,2023-06-26,2023-06-27,2023-07-26,2023,-0.0615568000027104,0.514413437363949,0.5,True
BFRG,2,2023-02-15,2023-02-16,2023-03-17,2023,0.3829179148816788,0.46379000718432134,0.5,False
BIRK,2,2023-10-12,2023-10-13,2023-11-10,2023,-0.0928799111528467,0.5618807534725112,0.5,True
BIRK,5,2023-10-17,2023-10-18,2023-11-15,2023,-0.0267844080180344,0.5784476854607996,0.5,True
BIRK,10,2023-10-24,2023-10-25,2023-11-22,2023,0.0078982527023161,0.6116023066966624,0.5,True
BIRK,15,2023-10-31,2023-11-01,2023-11-30,2023,-0.1003926447120752,0.6494103110855385,0.5,True
BIRK,20,2023-11-07,2023-11-08,2023-12-07,2023,-0.0818332182175332,0.6497824551949488,0.5,True
CART,2,2023-09-20,2023-09-21,2023-10-19,2023,0.1317071387344239,0.46363467456684265,0.5,False
CART,5,2023-09-25,2023-09-26,2023-10-24,2023,0.0795372550009562,0.5034270882532156,0.5,True
CART,10,2023-10-02,2023-10-03,2023-10-31,2023,0.022656249617524,0.5753550707105036,0.5,True
CART,15,2023-10-09,2023-10-10,2023-11-07,2023,-0.1793190255851074,0.5662224412488901,0.5,True
CART,20,2023-10-16,2023-10-17,2023-11-14,2023,-0.0374247256535505,0.5857475323447421,0.5,True
CAVA,2,2023-06-16,2023-06-20,2023-07-19,2023,-0.2504997168172824,0.47169730214432193,0.5,False
CAVA,5,2023-06-22,2023-06-23,2023-07-24,2023,-0.3274569121285808,0.48176724538521537,0.5,False
CAVA,10,2023-06-29,2023-06-30,2023-07-31,2023,-0.2844612359994774,0.4654185997796661,0.5,False
CAVA,15,2023-07-07,2023-07-10,2023-08-07,2023,-0.3246680233996217,0.42964872535690657,0.5,False
CAVA,20,2023-07-14,2023-07-17,2023-08-14,2023,-0.0407386471604313,0.41994136290908346,0.5,False
FEBO,2,2023-12-01,2023-12-04,2024-01-03,2023,-0.2336583362634838,0.542963363328836,0.5,True
GENK,2,2023-06-29,2023-06-30,2023-07-31,2023,-0.3161821898210397,0.4654185997796661,0.5,False
GENK,5,2023-07-05,2023-07-06,2023-08-03,2023,-0.1722532888403352,0.45898391795816373,0.5,False
GNLX,2,2023-01-27,2023-01-30,2023-02-28,2023,-1.618284439980571,0.4244744878026117,0.5,False
GPCR,2,2023-02-06,2023-02-07,2023-03-08,2023,-0.040052032252616,0.453291775010792,0.5,False
HG,2,2023-11-13,2023-11-14,2023-12-13,2023,0.0247553810705514,0.6653451824714998,0.5,True
HG,5,2023-11-16,2023-11-17,2023-12-18,2023,0.10330636298868,0.6210755886668767,0.5,True
HG,10,2023-11-24,2023-11-27,2023-12-26,2023,0.1120084998025244,0.5752275350671993,0.5,True
HSAI,2,2023-02-10,2023-02-13,2023-03-14,2023,0.1074085270688005,0.44347165020264595,0.5,False
HSAI,5,2023-02-15,2023-02-16,2023-03-17,2023,0.2718997417161183,0.46379000718432134,0.5,False
HSAI,10,2023-02-23,2023-02-24,2023-03-24,2023,0.1675342408691682,0.46640808948603285,0.5,False
HSAI,15,2023-03-02,2023-03-03,2023-03-31,2023,0.231310150435109,0.49967793352678846,0.5,False
HSAI,20,2023-03-09,2023-03-10,2023-04-10,2023,0.3930239919040644,0.46923133686953655,0.5,False
KGS,2,2023-06-30,2023-07-03,2023-08-01,2023,-0.1440663678374726,0.4531002746772364,0.5,False
KGS,5,2023-07-06,2023-07-07,2023-08-04,2023,-0.1948959460017782,0.4241822985225252,0.5,False
KGS,10,2023-07-13,2023-07-14,2023-08-11,2023,-0.2404247634218077,0.4130487616511493,0.5,False
KGS,15,2023-07-20,2023-07-21,2023-08-18,2023,-0.1796509402794509,0.44031250590362936,0.5,False
KGS,20,2023-07-27,2023-07-28,2023-08-25,2023,-0.0378858384341611,0.45736143020590153,0.5,False
KVUE,2,2023-05-05,2023-05-08,2023-06-06,2023,0.0683059880539189,0.575170627371439,0.5,True
KVUE,5,2023-05-10,2023-05-11,2023-06-09,2023,0.0705078170311231,0.5561204744575685,0.5,True
KVUE,10,2023-05-17,2023-05-18,2023-06-16,2023,0.0952323935619352,0.6031551787182841,0.5,True
KVUE,15,2023-05-24,2023-05-25,2023-06-26,2023,0.0039481910577137,0.582669724770415,0.5,True
KVUE,20,2023-06-01,2023-06-02,2023-07-03,2023,-0.0388634585277189,0.5162687989651674,0.5,True
KVYO,2,2023-09-21,2023-09-22,2023-10-20,2023,0.0838145344824337,0.47836758284851255,0.5,False
KVYO,5,2023-09-26,2023-09-27,2023-10-25,2023,0.1022163397651085,0.5232522446279341,0.5,True
KVYO,10,2023-10-03,2023-10-04,2023-11-01,2023,0.0682585839503094,0.5836473827225697,0.5,True
KVYO,15,2023-10-10,2023-10-11,2023-11-08,2023,0.1907954379581774,0.5489734512815014,0.5,True
KVYO,20,2023-10-17,2023-10-18,2023-11-15,2023,0.1600107733612204,0.5784476854607996,0.5,True
LXEO,2,2023-11-06,2023-11-07,2023-12-06,2023,-0.2983311933100288,0.6481054210701571,0.5,True
MLYS,2,2023-02-13,2023-02-14,2023-03-15,2023,-0.0035693105501729,0.3900285257380835,0.5,False
MNR,2,2023-10-26,2023-10-27,2023-11-27,2023,0.1788986569440121,0.6650792437950619,0.5,True
NMRA,2,2023-09-18,2023-09-19,2023-10-17,2023,0.2718070764472098,0.477240709430371,0.5,False
NMRA,5,2023-09-21,2023-09-22,2023-10-20,2023,-0.0219839123503102,0.47836758284851255,0.5,False
NMRA,10,2023-09-28,2023-09-29,2023-10-27,2023,0.0178779754426545,0.5772848493171413,0.5,True
NMRA,15,2023-10-05,2023-10-06,2023-11-03,2023,0.0039888719466377,0.5682584081770542,0.5,True
NMRA,20,2023-10-12,2023-10-13,2023-11-10,2023,-0.2173482251931689,0.5618807534725112,0.5,True
NXT,2,2023-02-10,2023-02-13,2023-03-14,2023,-0.1326426263817546,0.44347165020264595,0.5,False
NXT,5,2023-02-15,2023-02-16,2023-03-17,2023,-0.0153899868043888,0.46379000718432134,0.5,False
NXT,10,2023-02-23,2023-02-24,2023-03-24,2023,-0.0196651965773913,0.46640808948603285,0.5,False
NXT,15,2023-03-02,2023-03-03,2023-03-31,2023,-0.0942969915706851,0.49967793352678846,0.5,False
NXT,20,2023-03-09,2023-03-10,2023-04-10,2023,-0.0117287769659871,0.46923133686953655,0.5,False
ODD,2,2023-07-20,2023-07-21,2023-08-18,2023,0.0283714156025234,0.44031250590362936,0.5,False
ODD,5,2023-07-25,2023-07-26,2023-08-23,2023,0.0598084830912239,0.39759394860301395,0.5,False
ODD,10,2023-08-01,2023-08-02,2023-08-30,2023,0.1567678925070856,0.48096940569569385,0.5,False
ODD,15,2023-08-08,2023-08-09,2023-09-07,2023,0.2401556830085614,0.5070348048584499,0.5,True
ODD,20,2023-08-15,2023-08-16,2023-09-14,2023,0.1389295392890911,0.5331299458613455,0.5,True
RR,2,2023-11-20,2023-11-21,2023-12-20,2023,0.1693287436210577,0.5840219369506343,0.5,True
SGMT,2,2023-07-17,2023-07-18,2023-08-15,2023,-0.0394403361068045,0.4441144208810509,0.5,False
SKWD,2,2023-01-17,2023-01-18,2023-02-15,2023,-0.0352750837144252,0.5126433544690737,0.5,True
SKWD,5,2023-01-20,2023-01-23,2023-02-21,2023,-0.0373537564020644,0.4395722368294525,0.5,False
SRFM,2,2023-07-28,2023-07-31,2023-08-28,2023,0.3824281327726057,0.4674532243592959,0.5,False
SRFM,5,2023-08-02,2023-08-03,2023-08-31,2023,-0.0131548816532343,0.47797992547043827,0.5,False
SVV,2,2023-06-30,2023-07-03,2023-08-01,2023,0.0006204161887506,0.4531002746772364,0.5,False
SVV,5,2023-07-06,2023-07-07,2023-08-04,2023,-0.0524465993043698,0.4241822985225252,0.5,False
SVV,10,2023-07-13,2023-07-14,2023-08-11,2023,-0.1385076408242468,0.4130487616511493,0.5,False
SVV,15,2023-07-20,2023-07-21,2023-08-18,2023,-0.1914804899245337,0.44031250590362936,0.5,False
SVV,20,2023-07-27,2023-07-28,2023-08-25,2023,-0.056014039307504,0.45736143020590153,0.5,False
TXO,2,2023-01-30,2023-01-31,2023-03-01,2023,-0.1603338429857203,0.475317583061755,0.5,False
VTMX,2,2023-07-03,2023-07-05,2023-08-02,2023,-0.0132494709313439,0.48599472411694344,0.5,False
VTMX,5,2023-07-07,2023-07-10,2023-08-07,2023,0.0409949822240481,0.42964872535690657,0.5,False
VTMX,10,2023-07-14,2023-07-17,2023-08-14,2023,-0.023787219718609,0.41994136290908346,0.5,False
VTMX,15,2023-07-21,2023-07-24,2023-08-21,2023,-0.1532152483831996,0.45482815524957915,0.5,False
VTMX,20,2023-07-28,2023-07-31,2023-08-28,2023,-0.0987838108233788,0.4674532243592959,0.5,False
AHR,2,2024-02-08,2024-02-09,2024-03-11,2024,-0.0589664117356367,0.5094131477076961,0.5,True
AHR,5,2024-02-13,2024-02-14,2024-03-14,2024,-0.0061805428996754,0.4948846774771199,0.5,False
AHR,10,2024-02-21,2024-02-22,2024-03-21,2024,-0.0394661540699046,0.4807549364021692,0.5,False
AHR,15,2024-02-28,2024-02-29,2024-03-28,2024,-0.0917174946719776,0.4882119230892435,0.5,False
AHR,20,2024-03-06,2024-03-07,2024-04-05,2024,-0.0094608901115951,0.5034875970940613,0.5,True
ALAB,2,2024-03-21,2024-03-22,2024-04-22,2024,-0.1020514705407609,0.5062814100626739,0.5,True
ALAB,5,2024-03-26,2024-03-27,2024-04-25,2024,0.0386454884868281,0.5175237966977485,0.5,True
ALAB,10,2024-04-03,2024-04-04,2024-05-02,2024,-0.2192192277149011,0.5248429559050378,0.5,True
ALAB,15,2024-04-10,2024-04-11,2024-05-09,2024,-0.0072652264464504,0.4741521624937643,0.5,False
ALAB,20,2024-04-17,2024-04-18,2024-05-16,2024,-0.0041573953358679,0.49095613458455384,0.5,False
ALMS,2,2024-07-01,2024-07-02,2024-07-31,2024,0.0055825700283682,0.4383493783841958,0.5,False
ANRO,2,2024-02-05,2024-02-06,2024-03-06,2024,0.3170117079142729,0.5194824092632557,0.5,True
ANRO,5,2024-02-08,2024-02-09,2024-03-11,2024,0.2300107217042519,0.5094131477076961,0.5,True
ANRO,10,2024-02-15,2024-02-16,2024-03-18,2024,0.0973134171719893,0.4889647336390476,0.5,False
ARDT,2,2024-07-19,2024-07-22,2024-08-19,2024,-0.0234744984662055,0.42398265028149495,0.5,False
ARDT,5,2024-07-24,2024-07-25,2024-08-22,2024,-0.0056478767937312,0.4311499043151127,0.5,False
ARDT,10,2024-07-31,2024-08-01,2024-08-29,2024,-0.1303078228264239,0.5121630393880994,0.5,True
ARDT,15,2024-08-07,2024-08-08,2024-09-06,2024,-0.1914805196832712,0.524399334400291,0.5,True
ARTV,2,2024-07-22,2024-07-23,2024-08-20,2024,0.2078510411909377,0.41689450530591254,0.5,False
AS,2,2024-02-02,2024-02-05,2024-03-05,2024,-0.0588991133307887,0.483596600865235,0.5,False
AS,5,2024-02-07,2024-02-08,2024-03-08,2024,-0.0162935936020162,0.5236531841124863,0.5,True
AS,10,2024-02-14,2024-02-15,2024-03-15,2024,-0.0117706515512746,0.49408954642537706,0.5,False
AS,15,2024-02-22,2024-02-23,2024-03-22,2024,-0.0493509847240757,0.49298612687654747,0.5,False
AS,20,2024-02-29,2024-03-01,2024-04-01,2024,0.0803833349526456,0.4907903736890067,0.5,False
AUNA,2,2024-03-25,2024-03-26,2024-04-24,2024,0.1817028383921349,0.5135625176205434,0.5,True
AUNA,5,2024-03-28,2024-04-01,2024-04-29,2024,0.2766763228732862,0.5297811469972575,0.5,True
AUNA,10,2024-04-05,2024-04-08,2024-05-06,2024,0.2248808214309241,0.47710740760806375,0.5,False
AUNA,15,2024-04-12,2024-04-15,2024-05-13,2024,-0.1991080571970369,0.4940840033151006,0.5,False
AUNA,20,2024-04-19,2024-04-22,2024-05-20,2024,-0.2559215546013701,0.5191011839660006,0.5,True
AVBP,2,2024-01-29,2024-01-30,2024-02-28,2024,0.0382157598642199,0.4965644329214733,0.5,False
AVBP,5,2024-02-01,2024-02-02,2024-03-04,2024,0.0042101944801304,0.5283244463923817,0.5,True
AVR,2,2024-12-16,2024-12-17,2025-01-17,2024,-0.1093075992537997,0.45403540875555076,0.5,False
BCAX,2,2024-09-16,2024-09-17,2024-10-15,2024,0.2782195135014049,0.47511630597931415,0.5,False
BCAX,5,2024-09-19,2024-09-20,2024-10-18,2024,0.1124608796419095,0.49062105107028053,0.5,False
BCAX,10,2024-09-26,2024-09-27,2024-10-25,2024,0.1135478075885121,0.4522612276153943,0.5,False
BCAX,15,2024-10-03,2024-10-04,2024-11-01,2024,-0.0418511694755431,0.41975200501899457,0.5,False
BCAX,20,2024-10-10,2024-10-11,2024-11-08,2024,-0.2757830838031725,0.4634853613484143,0.5,False
BKV,2,2024-09-27,2024-09-30,2024-10-28,2024,0.0378815621115373,0.42815870101845965,0.5,False
BKV,5,2024-10-02,2024-10-03,2024-10-31,2024,-0.0239439737355166,0.41378976020787805,0.5,False
BKV,10,2024-10-09,2024-10-10,2024-11-07,2024,-0.0479328490839575,0.4487238146260435,0.5,False
BKV,15,2024-10-16,2024-10-17,2024-11-14,2024,-0.1865066629649623,0.45286591639391693,0.5,False
BKV,20,2024-10-23,2024-10-24,2024-11-21,2024,-0.1987155919962048,0.45152503335172167,0.5,False
BOLD,2,2024-04-01,2024-04-02,2024-04-30,2024,0.191782362794723,0.5241388609982562,0.5,True
BOLD,5,2024-04-04,2024-04-05,2024-05-03,2024,0.2639767329950285,0.494680563064109,0.5,False
BOW,2,2024-05-24,2024-05-28,2024-06-26,2024,0.0800875264404007,0.45583145002262443,0.5,False
BOW,5,2024-05-30,2024-05-31,2024-07-01,2024,0.0851670849246805,0.46174108502518374,0.5,False
BOW,10,2024-06-06,2024-06-07,2024-07-09,2024,0.0242662573499633,0.44664393799971225,0.5,False
BOW,15,2024-06-13,2024-06-14,2024-07-16,2024,0.0082576721744526,0.49447651135687604,0.5,False
BTSG,2,2024-01-29,2024-01-30,2024-02-28,2024,0.0903794929096494,0.4965644329214733,0.5,False
BTSG,5,2024-02-01,2024-02-02,2024-03-04,2024,0.2014998866541408,0.5283244463923817,0.5,True
BTSG,10,2024-02-08,2024-02-09,2024-03-11,2024,0.1961837720422254,0.5094131477076961,0.5,True
BTSG,15,2024-02-15,2024-02-16,2024-03-18,2024,0.155212554569411,0.4889647336390476,0.5,False
BTSG,20,2024-02-23,2024-02-26,2024-03-25,2024,-0.0580976564116564,0.5124305094815921,0.5,True
CAMP,2,2024-10-14,2024-10-15,2024-11-12,2024,-0.2093573289565869,0.46559204402973126,0.5,False
CBLL,2,2024-10-14,2024-10-15,2024-11-12,2024,-0.138307617229048,0.46559204402973126,0.5,False
CBLL,5,2024-10-17,2024-10-18,2024-11-15,2024,-0.0126411676920777,0.4929631716287183,0.5,False
CBLL,10,2024-10-24,2024-10-25,2024-11-22,2024,0.0151126319338978,0.47646744264342916,0.5,False
CBLL,15,2024-10-31,2024-11-01,2024-12-02,2024,-0.0464001625906711,0.5262064664774659,0.5,True
CBLL,20,2024-11-07,2024-11-08,2024-12-09,2024,-0.0533849792467413,0.47727618363767726,0.5,False
CGON,2,2024-01-26,2024-01-29,2024-02-27,2024,-0.2518790414294934,0.530331067220354,0.5,True
CGON,5,2024-01-31,2024-02-01,2024-03-01,2024,-0.1315599513462462,0.5014935438188542,0.5,True
CGON,10,2024-02-07,2024-02-08,2024-03-08,2024,0.1536879177664954,0.5236531841124863,0.5,True
CGON,15,2024-02-14,2024-02-15,2024-03-15,2024,0.1139161886263845,0.49408954642537706,0.5,False
CGON,20,2024-02-22,2024-02-23,2024-03-22,2024,0.1232091992518022,0.49298612687654747,0.5,False
CON,2,2024-07-26,2024-07-29,2024-08-26,2024,-0.0224622916208225,0.45839846817430396,0.5,False
CON,5,2024-07-31,2024-08-01,2024-08-29,2024,-0.0308670864668758,0.5121630393880994,0.5,True
CON,10,2024-08-07,2024-08-08,2024-09-06,2024,-0.0742281676319259,0.524399334400291,0.5,True
CON,15,2024-08-14,2024-08-15,2024-09-13,2024,-0.0103581501027805,0.4876753143111788,0.5,False
CON,20,2024-08-21,2024-08-22,2024-09-20,2024,0.0034035472412883,0.46839723618835183,0.5,False
CTNM,2,2024-04-08,2024-04-09,2024-05-07,2024,-0.0214991695311029,0.5086228315159945,0.5,True
CTRI,2,2024-04-22,2024-04-23,2024-05-21,2024,-0.0528849119280229,0.5157925166668238,0.5,True
CTRI,5,2024-04-25,2024-04-26,2024-05-24,2024,-0.042152028844223,0.5421746301629878,0.5,True
CTRI,10,2024-05-02,2024-05-03,2024-06-03,2024,-0.1141340571353257,0.5149173529223753,0.5,True
CTRI,15,2024-05-09,2024-05-10,2024-06-10,2024,-0.0574195505299343,0.4674009557777685,0.5,False
CTRI,20,2024-05-16,2024-05-17,2024-06-17,2024,-0.0148355114461726,0.46697947134854345,0.5,False
FBLA,2,2024-10-24,2024-10-25,2024-11-22,2024,-0.0380820543203627,0.47646744264342916,0.5,False
FLX,2,2024-10-07,2024-10-08,2024-11-05,2024,0.1273457011293717,0.4351519035046771,0.5,False
FVR,2,2024-10-03,2024-10-04,2024-11-01,2024,-0.0060833490873395,0.41975200501899457,0.5,False
FVR,5,2024-10-08,2024-10-09,2024-11-06,2024,0.0137549468936356,0.4445330171002817,0.5,False
FVR,10,2024-10-15,2024-10-16,2024-11-13,2024,-0.011477811775009,0.45373858998489724,0.5,False
FVR,15,2024-10-22,2024-10-23,2024-11-20,2024,0.0244466205072218,0.4759446664731226,0.5,False
FVR,20,2024-10-29,2024-10-30,2024-11-27,2024,-0.0550538880498757,0.49200039502476994,0.5,False
GAUZ,2,2024-06-07,2024-06-10,2024-07-10,2024,0.5050051991435157,0.4521748098807227,0.5,False
GRDN,2,2024-09-27,2024-09-30,2024-10-28,2024,0.0004877161563061,0.42815870101845965,0.5,False
GRDN,5,2024-10-02,2024-10-03,2024-10-31,2024,-0.0925645183427821,0.41378976020787805,0.5,False
GUTS,2,2024-02-05,2024-02-06,2024-03-06,2024,0.2377601979427583,0.5194824092632557,0.5,True
HDL,2,2024-05-20,2024-05-21,2024-06-20,2024,0.2229146295197425,0.47895432759573614,0.5,False
IBTA,2,2024-04-22,2024-04-23,2024-05-21,2024,0.0010400201703628,0.5157925166668238,0.5,True
IBTA,5,2024-04-25,2024-04-26,2024-05-24,2024,0.0211219843755784,0.5421746301629878,0.5,True
IBTA,10,2024-05-02,2024-05-03,2024-06-03,2024,0.1984876056732568,0.5149173529223753,0.5,True
IBTA,15,2024-05-09,2024-05-10,2024-06-10,2024,0.198740093461125,0.4674009557777685,0.5,False
IBTA,20,2024-05-16,2024-05-17,2024-06-17,2024,0.3798993344230171,0.46697947134854345,0.5,False
INGM,2,2024-10-25,2024-10-28,2024-11-25,2024,0.1121014368144843,0.47394884584958474,0.5,False
INGM,5,2024-10-30,2024-10-31,2024-11-29,2024,0.0638557287682275,0.4982001907776272,0.5,False
INGM,10,2024-11-06,2024-11-07,2024-12-06,2024,0.0628527263547596,0.4931650577581917,0.5,False
INGM,15,2024-11-13,2024-11-14,2024-12-13,2024,0.0943857419659224,0.4626979693410511,0.5,False
INGM,20,2024-11-20,2024-11-21,2024-12-20,2024,0.0630603457153204,0.48836607002416815,0.5,False
KLC,2,2024-10-10,2024-10-11,2024-11-08,2024,0.0085659484076529,0.4634853613484143,0.5,False
KLC,5,2024-10-15,2024-10-16,2024-11-13,2024,0.1007560003109385,0.45373858998489724,0.5,False
KLC,10,2024-10-22,2024-10-23,2024-11-20,2024,0.1734402175931125,0.4759446664731226,0.5,False
KLC,15,2024-10-29,2024-10-30,2024-11-27,2024,0.1739613221350986,0.49200039502476994,0.5,False
KLC,20,2024-11-05,2024-11-06,2024-12-05,2024,0.1578034343957362,0.48719426922644626,0.5,False
KSPI,2,2024-01-22,2024-01-23,2024-02-21,2024,-0.0860076763036506,0.47094547590202357,0.5,False
KSPI,5,2024-01-25,2024-01-26,2024-02-26,2024,-0.102471413935693,0.5275282813118573,0.5,True
KSPI,10,2024-02-01,2024-02-02,2024-03-04,2024,-0.1276225383443045,0.5283244463923817,0.5,True
KSPI,15,2024-02-08,2024-02-09,2024-03-11,2024,-0.222795717346319,0.5094131477076961,0.5,True
KSPI,20,2024-02-15,2024-02-16,2024-03-18,2024,-0.222195468996186,0.4889647336390476,0.5,False
KYTX,2,2024-02-12,2024-02-13,2024-03-13,2024,0.0052120410372696,0.5313428052315422,0.5,True
KYTX,5,2024-02-15,2024-02-16,2024-03-18,2024,0.0910526612987633,0.4889647336390476,0.5,False
KYTX,10,2024-02-23,2024-02-26,2024-03-25,2024,0.1552526636725828,0.5124305094815921,0.5,True
KYTX,15,2024-03-01,2024-03-04,2024-04-02,2024,0.16732162732035,0.4950151876736866,0.5,False
KYTX,20,2024-03-08,2024-03-11,2024-04-09,2024,0.1193504271081502,0.49930609235505713,0.5,False
LB,2,2024-07-01,2024-07-02,2024-07-31,2024,-0.4546657239504251,0.4383493783841958,0.5,False
LB,5,2024-07-05,2024-07-08,2024-08-05,2024,-0.1515791037262769,0.4584836752326098,0.5,False
LB,10,2024-07-12,2024-07-15,2024-08-12,2024,-0.1589203376546717,0.477899639296507,0.5,False
LB,15,2024-07-19,2024-07-22,2024-08-19,2024,-0.2319365865713291,0.42398265028149495,0.5,False
LB,20,2024-07-26,2024-07-29,2024-08-26,2024,-0.2710723340492018,0.45839846817430396,0.5,False
LIF,2,2024-06-07,2024-06-10,2024-07-10,2024,-0.2030715329950596,0.4521748098807227,0.5,False
LIF,5,2024-06-12,2024-06-13,2024-07-15,2024,-0.2399090150901098,0.44042756439961817,0.5,False
LIF,10,2024-06-20,2024-06-21,2024-07-22,2024,-0.0571410842946644,0.477521495411069,0.5,False
LIF,15,2024-06-27,2024-06-28,2024-07-29,2024,-0.0426842267381226,0.4524146723660428,0.5,False
LIF,20,2024-07-05,2024-07-08,2024-08-05,2024,0.0033380811004582,0.4584836752326098,0.5,False
LINE,2,2024-07-26,2024-07-29,2024-08-26,2024,-0.0148916914962592,0.45839846817430396,0.5,False
LINE,5,2024-07-31,2024-08-01,2024-08-29,2024,0.0327517089406434,0.5121630393880994,0.5,True
LINE,10,2024-08-07,2024-08-08,2024-09-06,2024,0.0827438218587842,0.524399334400291,0.5,True
LINE,15,2024-08-14,2024-08-15,2024-09-13,2024,-0.0064836530841321,0.4876753143111788,0.5,False
LINE,20,2024-08-21,2024-08-22,2024-09-20,2024,0.0341058382298132,0.46839723618835183,0.5,False
LOAR,2,2024-04-26,2024-04-29,2024-05-28,2024,-0.0245365505017481,0.5241205765904382,0.5,True
LOAR,5,2024-05-01,2024-05-02,2024-05-31,2024,-0.1196143243194121,0.4939594910235109,0.5,False
LOAR,10,2024-05-08,2024-05-09,2024-06-07,2024,-0.2134558111583175,0.49960211122808795,0.5,False
LOAR,15,2024-05-15,2024-05-16,2024-06-14,2024,-0.1585589614110088,0.4465965545205701,0.5,False
LOAR,20,2024-05-22,2024-05-23,2024-06-24,2024,0.0293445699082659,0.4751458778096437,0.5,False
MBX,2,2024-09-16,2024-09-17,2024-10-15,2024,-0.0892618513839077,0.47511630597931415,0.5,False
MGX,2,2024-02-12,2024-02-13,2024-03-13,2024,0.0373614027241061,0.5313428052315422,0.5,True
MGX,5,2024-02-15,2024-02-16,2024-03-18,2024,0.0928477824945463,0.4889647336390476,0.5,False
MRX,2,2024-04-26,2024-04-29,2024-05-28,2024,-0.166966140761835,0.5241205765904382,0.5,True
MRX,5,2024-05-01,2024-05-02,2024-05-31,2024,-0.0322897759887414,0.4939594910235109,0.5,False
MRX,10,2024-05-08,2024-05-09,2024-06-07,2024,-0.0371036452065702,0.49960211122808795,0.5,False
MRX,15,2024-05-15,2024-05-16,2024-06-14,2024,-0.0014315467887177,0.4465965545205701,0.5,False
MRX,20,2024-05-22,2024-05-23,2024-06-24,2024,0.1163222195227737,0.4751458778096437,0.5,False
NBBK,2,2023-12-29,2024-01-02,2024-01-31,2024,-0.0419804729131646,0.5032555621082324,0.5,True
NBBK,5,2024-01-04,2024-01-05,2024-02-05,2024,0.0233747465722651,0.46350105344492526,0.5,False
NBBK,10,2024-01-11,2024-01-12,2024-02-12,2024,0.0182744036746648,0.48677080993399185,0.5,False
NBBK,15,2024-01-19,2024-01-22,2024-02-20,2024,-0.0012432135649146,0.46113345563639696,0.5,False
NBBK,20,2024-01-26,2024-01-29,2024-02-27,2024,0.0434543962531658,0.530331067220354,0.5,True
PACS,2,2024-04-12,2024-04-15,2024-05-13,2024,-0.0482034349850583,0.4940840033151006,0.5,False
PACS,5,2024-04-17,2024-04-18,2024-05-16,2024,-0.1621522646047239,0.49095613458455384,0.5,False
PACS,10,2024-04-24,2024-04-25,2024-05-23,2024,-0.1858693982259931,0.5265067927178632,0.5,True
PACS,15,2024-05-01,2024-05-02,2024-05-31,2024,-0.2317830282372131,0.4939594910235109,0.5,False
PACS,20,2024-05-08,2024-05-09,2024-06-07,2024,-0.2121165652102598,0.49960211122808795,0.5,False
PAL,2,2024-05-10,2024-05-13,2024-06-11,2024,0.0327006135622774,0.48343278028614106,0.5,False
PONY,2,2024-11-29,2024-12-02,2024-12-31,2024,-0.1627112081089424,0.4383829800141817,0.5,False
PONY,5,2024-12-04,2024-12-05,2025-01-06,2024,-0.3242466363926153,0.46324798373303544,0.5,False
PONY,10,2024-12-11,2024-12-12,2025-01-14,2024,-0.0898347183939011,0.4237125296110054,0.5,False
PONY,15,2024-12-18,2024-12-19,2025-01-22,2024,-0.064022419243038,0.49774646050952337,0.5,False
PONY,20,2024-12-26,2024-12-27,2025-01-29,2024,0.040582761830067,0.48527231837419277,0.5,False
RAPP,2,2024-06-10,2024-06-11,2024-07-11,2024,0.0805277911518685,0.46185322364062464,0.5,False
RAPP,5,2024-06-13,2024-06-14,2024-07-16,2024,-0.1889138365199368,0.49447651135687604,0.5,False
RAPP,10,2024-06-21,2024-06-24,2024-07-23,2024,0.0671567102082713,0.46952056453704266,0.5,False
RAPP,15,2024-06-28,2024-07-01,2024-07-30,2024,0.0741646763302442,0.4507802231638899,0.5,False
RAPP,20,2024-07-08,2024-07-09,2024-08-06,2024,-0.0946906689441367,0.47284988340889356,0.5,False
RBRK,2,2024-04-26,2024-04-29,2024-05-28,2024,0.1316292735561757,0.5241205765904382,0.5,True
RBRK,5,2024-05-01,2024-05-02,2024-05-31,2024,0.115024668889143,0.4939594910235109,0.5,False
RBRK,10,2024-05-08,2024-05-09,2024-06-07,2024,0.0054665744737066,0.49960211122808795,0.5,False
RBRK,15,2024-05-15,2024-05-16,2024-06-14,2024,0.0980322181235581,0.4465965545205701,0.5,False
RBRK,20,2024-05-22,2024-05-23,2024-06-24,2024,0.1427918042061834,0.4751458778096437,0.5,False
RDDT,2,2024-03-22,2024-03-25,2024-04-23,2024,0.0196835691601874,0.5093346774425638,0.5,True
RDDT,5,2024-03-27,2024-03-28,2024-04-26,2024,0.0982983087524713,0.4624894445295517,0.5,False
RDDT,10,2024-04-04,2024-04-05,2024-05-03,2024,-0.0597911462339215,0.494680563064109,0.5,False
RDDT,15,2024-04-11,2024-04-12,2024-05-10,2024,-0.2565111913863733,0.5017655375898847,0.5,True
RDDT,20,2024-04-18,2024-04-19,2024-05-17,2024,-0.5178736806932164,0.5002980932662339,0.5,True
SARO,2,2024-10-03,2024-10-04,2024-11-01,2024,0.0987526355460056,0.41975200501899457,0.5,False
SARO,5,2024-10-08,2024-10-09,2024-11-06,2024,0.1063327574167574,0.4445330171002817,0.5,False
SARO,10,2024-10-15,2024-10-16,2024-11-13,2024,0.1179512064330839,0.45373858998489724,0.5,False
SARO,15,2024-10-22,2024-10-23,2024-11-20,2024,0.0589647267321316,0.4759446664731226,0.5,False
SARO,20,2024-10-29,2024-10-30,2024-11-27,2024,0.0056962238193289,0.49200039502476994,0.5,False
SDHC,2,2024-01-12,2024-01-16,2024-02-13,2024,-0.1237091893503012,0.4561845688853534,0.5,False
SDHC,5,2024-01-18,2024-01-19,2024-02-16,2024,-0.0904258358214149,0.4636770033585711,0.5,False
SDHC,10,2024-01-25,2024-01-26,2024-02-26,2024,-0.0770712021861076,0.5275282813118573,0.5,True
SDHC,15,2024-02-01,2024-02-02,2024-03-04,2024,-0.2278716887981265,0.5283244463923817,0.5,True
SEPN,2,2024-10-28,2024-10-29,2024-11-26,2024,-0.151883894711871,0.4866163050819685,0.5,False
SEPN,5,2024-10-31,2024-11-01,2024-12-02,2024,-0.0290574281240162,0.5262064664774659,0.5,True
SEPN,10,2024-11-07,2024-11-08,2024-12-09,2024,0.1067770963742419,0.47727618363767726,0.5,False
SEPN,15,2024-11-14,2024-11-15,2024-12-16,2024,0.0189193178430556,0.46804861153521204,0.5,False
SVCO,2,2024-05-10,2024-05-13,2024-06-11,2024,0.0696955701448641,0.48343278028614106,0.5,False
SVCO,5,2024-05-15,2024-05-16,2024-06-14,2024,0.1151911908527941,0.4465965545205701,0.5,False
TBBB,2,2024-02-12,2024-02-13,2024-03-13,2024,-0.0735448413302349,0.5313428052315422,0.5,True
TBBB,5,2024-02-15,2024-02-16,2024-03-18,2024,-0.0830305874691562,0.4889647336390476,0.5,False
TBBB,10,2024-02-23,2024-02-26,2024-03-25,2024,-0.1621157823714132,0.5124305094815921,0.5,True
TBBB,15,2024-03-01,2024-03-04,2024-04-02,2024,-0.108348301932495,0.4950151876736866,0.5,False
TBBB,20,2024-03-08,2024-03-11,2024-04-09,2024,-0.0562805315685442,0.49930609235505713,0.5,False
TBN,2,2024-06-28,2024-07-01,2024-07-30,2024,-0.1219767658541473,0.4507802231638899,0.5,False
TEM,2,2024-06-17,2024-06-18,2024-07-18,2024,-0.0983803351974194,0.4739487852868273,0.5,False
TEM,5,2024-06-21,2024-06-24,2024-07-23,2024,-0.3896100177151345,0.46952056453704266,0.5,False
TEM,10,2024-06-28,2024-07-01,2024-07-30,2024,-0.2842857380324259,0.4507802231638899,0.5,False
TEM,15,2024-07-08,2024-07-09,2024-08-06,2024,-0.2360025278828619,0.47284988340889356,0.5,False
TEM,20,2024-07-15,2024-07-16,2024-08-13,2024,-0.1580383287591308,0.48447161871570005,0.5,False
TTAN,2,2024-12-13,2024-12-16,2025-01-16,2024,-0.0705871035816423,0.4642384743238274,0.5,False
TTAN,5,2024-12-18,2024-12-19,2025-01-22,2024,0.1211577986880185,0.49774646050952337,0.5,False
TTAN,10,2024-12-26,2024-12-27,2025-01-29,2024,0.0500804773664076,0.48527231837419277,0.5,False
TWFG,2,2024-07-19,2024-07-22,2024-08-19,2024,-0.1835537456936817,0.42398265028149495,0.5,False
TWFG,5,2024-07-24,2024-07-25,2024-08-22,2024,-0.1671501379502228,0.4311499043151127,0.5,False
TWFG,10,2024-07-31,2024-08-01,2024-08-29,2024,-0.1012492488519084,0.5121630393880994,0.5,True
TWFG,15,2024-08-07,2024-08-08,2024-09-06,2024,-0.2510621791272609,0.524399334400291,0.5,True
TWFG,20,2024-08-14,2024-08-15,2024-09-13,2024,-0.163893549874725,0.4876753143111788,0.5,False
ULS,2,2024-04-15,2024-04-16,2024-05-14,2024,-0.0349359067529955,0.47119129375819196,0.5,False
ULS,5,2024-04-18,2024-04-19,2024-05-17,2024,-0.0430809989427047,0.5002980932662339,0.5,True
ULS,10,2024-04-25,2024-04-26,2024-05-24,2024,-0.2174666997899496,0.5421746301629878,0.5,True
ULS,15,2024-05-02,2024-05-03,2024-06-03,2024,-0.1006818078395867,0.5149173529223753,0.5,True
ULS,20,2024-05-09,2024-05-10,2024-06-10,2024,-0.0850174065293451,0.4674009557777685,0.5,False
UPB,2,2024-10-14,2024-10-15,2024-11-12,2024,-0.1456206618474922,0.46559204402973126,0.5,False
UPB,5,2024-10-17,2024-10-18,2024-11-15,2024,-0.088915557749094,0.4929631716287183,0.5,False
UPB,10,2024-10-24,2024-10-25,2024-11-22,2024,0.2803737797632948,0.47646744264342916,0.5,False
UPB,15,2024-10-31,2024-11-01,2024-12-02,2024,0.2388679925407352,0.5262064664774659,0.5,True
UPB,20,2024-11-07,2024-11-08,2024-12-09,2024,0.1781094702804922,0.47727618363767726,0.5,False
VIK,2,2024-05-02,2024-05-03,2024-06-03,2024,-0.1210850710635358,0.5149173529223753,0.5,True
VIK,5,2024-05-07,2024-05-08,2024-06-06,2024,-0.043120566088856,0.48845076216711736,0.5,False
VIK,10,2024-05-14,2024-05-15,2024-06-13,2024,-0.1426486293160381,0.4766532654645496,0.5,False
VIK,15,2024-05-21,2024-05-22,2024-06-21,2024,-0.0363618174373268,0.4622072900873182,0.5,False
VIK,20,2024-05-29,2024-05-30,2024-06-28,2024,-0.0730591637059348,0.44704881903533944,0.5,False
WAY,2,2024-06-10,2024-06-11,2024-07-11,2024,0.0668820677935038,0.46185322364062464,0.5,False
WAY,5,2024-06-13,2024-06-14,2024-07-16,2024,0.0073352123725117,0.49447651135687604,0.5,False
WAY,10,2024-06-21,2024-06-24,2024-07-23,2024,-0.1005593389882511,0.46952056453704266,0.5,False
WAY,15,2024-06-28,2024-07-01,2024-07-30,2024,-0.1128834496686616,0.4507802231638899,0.5,False
WAY,20,2024-07-08,2024-07-09,2024-08-06,2024,-0.0938471719952389,0.47284988340889356,0.5,False
WBTN,2,2024-06-28,2024-07-01,2024-07-30,2024,0.0490320271340597,0.4507802231638899,0.5,False
WBTN,5,2024-07-03,2024-07-05,2024-08-02,2024,-0.0503827934114753,0.4789146567226584,0.5,False
WBTN,10,2024-07-11,2024-07-12,2024-08-09,2024,0.2571598335160013,0.4663703494203216,0.5,False
WBTN,15,2024-07-18,2024-07-19,2024-08-16,2024,0.379888997525791,0.4689108386643201,0.5,False
WBTN,20,2024-07-25,2024-07-26,2024-08-23,2024,0.3858407895910358,0.5174988067786113,0.5,True
WRD,2,2024-10-28,2024-10-29,2024-11-26,2024,-0.018939787918883,0.4866163050819685,0.5,False
WRD,5,2024-10-31,2024-11-01,2024-12-02,2024,-0.0830400777120258,0.5262064664774659,0.5,True
XCH,2,2024-09-11,2024-09-12,2024-10-10,2024,-0.6356484066286368,0.4811386698078519,0.5,False
ZBIO,2,2024-09-16,2024-09-17,2024-10-15,2024,-0.0897630978190285,0.47511630597931415,0.5,False
AAPG,2,2025-01-27,2025-01-28,2025-02-26,2025,-0.2378824481384815,0.46812075662801406,0.5,False
AARD,2,2025-02-14,2025-02-18,2025-03-18,2025,0.1465462364942461,0.4391603527364194,0.5,False
AERO,2,2025-11-07,2025-11-10,2025-12-09,2025,0.0518485685838261,0.40260581274651625,0.5,False
AERO,5,2025-11-12,2025-11-13,2025-12-12,2025,-0.0546996889121015,0.3988839913984795,0.5,False
AERO,10,2025-11-19,2025-11-20,2025-12-19,2025,-0.2530505840931683,0.3778810215952745,0.5,False
AERO,15,2025-11-26,2025-11-28,2025-12-29,2025,-0.1896165791003354,0.4334158338402959,0.5,False
AERO,20,2025-12-04,2025-12-05,2026-01-06,2025,-0.1155681809087869,0.3950723438434578,0.5,False
AII,2,2025-05-09,2025-05-12,2025-06-10,2025,0.0918832761028529,0.4173982825908612,0.5,False
AIRO,2,2025-06-16,2025-06-17,2025-07-17,2025,0.2292601578027868,0.3930563975691062,0.5,False
AIRO,5,2025-06-20,2025-06-23,2025-07-22,2025,-0.0627187037645772,0.3892436249577562,0.5,False
AIRO,10,2025-06-27,2025-06-30,2025-07-29,2025,0.140325971637313,0.40110668335835403,0.5,False
AIRO,15,2025-07-07,2025-07-08,2025-08-05,2025,-0.0324079163656695,0.41804937109025675,0.5,False
AIRO,20,2025-07-14,2025-07-15,2025-08-12,2025,0.2993335684290595,0.42465341130656986,0.5,False
ALH,2,2025-10-10,2025-10-13,2025-11-10,2025,-0.0644158608734641,0.41265257027028285,0.5,False
ALH,5,2025-10-15,2025-10-16,2025-11-13,2025,-0.0241433188997819,0.3905373625153071,0.5,False
ALH,10,2025-10-22,2025-10-23,2025-11-20,2025,0.0754441643305628,0.40279513973832576,0.5,False
ALH,15,2025-10-29,2025-10-30,2025-11-28,2025,0.0545975179066513,0.3926554554871912,0.5,False
ALH,20,2025-11-05,2025-11-06,2025-12-05,2025,0.1503650263137307,0.41018770923405223,0.5,False
AMBQ,2,2025-07-31,2025-08-01,2025-08-29,2025,0.0591837231314977,0.45288323632145183,0.5,False
AMBQ,5,2025-08-05,2025-08-06,2025-09-04,2025,-0.1453999419468888,0.43507884560979543,0.5,False
AMBQ,10,2025-08-12,2025-08-13,2025-09-11,2025,0.1158897088620157,0.41578998314643384,0.5,False
AMBQ,15,2025-08-19,2025-08-20,2025-09-18,2025,0.1369740720598977,0.4128071614158778,0.5,False
AMBQ,20,2025-08-26,2025-08-27,2025-09-25,2025,0.2916707302255824,0.41546927675930373,0.5,False
ANDG,2,2025-12-18,2025-12-19,2026-01-21,2025,0.1497407179277933,0.43427369603329535,0.5,False
ANDG,5,2025-12-23,2025-12-24,2026-01-26,2025,0.0672734858113301,0.39980968854146876,0.5,False
ANTA,2,2025-05-15,2025-05-16,2025-06-16,2025,-0.077443198427502,0.44723036750342116,0.5,False
ANTA,5,2025-05-20,2025-05-21,2025-06-20,2025,0.0909237813262092,0.40615640025075456,0.5,False
ARX,2,2025-07-25,2025-07-28,2025-08-25,2025,-0.0204523101669975,0.431981478732626,0.5,False
ARX,5,2025-07-30,2025-07-31,2025-08-28,2025,0.195784358136069,0.4561662994573875,0.5,False
ARX,10,2025-08-06,2025-08-07,2025-09-05,2025,0.2899383856382971,0.41655921734916285,0.5,False
ARX,15,2025-08-13,2025-08-14,2025-09-12,2025,0.4125696172291936,0.40165482161682176,0.5,False
ARX,20,2025-08-20,2025-08-21,2025-09-19,2025,0.5002880640112009,0.44484083813157027,0.5,False
ASIC,2,2025-06-12,2025-06-13,2025-07-15,2025,0.1540108031307117,0.3990588899378448,0.5,False
AUGO,2,2025-07-17,2025-07-18,2025-08-15,2025,-0.189163429945706,0.424795237350702,0.5,False
AUGO,5,2025-07-22,2025-07-23,2025-08-20,2025,-0.1163255134918534,0.3932951992803188,0.5,False
AUGO,10,2025-07-29,2025-07-30,2025-08-27,2025,-0.2130707084284902,0.45485053079023213,0.5,False
AUGO,15,2025-08-05,2025-08-06,2025-09-04,2025,-0.2248956651500606,0.43507884560979543,0.5,False
AUGO,20,2025-08-12,2025-08-13,2025-09-11,2025,-0.2065599893659424,0.41578998314643384,0.5,False
BBNX,2,2025-01-31,2025-02-03,2025-03-04,2025,0.1627167703799716,0.48109472216885746,0.5,False
BBNX,5,2025-02-05,2025-02-06,2025-03-07,2025,0.1910425223176148,0.44734024311275494,0.5,False
BBNX,10,2025-02-12,2025-02-13,2025-03-14,2025,0.2026831981607889,0.4246813207359598,0.5,False
BBNX,15,2025-02-20,2025-02-21,2025-03-21,2025,0.1897708584599418,0.4225160986817022,0.5,False
BBNX,20,2025-02-27,2025-02-28,2025-03-28,2025,0.3467852741371455,0.46271821188775647,0.5,False
BETA,2,2025-11-05,2025-11-06,2025-12-05,2025,0.2425981094346687,0.41018770923405223,0.5,False
BETA,5,2025-11-10,2025-11-11,2025-12-10,2025,0.066053552266433,0.41752829714499523,0.5,False
BETA,10,2025-11-17,2025-11-18,2025-12-17,2025,-0.0187813684960079,0.39600597037820984,0.5,False
BETA,15,2025-11-24,2025-11-25,2025-12-24,2025,-0.0964359555259399,0.4006911493494852,0.5,False
BETA,20,2025-12-02,2025-12-03,2026-01-02,2025,0.047206673727056,0.41325947515560635,0.5,False
BLLN,2,2025-11-07,2025-11-10,2025-12-09,2025,-0.0980529789080795,0.40260581274651625,0.5,False
BLLN,5,2025-11-12,2025-11-13,2025-12-12,2025,-0.0436607042203701,0.3988839913984795,0.5,False
BLLN,10,2025-11-19,2025-11-20,2025-12-19,2025,-0.0520285871626936,0.3778810215952745,0.5,False
BLLN,15,2025-11-26,2025-11-28,2025-12-29,2025,0.3530034709611557,0.4334158338402959,0.5,False
BLLN,20,2025-12-04,2025-12-05,2026-01-06,2025,0.0965453534710037,0.3950723438434578,0.5,False
BLSH,2,2025-08-14,2025-08-15,2025-09-15,2025,0.3318743650198562,0.41363137314496395,0.5,False
BLSH,5,2025-08-19,2025-08-20,2025-09-18,2025,-0.0641502317800451,0.4128071614158778,0.5,False
BLSH,10,2025-08-26,2025-08-27,2025-09-25,2025,0.0639765935482647,0.41546927675930373,0.5,False
BLSH,15,2025-09-03,2025-09-04,2025-10-02,2025,-0.288137548087394,0.4167527305796715,0.5,False
BLSH,20,2025-09-10,2025-09-11,2025-10-09,2025,-0.3063540627004414,0.4313032264957718,0.5,False
BRCB,2,2025-09-15,2025-09-16,2025-10-14,2025,0.0982422278210562,0.42419164064621595,0.5,False
BRCB,5,2025-09-18,2025-09-19,2025-10-17,2025,0.133073441954213,0.41962959271479067,0.5,False
BRCB,10,2025-09-25,2025-09-26,2025-10-24,2025,-0.0330811253527773,0.4379642301116784,0.5,False
BRCB,15,2025-10-02,2025-10-03,2025-10-31,2025,-0.1604714907590335,0.4110512414379342,0.5,False
BRCB,20,2025-10-09,2025-10-10,2025-11-07,2025,-0.0715125469121893,0.39442822018071516,0.5,False
CAI,2,2025-06-20,2025-06-23,2025-07-22,2025,-0.0852859228955966,0.3892436249577562,0.5,False
CAI,5,2025-06-25,2025-06-26,2025-07-25,2025,-0.0803588611858804,0.39990823412352844,0.5,False
CAI,10,2025-07-02,2025-07-03,2025-08-01,2025,-0.0802107585907936,0.42436512268254956,0.5,False
CAI,15,2025-07-10,2025-07-11,2025-08-08,2025,-0.1114002343142545,0.4201379770384121,0.5,False
CAI,20,2025-07-17,2025-07-18,2025-08-15,2025,-0.1493402047356263,0.424795237350702,0.5,False
CARL,2,2025-07-24,2025-07-25,2025-08-22,2025,0.1089853800650742,0.42792598821573397,0.5,False
CARL,5,2025-07-29,2025-07-30,2025-08-27,2025,0.0396356139376326,0.45485053079023213,0.5,False
CARL,10,2025-08-05,2025-08-06,2025-09-04,2025,-0.049295440701383,0.43507884560979543,0.5,False
CBC,2,2025-11-24,2025-11-25,2025-12-24,2025,0.027640250595474,0.4006911493494852,0.5,False
CBC,5,2025-11-28,2025-12-01,2025-12-30,2025,-0.023352355495802,0.41343361966545994,0.5,False
CBC,10,2025-12-05,2025-12-08,2026-01-07,2025,-0.0446140107991944,0.3945646734537556,0.5,False
CBC,15,2025-12-12,2025-12-15,2026-01-14,2025,-0.073625167966796,0.40758698755548506,0.5,False
CBC,20,2025-12-19,2025-12-22,2026-01-22,2025,-0.0992804809584904,0.42367063384757625,0.5,False
CBK,2,2025-10-03,2025-10-06,2025-11-03,2025,-0.0100736520966939,0.4018701783492192,0.5,False
CDNL,2,2025-12-11,2025-12-12,2026-01-13,2025,-0.0416137306563963,0.4156825842183138,0.5,False
CDNL,5,2025-12-16,2025-12-17,2026-01-16,2025,-0.0314580124478723,0.45045398175343565,0.5,False
CDNL,10,2025-12-23,2025-12-24,2026-01-26,2025,-0.1974119769677934,0.39980968854146876,0.5,False
CEPF,2,2025-08-22,2025-08-25,2025-09-23,2025,0.0111210926041045,0.4298134222671455,0.5,False
CEPF,5,2025-08-27,2025-08-28,2025-09-26,2025,-0.0027683584200795,0.41962956107239485,0.5,False
CHA,2,2025-04-21,2025-04-22,2025-05-20,2025,0.2655664531424231,0.5054862856623106,0.5,True
CHA,5,2025-04-24,2025-04-25,2025-05-23,2025,0.1198833341818304,0.4700987222137881,0.5,False
CHA,10,2025-05-01,2025-05-02,2025-06-02,2025,0.1873195945639442,0.5018011368935092,0.5,True
CHA,15,2025-05-08,2025-05-09,2025-06-09,2025,0.018957147179576,0.474089747099606,0.5,False
CHA,20,2025-05-15,2025-05-16,2025-06-16,2025,-0.0039226570371899,0.44723036750342116,0.5,False
CHYM,2,2025-06-13,2025-06-16,2025-07-16,2025,0.1306237893164072,0.39519521536937596,0.5,False
CHYM,5,2025-06-18,2025-06-20,2025-07-21,2025,0.0032310748858672,0.3882469679883887,0.5,False
CHYM,10,2025-06-26,2025-06-27,2025-07-28,2025,0.0217164538517954,0.40039838242395537,0.5,False
CHYM,15,2025-07-03,2025-07-07,2025-08-04,2025,-0.070636026514281,0.4096561617452266,0.5,False
CHYM,20,2025-07-11,2025-07-14,2025-08-11,2025,0.0135431331517899,0.4342317782167199,0.5,False
CRCL,2,2025-06-06,2025-06-09,2025-07-09,2025,-0.4911039472811279,0.422899997300538,0.5,False
CRCL,5,2025-06-11,2025-06-12,2025-07-14,2025,-0.7381663355033428,0.42325846369637127,0.5,False
CRCL,10,2025-06-18,2025-06-20,2025-07-21,2025,0.1146976737417987,0.3882469679883887,0.5,False
CRCL,15,2025-06-26,2025-06-27,2025-07-28,2025,0.163462817872733,0.40039838242395537,0.5,False
CRCL,20,2025-07-03,2025-07-07,2025-08-04,2025,0.1249405830215804,0.4096561617452266,0.5,False
CRWV,2,2025-03-31,2025-04-01,2025-04-30,2025,-0.1150990271199202,0.502937264570675,0.5,True
CRWV,5,2025-04-03,2025-04-04,2025-05-05,2025,0.0581383614371705,0.48546703947329073,0.5,False
CRWV,10,2025-04-10,2025-04-11,2025-05-12,2025,-0.237022760480503,0.4563081112939045,0.5,False
CRWV,15,2025-04-17,2025-04-21,2025-05-19,2025,-1.0306344352987522,0.46669740842799845,0.5,False
CRWV,20,2025-04-25,2025-04-28,2025-05-27,2025,-1.865463217124248,0.49507125605139013,0.5,False
ETOR,2,2025-05-15,2025-05-16,2025-06-16,2025,0.0756621975330857,0.44723036750342116,0.5,False
ETOR,5,2025-05-20,2025-05-21,2025-06-20,2025,0.0827722710224669,0.40615640025075456,0.5,False
ETOR,10,2025-05-28,2025-05-29,2025-06-27,2025,0.0187138271838307,0.40920595135471843,0.5,False
ETOR,15,2025-06-04,2025-06-05,2025-07-07,2025,0.0616711835814537,0.39429830032046764,0.5,False
ETOR,20,2025-06-11,2025-06-12,2025-07-14,2025,0.0942720938078717,0.42325846369637127,0.5,False
EVMN,2,2025-11-07,2025-11-10,2025-12-09,2025,0.0430247712970465,0.40260581274651625,0.5,False
FATN,2,2025-04-09,2025-04-10,2025-05-09,2025,0.1083955172116443,0.4568412850301493,0.5,False
FATN,5,2025-04-14,2025-04-15,2025-05-14,2025,-0.1760427682222831,0.4801941561703572,0.5,False
FATN,10,2025-04-22,2025-04-23,2025-05-21,2025,-0.0578288414698131,0.5008425804569688,0.5,True
FATN,15,2025-04-29,2025-04-30,2025-05-29,2025,-0.0714190509135174,0.4508953860478676,0.5,False
FIG,2,2025-08-01,2025-08-04,2025-09-02,2025,0.4375573534697433,0.46888448433579993,0.5,False
FIG,5,2025-08-06,2025-08-07,2025-09-05,2025,0.3666859555544786,0.41655921734916285,0.5,False
FIG,10,2025-08-13,2025-08-14,2025-09-12,2025,0.3575507181837236,0.40165482161682176,0.5,False
FIG,15,2025-08-20,2025-08-21,2025-09-19,2025,0.2184911362545294,0.44484083813157027,0.5,False
FIG,20,2025-08-27,2025-08-28,2025-09-26,2025,0.2319772765041945,0.41962956107239485,0.5,False
FIGR,2,2025-09-12,2025-09-15,2025-10-13,2025,-0.3426610065706467,0.4330644262866771,0.5,False
FIGR,5,2025-09-17,2025-09-18,2025-10-16,2025,-0.0863686024960469,0.43152687464660455,0.5,False
FIGR,10,2025-09-24,2025-09-25,2025-10-23,2025,-0.0355621995749588,0.4157135313977432,0.5,False
FIGR,15,2025-10-01,2025-10-02,2025-10-30,2025,-0.0650210353106059,0.4197483039727307,0.5,False
FIGR,20,2025-10-08,2025-10-09,2025-11-06,2025,0.2304901965872713,0.3867039454100946,0.5,False
FLOC,2,2025-01-17,2025-01-21,2025-02-19,2025,0.1090008553360764,0.5051475198748209,0.5,True
FLOC,5,2025-01-23,2025-01-24,2025-02-24,2025,0.0423707596386723,0.4968056193123258,0.5,False
FLOC,10,2025-01-30,2025-01-31,2025-03-03,2025,0.0542797665654595,0.48796942395380616,0.5,False
FLOC,15,2025-02-06,2025-02-07,2025-03-10,2025,0.1673376173654001,0.43516503873240736,0.5,False
FLOC,20,2025-02-13,2025-02-14,2025-03-17,2025,0.0057989312820944,0.43965633510028873,0.5,False
FLY,2,2025-08-08,2025-08-11,2025-09-09,2025,0.101750274229214,0.4275786607182277,0.5,False
FLY,5,2025-08-13,2025-08-14,2025-09-12,2025,0.1348465524130497,0.40165482161682176,0.5,False
FLY,10,2025-08-20,2025-08-21,2025-09-19,2025,0.0382710222373584,0.44484083813157027,0.5,False
FLY,15,2025-08-27,2025-08-28,2025-09-26,2025,0.2288869030287,0.41962956107239485,0.5,False
FLY,20,2025-09-04,2025-09-05,2025-10-03,2025,0.3486725293966819,0.4265634728311,0.5,False
FRMI,2,2025-10-02,2025-10-03,2025-10-31,2025,0.1261142881378258,0.4110512414379342,0.5,False
FRMI,5,2025-10-07,2025-10-08,2025-11-05,2025,0.0203254180815222,0.40813960644894715,0.5,False
FRMI,10,2025-10-14,2025-10-15,2025-11-12,2025,0.3071115505114581,0.38522770203974166,0.5,False
FRMI,15,2025-10-21,2025-10-22,2025-11-19,2025,0.1875880014810295,0.3954734693214372,0.5,False
FRMI,20,2025-10-28,2025-10-29,2025-11-26,2025,0.4157636183691734,0.3750571168292277,0.5,False
GEMI,2,2025-09-15,2025-09-16,2025-10-14,2025,0.2917059154850542,0.42419164064621595,0.5,False
GEMI,5,2025-09-18,2025-09-19,2025-10-17,2025,0.1650761282667148,0.41962959271479067,0.5,False
GEMI,10,2025-09-25,2025-09-26,2025-10-24,2025,0.2316275514766128,0.4379642301116784,0.5,False
GEMI,15,2025-10-02,2025-10-03,2025-10-31,2025,0.1937766554084989,0.4110512414379342,0.5,False
GEMI,20,2025-10-09,2025-10-10,2025-11-07,2025,0.3375191565223975,0.39442822018071516,0.5,False
GLOO,2,2025-11-20,2025-11-21,2025-12-22,2025,0.3951462125621009,0.4065109512483145,0.5,False
GLOO,5,2025-11-25,2025-11-26,2025-12-26,2025,0.3067163662828912,0.44851454590069373,0.5,False
HCHL,2,2025-06-25,2025-06-26,2025-07-25,2025,0.1941229704615903,0.39990823412352844,0.5,False
HNGE,2,2025-05-23,2025-05-27,2025-06-25,2025,-0.0647656263973978,0.44454020124870314,0.5,False
HNGE,5,2025-05-29,2025-05-30,2025-06-30,2025,-0.3028770702400213,0.41370762893292395,0.5,False
HNGE,10,2025-06-05,2025-06-06,2025-07-08,2025,-0.0967723088482563,0.416187821374374,0.5,False
HNGE,15,2025-06-12,2025-06-13,2025-07-15,2025,-0.3089070728517442,0.3990588899378448,0.5,False
HNGE,20,2025-06-20,2025-06-23,2025-07-22,2025,-0.0892181566452487,0.3892436249577562,0.5,False
HTFL,2,2025-08-12,2025-08-13,2025-09-11,2025,-0.1005007539086292,0.41578998314643384,0.5,False
HTFL,5,2025-08-15,2025-08-18,2025-09-16,2025,0.0072431617282571,0.433696495632071,0.5,False
HTFL,10,2025-08-22,2025-08-25,2025-09-23,2025,-0.2107555822895369,0.4298134222671455,0.5,False
HTFL,15,2025-08-29,2025-09-02,2025-09-30,2025,-0.0595689487401077,0.44221516733527566,0.5,False
HTFL,20,2025-09-08,2025-09-09,2025-10-07,2025,0.031498148764216,0.41938505295330897,0.5,False
HYNE,2,2025-12-05,2025-12-08,2026-01-07,2025,-0.0413603313795873,0.3945646734537556,0.5,False
INR,2,2025-02-03,2025-02-04,2025-03-05,2025,0.1625635569114075,0.4586406824468764,0.5,False
INR,5,2025-02-06,2025-02-07,2025-03-10,2025,0.0756767814412989,0.43516503873240736,0.5,False
INR,10,2025-02-13,2025-02-14,2025-03-17,2025,0.0168056397472034,0.43965633510028873,0.5,False
INR,15,2025-02-21,2025-02-24,2025-03-24,2025,0.0378772161135153,0.46856605175583693,0.5,False
INR,20,2025-02-28,2025-03-03,2025-03-31,2025,-0.1265515679913976,0.44818820784618785,0.5,False
JCAP,2,2025-06-27,2025-06-30,2025-07-29,2025,0.123213294170598,0.40110668335835403,0.5,False
JCAP,5,2025-07-02,2025-07-03,2025-08-01,2025,0.0533138221674001,0.42436512268254956,0.5,False
JCAP,10,2025-07-10,2025-07-11,2025-08-08,2025,-0.0442373252122737,0.4201379770384121,0.5,False
KLAR,2,2025-09-12,2025-09-15,2025-10-13,2025,0.0818393318986608,0.4330644262866771,0.5,False
KLAR,5,2025-09-17,2025-09-18,2025-10-16,2025,0.1912363696134118,0.43152687464660455,0.5,False
KLAR,10,2025-09-24,2025-09-25,2025-10-23,2025,0.1220116917793798,0.4157135313977432,0.5,False
KLAR,15,2025-10-01,2025-10-02,2025-10-30,2025,0.0122162048686773,0.4197483039727307,0.5,False
KLAR,20,2025-10-08,2025-10-09,2025-11-06,2025,0.1555541727005968,0.3867039454100946,0.5,False
KMTS,2,2025-03-07,2025-03-10,2025-04-07,2025,-0.3158509940176692,0.5173186109862906,0.5,True
KMTS,5,2025-03-12,2025-03-13,2025-04-10,2025,-0.2802645887450204,0.5334475776320527,0.5,True
KMTS,10,2025-03-19,2025-03-20,2025-04-17,2025,-0.2006439930496682,0.5371566836393362,0.5,True
KMTS,15,2025-03-26,2025-03-27,2025-04-25,2025,-0.1168825547285376,0.5162734682989103,0.5,True
KMTS,20,2025-04-02,2025-04-03,2025-05-02,2025,0.0998005767229024,0.4649704180953443,0.5,False
KRMN,2,2025-02-14,2025-02-18,2025-03-18,2025,-0.2320095983032302,0.4391603527364194,0.5,False
KRMN,5,2025-02-20,2025-02-21,2025-03-21,2025,-0.33669827161702,0.4225160986817022,0.5,False
KRMN,10,2025-02-27,2025-02-28,2025-03-28,2025,-0.2694683129338309,0.46271821188775647,0.5,False
KRMN,15,2025-03-06,2025-03-07,2025-04-04,2025,-0.110165132137404,0.4896655422534461,0.5,False
KRMN,20,2025-03-13,2025-03-14,2025-04-11,2025,-0.0655514636028184,0.546955011691807,0.5,True
LBRX,2,2025-09-12,2025-09-15,2025-10-13,2025,0.02475155055693,0.4330644262866771,0.5,False
LGN,2,2025-09-15,2025-09-16,2025-10-14,2025,-0.0668191738869926,0.42419164064621595,0.5,False
LGN,5,2025-09-18,2025-09-19,2025-10-17,2025,-0.1679101950915386,0.41962959271479067,0.5,False
LGN,10,2025-09-25,2025-09-26,2025-10-24,2025,-0.1183872049040805,0.4379642301116784,0.5,False
LGN,15,2025-10-02,2025-10-03,2025-10-31,2025,-0.393148128395451,0.4110512414379342,0.5,False
LGN,20,2025-10-09,2025-10-10,2025-11-07,2025,-0.1771798477420149,0.39442822018071516,0.5,False
LMRI,2,2025-12-12,2025-12-15,2026-01-14,2025,0.1529493197429436,0.40758698755548506,0.5,False
LMRI,5,2025-12-17,2025-12-18,2026-01-20,2025,0.0999858847972997,0.3986420771123832,0.5,False
LMRI,10,2025-12-24,2025-12-26,2026-01-27,2025,0.2242965248702808,0.40551680449794364,0.5,False
MAZE,2,2025-02-03,2025-02-04,2025-03-05,2025,0.1427396457415616,0.4586406824468764,0.5,False
MAZE,5,2025-02-06,2025-02-07,2025-03-10,2025,-0.081741667360542,0.43516503873240736,0.5,False
MDLN,2,2025-12-18,2025-12-19,2026-01-21,2025,-0.1288178941074619,0.43427369603329535,0.5,False
MDLN,5,2025-12-23,2025-12-24,2026-01-26,2025,-0.0368783566629708,0.39980968854146876,0.5,False
MENS,2,2025-06-18,2025-06-20,2025-07-21,2025,-0.3151384343031408,0.3882469679883887,0.5,False
MH,2,2025-07-25,2025-07-28,2025-08-25,2025,0.1308352045639759,0.431981478732626,0.5,False
MH,5,2025-07-30,2025-07-31,2025-08-28,2025,0.046776851094372,0.4561662994573875,0.5,False
MH,10,2025-08-06,2025-08-07,2025-09-05,2025,-0.1479132658556107,0.41655921734916285,0.5,False
MH,15,2025-08-13,2025-08-14,2025-09-12,2025,-0.0383149894748029,0.40165482161682176,0.5,False
MH,20,2025-08-20,2025-08-21,2025-09-19,2025,0.1567115413938072,0.44484083813157027,0.5,False
MIAX,2,2025-08-15,2025-08-18,2025-09-16,2025,-0.1909130326749211,0.433696495632071,0.5,False
MIAX,5,2025-08-20,2025-08-21,2025-09-19,2025,-0.1323470080469009,0.44484083813157027,0.5,False
MIAX,10,2025-08-27,2025-08-28,2025-09-26,2025,-0.2060798253673168,0.41962956107239485,0.5,False
MIAX,15,2025-09-04,2025-09-05,2025-10-03,2025,-0.2005070775579759,0.4265634728311,0.5,False
MIAX,20,2025-09-11,2025-09-12,2025-10-10,2025,-0.1964399784076165,0.43964027893402885,0.5,False
MNTN,2,2025-05-23,2025-05-27,2025-06-25,2025,0.2375518513764008,0.44454020124870314,0.5,False
MNTN,5,2025-05-29,2025-05-30,2025-06-30,2025,0.2060691449401603,0.41370762893292395,0.5,False
MNTN,10,2025-06-05,2025-06-06,2025-07-08,2025,0.1536286391638661,0.416187821374374,0.5,False
MNTN,15,2025-06-12,2025-06-13,2025-07-15,2025,-0.2194716031278647,0.3990588899378448,0.5,False
MNTN,20,2025-06-20,2025-06-23,2025-07-22,2025,-0.3304372182601249,0.3892436249577562,0.5,False
MPLT,2,2025-10-28,2025-10-29,2025-11-26,2025,0.1780324703935952,0.3750571168292277,0.5,False
MPLT,5,2025-10-31,2025-11-03,2025-12-02,2025,0.206170057525466,0.4149099616479081,0.5,False
NAVN,2,2025-10-31,2025-11-03,2025-12-02,2025,0.1873795127827557,0.4149099616479081,0.5,False
NAVN,5,2025-11-05,2025-11-06,2025-12-05,2025,0.2058146675255661,0.41018770923405223,0.5,False
NAVN,10,2025-11-12,2025-11-13,2025-12-12,2025,0.1690689896695109,0.3988839913984795,0.5,False
NAVN,15,2025-11-19,2025-11-20,2025-12-19,2025,-0.0713231351086452,0.3778810215952745,0.5,False
NAVN,20,2025-11-26,2025-11-28,2025-12-29,2025,-0.005289088427038,0.4334158338402959,0.5,False
NIQ,2,2025-07-24,2025-07-25,2025-08-22,2025,0.0845405065256552,0.42792598821573397,0.5,False
NIQ,5,2025-07-29,2025-07-30,2025-08-27,2025,0.1156825477897009,0.45485053079023213,0.5,False
NIQ,10,2025-08-05,2025-08-06,2025-09-04,2025,-0.0478295421493457,0.43507884560979543,0.5,False
NIQ,15,2025-08-12,2025-08-13,2025-09-11,2025,-0.0077254292568504,0.41578998314643384,0.5,False
NIQ,20,2025-08-19,2025-08-20,2025-09-18,2025,0.0356022073194528,0.4128071614158778,0.5,False
NNNN,2,2025-02-20,2025-02-21,2025-03-21,2025,-0.4707270481536802,0.4225160986817022,0.5,False
NP,2,2025-10-02,2025-10-03,2025-10-31,2025,0.0870612980765422,0.4110512414379342,0.5,False
NP,5,2025-10-07,2025-10-08,2025-11-05,2025,0.015421547937099,0.40813960644894715,0.5,False
NP,10,2025-10-14,2025-10-15,2025-11-12,2025,0.1013422900437103,0.38522770203974166,0.5,False
NP,15,2025-10-21,2025-10-22,2025-11-19,2025,0.0198866887480667,0.3954734693214372,0.5,False
NP,20,2025-10-28,2025-10-29,2025-11-26,2025,-0.0254362264645736,0.3750571168292277,0.5,False
NTSK,2,2025-09-19,2025-09-22,2025-10-20,2025,0.1053362114560069,0.4206373622536636,0.5,False
NTSK,5,2025-09-24,2025-09-25,2025-10-23,2025,-0.0076598729951043,0.4157135313977432,0.5,False
NTSK,10,2025-10-01,2025-10-02,2025-10-30,2025,-0.0680111269071261,0.4197483039727307,0.5,False
NTSK,15,2025-10-08,2025-10-09,2025-11-06,2025,-0.0146608653642522,0.3867039454100946,0.5,False
NTSK,20,2025-10-15,2025-10-16,2025-11-13,2025,0.1256565159049787,0.3905373625153071,0.5,False
OMDA,2,2025-06-09,2025-06-10,2025-07-10,2025,0.2131876549899368,0.42829647853154856,0.5,False
OMDA,5,2025-06-12,2025-06-13,2025-07-15,2025,-0.062734457937753,0.3990588899378448,0.5,False
OMDA,10,2025-06-20,2025-06-23,2025-07-22,2025,-0.2410751871659194,0.3892436249577562,0.5,False
OMDA,15,2025-06-27,2025-06-30,2025-07-29,2025,-0.0381224863826616,0.40110668335835403,0.5,False
OMDA,20,2025-07-07,2025-07-08,2025-08-05,2025,0.052728943101647,0.41804937109025675,0.5,False
OMSE,2,2025-05-14,2025-05-15,2025-06-13,2025,0.1507525245050181,0.41185142974219563,0.5,False
PTRN,2,2025-09-22,2025-09-23,2025-10-21,2025,0.0113419032243724,0.4166370948875634,0.5,False
PTRN,5,2025-09-25,2025-09-26,2025-10-24,2025,-0.41098093965742,0.4379642301116784,0.5,False
PTRN,10,2025-10-02,2025-10-03,2025-10-31,2025,-0.2450115035812693,0.4110512414379342,0.5,False
PTRN,15,2025-10-09,2025-10-10,2025-11-07,2025,-0.2569577791221508,0.39442822018071516,0.5,False
PTRN,20,2025-10-16,2025-10-17,2025-11-14,2025,-0.2750980308269122,0.40667460515886517,0.5,False
PXED,2,2025-10-10,2025-10-13,2025-11-10,2025,0.1110314919836967,0.41265257027028285,0.5,False
SAIL,2,2025-02-14,2025-02-18,2025-03-18,2025,0.0604215472777113,0.4391603527364194,0.5,False
SAIL,5,2025-02-20,2025-02-21,2025-03-21,2025,0.0319189225727676,0.4225160986817022,0.5,False
SAIL,10,2025-02-27,2025-02-28,2025-03-28,2025,0.0606777778662282,0.46271821188775647,0.5,False
SAIL,15,2025-03-06,2025-03-07,2025-04-04,2025,0.0829560935270319,0.4896655422534461,0.5,False
SAIL,20,2025-03-13,2025-03-14,2025-04-11,2025,-0.0675290666864965,0.546955011691807,0.5,True
SFD,2,2025-01-29,2025-01-30,2025-02-28,2025,-0.0598544447461602,0.49116117355853045,0.5,False
SFD,5,2025-02-03,2025-02-04,2025-03-05,2025,-0.0010592267929305,0.4586406824468764,0.5,False
SFD,10,2025-02-10,2025-02-11,2025-03-12,2025,-0.0583405315665442,0.4278478385285915,0.5,False
SFD,15,2025-02-18,2025-02-19,2025-03-19,2025,0.011829199103685,0.43300994989537445,0.5,False
SFD,20,2025-02-25,2025-02-26,2025-03-26,2025,0.042256209733866,0.4285555535018156,0.5,False
SI,2,2025-08-01,2025-08-04,2025-09-02,2025,-0.1141754456461865,0.46888448433579993,0.5,False
SION,2,2025-02-10,2025-02-11,2025-03-12,2025,0.1050841068320113,0.4278478385285915,0.5,False
SLDE,2,2025-06-20,2025-06-23,2025-07-22,2025,0.2374656062447425,0.3892436249577562,0.5,False
SLDE,5,2025-06-25,2025-06-26,2025-07-25,2025,0.0820383953544609,0.39990823412352844,0.5,False
SLDE,10,2025-07-02,2025-07-03,2025-08-01,2025,0.0755738306155645,0.42436512268254956,0.5,False
SLDE,15,2025-07-10,2025-07-11,2025-08-08,2025,0.0654671295290016,0.4201379770384121,0.5,False
SLDE,20,2025-07-17,2025-07-18,2025-08-15,2025,0.1968313875244793,0.424795237350702,0.5,False
SMA,2,2025-04-03,2025-04-04,2025-05-05,2025,-0.0165190315033616,0.48546703947329073,0.5,False
SMA,5,2025-04-08,2025-04-09,2025-05-08,2025,-0.0080504159954123,0.4968689537270714,0.5,False
SMA,10,2025-04-15,2025-04-16,2025-05-15,2025,0.0162408636171154,0.4674586757319777,0.5,False
SMA,15,2025-04-23,2025-04-24,2025-05-22,2025,-0.0827585668686264,0.4822538909262857,0.5,False
SMA,20,2025-04-30,2025-05-01,2025-05-30,2025,-0.0416023273035944,0.4546084322887875,0.5,False
STUB,2,2025-09-18,2025-09-19,2025-10-17,2025,0.136644068793383,0.41962959271479067,0.5,False
STUB,5,2025-09-23,2025-09-24,2025-10-22,2025,-0.0831803326185558,0.4112574452896795,0.5,False
STUB,10,2025-09-30,2025-10-01,2025-10-29,2025,-0.14330707478609,0.41938276333257946,0.5,False
STUB,15,2025-10-07,2025-10-08,2025-11-05,2025,-0.0567717947719687,0.40813960644894715,0.5,False
STUB,20,2025-10-14,2025-10-15,2025-11-12,2025,-0.0251867714670676,0.38522770203974166,0.5,False
TTAM,2,2025-02-10,2025-02-11,2025-03-12,2025,0.0397118526974579,0.4278478385285915,0.5,False
TTAM,5,2025-02-13,2025-02-14,2025-03-17,2025,0.0207904515936558,0.43965633510028873,0.5,False
TTAM,10,2025-02-21,2025-02-24,2025-03-24,2025,0.0585115797465193,0.46856605175583693,0.5,False
TTAM,15,2025-02-28,2025-03-03,2025-03-31,2025,0.0809606243105247,0.44818820784618785,0.5,False
TTAM,20,2025-03-07,2025-03-10,2025-04-07,2025,0.1413459628179642,0.5173186109862906,0.5,True
TTAN,15,2025-01-03,2025-01-06,2025-02-05,2025,0.0224653197170196,0.4717388207261591,0.5,False
TTAN,20,2025-01-13,2025-01-14,2025-02-12,2025,-0.0180520277652859,0.47217969149912487,0.5,False
VIA,2,2025-09-15,2025-09-16,2025-10-14,2025,0.0721962719930561,0.42419164064621595,0.5,False
VIA,5,2025-09-18,2025-09-19,2025-10-17,2025,-0.0006153195352291,0.41962959271479067,0.5,False
VIA,10,2025-09-25,2025-09-26,2025-10-24,2025,-0.0449240582508834,0.4379642301116784,0.5,False
VIA,15,2025-10-02,2025-10-03,2025-10-31,2025,-0.1414200898884706,0.4110512414379342,0.5,False
VIA,20,2025-10-09,2025-10-10,2025-11-07,2025,-0.1334515960531433,0.39442822018071516,0.5,False
VOYG,2,2025-06-12,2025-06-13,2025-07-15,2025,0.2117876995385102,0.3990588899378448,0.5,False
VOYG,5,2025-06-17,2025-06-18,2025-07-18,2025,0.1910004046756728,0.3946504663487794,0.5,False
VOYG,10,2025-06-25,2025-06-26,2025-07-25,2025,0.0778325348314926,0.39990823412352844,0.5,False
VOYG,15,2025-07-02,2025-07-03,2025-08-01,2025,-0.0116231491420343,0.42436512268254956,0.5,False
VOYG,20,2025-07-10,2025-07-11,2025-08-08,2025,0.2712571838449837,0.4201379770384121,0.5,False
WBI,2,2025-09-18,2025-09-19,2025-10-17,2025,-0.0840780616285668,0.41962959271479067,0.5,False
WBI,5,2025-09-23,2025-09-24,2025-10-22,2025,-0.0417834447736042,0.4112574452896795,0.5,False
WBI,10,2025-09-30,2025-10-01,2025-10-29,2025,0.0934026887885691,0.41938276333257946,0.5,False
WBI,15,2025-10-07,2025-10-08,2025-11-05,2025,0.0679738399669351,0.40813960644894715,0.5,False
WBI,20,2025-10-14,2025-10-15,2025-11-12,2025,0.0067197483637592,0.38522770203974166,0.5,False
WLTH,2,2025-12-16,2025-12-17,2026-01-16,2025,0.2539317301204207,0.45045398175343565,0.5,False
WLTH,5,2025-12-19,2025-12-22,2026-01-22,2025,0.2772619010277791,0.42367063384757625,0.5,False
WLTH,10,2025-12-29,2025-12-30,2026-01-29,2025,0.3222781910430358,0.4113986554510807,0.5,False
WYFI,2,2025-08-08,2025-08-11,2025-09-09,2025,-0.2091487861373217,0.4275786607182277,0.5,False
WYFI,5,2025-08-13,2025-08-14,2025-09-12,2025,-0.2282031901750611,0.40165482161682176,0.5,False
WYFI,10,2025-08-20,2025-08-21,2025-09-19,2025,-0.5680274400388142,0.44484083813157027,0.5,False
WYFI,15,2025-08-27,2025-08-28,2025-09-26,2025,-0.3151506287300416,0.41962956107239485,0.5,False
WYFI,20,2025-09-04,2025-09-05,2025-10-03,2025,-0.918545237279736,0.4265634728311,0.5,False
XZO,2,2025-11-06,2025-11-07,2025-12-08,2025,0.1030224259651117,0.4192074415933073,0.5,False
XZO,5,2025-11-11,2025-11-12,2025-12-11,2025,-0.06837454569229,0.4075256308520018,0.5,False
XZO,10,2025-11-18,2025-11-19,2025-12-18,2025,-0.2623142179920635,0.38254128569906654,0.5,False
YB,2,2025-05-01,2025-05-02,2025-06-02,2025,0.0549178367179602,0.5018011368935092,0.5,True
YDDL,2,2025-10-10,2025-10-13,2025-11-10,2025,0.1891335982660385,0.41265257027028285,0.5,False
AADX,2,2026-06-04,2026-06-05,2026-07-07,2026,-0.2946866218105973,0.4593758581180381,0.5,False
AADX,5,2026-06-09,2026-06-10,2026-07-10,2026,-0.0708105516429278,0.5029399453306137,0.5,True
AADX,10,2026-06-16,2026-06-17,2026-07-17,2026,0.1728242219292302,0.48427137505691187,0.5,False
AADX,15,2026-06-24,2026-06-25,2026-07-24,2026,-0.0227706693584046,0.5008559249752961,0.5,True
AADX,20,2026-07-01,2026-07-02,2026-07-31,2026,0.1916779769121308,0.4668255690119387,0.5,False
AGBK,2,2026-02-12,2026-02-13,2026-03-16,2026,0.0117167607543038,0.4057944576210321,0.5,False
AGBK,5,2026-02-18,2026-02-19,2026-03-19,2026,0.0913591928684741,0.38689997765396916,0.5,False
AGBK,10,2026-02-25,2026-02-26,2026-03-26,2026,0.2577264789836814,0.4417873495646315,0.5,False
AGBK,15,2026-03-04,2026-03-05,2026-04-02,2026,0.2648179374112902,0.3948897025837151,0.5,False
AGBK,20,2026-03-11,2026-03-12,2026-04-10,2026,0.293604367479549,0.4010214017793008,0.5,False
AGMB,2,2026-02-09,2026-02-10,2026-03-11,2026,0.0243263025714889,0.4345146979790115,0.5,False
AKTS,2,2026-01-12,2026-01-13,2026-02-11,2026,0.1816007181052582,0.44874068291217906,0.5,False
AKTS,5,2026-01-15,2026-01-16,2026-02-17,2026,0.0475124966909285,0.4197358650118788,0.5,False
AKTS,10,2026-01-23,2026-01-26,2026-02-24,2026,0.0414893988187388,0.433684385333428,0.5,False
AKTS,15,2026-01-30,2026-02-02,2026-03-03,2026,-0.0691874374584676,0.4530996186972254,0.5,False
AKTS,20,2026-02-06,2026-02-09,2026-03-10,2026,-0.0817370913922295,0.45166293832053567,0.5,False
ALMR,2,2026-04-20,2026-04-21,2026-05-19,2026,0.073678658258962,0.42093329969125837,0.5,False
ALMR,5,2026-04-23,2026-04-24,2026-05-22,2026,0.2239658145452146,0.3994882176941706,0.5,False
ALMR,10,2026-04-30,2026-05-01,2026-06-01,2026,0.2338326532440296,0.4003710460227087,0.5,False
ALMR,15,2026-05-07,2026-05-08,2026-06-08,2026,0.1507093695958533,0.41567050214904616,0.5,False
ALMR,20,2026-05-14,2026-05-15,2026-06-15,2026,0.060934095495666,0.4315175305074909,0.5,False
ANDG,10,2025-12-31,2026-01-02,2026-02-02,2026,0.1253523176981262,0.45737030843307686,0.5,False
ANDG,15,2026-01-08,2026-01-09,2026-02-09,2026,0.0952873354428009,0.4522125041329442,0.5,False
ANDG,20,2026-01-15,2026-01-16,2026-02-17,2026,0.0218619277799588,0.4197358650118788,0.5,False
APC,2,2026-02-13,2026-02-17,2026-03-17,2026,-0.1002582764357848,0.39901080405008715,0.5,False
APC,5,2026-02-19,2026-02-20,2026-03-20,2026,-0.0568415110014865,0.38196911954370477,0.5,False
ARXS,2,2026-04-17,2026-04-20,2026-05-18,2026,0.1381804106219032,0.43314332618409757,0.5,False
ARXS,5,2026-04-22,2026-04-23,2026-05-21,2026,0.0863765030601518,0.4220874371738672,0.5,False
ARXS,10,2026-04-29,2026-04-30,2026-05-29,2026,-0.2258096813680554,0.40078398898218665,0.5,False
ARXS,15,2026-05-06,2026-05-07,2026-06-05,2026,-0.1569742948635483,0.40548374688682154,0.5,False
ARXS,20,2026-05-13,2026-05-14,2026-06-12,2026,-0.1887052908039081,0.4096763305477261,0.5,False
AVEX,2,2026-04-20,2026-04-21,2026-05-19,2026,0.3213193188329946,0.42093329969125837,0.5,False
AVEX,5,2026-04-23,2026-04-24,2026-05-22,2026,0.1884646063744031,0.3994882176941706,0.5,False
AVEX,10,2026-04-30,2026-05-01,2026-06-01,2026,-0.2478370798309601,0.4003710460227087,0.5,False
AVEX,15,2026-05-07,2026-05-08,2026-06-08,2026,0.0103236723160775,0.41567050214904616,0.5,False
AVEX,20,2026-05-14,2026-05-15,2026-06-15,2026,0.0459311116735754,0.4315175305074909,0.5,False
AVLN,2,2026-05-01,2026-05-04,2026-06-02,2026,0.2001126436086869,0.4012218848119921,0.5,False
AVLN,5,2026-05-06,2026-05-07,2026-06-05,2026,-0.0125365593832761,0.40548374688682154,0.5,False
AVLN,10,2026-05-13,2026-05-14,2026-06-12,2026,-0.0097045130185498,0.4096763305477261,0.5,False
AVLN,15,2026-05-20,2026-05-21,2026-06-22,2026,-0.2209184513224305,0.4382931929297108,0.5,False
AVLN,20,2026-05-28,2026-05-29,2026-06-29,2026,-0.1318424153971732,0.4398579451212173,0.5,False
BOBS,2,2026-02-06,2026-02-09,2026-03-10,2026,-0.1011108530062549,0.45166293832053567,0.5,False
BOBS,5,2026-02-11,2026-02-12,2026-03-13,2026,0.0920216366132007,0.4327434515933045,0.5,False
BOBS,10,2026-02-19,2026-02-20,2026-03-20,2026,0.2896468069485193,0.38196911954370477,0.5,False
BOBS,15,2026-02-26,2026-02-27,2026-03-27,2026,0.4529275434458075,0.46271245338252026,0.5,False
BOBS,20,2026-03-05,2026-03-06,2026-04-06,2026,0.3314980367621252,0.40668625380501316,0.5,False
BTGO,2,2026-01-23,2026-01-26,2026-02-24,2026,0.3049523893021608,0.433684385333428,0.5,False
BTGO,5,2026-01-28,2026-01-29,2026-02-27,2026,0.1931734466135548,0.4541349175260108,0.5,False
BTGO,10,2026-02-04,2026-02-05,2026-03-06,2026,-0.0443713937202956,0.41634939475750204,0.5,False
BTGO,15,2026-02-11,2026-02-12,2026-03-13,2026,-0.1911759547356744,0.4327434515933045,0.5,False
BTGO,20,2026-02-19,2026-02-20,2026-03-20,2026,-0.0995164191743465,0.38196911954370477,0.5,False
BXDC,2,2026-05-15,2026-05-18,2026-06-16,2026,-0.080358355632962,0.4238881886668415,0.5,False
BXDC,5,2026-05-20,2026-05-21,2026-06-22,2026,0.0183321767372566,0.4382931929297108,0.5,False
BXDC,10,2026-05-28,2026-05-29,2026-06-29,2026,-0.0308510496005203,0.4398579451212173,0.5,False
BXDC,15,2026-06-04,2026-06-05,2026-07-07,2026,0.0153979462503976,0.4593758581180381,0.5,False
BXDC,20,2026-06-11,2026-06-12,2026-07-14,2026,0.0443535811226087,0.47450522917431476,0.5,False
CBRS,2,2026-05-15,2026-05-18,2026-06-16,2026,0.2673257352506278,0.4238881886668415,0.5,False
CBRS,5,2026-05-20,2026-05-21,2026-06-22,2026,0.2225628936267444,0.4382931929297108,0.5,False
CBRS,10,2026-05-28,2026-05-29,2026-06-29,2026,0.0684195225570082,0.4398579451212173,0.5,False
CBRS,15,2026-06-04,2026-06-05,2026-07-07,2026,0.1203091074514408,0.4593758581180381,0.5,False
CBRS,20,2026-06-11,2026-06-12,2026-07-14,2026,0.095150860771187,0.47450522917431476,0.5,False
CDNL,15,2025-12-31,2026-01-02,2026-02-02,2026,-0.0462341731731584,0.45737030843307686,0.5,False
CDNL,20,2026-01-08,2026-01-09,2026-02-09,2026,-0.1609554900080158,0.4522125041329442,0.5,False
COAG,2,2026-05-04,2026-05-05,2026-06-03,2026,-0.0654673952837022,0.3984675641724493,0.5,False
COAG,5,2026-05-07,2026-05-08,2026-06-08,2026,-0.0154582915635357,0.41567050214904616,0.5,False
COAG,10,2026-05-14,2026-05-15,2026-06-15,2026,0.113112191139327,0.4315175305074909,0.5,False
COAG,15,2026-05-21,2026-05-22,2026-06-23,2026,-0.1912798437618277,0.4379137853390918,0.5,False
DPC,2,2026-06-26,2026-06-29,2026-07-28,2026,0.012354753849984,0.4077677624945583,0.5,False
DPC,5,2026-07-01,2026-07-02,2026-07-31,2026,0.0086958795491325,0.4668255690119387,0.5,False
EIKN,2,2026-02-06,2026-02-09,2026-03-10,2026,0.0613766395046762,0.45166293832053567,0.5,False
EIKN,5,2026-02-11,2026-02-12,2026-03-13,2026,0.1105139655544884,0.4327434515933045,0.5,False
EIKN,10,2026-02-19,2026-02-20,2026-03-20,2026,0.1554136007613889,0.38196911954370477,0.5,False
EIKN,15,2026-02-26,2026-02-27,2026-03-27,2026,0.2086713650360825,0.46271245338252026,0.5,False
EIKN,20,2026-03-05,2026-03-06,2026-04-06,2026,0.2946398409861369,0.40668625380501316,0.5,False
ELMT,2,2026-04-24,2026-04-27,2026-05-26,2026,0.0893290429629649,0.39504911377312835,0.5,False
ELMT,5,2026-04-29,2026-04-30,2026-05-29,2026,0.1224192198248049,0.40078398898218665,0.5,False
ELMT,10,2026-05-06,2026-05-07,2026-06-05,2026,-0.1224065188067849,0.40548374688682154,0.5,False
ELMT,15,2026-05-13,2026-05-14,2026-06-12,2026,-0.2496970065368166,0.4096763305477261,0.5,False
ELMT,20,2026-05-20,2026-05-21,2026-06-22,2026,-0.3771643226661236,0.4382931929297108,0.5,False
EQPT,2,2026-01-26,2026-01-27,2026-02-25,2026,-0.001580066911894,0.4370867557420811,0.5,False
EQPT,5,2026-01-29,2026-01-30,2026-03-02,2026,-0.0179026822184681,0.42067661620475516,0.5,False
EQPT,10,2026-02-05,2026-02-06,2026-03-09,2026,0.0882346212465226,0.36370096313399697,0.5,False
EQPT,15,2026-02-12,2026-02-13,2026-03-16,2026,0.1640833892237083,0.4057944576210321,0.5,False
EQPT,20,2026-02-20,2026-02-23,2026-03-23,2026,0.2783275766618047,0.46432352817768446,0.5,False
EROC,2,2026-06-11,2026-06-12,2026-07-14,2026,0.3099380890111454,0.47450522917431476,0.5,False
EROC,5,2026-06-16,2026-06-17,2026-07-17,2026,0.2494016256722597,0.48427137505691187,0.5,False
EROC,10,2026-06-24,2026-06-25,2026-07-24,2026,0.2607454238989009,0.5008559249752961,0.5,True
EROC,15,2026-07-01,2026-07-02,2026-07-31,2026,0.2984851606889294,0.4668255690119387,0.5,False
EROK,2,2026-05-15,2026-05-18,2026-06-16,2026,0.0560715597911852,0.4238881886668415,0.5,False
EROK,5,2026-05-20,2026-05-21,2026-06-22,2026,0.0665997064589237,0.4382931929297108,0.5,False
EROK,10,2026-05-28,2026-05-29,2026-06-29,2026,-0.0246651658069546,0.4398579451212173,0.5,False
EROK,15,2026-06-04,2026-06-05,2026-07-07,2026,0.0238798973971329,0.4593758581180381,0.5,False
EROK,20,2026-06-11,2026-06-12,2026-07-14,2026,-0.0503623270171336,0.47450522917431476,0.5,False
FCBM,2,2026-06-22,2026-06-23,2026-07-22,2026,0.0066889105321404,0.4754505187699852,0.5,False
FISN,2,2026-06-22,2026-06-23,2026-07-22,2026,0.0356005791651607,0.4754505187699852,0.5,False
FISN,5,2026-06-25,2026-06-26,2026-07-27,2026,0.0482331797902906,0.517814942277894,0.5,True
FPS,2,2026-02-06,2026-02-09,2026-03-10,2026,-0.1068118530446779,0.45166293832053567,0.5,False
FPS,5,2026-02-11,2026-02-12,2026-03-13,2026,-0.0307798596116041,0.4327434515933045,0.5,False
FPS,10,2026-02-19,2026-02-20,2026-03-20,2026,-0.0697661008322255,0.38196911954370477,0.5,False
FPS,15,2026-02-26,2026-02-27,2026-03-27,2026,-0.1571890793251347,0.46271245338252026,0.5,False
FPS,20,2026-03-05,2026-03-06,2026-04-06,2026,-0.0080550374188539,0.40668625380501316,0.5,False
FRBT,2,2026-06-12,2026-06-15,2026-07-15,2026,-0.0670535806554813,0.47714301481441407,0.5,False
FRVO,2,2026-05-14,2026-05-15,2026-06-15,2026,0.0515579387023151,0.4315175305074909,0.5,False
FRVO,5,2026-05-19,2026-05-20,2026-06-18,2026,0.0683922766300842,0.4531933286677721,0.5,False
FRVO,10,2026-05-27,2026-05-28,2026-06-26,2026,0.0568948476777125,0.4280964075449181,0.5,False
FRVO,15,2026-06-03,2026-06-04,2026-07-06,2026,0.2617013236618051,0.441382515570541,0.5,False
FRVO,20,2026-06-10,2026-06-11,2026-07-13,2026,0.231695731137545,0.4982343115191892,0.5,False
GENB,2,2026-03-02,2026-03-03,2026-03-31,2026,-0.0965162348036883,0.37939828037599965,0.5,False
GENB,5,2026-03-05,2026-03-06,2026-04-06,2026,-0.0441952488876818,0.40668625380501316,0.5,False
GENB,10,2026-03-12,2026-03-13,2026-04-13,2026,0.0482225606199333,0.4144105698787318,0.5,False
GENB,15,2026-03-19,2026-03-20,2026-04-20,2026,0.0303772176365069,0.44581909150893817,0.5,False
GENB,20,2026-03-26,2026-03-27,2026-04-27,2026,0.0629975473201207,0.4514056143580961,0.5,False
GMRS,2,2026-05-14,2026-05-15,2026-06-15,2026,0.1212237502242228,0.4315175305074909,0.5,False
GMRS,5,2026-05-19,2026-05-20,2026-06-18,2026,-0.0623951404646452,0.4531933286677721,0.5,False
GMRS,10,2026-05-27,2026-05-28,2026-06-26,2026,-0.2891047489824678,0.4280964075449181,0.5,False
GMRS,15,2026-06-03,2026-06-04,2026-07-06,2026,-0.4046450166120796,0.441382515570541,0.5,False
GMRS,20,2026-06-10,2026-06-11,2026-07-13,2026,-0.1192988921252506,0.4982343115191892,0.5,False
GMTL,2,2026-03-23,2026-03-24,2026-04-22,2026,-0.3144804784690567,0.41631172933310745,0.5,False
GMTL,5,2026-03-26,2026-03-27,2026-04-27,2026,-0.1119265931129024,0.4514056143580961,0.5,False
HAWK,2,2026-05-08,2026-05-11,2026-06-09,2026,0.2258770112645007,0.40647286776991953,0.5,False
HAWK,5,2026-05-13,2026-05-14,2026-06-12,2026,0.2685625097706735,0.4096763305477261,0.5,False
HAWK,10,2026-05-20,2026-05-21,2026-06-22,2026,0.2590395983640103,0.4382931929297108,0.5,False
HAWK,15,2026-05-28,2026-05-29,2026-06-29,2026,0.2738926794342035,0.4398579451212173,0.5,False
HAWK,20,2026-06-04,2026-06-05,2026-07-07,2026,0.207728459869527,0.4593758581180381,0.5,False
HMH,2,2026-04-02,2026-04-06,2026-05-04,2026,-0.0704765145488568,0.422905141516223,0.5,False
HMH,5,2026-04-08,2026-04-09,2026-05-07,2026,-0.1989167196037673,0.4718795343429295,0.5,False
HMH,10,2026-04-15,2026-04-16,2026-05-14,2026,-0.1147144441226328,0.44542417793946854,0.5,False
HMH,15,2026-04-22,2026-04-23,2026-05-21,2026,-0.1288768517191867,0.4220874371738672,0.5,False
HMH,20,2026-04-29,2026-04-30,2026-05-29,2026,-0.0092440486505197,0.40078398898218665,0.5,False
INIO,2,2026-06-09,2026-06-10,2026-07-10,2026,0.0128366455376421,0.5029399453306137,0.5,True
INIO,5,2026-06-12,2026-06-15,2026-07-15,2026,0.0599999526546382,0.47714301481441407,0.5,False
INIO,10,2026-06-22,2026-06-23,2026-07-22,2026,0.2776763771441076,0.4754505187699852,0.5,False
INIO,15,2026-06-29,2026-06-30,2026-07-29,2026,0.3561322053591772,0.48034673610133893,0.5,False
JAN,2,2026-03-23,2026-03-24,2026-04-22,2026,0.0766847996494103,0.41631172933310745,0.5,False
JAN,5,2026-03-26,2026-03-27,2026-04-27,2026,0.0656625988146204,0.4514056143580961,0.5,False
JAN,10,2026-04-02,2026-04-06,2026-05-04,2026,0.0137076041485817,0.422905141516223,0.5,False
JAN,15,2026-04-10,2026-04-13,2026-05-11,2026,-0.1188198436966898,0.4643781806180813,0.5,False
JAN,20,2026-04-17,2026-04-20,2026-05-18,2026,-0.0298860502611889,0.43314332618409757,0.5,False
KARD,2,2026-06-22,2026-06-23,2026-07-22,2026,0.0014248766090318,0.4754505187699852,0.5,False
KARD,5,2026-06-25,2026-06-26,2026-07-27,2026,0.0362845764140617,0.517814942277894,0.5,True
KLRA,2,2026-04-20,2026-04-21,2026-05-19,2026,0.2320541381512199,0.42093329969125837,0.5,False
KLRA,5,2026-04-23,2026-04-24,2026-05-22,2026,0.1883201925466407,0.3994882176941706,0.5,False
KLRA,10,2026-04-30,2026-05-01,2026-06-01,2026,0.123399662395904,0.4003710460227087,0.5,False
KLRA,15,2026-05-07,2026-05-08,2026-06-08,2026,0.0993468476529071,0.41567050214904616,0.5,False
KLRA,20,2026-05-14,2026-05-15,2026-06-15,2026,0.0440621796589892,0.4315175305074909,0.5,False
LCLN,2,2026-05-21,2026-05-22,2026-06-23,2026,-0.0635770478651664,0.4379137853390918,0.5,False
LCLN,5,2026-05-27,2026-05-28,2026-06-26,2026,-0.1580447362588158,0.4280964075449181,0.5,False
LCLN,10,2026-06-03,2026-06-04,2026-07-06,2026,-0.0391330451535059,0.441382515570541,0.5,False
LCLN,15,2026-06-10,2026-06-11,2026-07-13,2026,0.1035360869630835,0.4982343115191892,0.5,False
LCLN,20,2026-06-17,2026-06-18,2026-07-20,2026,0.0344934096646081,0.45932460017878557,0.5,False
LFTO,2,2026-06-05,2026-06-08,2026-07-08,2026,0.1041125331735676,0.4784832100435711,0.5,False
LFTO,5,2026-06-10,2026-06-11,2026-07-13,2026,0.0394327320928844,0.4982343115191892,0.5,False
LFTO,10,2026-06-17,2026-06-18,2026-07-20,2026,0.0442473964500584,0.45932460017878557,0.5,False
LFTO,15,2026-06-25,2026-06-26,2026-07-27,2026,0.0909840779172737,0.517814942277894,0.5,True
LIFE,2,2026-01-30,2026-02-02,2026-03-03,2026,0.1143816061071843,0.4530996186972254,0.5,False
LIFE,5,2026-02-04,2026-02-05,2026-03-06,2026,-0.0513677722068188,0.41634939475750204,0.5,False
LIFE,10,2026-02-11,2026-02-12,2026-03-13,2026,-0.2767279186003699,0.4327434515933045,0.5,False
LMRI,15,2026-01-02,2026-01-05,2026-02-03,2026,0.3070282156573022,0.4765345702306713,0.5,False
LMRI,20,2026-01-09,2026-01-12,2026-02-10,2026,0.1520767767562009,0.4496560436932559,0.5,False
MAIR,2,2026-04-17,2026-04-20,2026-05-18,2026,-0.1713186574903984,0.43314332618409757,0.5,False
MAIR,5,2026-04-22,2026-04-23,2026-05-21,2026,-0.0808366981937621,0.4220874371738672,0.5,False
MAIR,10,2026-04-29,2026-04-30,2026-05-29,2026,-0.1483119319311038,0.40078398898218665,0.5,False
MAIR,15,2026-05-06,2026-05-07,2026-06-05,2026,-0.0148740258991053,0.40548374688682154,0.5,False
MAIR,20,2026-05-13,2026-05-14,2026-06-12,2026,0.0514119695088839,0.4096763305477261,0.5,False
MANE,2,2026-02-05,2026-02-06,2026-03-09,2026,-0.4305736917863125,0.36370096313399697,0.5,False
MANE,5,2026-02-10,2026-02-11,2026-03-12,2026,-0.3751065381070938,0.45105900995226217,0.5,False
MANE,10,2026-02-18,2026-02-19,2026-03-19,2026,-0.2200700128810712,0.38689997765396916,0.5,False
MANE,15,2026-02-25,2026-02-26,2026-03-26,2026,-0.6745911553270181,0.4417873495646315,0.5,False
MANE,20,2026-03-04,2026-03-05,2026-04-02,2026,-0.3926756990978888,0.3948897025837151,0.5,False
MDLN,10,2025-12-31,2026-01-02,2026-02-02,2026,-0.0844028393478024,0.45737030843307686,0.5,False
MDLN,15,2026-01-08,2026-01-09,2026-02-09,2026,-0.1702734910627571,0.4522125041329442,0.5,False
MDLN,20,2026-01-15,2026-01-16,2026-02-17,2026,-0.1203015358381774,0.4197358650118788,0.5,False
MMED,2,2026-03-09,2026-03-10,2026-04-08,2026,0.2171484010916412,0.4037200142259559,0.5,False
MMED,5,2026-03-12,2026-03-13,2026-04-13,2026,0.1409982014094889,0.4144105698787318,0.5,False
MMED,10,2026-03-19,2026-03-20,2026-04-20,2026,0.2853380310027896,0.44581909150893817,0.5,False
MMED,15,2026-03-26,2026-03-27,2026-04-27,2026,0.3651585458485298,0.4514056143580961,0.5,False
MMED,20,2026-04-02,2026-04-06,2026-05-04,2026,0.3045343556801954,0.422905141516223,0.5,False
MOBI,2,2026-05-11,2026-05-12,2026-06-10,2026,-0.1129511205715488,0.425903119610879,0.5,False
MWH,2,2026-02-13,2026-02-17,2026-03-17,2026,0.023170533497442,0.39901080405008715,0.5,False
MWH,5,2026-02-19,2026-02-20,2026-03-20,2026,-0.0152956808368842,0.38196911954370477,0.5,False
MWH,10,2026-02-26,2026-02-27,2026-03-27,2026,-0.0680088804052691,0.46271245338252026,0.5,False
MWH,15,2026-03-05,2026-03-06,2026-04-06,2026,-0.0655621729910051,0.40668625380501316,0.5,False
MWH,20,2026-03-12,2026-03-13,2026-04-13,2026,-0.1389706696686124,0.4144105698787318,0.5,False
NHP,2,2026-04-23,2026-04-24,2026-05-22,2026,-0.1390081502414302,0.3994882176941706,0.5,False
NHP,5,2026-04-28,2026-04-29,2026-05-28,2026,-0.0874112930015194,0.3906736677863271,0.5,False
NHP,10,2026-05-05,2026-05-06,2026-06-04,2026,-0.0712045723787555,0.3984103116372951,0.5,False
NHP,15,2026-05-12,2026-05-13,2026-06-11,2026,-0.1026890729392125,0.4255117365940403,0.5,False
NHP,20,2026-05-19,2026-05-20,2026-06-18,2026,0.0276282100953626,0.4531933286677721,0.5,False
ODTX,2,2026-05-11,2026-05-12,2026-06-10,2026,0.0268170185362252,0.425903119610879,0.5,False
ODTX,5,2026-05-14,2026-05-15,2026-06-15,2026,-0.0333924536897251,0.4315175305074909,0.5,False
ODTX,10,2026-05-21,2026-05-22,2026-06-23,2026,-0.1122835423122272,0.4379137853390918,0.5,False
ODTX,15,2026-05-29,2026-06-01,2026-06-30,2026,-0.105315498388213,0.4266017850248265,0.5,False
ODTX,20,2026-06-05,2026-06-08,2026-07-08,2026,0.0304001692072532,0.4784832100435711,0.5,False
OFRM,2,2026-02-09,2026-02-10,2026-03-11,2026,-0.0428940364262057,0.4345146979790115,0.5,False
OFRM,5,2026-02-12,2026-02-13,2026-03-16,2026,0.0665290018596979,0.4057944576210321,0.5,False
OFRM,10,2026-02-20,2026-02-23,2026-03-23,2026,0.2028934737498418,0.46432352817768446,0.5,False
OFRM,15,2026-02-27,2026-03-02,2026-03-30,2026,0.2661174662613397,0.3877843156257067,0.5,False
OFRM,20,2026-03-06,2026-03-09,2026-04-07,2026,0.1821562975596402,0.3901399023212985,0.5,False
OPTH,2,2026-05-21,2026-05-22,2026-06-23,2026,0.1809099052844749,0.4379137853390918,0.5,False
PAYP,2,2026-03-13,2026-03-16,2026-04-14,2026,0.0074909801296282,0.4011564206014068,0.5,False
PAYP,5,2026-03-18,2026-03-19,2026-04-17,2026,-0.0808861890205351,0.41167710205585273,0.5,False
PAYP,10,2026-03-25,2026-03-26,2026-04-24,2026,0.3063278947727156,0.4172583216205752,0.5,False
PAYP,15,2026-04-01,2026-04-02,2026-05-01,2026,0.137571826413896,0.4247307000796476,0.5,False
PAYP,20,2026-04-09,2026-04-10,2026-05-08,2026,0.1661477059024263,0.45847596525801954,0.5,False
PBLS,2,2026-06-11,2026-06-12,2026-07-14,2026,-0.0500360365196963,0.47450522917431476,0.5,False
PBLS,5,2026-06-16,2026-06-17,2026-07-17,2026,-0.0305147443367567,0.48427137505691187,0.5,False
PBLS,10,2026-06-24,2026-06-25,2026-07-24,2026,-0.1777983035187501,0.5008559249752961,0.5,True
PBLS,15,2026-07-01,2026-07-02,2026-07-31,2026,-0.253831667936825,0.4668255690119387,0.5,False
PICS,2,2026-01-30,2026-02-02,2026-03-03,2026,0.154380508449957,0.4530996186972254,0.5,False
PICS,5,2026-02-04,2026-02-05,2026-03-06,2026,0.097664593655151,0.41634939475750204,0.5,False
PICS,10,2026-02-11,2026-02-12,2026-03-13,2026,-0.0964466711602387,0.4327434515933045,0.5,False
PICS,15,2026-02-19,2026-02-20,2026-03-20,2026,0.0490288715384041,0.38196911954370477,0.5,False
PICS,20,2026-02-26,2026-02-27,2026-03-27,2026,0.1812682837296397,0.46271245338252026,0.5,False
PPHC,2,2026-01-29,2026-01-30,2026-03-02,2026,-0.0381995827896877,0.42067661620475516,0.5,False
PS,2,2026-04-30,2026-05-01,2026-06-01,2026,-0.2126777996689479,0.4003710460227087,0.5,False
PS,5,2026-05-05,2026-05-06,2026-06-04,2026,-0.1528209524510226,0.3984103116372951,0.5,False
PS,10,2026-05-12,2026-05-13,2026-06-11,2026,0.3227253929308895,0.4255117365940403,0.5,False
PS,15,2026-05-19,2026-05-20,2026-06-18,2026,0.1634631219546471,0.4531933286677721,0.5,False
PS,20,2026-05-27,2026-05-28,2026-06-26,2026,0.0338284225504735,0.4280964075449181,0.5,False
QNT,2,2026-06-05,2026-06-08,2026-07-08,2026,-0.3198450650533426,0.4784832100435711,0.5,False
QNT,5,2026-06-10,2026-06-11,2026-07-13,2026,-0.2424509364736549,0.4982343115191892,0.5,False
QNT,10,2026-06-17,2026-06-18,2026-07-20,2026,0.0508809231290878,0.45932460017878557,0.5,False
QNT,15,2026-06-25,2026-06-26,2026-07-27,2026,0.2092007947658312,0.517814942277894,0.5,True
REA,2,2026-05-07,2026-05-08,2026-06-08,2026,0.210221208470145,0.41567050214904616,0.5,False
REA,5,2026-05-12,2026-05-13,2026-06-11,2026,0.3954767655493274,0.4255117365940403,0.5,False
REA,10,2026-05-19,2026-05-20,2026-06-18,2026,0.2023075022345619,0.4531933286677721,0.5,False
REA,15,2026-05-27,2026-05-28,2026-06-26,2026,0.2163500383535004,0.4280964075449181,0.5,False
SBMT,2,2026-05-01,2026-05-04,2026-06-02,2026,0.1784023519653172,0.4012218848119921,0.5,False
SGP,2,2026-02-09,2026-02-10,2026-03-11,2026,-0.1006989876115582,0.4345146979790115,0.5,False
SHAZ,2,2026-02-19,2026-02-20,2026-03-20,2026,0.1321666318270773,0.38196911954370477,0.5,False
SHAZ,5,2026-02-24,2026-02-25,2026-03-25,2026,0.0909566384670034,0.3766462100185047,0.5,False
SHAZ,10,2026-03-03,2026-03-04,2026-04-01,2026,-0.7224252400754576,0.4032599141668145,0.5,False
SIND,2,2026-06-29,2026-06-30,2026-07-29,2026,-0.1005601719137794,0.48034673610133893,0.5,False
SPCX,2,2026-06-15,2026-06-16,2026-07-16,2026,0.3136969554663141,0.4844283174095603,0.5,False
SPCX,5,2026-06-18,2026-06-22,2026-07-21,2026,0.2732805900998099,0.4657337774661384,0.5,False
SPCX,10,2026-06-26,2026-06-29,2026-07-28,2026,0.2418666194220745,0.4077677624945583,0.5,False
SPTX,2,2026-05-04,2026-05-05,2026-06-03,2026,0.0446743125777919,0.3984675641724493,0.5,False
SPTX,5,2026-05-07,2026-05-08,2026-06-08,2026,-0.0522506701356848,0.41567050214904616,0.5,False
SPTX,10,2026-05-14,2026-05-15,2026-06-15,2026,-0.0449219411595096,0.4315175305074909,0.5,False
SPTX,15,2026-05-21,2026-05-22,2026-06-23,2026,-0.1687486708431916,0.4379137853390918,0.5,False
SPTX,20,2026-05-29,2026-06-01,2026-06-30,2026,-0.2423416258723138,0.4266017850248265,0.5,False
SSMR,2,2026-06-05,2026-06-08,2026-07-08,2026,0.1006327666591847,0.4784832100435711,0.5,False
SSMR,5,2026-06-10,2026-06-11,2026-07-13,2026,0.0572637782860165,0.4982343115191892,0.5,False
SSMR,10,2026-06-17,2026-06-18,2026-07-20,2026,0.0204687908795925,0.45932460017878557,0.5,False
SUJA,2,2026-05-08,2026-05-11,2026-06-09,2026,0.0988648274761649,0.40647286776991953,0.5,False
SUJA,5,2026-05-13,2026-05-14,2026-06-12,2026,0.3524583252328302,0.4096763305477261,0.5,False
SUJA,10,2026-05-20,2026-05-21,2026-06-22,2026,0.4303576858916459,0.4382931929297108,0.5,False
SUJA,15,2026-05-28,2026-05-29,2026-06-29,2026,0.2829459209690689,0.4398579451212173,0.5,False
SWMR,2,2026-03-18,2026-03-19,2026-04-17,2026,0.4279823418832075,0.41167710205585273,0.5,False
SWMR,5,2026-03-23,2026-03-24,2026-04-22,2026,-0.4049986892531736,0.41631172933310745,0.5,False
SWMR,10,2026-03-30,2026-03-31,2026-04-29,2026,0.3177442857300585,0.43560838727047885,0.5,False
SWMR,15,2026-04-07,2026-04-08,2026-05-06,2026,0.3641957709355854,0.40473007971062486,0.5,False
SWMR,20,2026-04-14,2026-04-15,2026-05-13,2026,0.2933532768771864,0.4486628119881892,0.5,False
WHK,2,2026-06-10,2026-06-11,2026-07-13,2026,0.0123691264473665,0.4982343115191892,0.5,False
WHK,5,2026-06-15,2026-06-16,2026-07-16,2026,5.4904872523454246e-05,0.4844283174095603,0.5,False
WHK,10,2026-06-23,2026-06-24,2026-07-23,2026,0.0112988963185864,0.4886204932191308,0.5,False
WHK,15,2026-06-30,2026-07-01,2026-07-30,2026,0.0367432228685247,0.4622758921550145,0.5,False
WLTH,15,2026-01-06,2026-01-07,2026-02-05,2026,0.3351656411512998,0.43911470544536135,0.5,False
WLTH,20,2026-01-13,2026-01-14,2026-02-12,2026,0.2514163341444053,0.43518498495877117,0.5,False
XE,2,2026-04-27,2026-04-28,2026-05-27,2026,0.2607215647173764,0.38887356971552817,0.5,False
XE,5,2026-04-30,2026-05-01,2026-06-01,2026,0.2370851409970635,0.4003710460227087,0.5,False
XE,10,2026-05-07,2026-05-08,2026-06-08,2026,0.242013996357761,0.41567050214904616,0.5,False
XE,15,2026-05-14,2026-05-15,2026-06-15,2026,0.2793175534615492,0.4315175305074909,0.5,False
XE,20,2026-05-21,2026-05-22,2026-06-23,2026,0.2004504244651027,0.4379137853390918,0.5,False
YSS,2,2026-01-30,2026-02-02,2026-03-03,2026,0.241705833891436,0.4530996186972254,0.5,False
YSS,5,2026-02-04,2026-02-05,2026-03-06,2026,0.034791009589145,0.41634939475750204,0.5,False
YSS,10,2026-02-11,2026-02-12,2026-03-13,2026,0.1786756675578998,0.4327434515933045,0.5,False
YSS,15,2026-02-19,2026-02-20,2026-03-20,2026,0.0878906412424678,0.38196911954370477,0.5,False
YSS,20,2026-02-26,2026-02-27,2026-03-27,2026,-0.0653738940672386,0.46271245338252026,0.5,False
YSWY,2,2026-04-23,2026-04-24,2026-05-22,2026,-0.041188381260979,0.3994882176941706,0.5,False
YSWY,5,2026-04-28,2026-04-29,2026-05-28,2026,0.1557392239851564,0.3906736677863271,0.5,False
YSWY,10,2026-05-05,2026-05-06,2026-06-04,2026,0.2675191627226148,0.3984103116372951,0.5,False
YSWY,15,2026-05-12,2026-05-13,2026-06-11,2026,0.0047779757641603,0.4255117365940403,0.5,False
YSWY,20,2026-05-19,2026-05-20,2026-06-18,2026,0.1021016164939817,0.4531933286677721,0.5,False
