symbol,signal_day,signal_date,entry_date,exit_date,year,y,pred,thr,short_it
ABCL,2,2020-12-14,2020-12-15,2021-01-14,2020,0.1007624610271016,-0.11983785249820264,0.0,False
ABCL,5,2020-12-17,2020-12-18,2021-01-20,2020,0.0453698965805154,-0.14374981653580382,0.0,False
ABCL,10,2020-12-24,2020-12-28,2021-01-27,2020,-0.1188536541615345,-0.15765910377890086,0.0,False
ABNB,2,2020-12-11,2020-12-14,2021-01-13,2020,-0.2474592432992765,-0.05302772046681046,0.0,False
ABNB,5,2020-12-16,2020-12-17,2021-01-19,2020,-0.2206745096780391,-0.05708163553505948,0.0,False
ABNB,10,2020-12-23,2020-12-24,2021-01-26,2020,-0.1781099527534433,-0.11163237050957298,0.0,False
ACI,2,2020-06-29,2020-06-30,2020-07-29,2020,0.086945668385614,-0.09097517667834172,0.0,False
ACI,5,2020-07-02,2020-07-06,2020-08-03,2020,0.0895283415609086,-0.01770179049196689,0.0,False
ACI,10,2020-07-10,2020-07-13,2020-08-10,2020,-0.0121645243240884,-0.045004410288044965,0.0,False
ACI,15,2020-07-17,2020-07-20,2020-08-17,2020,0.066262033779508,-0.0891161374460882,0.0,False
ACI,20,2020-07-24,2020-07-27,2020-08-24,2020,0.12135415398789,-0.026348997015398314,0.0,False
ADCT,2,2020-05-19,2020-05-20,2020-06-18,2020,-0.2291631012398285,-0.06700735088156529,0.0,False
ADCT,5,2020-05-22,2020-05-26,2020-06-23,2020,-0.1887212717479587,-0.018461681076551474,0.0,False
ADCT,10,2020-06-01,2020-06-02,2020-06-30,2020,-0.3351785642514463,-0.13759899298397438,0.0,False
ADCT,15,2020-06-08,2020-06-09,2020-07-08,2020,-0.290073603275789,-0.14530790612976535,0.0,False
ADCT,20,2020-06-15,2020-06-16,2020-07-15,2020,-0.1720222725464181,0.0017986016301993109,0.0,True
AI,2,2020-12-10,2020-12-11,2021-01-12,2020,-0.0579335949359346,-0.051600904360263225,0.0,False
AI,5,2020-12-15,2020-12-16,2021-01-15,2020,-0.2928259435544695,-0.1165151445653474,0.0,False
AI,10,2020-12-22,2020-12-23,2021-01-25,2020,0.1539117392935762,-0.05840836531330525,0.0,False
AI,15,2020-12-30,2020-12-31,2021-02-01,2020,0.0214832048746206,-0.13165568358502563,0.0,False
ALGM,2,2020-10-30,2020-11-02,2020-12-01,2020,-0.2256260436731536,-0.18265933067705098,0.0,False
ALGM,5,2020-11-04,2020-11-05,2020-12-04,2020,-0.2788638523913604,-0.11054573616603089,0.0,False
ALGM,10,2020-11-11,2020-11-12,2020-12-11,2020,-0.1736489397651223,-0.10425954667137285,0.0,False
ALGM,15,2020-11-18,2020-11-19,2020-12-18,2020,-0.1466668735422084,-0.008697250235926969,0.0,False
ALGM,20,2020-11-25,2020-11-27,2020-12-28,2020,-0.0103704058355532,0.033062416786489135,0.0,True
ALXO,2,2020-07-20,2020-07-21,2020-08-18,2020,-0.3079435434641586,-0.0915268480803983,0.0,False
ALXO,5,2020-07-23,2020-07-24,2020-08-21,2020,-0.4951156767170677,-0.09192378110963455,0.0,False
ANNX,2,2020-07-27,2020-07-28,2020-08-25,2020,-0.2961121292678171,-0.07160582734718365,0.0,False
ANVS,2,2020-01-30,2020-01-31,2020-03-02,2020,0.1512683218956482,0.11037746461251574,0.0,True
API,2,2020-06-29,2020-06-30,2020-07-29,2020,0.1570609561498493,-0.10748802847892777,0.0,False
API,5,2020-07-02,2020-07-06,2020-08-03,2020,0.3752197633026403,-0.09206535615849164,0.0,False
API,10,2020-07-10,2020-07-13,2020-08-10,2020,0.3291775250948976,-0.15249743234255947,0.0,False
API,15,2020-07-17,2020-07-20,2020-08-17,2020,0.2479356555680883,-0.12573403584884865,0.0,False
API,20,2020-07-24,2020-07-27,2020-08-24,2020,0.1252709238001964,-0.159202416205394,0.0,False
ARQT,2,2020-02-03,2020-02-04,2020-03-04,2020,-0.2043455900313916,-0.056267988993227616,0.0,False
ARQT,5,2020-02-06,2020-02-07,2020-03-09,2020,-0.4447967824433002,-0.1083092700353125,0.0,False
ARQT,15,2020-02-21,2020-02-24,2020-03-23,2020,-0.592204289875491,-0.09905100744487086,0.0,False
ARQT,20,2020-02-28,2020-03-02,2020-03-30,2020,-0.2480314299728349,-0.06520602828301485,0.0,False
ARRY,2,2020-10-16,2020-10-19,2020-11-16,2020,0.0169412921076568,-0.26414223958427235,0.0,False
ARRY,5,2020-10-21,2020-10-22,2020-11-19,2020,-0.061732751745397,-0.25695108095907004,0.0,False
ARRY,10,2020-10-28,2020-10-29,2020-11-27,2020,-0.1171412379826302,-0.1711841676155813,0.0,False
ARRY,15,2020-11-04,2020-11-05,2020-12-04,2020,0.0903890026029602,-0.1630108379391184,0.0,False
ARRY,20,2020-11-11,2020-11-12,2020-12-11,2020,0.0605094169652057,-0.11950995135854149,0.0,False
ASAN,2,2020-10-01,2020-10-02,2020-10-30,2020,0.0602525835170253,0.13533556341853048,0.0,True
ASAN,5,2020-10-06,2020-10-07,2020-11-04,2020,0.1348689622388666,0.1467366050014636,0.0,True
ASAN,10,2020-10-13,2020-10-14,2020-11-11,2020,0.0997686040125348,0.05135757831223812,0.0,True
ASAN,15,2020-10-20,2020-10-21,2020-11-18,2020,0.0533264226256392,0.13829803133482177,0.0,True
ASAN,20,2020-10-27,2020-10-28,2020-11-25,2020,-0.0869091897175136,0.14218578431335996,0.0,True
ASO,2,2020-10-05,2020-10-06,2020-11-03,2020,-0.2201888716048423,-0.14880185361368456,0.0,False
ASO,5,2020-10-08,2020-10-09,2020-11-06,2020,-0.3183233539228894,0.02328534319201697,0.0,True
ASO,10,2020-10-15,2020-10-16,2020-11-13,2020,-0.2114158399529081,0.039215844403413316,0.0,True
ASO,15,2020-10-22,2020-10-23,2020-11-20,2020,-0.0930839978843879,-0.03770817655889536,0.0,False
ASO,20,2020-10-29,2020-10-30,2020-11-30,2020,-0.1049684112460296,-0.05947616797862405,0.0,False
AVIR,2,2020-11-02,2020-11-03,2020-12-02,2020,0.1159255370731962,-0.1460525235668007,0.0,False
AVIR,5,2020-11-05,2020-11-06,2020-12-07,2020,0.2077036190757247,-0.14171793347994635,0.0,False
AVIR,10,2020-11-12,2020-11-13,2020-12-14,2020,-0.0422590481950142,-0.045734408597674366,0.0,False
AVIR,15,2020-11-19,2020-11-20,2020-12-21,2020,-0.0940997169927565,-0.10449638982634187,0.0,False
AVIR,20,2020-11-27,2020-11-30,2020-12-29,2020,-0.1565747498798976,-0.23653181325901446,0.0,False
AVO,2,2020-10-05,2020-10-06,2020-11-03,2020,-0.0969656964430276,0.05863911987206911,0.0,True
AVO,5,2020-10-08,2020-10-09,2020-11-06,2020,-0.1191751151183581,0.1011853244106858,0.0,True
BDTX,2,2020-02-03,2020-02-04,2020-03-04,2020,0.094077081038854,-0.1534148420860291,0.0,False
BDTX,5,2020-02-06,2020-02-07,2020-03-09,2020,0.0588865117268492,-0.1414709599876339,0.0,False
BDTX,10,2020-02-13,2020-02-14,2020-03-16,2020,0.0151676434361854,-0.08649772919767483,0.0,False
BDTX,15,2020-02-21,2020-02-24,2020-03-23,2020,0.1738329313724852,-0.03652121705151916,0.0,False
BDTX,20,2020-02-28,2020-03-02,2020-03-30,2020,-0.1802986844449815,-0.10215114441549344,0.0,False
BEAM,2,2020-02-07,2020-02-10,2020-03-10,2020,-0.2813435405374722,0.015463147357791175,0.0,True
BEAM,5,2020-02-12,2020-02-13,2020-03-13,2020,0.0503489821435754,0.040077000265683234,0.0,True
BEAM,10,2020-02-20,2020-02-21,2020-03-20,2020,-0.2267685463666269,0.04973079719293102,0.0,True
BEAM,15,2020-02-27,2020-02-28,2020-03-27,2020,-0.1823164592784176,-0.08329254141963115,0.0,False
BEAM,20,2020-03-05,2020-03-06,2020-04-03,2020,0.0814502438458019,0.0641361848043245,0.0,True
BEKE,2,2020-08-14,2020-08-17,2020-09-15,2020,-0.6514704048739329,-0.013001427004370533,0.0,False
BEKE,5,2020-08-19,2020-08-20,2020-09-18,2020,-0.3773399899885851,0.06654497495318538,0.0,True
BEKE,10,2020-08-26,2020-08-27,2020-09-25,2020,-0.2699024660825664,-0.046327836778943005,0.0,False
BEKE,15,2020-09-02,2020-09-03,2020-10-02,2020,-0.283631816673336,0.009091700687990515,0.0,True
BEKE,20,2020-09-10,2020-09-11,2020-10-09,2020,-0.3301557961781422,0.03737952146867603,0.0,True
BILL,15,2020-01-03,2020-01-06,2020-02-04,2020,-0.4313523154317953,-0.18225631373230244,0.0,False
BILL,20,2020-01-10,2020-01-13,2020-02-11,2020,-0.5442411904513739,-0.20248983446193866,0.0,False
BNL,2,2020-09-18,2020-09-21,2020-10-19,2020,0.0467883274644544,-0.04618061909539088,0.0,False
BNL,5,2020-09-23,2020-09-24,2020-10-22,2020,0.0733412539541527,-0.053339079143242145,0.0,False
BNL,10,2020-09-30,2020-10-01,2020-10-29,2020,-0.0522220010428507,-0.047933591368004534,0.0,False
BNL,15,2020-10-07,2020-10-08,2020-11-05,2020,0.0028750490847805,-0.047933591368004534,0.0,False
BNL,20,2020-10-14,2020-10-15,2020-11-12,2020,-0.0349284766266321,-0.047933591368004534,0.0,False
BSY,2,2020-09-24,2020-09-25,2020-10-23,2020,-0.0896991233261154,-0.1047657444206831,0.0,False
BSY,5,2020-09-29,2020-09-30,2020-10-28,2020,-0.2024355409977636,-0.004669814026849883,0.0,False
BSY,10,2020-10-06,2020-10-07,2020-11-04,2020,-0.191193710321489,0.06919811562429874,0.0,True
BSY,15,2020-10-13,2020-10-14,2020-11-11,2020,0.0005647782060336,-0.07211882994581838,0.0,False
BSY,20,2020-10-20,2020-10-21,2020-11-18,2020,0.1051295829971992,-0.18837326296916185,0.0,False
CCCC,2,2020-10-05,2020-10-06,2020-11-03,2020,0.0203919753875578,-0.15192273363818729,0.0,False
CCCC,5,2020-10-08,2020-10-09,2020-11-06,2020,-0.1011208137827737,0.016151108917060817,0.0,True
CCCC,10,2020-10-15,2020-10-16,2020-11-13,2020,-0.0255902391321081,0.10177153407055442,0.0,True
CCCC,15,2020-10-22,2020-10-23,2020-11-20,2020,-0.0713872695034196,-0.10380719986430673,0.0,False
CCCC,20,2020-10-29,2020-10-30,2020-11-30,2020,-0.322613765298447,-0.03606253891369056,0.0,False
CERT,2,2020-12-14,2020-12-15,2021-01-14,2020,-0.0051500558890448,-0.08600452726141015,0.0,False
CERT,5,2020-12-17,2020-12-18,2021-01-20,2020,0.0597531991010096,-0.16980933413686447,0.0,False
CERT,10,2020-12-24,2020-12-28,2021-01-27,2020,0.1151889069488512,-0.20386765094453263,0.0,False
CMPS,2,2020-09-21,2020-09-22,2020-10-20,2020,-0.2869044055046974,-0.11842526035089383,0.0,False
CMPS,5,2020-09-24,2020-09-25,2020-10-23,2020,0.1261920669874026,-0.06300673771076629,0.0,False
CMPS,10,2020-10-01,2020-10-02,2020-10-30,2020,-0.0264686481660649,-0.086166625095985,0.0,False
CMPS,15,2020-10-08,2020-10-09,2020-11-06,2020,0.0059249695962323,-0.013076544325118705,0.0,False
CMPS,20,2020-10-15,2020-10-16,2020-11-13,2020,0.0655542826772428,0.03196894143830429,0.0,True
CRSR,2,2020-09-24,2020-09-25,2020-10-23,2020,-0.4885103459098148,-0.10961914391923203,0.0,False
CRSR,5,2020-09-29,2020-09-30,2020-10-28,2020,-0.342636190349906,-0.04990311919606928,0.0,False
CRSR,10,2020-10-06,2020-10-07,2020-11-04,2020,-0.4361689555117625,-0.009971415548524492,0.0,False
CRSR,15,2020-10-13,2020-10-14,2020-11-11,2020,-0.5687751650543725,0.020516976878313314,0.0,True
CRSR,20,2020-10-20,2020-10-21,2020-11-18,2020,-0.3539342040702961,0.06124474075072833,0.0,True
DASH,2,2020-12-10,2020-12-11,2021-01-12,2020,-0.058401298005452,-0.10772745929531187,0.0,False
DASH,5,2020-12-15,2020-12-16,2021-01-15,2020,-0.167968736133697,-0.015670138613332142,0.0,False
DASH,10,2020-12-22,2020-12-23,2021-01-25,2020,-0.2049469841010542,0.019198767309955872,0.0,True
DASH,15,2020-12-30,2020-12-31,2021-02-01,2020,-0.3950789087264245,-0.055546466524167525,0.0,False
DYN,2,2020-09-18,2020-09-21,2020-10-19,2020,0.274407111724523,-0.0779801438074324,0.0,False
DYN,5,2020-09-23,2020-09-24,2020-10-22,2020,0.3252449274497865,-0.00674681653888963,0.0,False
EBC,2,2020-10-16,2020-10-19,2020-11-16,2020,-0.1414653866863366,-0.16689240195350774,0.0,False
EBC,5,2020-10-21,2020-10-22,2020-11-19,2020,-0.115242887100035,-0.07754555160521336,0.0,False
EBC,10,2020-10-28,2020-10-29,2020-11-27,2020,-0.0977741159043466,-0.157333383499286,0.0,False
EBC,15,2020-11-04,2020-11-05,2020-12-04,2020,-0.2965674666720216,-0.01133153096609628,0.0,False
EBC,20,2020-11-11,2020-11-12,2020-12-11,2020,-0.2594908665028073,-0.012357781459178284,0.0,False
FDMT,2,2020-12-14,2020-12-15,2021-01-14,2020,-0.11454069983608,-0.20285017432313635,0.0,False
FDMT,5,2020-12-17,2020-12-18,2021-01-20,2020,-0.1551534967929288,-0.03768717125690989,0.0,False
FDMT,10,2020-12-24,2020-12-28,2021-01-27,2020,-0.0783208621589814,-0.06014950881190664,0.0,False
FHTX,2,2020-10-26,2020-10-27,2020-11-24,2020,0.0792624191195532,0.007059715460780464,0.0,True
FHTX,5,2020-10-29,2020-10-30,2020-11-30,2020,-0.105205870705183,0.01993829479325552,0.0,True
FOUR,2,2020-06-08,2020-06-09,2020-07-08,2020,-0.3085210361672776,-0.09705498536587384,0.0,False
FOUR,5,2020-06-11,2020-06-12,2020-07-13,2020,-0.1820064592708029,0.0942894846111835,0.0,True
FOUR,10,2020-06-18,2020-06-19,2020-07-20,2020,0.0671234926381396,0.03737525598898967,0.0,True
FOUR,15,2020-06-25,2020-06-26,2020-07-27,2020,0.0518152564288791,-0.026588748457949722,0.0,False
FOUR,20,2020-07-02,2020-07-06,2020-08-03,2020,-0.0669708007486873,0.045535025470082056,0.0,True
FROG,2,2020-09-17,2020-09-18,2020-10-16,2020,-0.2468854908822189,0.05041325105198055,0.0,True
FROG,5,2020-09-22,2020-09-23,2020-10-21,2020,0.0269910680726715,-0.03796242008702388,0.0,False
FROG,10,2020-09-29,2020-09-30,2020-10-28,2020,0.0756324433459411,-0.1442583661311502,0.0,False
FROG,15,2020-10-06,2020-10-07,2020-11-04,2020,0.0501030584407504,-0.07266203840511389,0.0,False
FROG,20,2020-10-13,2020-10-14,2020-11-11,2020,0.1826827383441839,-0.022405816271180688,0.0,False
FTHM,2,2020-08-03,2020-08-04,2020-09-01,2020,-0.6350489281873142,0.09496457387608262,0.0,True
GDRX,2,2020-09-24,2020-09-25,2020-10-23,2020,-0.0310288930073728,-0.0808274852227045,0.0,False
GDRX,5,2020-09-29,2020-09-30,2020-10-28,2020,0.0971848815043516,-0.05674482589411286,0.0,False
GDRX,10,2020-10-06,2020-10-07,2020-11-04,2020,0.1171744238869912,-0.08651928049803712,0.0,False
GDRX,15,2020-10-13,2020-10-14,2020-11-11,2020,0.0053227952681292,-0.10614545664614906,0.0,False
GDRX,20,2020-10-20,2020-10-21,2020-11-18,2020,0.34154242305472,-0.07245035111726507,0.0,False
GFL,2,2020-03-04,2020-03-05,2020-04-02,2020,-0.0307008587130028,-0.026331197970835916,0.0,False
GFL,5,2020-03-09,2020-03-10,2020-04-07,2020,0.0732744283009188,-0.11844539085209826,0.0,False
GFL,10,2020-03-16,2020-03-17,2020-04-15,2020,0.1591132328323559,-0.12704157031990848,0.0,False
GFL,15,2020-03-23,2020-03-24,2020-04-22,2020,0.0548959359659368,-0.03862465301421307,0.0,False
GFL,20,2020-03-30,2020-03-31,2020-04-29,2020,-0.0925831858482344,0.029690733551967736,0.0,True
HRMY,2,2020-08-20,2020-08-21,2020-09-21,2020,0.0559288119345705,0.014922434451026683,0.0,True
HRMY,5,2020-08-25,2020-08-26,2020-09-24,2020,-0.0390894614897715,0.045706096750563995,0.0,True
HRMY,10,2020-09-01,2020-09-02,2020-10-01,2020,0.0337033779342735,0.007659276225606737,0.0,True
HRMY,15,2020-09-09,2020-09-10,2020-10-08,2020,0.2380519812711667,-0.09257082038394307,0.0,False
HRMY,20,2020-09-16,2020-09-17,2020-10-15,2020,-0.0438560461998152,-0.0178823316389605,0.0,False
IBEX,2,2020-08-10,2020-08-11,2020-09-09,2020,0.4082706636022003,-0.059922834901597506,0.0,False
IBEX,5,2020-08-13,2020-08-14,2020-09-14,2020,0.3180880093912644,-0.006463340136664394,0.0,False
IH,2,2020-10-12,2020-10-13,2020-11-10,2020,-0.0075860140230073,0.1281025321145101,0.0,True
IH,5,2020-10-15,2020-10-16,2020-11-13,2020,0.0248940862855951,0.17465417578944134,0.0,True
IH,10,2020-10-22,2020-10-23,2020-11-20,2020,-0.3367395127331291,0.0874872858539207,0.0,True
IH,15,2020-10-29,2020-10-30,2020-11-30,2020,-0.269151275427633,0.10141708252039458,0.0,True
IMNM,2,2020-10-05,2020-10-06,2020-11-03,2020,0.0025456983505466,0.09315301536862165,0.0,True
IVA,2,2020-07-13,2020-07-14,2020-08-11,2020,-0.0028011717067948,0.03979459193572401,0.0,True
IVA,5,2020-07-16,2020-07-17,2020-08-14,2020,-0.0070342555255792,0.06069782147506107,0.0,True
KC,2,2020-05-11,2020-05-12,2020-06-10,2020,0.2890077094096682,-0.03768879494317765,0.0,False
KC,5,2020-05-14,2020-05-15,2020-06-15,2020,0.1229748164659959,-0.058298602185443964,0.0,False
KC,10,2020-05-21,2020-05-22,2020-06-22,2020,-0.4418764339528144,-0.05218857669342202,0.0,False
KC,15,2020-05-29,2020-06-01,2020-06-29,2020,-0.3643145481474939,-0.012513991833863434,0.0,False
KC,20,2020-06-05,2020-06-08,2020-07-07,2020,-0.7910378133235904,0.0053866119181298884,0.0,True
KROS,2,2020-04-09,2020-04-13,2020-05-11,2020,-0.1936865865133325,-0.0669805978572857,0.0,False
KYMR,2,2020-08-24,2020-08-25,2020-09-23,2020,-0.2026224107642182,-0.06956841305457769,0.0,False
KYMR,5,2020-08-27,2020-08-28,2020-09-28,2020,-0.0191094758565649,-0.005339760949422564,0.0,False
KYMR,10,2020-09-03,2020-09-04,2020-10-05,2020,0.0149188526879701,-0.15747571302316796,0.0,False
KYMR,15,2020-09-11,2020-09-14,2020-10-12,2020,-0.2024991823564656,-0.015028971369124134,0.0,False
KYMR,20,2020-09-18,2020-09-21,2020-10-19,2020,-0.3088848815100367,-0.03718230925764902,0.0,False
LEGN,2,2020-06-08,2020-06-09,2020-07-08,2020,-0.1506274607367426,-0.18516913159144455,0.0,False
LEGN,5,2020-06-11,2020-06-12,2020-07-13,2020,-0.0221640955328171,-0.1510130177138443,0.0,False
LEGN,10,2020-06-18,2020-06-19,2020-07-20,2020,0.1263111504238385,-0.10857840884025681,0.0,False
LEGN,15,2020-06-25,2020-06-26,2020-07-27,2020,0.1518574413773893,-0.14151201572337177,0.0,False
LEGN,20,2020-07-02,2020-07-06,2020-08-03,2020,0.1693662386938516,-0.148763722056445,0.0,False
LI,2,2020-07-31,2020-08-03,2020-08-31,2020,0.0621017703391628,-0.06055346069716738,0.0,False
LI,5,2020-08-05,2020-08-06,2020-09-03,2020,0.0256578294627366,0.020928189403985924,0.0,True
LI,10,2020-08-12,2020-08-13,2020-09-11,2020,-0.0761542083650298,-0.04067390106037914,0.0,False
LI,15,2020-08-19,2020-08-20,2020-09-18,2020,-0.2079991034937595,0.018669277899902175,0.0,True
LI,20,2020-08-26,2020-08-27,2020-09-25,2020,0.0952081013374508,-0.02749438236782881,0.0,False
LMND,2,2020-07-06,2020-07-07,2020-08-04,2020,0.312855363820548,-0.03945700784877337,0.0,False
LMND,5,2020-07-09,2020-07-10,2020-08-07,2020,0.2110615763444076,-0.06336884266975357,0.0,False
LMND,10,2020-07-16,2020-07-17,2020-08-14,2020,0.2316648837985025,-0.038279780519976936,0.0,False
LMND,15,2020-07-23,2020-07-24,2020-08-21,2020,0.2527421135887561,-0.01665968099781871,0.0,False
LMND,20,2020-07-30,2020-07-31,2020-08-28,2020,0.2406157398588475,-0.07596650794051167,0.0,False
LSF,2,2020-09-24,2020-09-25,2020-10-23,2020,-0.3480003583861919,0.07711453494998893,0.0,True
LSF,5,2020-09-29,2020-09-30,2020-10-28,2020,-0.2540470799440107,0.09039424473184855,0.0,True
LSF,10,2020-10-06,2020-10-07,2020-11-04,2020,-0.1209895139011051,0.05055662837691614,0.0,True
LSF,15,2020-10-13,2020-10-14,2020-11-11,2020,0.1477465801879554,-0.059346490875489884,0.0,False
LSF,20,2020-10-20,2020-10-21,2020-11-18,2020,0.2101568107976676,-0.059346490875489884,0.0,False
LTRN,2,2020-06-12,2020-06-15,2020-07-14,2020,0.2053529531834546,-0.02829810673550231,0.0,False
LU,2,2020-11-02,2020-11-03,2020-12-02,2020,-0.0828001687973217,0.03062588846002247,0.0,True
LU,5,2020-11-05,2020-11-06,2020-12-07,2020,-0.0289294335637598,0.01705052227022951,0.0,True
LU,10,2020-11-12,2020-11-13,2020-12-14,2020,0.3142379247322238,0.03692685686108854,0.0,True
LU,15,2020-11-19,2020-11-20,2020-12-21,2020,0.097087213715874,0.01859035775111914,0.0,True
LU,20,2020-11-27,2020-11-30,2020-12-29,2020,0.1172608450027143,0.04740537643630918,0.0,True
LUNG,2,2020-10-02,2020-10-05,2020-11-02,2020,-0.0600775502221495,-0.07334619647903926,0.0,False
LUNG,5,2020-10-07,2020-10-08,2020-11-05,2020,-0.0104096761091583,-0.07268841425786533,0.0,False
LUNG,10,2020-10-14,2020-10-15,2020-11-12,2020,-0.1027598154144899,-0.06086047787043006,0.0,False
LUNG,15,2020-10-21,2020-10-22,2020-11-19,2020,-0.0727431792472729,0.047137333879623156,0.0,True
LUNG,20,2020-10-28,2020-10-29,2020-11-27,2020,-0.2908276080593133,-0.06882083407393184,0.0,False
MASS,2,2020-12-21,2020-12-22,2021-01-22,2020,-0.2306244446826715,-0.0409449237224593,0.0,False
MASS,5,2020-12-24,2020-12-28,2021-01-27,2020,0.2397795897569144,-0.03491892817536939,0.0,False
MAX,2,2020-10-29,2020-10-30,2020-11-30,2020,-0.0307341267452133,0.08984715150382692,0.0,True
MAX,5,2020-11-03,2020-11-04,2020-12-03,2020,0.0992052001143015,0.08477227287091495,0.0,True
MAX,10,2020-11-10,2020-11-11,2020-12-10,2020,0.0119951877074624,0.09745898618518978,0.0,True
MAX,15,2020-11-17,2020-11-18,2020-12-17,2020,0.0659479032014308,0.10540080226605786,0.0,True
MAX,20,2020-11-24,2020-11-25,2020-12-24,2020,-0.1431142158285953,0.10540080226605786,0.0,True
MCFE,2,2020-10-23,2020-10-26,2020-11-23,2020,0.2146331576981,-0.14778997605944777,0.0,False
MCFE,5,2020-10-28,2020-10-29,2020-11-27,2020,0.1547641291571412,-0.013633348455773783,0.0,False
MCFE,10,2020-11-04,2020-11-05,2020-12-04,2020,0.0804806668519059,-0.06860389995664927,0.0,False
MCFE,15,2020-11-11,2020-11-12,2020-12-11,2020,0.048015172140314,0.06953593286975991,0.0,True
MCFE,20,2020-11-18,2020-11-19,2020-12-18,2020,-0.0217872978306204,0.07329153880617656,0.0,True
MNSO,2,2020-10-16,2020-10-19,2020-11-16,2020,0.1721920330650852,0.01736562542947889,0.0,True
MNSO,5,2020-10-21,2020-10-22,2020-11-19,2020,0.1095380541001814,0.04933047414473562,0.0,True
MNSO,10,2020-10-28,2020-10-29,2020-11-27,2020,0.0824314884961023,-0.005417006709791537,0.0,False
MNSO,15,2020-11-04,2020-11-05,2020-12-04,2020,-0.0496933402718533,0.14796290232646367,0.0,True
MNSO,20,2020-11-11,2020-11-12,2020-12-11,2020,-0.0956973048284621,0.09869690001537884,0.0,True
MRM,2,2020-12-30,2020-12-31,2021-02-01,2020,0.0752654348864355,0.09315668530744678,0.0,True
MRVI,2,2020-11-23,2020-11-24,2020-12-23,2020,-0.0340171340172757,-0.038675658290505684,0.0,False
MRVI,5,2020-11-27,2020-11-30,2020-12-29,2020,0.0804637343151235,-0.0767227094644028,0.0,False
MRVI,10,2020-12-04,2020-12-07,2021-01-06,2020,0.0489253174308101,-0.05669226689613513,0.0,False
MRVI,15,2020-12-11,2020-12-14,2021-01-13,2020,-0.0700876724127271,-0.0951288627818676,0.0,False
MRVI,20,2020-12-18,2020-12-21,2021-01-21,2020,-0.0387377178345118,-0.13053381702857605,0.0,False
NBTX,2,2020-12-14,2020-12-15,2021-01-14,2020,-0.1066801577398224,0.057273365840914,0.0,True
NCNO,2,2020-07-15,2020-07-16,2020-08-13,2020,-0.1615289224188927,-0.04402073775019733,0.0,False
NCNO,5,2020-07-20,2020-07-21,2020-08-18,2020,-0.0413465603618358,-0.10978031845807815,0.0,False
NCNO,10,2020-07-27,2020-07-28,2020-08-25,2020,-0.1710426165676823,-0.06072230397423666,0.0,False
NCNO,15,2020-08-03,2020-08-04,2020-09-01,2020,-0.2637786530480319,0.037545278339304294,0.0,True
NCNO,20,2020-08-10,2020-08-11,2020-09-09,2020,-0.0561016883413281,0.023784321096173937,0.0,True
NKTX,2,2020-07-13,2020-07-14,2020-08-11,2020,0.4529175469925347,-0.09013258107728396,0.0,False
NKTX,5,2020-07-16,2020-07-17,2020-08-14,2020,0.2862199489501441,-0.0913253865961534,0.0,False
NKTX,10,2020-07-23,2020-07-24,2020-08-21,2020,0.2294369524304145,-0.10309679935771776,0.0,False
NNOX,2,2020-08-24,2020-08-25,2020-09-23,2020,-0.1569109050708071,0.001108169969062987,0.0,True
NNOX,5,2020-08-27,2020-08-28,2020-09-28,2020,-0.1392900410563891,0.03748289566631635,0.0,True
NNOX,10,2020-09-03,2020-09-04,2020-10-05,2020,-0.0856375452782225,0.06544292120392665,0.0,True
NNOX,15,2020-09-11,2020-09-14,2020-10-12,2020,0.4936600043644892,0.010130532087811317,0.0,True
NNOX,20,2020-09-18,2020-09-21,2020-10-19,2020,-0.0122890766778769,-0.0399481772697357,0.0,False
NREF,2,2020-02-10,2020-02-11,2020-03-11,2020,-0.1805997278543232,0.028942865149516446,0.0,True
NRIX,2,2020-07-27,2020-07-28,2020-08-25,2020,-0.1074305407250705,0.018261068186732034,0.0,True
NRIX,5,2020-07-30,2020-07-31,2020-08-28,2020,-0.1934400437417272,0.08562618892554247,0.0,True
NTST,2,2020-08-14,2020-08-17,2020-09-15,2020,-0.0464669641911019,-0.042173409572042124,0.0,False
NTST,5,2020-08-19,2020-08-20,2020-09-18,2020,-0.0302434504193126,-0.014286130493503626,0.0,False
NTST,10,2020-08-26,2020-08-27,2020-09-25,2020,-0.0901384330392874,-0.01664820090367423,0.0,False
NTST,20,2020-09-10,2020-09-11,2020-10-09,2020,-0.0865936796854631,-0.024357114049465178,0.0,False
OLMA,2,2020-11-20,2020-11-23,2020-12-22,2020,0.0489068143252251,-0.10929768617641285,0.0,False
OLMA,5,2020-11-25,2020-11-27,2020-12-28,2020,0.0065397487946724,-0.09868889336628336,0.0,False
OLMA,10,2020-12-03,2020-12-04,2021-01-05,2020,0.1622254786923797,-0.02898643118833486,0.0,False
OLMA,15,2020-12-10,2020-12-11,2021-01-12,2020,0.0728042950717393,-0.09438441640949918,0.0,False
OLMA,20,2020-12-17,2020-12-18,2021-01-20,2020,-0.0598049261701656,-0.07084437430595403,0.0,False
ONEW,2,2020-02-10,2020-02-11,2020-03-11,2020,0.0678405326852804,-0.0319534875469394,0.0,False
ORIC,2,2020-04-27,2020-04-28,2020-05-27,2020,-0.0012346518219233,-0.18173303242919878,0.0,False
ORIC,5,2020-04-30,2020-05-01,2020-06-01,2020,-0.0712740751879706,-0.12021741357876693,0.0,False
ORIC,10,2020-05-07,2020-05-08,2020-06-08,2020,-0.0591410595271128,-0.020214532135017053,0.0,False
ORIC,15,2020-05-14,2020-05-15,2020-06-15,2020,0.0696871459148072,-0.03846209879646608,0.0,False
ORIC,20,2020-05-21,2020-05-22,2020-06-22,2020,-0.1014597013137305,-0.04471597657791992,0.0,False
PCVX,2,2020-06-15,2020-06-16,2020-07-15,2020,0.1090997965291609,-0.08815713784501766,0.0,False
PCVX,5,2020-06-18,2020-06-19,2020-07-20,2020,0.091960837575742,-0.01265795767478653,0.0,False
PCVX,10,2020-06-25,2020-06-26,2020-07-27,2020,0.1290599619725084,-0.03332427737084794,0.0,False
PLRX,2,2020-06-04,2020-06-05,2020-07-06,2020,-0.2250081493164041,-0.09001069759991807,0.0,False
PLRX,5,2020-06-09,2020-06-10,2020-07-09,2020,-0.2412726874190928,-0.027928824775531883,0.0,False
PLRX,10,2020-06-16,2020-06-17,2020-07-16,2020,0.0215471220557647,-0.060165619784074864,0.0,False
PLRX,15,2020-06-23,2020-06-24,2020-07-23,2020,0.1343515894975845,-0.010873113161154361,0.0,False
PLTR,2,2020-10-01,2020-10-02,2020-10-30,2020,-0.1742856068632221,0.12780426635001063,0.0,True
PLTR,5,2020-10-06,2020-10-07,2020-11-04,2020,-0.0742628224618397,0.19458163884188198,0.0,True
PLTR,10,2020-10-13,2020-10-14,2020-11-11,2020,-0.6722887573729484,0.059645071948350385,0.0,True
PLTR,15,2020-10-20,2020-10-21,2020-11-18,2020,-0.9462290584029108,0.05923996457552601,0.0,True
PLTR,20,2020-10-27,2020-10-28,2020-11-25,2020,-1.723109304726602,0.1852112572262065,0.0,True
PMVP,2,2020-09-28,2020-09-29,2020-10-27,2020,0.0126999665583081,-0.10056193104214203,0.0,False
PMVP,5,2020-10-01,2020-10-02,2020-10-30,2020,-0.1260092712165156,-0.06834624959342714,0.0,False
PMVP,10,2020-10-08,2020-10-09,2020-11-06,2020,-0.079910404757198,0.02268229264540453,0.0,True
PMVP,15,2020-10-15,2020-10-16,2020-11-13,2020,0.0827604686407501,0.01573691515122126,0.0,True
PMVP,20,2020-10-22,2020-10-23,2020-11-20,2020,0.0649562523100114,-0.032156532897259005,0.0,False
PPD,2,2020-02-07,2020-02-10,2020-03-10,2020,-0.079493721239599,-0.05825641773413203,0.0,False
PPD,5,2020-02-12,2020-02-13,2020-03-13,2020,-0.0380032122388272,-0.044776002780204695,0.0,False
PPD,10,2020-02-20,2020-02-21,2020-03-20,2020,0.0289746597244789,-0.1870113919650353,0.0,False
PPD,15,2020-02-27,2020-02-28,2020-03-27,2020,0.2696977401457713,-0.03190253191188682,0.0,False
PPD,20,2020-03-05,2020-03-06,2020-04-03,2020,0.3018955568142655,0.09058279562008702,0.0,True
PRLD,2,2020-09-28,2020-09-29,2020-10-27,2020,-0.3641220947322638,-0.04815114482723985,0.0,False
PRLD,5,2020-10-01,2020-10-02,2020-10-30,2020,-0.1258929179041716,-0.02254293410890763,0.0,False
PRLD,10,2020-10-08,2020-10-09,2020-11-06,2020,-0.0287144662768795,0.04555759287552598,0.0,True
PRLD,15,2020-10-15,2020-10-16,2020-11-13,2020,-0.3811662689132342,-0.14102760553628263,0.0,False
PRLD,20,2020-10-22,2020-10-23,2020-11-20,2020,-0.7298258941166748,-0.15182902712947857,0.0,False
PUBM,2,2020-12-10,2020-12-11,2021-01-12,2020,0.0508667903691239,0.027404699369747217,0.0,True
PUBM,5,2020-12-15,2020-12-16,2021-01-15,2020,-0.2242758740861544,0.13495527377390767,0.0,True
PUBM,10,2020-12-22,2020-12-23,2021-01-25,2020,-0.134376306944849,0.046567257832921725,0.0,True
PUBM,15,2020-12-30,2020-12-31,2021-02-01,2020,-0.6651364712051465,0.008058076211508275,0.0,True
REYN,2,2020-02-03,2020-02-04,2020-03-04,2020,-0.0815085945530611,-0.10492532870924773,0.0,False
REYN,5,2020-02-06,2020-02-07,2020-03-09,2020,-0.2199755237895981,-0.06147331805629002,0.0,False
REYN,10,2020-02-13,2020-02-14,2020-03-16,2020,-0.2459270253285148,-0.07908324467102239,0.0,False
REYN,15,2020-02-21,2020-02-24,2020-03-23,2020,-0.1909028037375509,-0.04245986245883014,0.0,False
REYN,20,2020-02-28,2020-03-02,2020-03-30,2020,-0.0597032478518389,-0.09375900383316413,0.0,False
RKT,2,2020-08-07,2020-08-10,2020-09-08,2020,0.022808690720806,0.0433277819015194,0.0,True
RKT,5,2020-08-12,2020-08-13,2020-09-11,2020,-0.2344426324645157,0.12267186160056615,0.0,True
RKT,10,2020-08-19,2020-08-20,2020-09-18,2020,-0.0448916246396046,0.1939971759927221,0.0,True
RKT,15,2020-08-26,2020-08-27,2020-09-25,2020,0.1755325232980558,0.1437957659063498,0.0,True
RKT,20,2020-09-02,2020-09-03,2020-10-02,2020,0.0444103211062488,0.1365229162175549,0.0,True
RLAY,2,2020-07-17,2020-07-20,2020-08-17,2020,0.2479620045360122,-0.1296948580776792,0.0,False
RLAY,5,2020-07-22,2020-07-23,2020-08-20,2020,0.0811007218661353,-0.1577395666966559,0.0,False
RLAY,10,2020-07-29,2020-07-30,2020-08-27,2020,0.0199146436823958,-0.1261394528428008,0.0,False
RLAY,15,2020-08-05,2020-08-06,2020-09-03,2020,0.1091987204690369,-0.04725363175359954,0.0,False
RLAY,20,2020-08-12,2020-08-13,2020-09-11,2020,0.0371792963891566,-0.0927624581639185,0.0,False
RPRX,2,2020-06-17,2020-06-18,2020-07-17,2020,0.2466184930288676,-0.2508201661179038,0.0,False
RPRX,5,2020-06-22,2020-06-23,2020-07-22,2020,0.2239845787986235,-0.14191777776842107,0.0,False
RPRX,10,2020-06-29,2020-06-30,2020-07-29,2020,0.1824143616176133,-0.17017203595357833,0.0,False
RPRX,15,2020-07-07,2020-07-08,2020-08-05,2020,0.1127475550695507,-0.12574954190482984,0.0,False
RPRX,20,2020-07-14,2020-07-15,2020-08-12,2020,-0.0249245579743658,-0.14595529830354176,0.0,False
RVMD,2,2020-02-14,2020-02-18,2020-03-17,2020,-0.1310548063960042,-0.029645002273782913,0.0,False
RVMD,5,2020-02-20,2020-02-21,2020-03-20,2020,-0.2596625422591344,-0.10659960528633804,0.0,False
RVMD,10,2020-02-27,2020-02-28,2020-03-27,2020,0.0798293012700072,-0.060830137258935796,0.0,False
RVMD,15,2020-03-05,2020-03-06,2020-04-03,2020,0.1669243592984734,0.011840206740625215,0.0,True
RVMD,20,2020-03-12,2020-03-13,2020-04-13,2020,0.0454044181049485,-0.025362606413873917,0.0,False
RXT,2,2020-08-06,2020-08-07,2020-09-04,2020,-0.2422210893691254,-0.036390318803775815,0.0,False
RXT,5,2020-08-11,2020-08-12,2020-09-10,2020,-0.2311783906610638,-0.04427093865535559,0.0,False
RXT,10,2020-08-18,2020-08-19,2020-09-17,2020,-0.0123380580661303,-0.060619632980584974,0.0,False
RXT,15,2020-08-25,2020-08-26,2020-09-24,2020,-0.0401941241480204,-0.012748062800242793,0.0,False
RXT,20,2020-09-01,2020-09-02,2020-10-01,2020,0.0504222993755179,0.007285872293670852,0.0,True
SDGR,2,2020-02-07,2020-02-10,2020-03-10,2020,-0.3113196827587242,-0.16287817175674474,0.0,False
SDGR,5,2020-02-12,2020-02-13,2020-03-13,2020,-0.653939635091904,-0.05036812730247436,0.0,False
SDGR,10,2020-02-20,2020-02-21,2020-03-20,2020,-0.2491848494106736,-0.02737554648013253,0.0,False
SDGR,15,2020-02-27,2020-02-28,2020-03-27,2020,-0.0767617325738511,-0.08128815766477632,0.0,False
SDGR,20,2020-03-05,2020-03-06,2020-04-03,2020,-0.169871296049418,-0.08128815766477632,0.0,False
SEER,2,2020-12-07,2020-12-08,2021-01-07,2020,-0.0012657742419982,-0.2089701032512462,0.0,False
SEER,5,2020-12-10,2020-12-11,2021-01-12,2020,0.2057360488947979,-0.0715857785766996,0.0,False
SEER,10,2020-12-17,2020-12-18,2021-01-20,2020,-0.224990903499799,-0.13240579350394655,0.0,False
SEER,15,2020-12-24,2020-12-28,2021-01-27,2020,-0.1064945567109186,-0.09811677028594287,0.0,False
SHC,2,2020-11-23,2020-11-24,2020-12-23,2020,0.0463970448390669,-0.08950806150719762,0.0,False
SHC,5,2020-11-27,2020-11-30,2020-12-29,2020,0.0273029633994049,-0.09913325801796277,0.0,False
SHC,10,2020-12-04,2020-12-07,2021-01-06,2020,0.0480836145421083,-0.12626498786539953,0.0,False
SHC,15,2020-12-11,2020-12-14,2021-01-13,2020,0.0201897980793811,-0.08724882851163498,0.0,False
SHC,20,2020-12-18,2020-12-21,2021-01-21,2020,0.0398836894558145,-0.11189790414033861,0.0,False
SLQT,2,2020-05-22,2020-05-26,2020-06-23,2020,0.059747531853451,-0.10076565307156418,0.0,False
SLQT,5,2020-05-28,2020-05-29,2020-06-26,2020,0.0463140260139912,0.008300525230319397,0.0,True
SLQT,10,2020-06-04,2020-06-05,2020-07-06,2020,0.0079526682189806,-0.09030442026529714,0.0,False
SLQT,15,2020-06-11,2020-06-12,2020-07-13,2020,0.0665796399018109,-0.03095431068527377,0.0,False
SLQT,20,2020-06-18,2020-06-19,2020-07-20,2020,0.1242113649596449,-0.05096864681452419,0.0,False
SNOW,2,2020-09-17,2020-09-18,2020-10-16,2020,-0.0098590959497827,0.02982901735667201,0.0,True
SNOW,5,2020-09-22,2020-09-23,2020-10-21,2020,-0.0884130809065281,0.04462355370940069,0.0,True
SNOW,10,2020-09-29,2020-09-30,2020-10-28,2020,-0.1004460895524218,0.023236910715866543,0.0,True
SNOW,15,2020-10-06,2020-10-07,2020-11-04,2020,-0.0718181464435156,-0.04216404071128642,0.0,False
SNOW,20,2020-10-13,2020-10-14,2020-11-11,2020,0.0420707199245952,0.03859392724008871,0.0,True
STEP,2,2020-09-17,2020-09-18,2020-10-16,2020,-0.0281208759301186,-0.08595729156820256,0.0,False
STEP,5,2020-09-22,2020-09-23,2020-10-21,2020,0.0003936184504939,-0.05497473608001024,0.0,False
STEP,10,2020-09-29,2020-09-30,2020-10-28,2020,-0.0590150641100303,-0.004468061223633661,0.0,False
STEP,15,2020-10-06,2020-10-07,2020-11-04,2020,-0.1012929186577414,0.028486867451608017,0.0,True
STEP,20,2020-10-13,2020-10-14,2020-11-11,2020,-0.1545507887733413,0.024416163690718497,0.0,True
STTK,2,2020-10-12,2020-10-13,2020-11-10,2020,-0.2333207062948911,-0.03167944298798447,0.0,False
STTK,5,2020-10-15,2020-10-16,2020-11-13,2020,-0.4919409311454644,0.03208084335102151,0.0,True
TARS,2,2020-10-19,2020-10-20,2020-11-17,2020,-0.0311948798598147,-0.12588194906188802,0.0,False
TLS,2,2020-11-20,2020-11-23,2020-12-22,2020,-0.4565420078389178,-0.04889672139330155,0.0,False
TLS,5,2020-11-25,2020-11-27,2020-12-28,2020,-0.4353923227793721,0.033872479806264365,0.0,True
TLS,10,2020-12-03,2020-12-04,2021-01-05,2020,-0.4236813613282314,-0.004809593047333633,0.0,False
TLS,15,2020-12-10,2020-12-11,2021-01-12,2020,-0.6059625892534006,-0.05523975228573102,0.0,False
TLS,20,2020-12-17,2020-12-18,2021-01-20,2020,-0.5884473455015669,0.03761450541716797,0.0,True
TSHA,2,2020-09-25,2020-09-28,2020-10-26,2020,0.1502835365198708,-0.10136294165237365,0.0,False
TSHA,5,2020-09-30,2020-10-01,2020-10-29,2020,0.0521207676001872,-0.02248100204201999,0.0,False
TSHA,10,2020-10-07,2020-10-08,2020-11-05,2020,-0.0212094136507646,-0.028172023009925197,0.0,False
TSHA,15,2020-10-14,2020-10-15,2020-11-12,2020,0.0293428520811358,0.07205321367388273,0.0,True
U,2,2020-09-21,2020-09-22,2020-10-20,2020,-0.1042759335304179,-0.10258488111723846,0.0,False
U,5,2020-09-24,2020-09-25,2020-10-23,2020,-0.0719677782728138,-0.06818127674702949,0.0,False
U,10,2020-10-01,2020-10-02,2020-10-30,2020,-0.2211954256929215,-0.0018201432533009952,0.0,False
U,15,2020-10-08,2020-10-09,2020-11-06,2020,-0.2887513443332146,0.0560759632195163,0.0,True
U,20,2020-10-15,2020-10-16,2020-11-13,2020,-0.2425463187415191,0.010047039816287962,0.0,True
UCL,2,2020-06-11,2020-06-12,2020-07-13,2020,0.197440240926495,0.06375258085288656,0.0,True
UPST,2,2020-12-17,2020-12-18,2021-01-20,2020,-0.4389235824675276,0.028757941983526075,0.0,True
UPST,5,2020-12-22,2020-12-23,2021-01-25,2020,-0.3862868594542285,0.048797664697878884,0.0,True
UPST,10,2020-12-30,2020-12-31,2021-02-01,2020,-0.8656777280557673,-0.01104780092678854,0.0,False
VEL,2,2020-01-21,2020-01-22,2020-02-20,2020,-0.0432157184366572,-0.0009073106850949605,0.0,False
VERX,2,2020-07-30,2020-07-31,2020-08-28,2020,-0.0936238421070196,-0.0827958884013268,0.0,False
VERX,5,2020-08-04,2020-08-05,2020-09-02,2020,0.1157548807077908,-0.13592215951272008,0.0,False
VERX,10,2020-08-11,2020-08-12,2020-09-10,2020,-0.0157096879793487,-0.05595854407539043,0.0,False
VERX,15,2020-08-18,2020-08-19,2020-09-17,2020,0.0552932831562625,-0.0895046282694761,0.0,False
VERX,20,2020-08-25,2020-08-26,2020-09-24,2020,0.0946022907382332,0.02105650931934048,0.0,True
VITL,2,2020-08-03,2020-08-04,2020-09-01,2020,0.0188133283919367,-0.13714966320162114,0.0,False
VITL,5,2020-08-06,2020-08-07,2020-09-04,2020,0.111857726327397,-0.09556117406982659,0.0,False
VITL,10,2020-08-13,2020-08-14,2020-09-14,2020,-0.0400023851659496,-0.10573558982767808,0.0,False
VITL,15,2020-08-20,2020-08-21,2020-09-21,2020,-0.1365359771563857,-0.020769964782289985,0.0,False
VITL,20,2020-08-27,2020-08-28,2020-09-28,2020,-0.1746714348953631,-0.11987808453850901,0.0,False
WMG,2,2020-06-04,2020-06-05,2020-07-06,2020,-0.0085993697238839,-0.025322738575091736,0.0,False
WMG,5,2020-06-09,2020-06-10,2020-07-09,2020,0.0029930871131658,-0.11505088118193343,0.0,False
WMG,10,2020-06-16,2020-06-17,2020-07-16,2020,0.0682542438699336,-0.09938957793119159,0.0,False
WMG,15,2020-06-23,2020-06-24,2020-07-23,2020,0.079774340615287,-0.1472067048530229,0.0,False
WMG,20,2020-06-30,2020-07-01,2020-07-30,2020,-0.0017643401228947,-0.057458096363526376,0.0,False
XP,15,2020-01-02,2020-01-03,2020-02-03,2020,-0.0783310598029673,-0.22453398727661458,0.0,False
XP,20,2020-01-09,2020-01-10,2020-02-10,2020,-0.0026604217258455,-0.2075509140790787,0.0,False
XPEV,2,2020-08-28,2020-08-31,2020-09-29,2020,0.0687243438425812,0.074636905432462,0.0,True
XPEV,5,2020-09-02,2020-09-03,2020-10-02,2020,0.0099554729981678,0.08251756776737722,0.0,True
XPEV,10,2020-09-10,2020-09-11,2020-10-09,2020,-0.0072538031777992,0.024203756153392257,0.0,True
XPEV,15,2020-09-17,2020-09-18,2020-10-16,2020,-0.0888272824688065,0.05787241679137114,0.0,True
XPEV,20,2020-09-24,2020-09-25,2020-10-23,2020,-0.0268430721022767,0.027779747875369555,0.0,True
YALA,2,2020-10-01,2020-10-02,2020-10-30,2020,-0.3651877318280437,0.08650747601433387,0.0,True
YALA,5,2020-10-06,2020-10-07,2020-11-04,2020,-0.1307458830506774,0.12303396909965016,0.0,True
YALA,10,2020-10-13,2020-10-14,2020-11-11,2020,-0.1194288004266914,0.08040302566912826,0.0,True
YALA,15,2020-10-20,2020-10-21,2020-11-18,2020,-0.0792767068446802,0.07941469788447394,0.0,True
YALA,20,2020-10-27,2020-10-28,2020-11-25,2020,-0.1769377549976884,0.13568403428237422,0.0,True
ZNTL,2,2020-04-06,2020-04-07,2020-05-06,2020,-0.3119005486673954,-0.08351757778828703,0.0,False
ZNTL,5,2020-04-09,2020-04-13,2020-05-11,2020,-0.3615785287155604,-0.09113344948928918,0.0,False
ZNTL,10,2020-04-17,2020-04-20,2020-05-18,2020,-0.5851043728559769,-0.06725499788769798,0.0,False
ZNTL,15,2020-04-24,2020-04-27,2020-05-26,2020,-0.2862728075738612,-0.04013229254831727,0.0,False
ZNTL,20,2020-05-01,2020-05-04,2020-06-02,2020,-0.6415389561904528,-0.04595923395419,0.0,False
ABCL,15,2021-01-04,2021-01-05,2021-02-03,2021,-0.2674147682013933,0.12580617508974754,-0.26414223958427235,True
ABCL,20,2021-01-11,2021-01-12,2021-02-10,2021,-0.2659790730086944,0.13864139294902728,-0.26414223958427235,True
ABNB,15,2020-12-31,2021-01-04,2021-02-02,2021,-0.2118354606271519,-0.04800116409264708,-0.26414223958427235,True
ABNB,20,2021-01-08,2021-01-11,2021-02-09,2021,-0.3585608865147581,-0.05139758440546612,-0.26414223958427235,True
ABOS,2,2021-07-02,2021-07-06,2021-08-03,2021,0.2236134664422097,-0.1339715237629671,-0.26414223958427235,True
ABSI,2,2021-07-23,2021-07-26,2021-08-23,2021,0.0298569898122818,-0.054698842439169504,-0.26414223958427235,True
ABSI,5,2021-07-28,2021-07-29,2021-08-26,2021,0.1307745541720637,-0.04509448829313898,-0.26414223958427235,True
ABSI,10,2021-08-04,2021-08-05,2021-09-02,2021,0.2348448817996122,-0.04975782878229742,-0.26414223958427235,True
ABSI,15,2021-08-11,2021-08-12,2021-09-10,2021,0.4028541320615403,-0.10342362678656088,-0.26414223958427235,True
ABSI,20,2021-08-18,2021-08-19,2021-09-17,2021,0.420568337732798,-0.11538210438745279,-0.26414223958427235,True
ACT,2,2021-09-17,2021-09-20,2021-10-18,2021,-0.1091090951636687,-0.024446112904817654,-0.26414223958427235,True
ACT,5,2021-09-22,2021-09-23,2021-10-21,2021,-0.0609212218098156,-0.06678103001281768,-0.26414223958427235,True
ACT,10,2021-09-29,2021-09-30,2021-10-28,2021,-0.0112797321518136,-0.05201387108433248,-0.26414223958427235,True
ACVA,2,2021-03-25,2021-03-26,2021-04-26,2021,-0.0423836616172654,-0.07333178002952898,-0.26414223958427235,True
ACVA,5,2021-03-30,2021-03-31,2021-04-29,2021,0.0156995332149187,-0.05317692717949287,-0.26414223958427235,True
ACVA,10,2021-04-07,2021-04-08,2021-05-06,2021,-0.0665812489577112,-0.04721408651392229,-0.26414223958427235,True
ACVA,15,2021-04-14,2021-04-15,2021-05-13,2021,0.1288727248045446,0.03674777957728672,-0.26414223958427235,True
ACVA,20,2021-04-21,2021-04-22,2021-05-20,2021,0.1789010570143735,-0.023733231181586573,-0.26414223958427235,True
ADAG,2,2021-02-10,2021-02-11,2021-03-12,2021,0.1273341211013479,-0.03523626280922699,-0.26414223958427235,True
ADAG,5,2021-02-16,2021-02-17,2021-03-17,2021,0.1349691720363468,0.004121080654448498,-0.26414223958427235,True
ADAG,10,2021-02-23,2021-02-24,2021-03-24,2021,0.2676469255865124,-0.004155912158769617,-0.26414223958427235,True
AFCG,2,2021-03-22,2021-03-23,2021-04-21,2021,0.0891806421738809,-0.017621055558687124,-0.26414223958427235,True
AFCG,5,2021-03-25,2021-03-26,2021-04-26,2021,-0.0260489101727224,-0.026171873031165967,-0.26414223958427235,True
AFRM,2,2021-01-14,2021-01-15,2021-02-16,2021,0.0648847726970712,-0.009058962905563336,-0.26414223958427235,True
AFRM,5,2021-01-20,2021-01-21,2021-02-19,2021,0.0002915156344808,-0.018702869621141642,-0.26414223958427235,True
AFRM,10,2021-01-27,2021-01-28,2021-02-26,2021,0.0976890072721144,-0.0734000119001518,-0.26414223958427235,True
AFRM,15,2021-02-03,2021-02-04,2021-03-05,2021,0.2345223135048598,0.003858510814839962,-0.26414223958427235,True
AFRM,20,2021-02-10,2021-02-11,2021-03-12,2021,0.4132951215036182,-0.04292363401124682,-0.26414223958427235,True
AI,20,2021-01-07,2021-01-08,2021-02-08,2021,-0.1127662807070301,-0.09046407126703267,-0.26414223958427235,True
AIP,2,2021-10-28,2021-10-29,2021-11-29,2021,-0.4072005081690593,0.020680904795407986,-0.26414223958427235,True
AIP,5,2021-11-02,2021-11-03,2021-12-02,2021,-0.1620794419410334,-0.004090849219675868,-0.26414223958427235,True
AIRS,2,2021-11-01,2021-11-02,2021-12-01,2021,0.2415809670845186,0.010033791028133818,-0.26414223958427235,True
AIRS,5,2021-11-04,2021-11-05,2021-12-06,2021,0.16804120016619,0.017706513707691152,-0.26414223958427235,True
AIRS,15,2021-11-18,2021-11-19,2021-12-20,2021,0.1444532585838437,0.04488398550869071,-0.26414223958427235,True
ALHC,2,2021-03-29,2021-03-30,2021-04-28,2021,-0.3784578449442729,-0.005220385457859592,-0.26414223958427235,True
ALHC,5,2021-04-01,2021-04-05,2021-05-03,2021,-0.0811857097581609,-0.06885186457135352,-0.26414223958427235,True
ALHC,10,2021-04-09,2021-04-12,2021-05-10,2021,0.0891177475708032,-0.08467180721810906,-0.26414223958427235,True
ALHC,15,2021-04-16,2021-04-19,2021-05-17,2021,0.1044799700397987,-0.036304143630924754,-0.26414223958427235,True
ALHC,20,2021-04-23,2021-04-26,2021-05-24,2021,0.0484249504399885,-0.12600730771443147,-0.26414223958427235,True
ALKT,2,2021-04-15,2021-04-16,2021-05-14,2021,0.2715089879322308,-0.009388946427446207,-0.26414223958427235,True
ALKT,5,2021-04-20,2021-04-21,2021-05-19,2021,0.3055540860972459,0.009249783043488658,-0.26414223958427235,True
ALKT,10,2021-04-27,2021-04-28,2021-05-26,2021,0.2467415504731659,0.028229638537157514,-0.26414223958427235,True
ALKT,15,2021-05-04,2021-05-05,2021-06-03,2021,0.2016119896960391,-0.026263707456521502,-0.26414223958427235,True
ALKT,20,2021-05-11,2021-05-12,2021-06-10,2021,0.0818134402684077,0.0006228039060886077,-0.26414223958427235,True
AMPL,2,2021-09-29,2021-09-30,2021-10-28,2021,-0.3274756041009292,0.00709409713493545,-0.26414223958427235,True
AMPL,5,2021-10-04,2021-10-05,2021-11-02,2021,-0.3952468746356069,-0.021272584379959616,-0.26414223958427235,True
AMPL,10,2021-10-11,2021-10-12,2021-11-09,2021,-0.6543137729286103,0.010672942574407908,-0.26414223958427235,True
AMPL,15,2021-10-18,2021-10-19,2021-11-16,2021,-0.1461641250638999,0.02792239165477599,-0.26414223958427235,True
AMPL,20,2021-10-25,2021-10-26,2021-11-23,2021,0.0014712980520204,0.01835723359567125,-0.26414223958427235,True
AOMR,2,2021-06-18,2021-06-21,2021-07-20,2021,0.073290749491655,0.03772915748706755,-0.26414223958427235,True
AOMR,5,2021-06-23,2021-06-24,2021-07-23,2021,0.0520958543538476,-0.0020276209541293523,-0.26414223958427235,True
APP,2,2021-04-16,2021-04-19,2021-05-17,2021,-0.0731479462801219,0.03305738255193824,-0.26414223958427235,True
APP,5,2021-04-21,2021-04-22,2021-05-20,2021,-0.1276791438250727,0.009491817594727099,-0.26414223958427235,True
APP,10,2021-04-28,2021-04-29,2021-05-27,2021,-0.2164097820094244,-0.0019715325191460007,-0.26414223958427235,True
APP,15,2021-05-05,2021-05-06,2021-06-04,2021,-0.3075950428796002,-0.010729848845710778,-0.26414223958427235,True
APP,20,2021-05-12,2021-05-13,2021-06-11,2021,-0.5939032129854563,-0.03255234376812706,-0.26414223958427235,True
ARHS,2,2021-11-05,2021-11-08,2021-12-07,2021,0.2397334439435258,-0.0919770355941788,-0.26414223958427235,True
ARHS,5,2021-11-10,2021-11-11,2021-12-10,2021,-0.0527868761361564,-0.07362593924750001,-0.26414223958427235,True
ARHS,10,2021-11-17,2021-11-18,2021-12-17,2021,0.0007720729018571,-0.08102803546855435,-0.26414223958427235,True
ATAI,2,2021-06-21,2021-06-22,2021-07-21,2021,0.1722846509847026,-0.16577023053672651,-0.26414223958427235,True
ATAI,5,2021-06-24,2021-06-25,2021-07-26,2021,0.1039472558775924,-0.19046531321400445,-0.26414223958427235,True
ATAI,10,2021-07-01,2021-07-02,2021-08-02,2021,0.1265780108138858,-0.21187406677765888,-0.26414223958427235,True
ATAI,15,2021-07-09,2021-07-12,2021-08-09,2021,0.22397658202826,-0.15077279403612945,-0.26414223958427235,True
ATAI,20,2021-07-16,2021-07-19,2021-08-16,2021,0.1417833066171189,-0.2149834927779706,-0.26414223958427235,True
AURA,2,2021-11-01,2021-11-02,2021-12-01,2021,-0.2720031159756979,-0.004770428507814476,-0.26414223958427235,True
AURA,5,2021-11-04,2021-11-05,2021-12-06,2021,0.0969231903564558,-0.0556139077673517,-0.26414223958427235,True
AVAH,2,2021-04-30,2021-05-03,2021-06-01,2021,-0.0354696117309768,-0.043052414479557106,-0.26414223958427235,True
AVAH,5,2021-05-05,2021-05-06,2021-06-04,2021,-0.0591278366270822,-0.07489561209985654,-0.26414223958427235,True
AVAH,10,2021-05-12,2021-05-13,2021-06-11,2021,-0.1634162227294488,0.023780452317429975,-0.26414223958427235,True
AVAH,15,2021-05-19,2021-05-20,2021-06-18,2021,-0.1659784387534904,-0.045968631553312024,-0.26414223958427235,True
AVAH,20,2021-05-26,2021-05-27,2021-06-25,2021,-0.1107330074083914,-0.06847444360788864,-0.26414223958427235,True
BLND,2,2021-07-19,2021-07-20,2021-08-17,2021,-0.0065276806466979,0.028475075777183074,-0.26414223958427235,True
BLND,5,2021-07-22,2021-07-23,2021-08-20,2021,-0.0578340575393848,0.027791470615054523,-0.26414223958427235,True
BLND,10,2021-07-29,2021-07-30,2021-08-27,2021,0.1309146302054978,0.04719037523904715,-0.26414223958427235,True
BLND,15,2021-08-05,2021-08-06,2021-09-03,2021,0.0770091494812328,-0.007003396312862754,-0.26414223958427235,True
BLND,20,2021-08-12,2021-08-13,2021-09-13,2021,0.0989035584739545,0.05390748719251884,-0.26414223958427235,True
BLZE,2,2021-11-12,2021-11-15,2021-12-14,2021,0.1783965490512851,-0.0015457737035069218,-0.26414223958427235,True
BLZE,5,2021-11-17,2021-11-18,2021-12-17,2021,0.3292956068564246,-0.02286502479539875,-0.26414223958427235,True
BLZE,10,2021-11-24,2021-11-26,2021-12-27,2021,0.2689742151222051,-0.06471984494465031,-0.26414223958427235,True
BLZE,15,2021-12-02,2021-12-03,2022-01-03,2021,0.2734686510988293,-0.038845315318153426,-0.26414223958427235,True
BLZE,20,2021-12-09,2021-12-10,2022-01-10,2021,0.37852657246251,-0.0285554587754368,-0.26414223958427235,True
BMBL,2,2021-02-12,2021-02-16,2021-03-16,2021,0.058082629593536,-0.08028415287586012,-0.26414223958427235,True
BMBL,5,2021-02-18,2021-02-19,2021-03-19,2021,0.0535699295412794,-0.10073552421786526,-0.26414223958427235,True
BMBL,10,2021-02-25,2021-02-26,2021-03-26,2021,0.0452533629083728,-0.01628872617881964,-0.26414223958427235,True
BMBL,15,2021-03-04,2021-03-05,2021-04-05,2021,0.1152079229192614,-0.019494747728086917,-0.26414223958427235,True
BMBL,20,2021-03-11,2021-03-12,2021-04-12,2021,0.2552532650331251,-0.055219247871770315,-0.26414223958427235,True
BMEA,2,2021-04-19,2021-04-20,2021-05-18,2021,-0.0286037283414586,-0.14525443961778572,-0.26414223958427235,True
BRLT,2,2021-09-24,2021-09-27,2021-10-25,2021,0.2407225648300451,-0.007517304408960191,-0.26414223958427235,True
BRLT,5,2021-09-29,2021-09-30,2021-10-28,2021,0.1052505540588307,0.012514700287053215,-0.26414223958427235,True
BRLT,10,2021-10-06,2021-10-07,2021-11-04,2021,-0.0568960667109638,0.05080800263935241,-0.26414223958427235,True
BRLT,15,2021-10-13,2021-10-14,2021-11-11,2021,-0.1950547365997658,0.0582988867174476,-0.26414223958427235,True
BRLT,20,2021-10-20,2021-10-21,2021-11-18,2021,-0.2761872041935982,0.11137229887808126,-0.26414223958427235,True
BROS,2,2021-09-16,2021-09-17,2021-10-15,2021,-0.1167950600686123,0.04000149976722831,-0.26414223958427235,True
BROS,5,2021-09-21,2021-09-22,2021-10-20,2021,-0.0602782226307876,0.041203630770321395,-0.26414223958427235,True
BROS,10,2021-09-28,2021-09-29,2021-10-27,2021,-0.4795388734090623,-0.03410035252656282,-0.26414223958427235,True
BROS,15,2021-10-05,2021-10-06,2021-11-03,2021,-0.5986581980133282,0.004661851795817961,-0.26414223958427235,True
BROS,20,2021-10-12,2021-10-13,2021-11-10,2021,-0.2994913526080664,0.04066395097581982,-0.26414223958427235,True
BRZE,2,2021-11-18,2021-11-19,2021-12-20,2021,0.1697971709423059,-0.010171609490834836,-0.26414223958427235,True
BRZE,5,2021-11-23,2021-11-24,2021-12-23,2021,-0.046046547704644,-0.03865502437079246,-0.26414223958427235,True
BRZE,10,2021-12-01,2021-12-02,2021-12-31,2021,-0.0432288131867169,0.03830216284045117,-0.26414223958427235,True
BRZE,15,2021-12-08,2021-12-09,2022-01-07,2021,0.0420334844848251,0.06130252677717463,-0.26414223958427235,True
BRZE,20,2021-12-15,2021-12-16,2022-01-14,2021,-0.0544334122620467,0.04116447397365823,-0.26414223958427235,True
BVS,2,2021-02-12,2021-02-16,2021-03-16,2021,0.1687112684074995,0.007684442951157264,-0.26414223958427235,True
BVS,5,2021-02-18,2021-02-19,2021-03-19,2021,-0.0897006307559831,0.016059178079507627,-0.26414223958427235,True
BVS,10,2021-02-25,2021-02-26,2021-03-26,2021,-0.1278708814523132,0.05152233243410762,-0.26414223958427235,True
BWMN,2,2021-05-10,2021-05-11,2021-06-09,2021,0.0982699150194867,-0.05586147431525408,-0.26414223958427235,True
BZ,2,2021-06-14,2021-06-15,2021-07-14,2021,0.1286500006318987,0.034941507902598895,-0.26414223958427235,True
BZ,5,2021-06-17,2021-06-18,2021-07-19,2021,0.0835734491793549,0.04167741457123043,-0.26414223958427235,True
BZ,10,2021-06-24,2021-06-25,2021-07-26,2021,0.2717028841128703,0.06428613894740667,-0.26414223958427235,True
BZ,15,2021-07-01,2021-07-02,2021-08-02,2021,0.0417335982282677,0.02752738084160697,-0.26414223958427235,True
BZ,20,2021-07-09,2021-07-12,2021-08-09,2021,0.0096734195861684,-0.0011821465970090722,-0.26414223958427235,True
CADL,2,2021-07-28,2021-07-29,2021-08-26,2021,-0.1554455506442358,-0.07800855892045173,-0.26414223958427235,True
CDRE,2,2021-11-05,2021-11-08,2021-12-07,2021,-0.321030863761056,-0.047103037437625894,-0.26414223958427235,True
CERT,15,2021-01-04,2021-01-05,2021-02-03,2021,-0.0203169958041091,0.043521566760102194,-0.26414223958427235,True
CERT,20,2021-01-11,2021-01-12,2021-02-10,2021,-0.0459448102287315,0.07224971917359374,-0.26414223958427235,True
CGEM,2,2021-01-11,2021-01-12,2021-02-10,2021,-0.363126736935403,-0.09441889864550283,-0.26414223958427235,True
CGEM,5,2021-01-14,2021-01-15,2021-02-16,2021,-0.1026856310142572,-0.09135901278445151,-0.26414223958427235,True
CGEM,10,2021-01-22,2021-01-25,2021-02-23,2021,-0.097128581710578,-0.09301574874274475,-0.26414223958427235,True
CGEM,15,2021-01-29,2021-02-01,2021-03-02,2021,-0.2608734855564045,-0.13208239633101818,-0.26414223958427235,True
CGEM,20,2021-02-05,2021-02-08,2021-03-09,2021,-0.430299899422267,-0.16414835263574046,-0.26414223958427235,True
CGTX,2,2021-10-11,2021-10-12,2021-11-09,2021,0.0234485846496077,-0.025354415137628712,-0.26414223958427235,True
CINT,2,2021-11-11,2021-11-12,2021-12-13,2021,0.2092573084322863,-0.07120548897855838,-0.26414223958427235,True
CINT,5,2021-11-16,2021-11-17,2021-12-16,2021,0.2800060206653046,-0.033864246446821414,-0.26414223958427235,True
CINT,10,2021-11-23,2021-11-24,2021-12-23,2021,0.0408450973754926,-0.053968283817694626,-0.26414223958427235,True
CINT,15,2021-12-01,2021-12-02,2021-12-31,2021,-0.0625009606234666,-0.013094411978121666,-0.26414223958427235,True
CLST,2,2021-10-14,2021-10-15,2021-11-12,2021,0.0549202539508056,-0.05963792241187142,-0.26414223958427235,True
CMTG,2,2021-11-04,2021-11-05,2021-12-06,2021,-0.1029914960094151,-0.08661728918079518,-0.26414223958427235,True
CMTG,5,2021-11-09,2021-11-10,2021-12-09,2021,-0.0191306215918169,-0.09337911997487437,-0.26414223958427235,True
CNM,2,2021-07-26,2021-07-27,2021-08-24,2021,-0.2554163628389092,-0.045023054826974364,-0.26414223958427235,True
CNM,5,2021-07-29,2021-07-30,2021-08-27,2021,-0.0351949604181954,0.034193695695821626,-0.26414223958427235,True
CNM,10,2021-08-05,2021-08-06,2021-09-03,2021,-0.0983899434788386,0.026364540752902507,-0.26414223958427235,True
CNM,15,2021-08-12,2021-08-13,2021-09-13,2021,-0.0196879831236121,0.03908303499062821,-0.26414223958427235,True
CNM,20,2021-08-19,2021-08-20,2021-09-20,2021,0.0265780753561753,0.02446622311185386,-0.26414223958427235,True
CNTB,2,2021-03-22,2021-03-23,2021-04-21,2021,0.1062117898478335,-0.09098915560735271,-0.26414223958427235,True
CNTB,5,2021-03-25,2021-03-26,2021-04-26,2021,0.0268808390249287,0.009953374787398005,-0.26414223958427235,True
CNTB,10,2021-04-01,2021-04-05,2021-05-03,2021,0.1035259314170641,0.002019479387070822,-0.26414223958427235,True
CNTX,2,2021-10-21,2021-10-22,2021-11-19,2021,0.2078797216749036,0.007407192215412844,-0.26414223958427235,True
CNTX,5,2021-10-26,2021-10-27,2021-11-24,2021,0.3042838909498629,0.010961763341257359,-0.26414223958427235,True
CNTX,10,2021-11-02,2021-11-03,2021-12-02,2021,-0.0124523086567527,-0.011689365562704446,-0.26414223958427235,True
CNTX,15,2021-11-09,2021-11-10,2021-12-09,2021,-0.1736960182324226,-0.0332528883213682,-0.26414223958427235,True
COCO,2,2021-10-22,2021-10-25,2021-11-22,2021,-0.0539915601504774,-0.11994928873707894,-0.26414223958427235,True
COCO,5,2021-10-27,2021-10-28,2021-11-26,2021,-0.1416444294657719,-0.08694891339092306,-0.26414223958427235,True
COCO,10,2021-11-03,2021-11-04,2021-12-03,2021,0.1429472445397284,-0.07284559173310509,-0.26414223958427235,True
COCO,15,2021-11-10,2021-11-11,2021-12-10,2021,0.2228612756578556,-0.13897830105098258,-0.26414223958427235,True
COCO,20,2021-11-17,2021-11-18,2021-12-17,2021,0.4131738839073072,-0.06009589088117928,-0.26414223958427235,True
COIN,2,2021-04-15,2021-04-16,2021-05-14,2021,0.1809543538953984,-0.08258320609233859,-0.26414223958427235,True
COIN,5,2021-04-20,2021-04-21,2021-05-19,2021,0.2506941745253304,-0.11175791557110018,-0.26414223958427235,True
COIN,10,2021-04-27,2021-04-28,2021-05-26,2021,0.1749005057118353,0.003528918606907008,-0.26414223958427235,True
COIN,15,2021-05-04,2021-05-05,2021-06-03,2021,0.1577521788638147,-0.01749745542504799,-0.26414223958427235,True
COIN,20,2021-05-11,2021-05-12,2021-06-10,2021,0.2496423988889463,0.04410103159734952,-0.26414223958427235,True
COMP,2,2021-04-05,2021-04-06,2021-05-04,2021,0.0694386095449611,0.06387759337240667,-0.26414223958427235,True
COMP,5,2021-04-08,2021-04-09,2021-05-07,2021,0.0087431108515908,0.018081402315788954,-0.26414223958427235,True
COMP,10,2021-04-15,2021-04-16,2021-05-14,2021,0.1935352052558093,0.07050445920394287,-0.26414223958427235,True
COMP,15,2021-04-22,2021-04-23,2021-05-21,2021,0.1780260445096751,0.011669560176132217,-0.26414223958427235,True
COMP,20,2021-04-29,2021-04-30,2021-05-28,2021,0.2591131257738498,0.07653526774959833,-0.26414223958427235,True
COUR,2,2021-04-01,2021-04-05,2021-05-03,2021,0.0849042684526529,0.0645100842186071,-0.26414223958427235,True
COUR,5,2021-04-07,2021-04-08,2021-05-06,2021,0.3437593777568873,0.04037904141311801,-0.26414223958427235,True
COUR,10,2021-04-14,2021-04-15,2021-05-13,2021,0.275026540119475,0.019223528261719046,-0.26414223958427235,True
COUR,15,2021-04-21,2021-04-22,2021-05-20,2021,0.0702760381993886,0.04546931102365984,-0.26414223958427235,True
COUR,20,2021-04-28,2021-04-29,2021-05-27,2021,0.1346800882123798,0.05462016215336518,-0.26414223958427235,True
CPNG,2,2021-03-12,2021-03-15,2021-04-13,2021,0.1024889162806131,0.04997607000181847,-0.26414223958427235,True
CPNG,5,2021-03-17,2021-03-18,2021-04-16,2021,0.0006994112845496,0.06207135217947827,-0.26414223958427235,True
CPNG,10,2021-03-24,2021-03-25,2021-04-23,2021,0.0323591942941288,0.047347447216135034,-0.26414223958427235,True
CPNG,15,2021-03-31,2021-04-01,2021-04-30,2021,0.1549555234005366,0.020748392072259755,-0.26414223958427235,True
CPNG,20,2021-04-08,2021-04-09,2021-05-07,2021,0.1294640147225982,0.05886694415748695,-0.26414223958427235,True
CRBU,2,2021-07-26,2021-07-27,2021-08-24,2021,-0.6204969780217138,-0.09857278873805425,-0.26414223958427235,True
CRBU,5,2021-07-29,2021-07-30,2021-08-27,2021,-0.7325898925788505,-0.019447212025966838,-0.26414223958427235,True
CRBU,10,2021-08-05,2021-08-06,2021-09-03,2021,-0.315619992107824,-0.07897321527852379,-0.26414223958427235,True
CRBU,15,2021-08-12,2021-08-13,2021-09-13,2021,-0.232275922998303,-0.1473253752874491,-0.26414223958427235,True
CRBU,20,2021-08-19,2021-08-20,2021-09-20,2021,0.0574728639757028,-0.09545453867338892,-0.26414223958427235,True
CRCT,2,2021-03-29,2021-03-30,2021-04-28,2021,-0.3577932500750352,-0.0650448381055937,-0.26414223958427235,True
CRCT,5,2021-04-01,2021-04-05,2021-05-03,2021,-0.2368978973659889,-0.06042330266586605,-0.26414223958427235,True
CRCT,10,2021-04-09,2021-04-12,2021-05-10,2021,-0.0336221501050203,-0.12254054235469097,-0.26414223958427235,True
CRCT,20,2021-04-23,2021-04-26,2021-05-24,2021,-0.2588542406332825,-0.1049092228961689,-0.26414223958427235,True
CTKB,2,2021-07-26,2021-07-27,2021-08-24,2021,-0.3045029954516973,-0.2185662935326404,-0.26414223958427235,True
CTKB,5,2021-07-29,2021-07-30,2021-08-27,2021,0.0548769204505283,-0.18653472136461838,-0.26414223958427235,True
CTKB,10,2021-08-05,2021-08-06,2021-09-03,2021,0.0306503966660389,-0.19701127108771296,-0.26414223958427235,True
CTKB,15,2021-08-12,2021-08-13,2021-09-13,2021,-0.1428272764742502,-0.281368024360929,-0.26414223958427235,False
CTKB,20,2021-08-19,2021-08-20,2021-09-20,2021,-0.2447290963590097,-0.284483385482733,-0.26414223958427235,False
CURV,2,2021-07-02,2021-07-06,2021-08-03,2021,0.0801734278901959,-0.11856679157223325,-0.26414223958427235,True
CURV,5,2021-07-08,2021-07-09,2021-08-06,2021,-0.0974499615831417,-0.13266422555226048,-0.26414223958427235,True
CURV,10,2021-07-15,2021-07-16,2021-08-13,2021,-0.3159580439898419,-0.13494388121786716,-0.26414223958427235,True
CURV,15,2021-07-22,2021-07-23,2021-08-20,2021,-0.3233825949115046,-0.16004200162553314,-0.26414223958427235,True
CURV,20,2021-07-29,2021-07-30,2021-08-27,2021,-0.0453830688731241,-0.14184775458672397,-0.26414223958427235,True
CVRX,2,2021-07-01,2021-07-02,2021-08-02,2021,0.1417874755642146,-0.027079492657942652,-0.26414223958427235,True
CVRX,5,2021-07-07,2021-07-08,2021-08-05,2021,-0.0425251585171132,0.027515083362669186,-0.26414223958427235,True
CXM,2,2021-06-24,2021-06-25,2021-07-26,2021,0.0062110416078976,0.04052793911889855,-0.26414223958427235,True
CXM,5,2021-06-29,2021-06-30,2021-07-29,2021,0.2042170886981591,0.0467299751052228,-0.26414223958427235,True
CXM,10,2021-07-07,2021-07-08,2021-08-05,2021,0.022102466669634,0.018441613036789057,-0.26414223958427235,True
CXM,15,2021-07-14,2021-07-15,2021-08-12,2021,0.0716588357955982,-0.03128056306727026,-0.26414223958427235,True
CXM,20,2021-07-21,2021-07-22,2021-08-19,2021,0.0375594771175955,0.001194272181872786,-0.26414223958427235,True
DASH,20,2021-01-07,2021-01-08,2021-02-08,2021,-0.1603712635148094,0.013307679360499635,-0.26414223958427235,True
DDI,2,2021-09-01,2021-09-02,2021-10-01,2021,-0.0689822289492547,-0.0013115278321327894,-0.26414223958427235,True
DDI,5,2021-09-07,2021-09-08,2021-10-06,2021,-0.17004308478945,0.037228347788180155,-0.26414223958427235,True
DDL,2,2021-06-30,2021-07-01,2021-07-30,2021,0.2803555524336813,-0.07746241348071617,-0.26414223958427235,True
DDL,5,2021-07-06,2021-07-07,2021-08-04,2021,0.1725468767227509,-0.05296922730480993,-0.26414223958427235,True
DDL,10,2021-07-13,2021-07-14,2021-08-11,2021,0.1091002272697083,-0.05936568536736153,-0.26414223958427235,True
DDL,15,2021-07-20,2021-07-21,2021-08-18,2021,0.1280487520238435,-0.06251093223431518,-0.26414223958427235,True
DDL,20,2021-07-27,2021-07-28,2021-08-25,2021,0.0573400947847492,-0.03802450299499251,-0.26414223958427235,True
DERM,2,2021-11-15,2021-11-16,2021-12-15,2021,0.2617684387124722,-0.025412575743653625,-0.26414223958427235,True
DFH,2,2021-01-22,2021-01-25,2021-02-23,2021,-0.1259966317732571,-0.1665838726592949,-0.26414223958427235,True
DFH,5,2021-01-27,2021-01-28,2021-02-26,2021,-0.0722178938558588,-0.1894878901701218,-0.26414223958427235,True
DFH,10,2021-02-03,2021-02-04,2021-03-05,2021,0.1496490042080755,-0.08733918737087733,-0.26414223958427235,True
DFH,15,2021-02-10,2021-02-11,2021-03-12,2021,0.0792317053265267,-0.08086086182595446,-0.26414223958427235,True
DFH,20,2021-02-18,2021-02-19,2021-03-19,2021,0.1088283945900318,-0.1812603390291678,-0.26414223958427235,True
DH,2,2021-09-16,2021-09-17,2021-10-15,2021,0.0955972914581998,0.05348355942229696,-0.26414223958427235,True
DH,5,2021-09-21,2021-09-22,2021-10-20,2021,0.1431390314698495,0.0455537712357139,-0.26414223958427235,True
DH,10,2021-09-28,2021-09-29,2021-10-27,2021,0.174457219934116,0.0426567291526315,-0.26414223958427235,True
DH,15,2021-10-05,2021-10-06,2021-11-03,2021,0.0573602843811069,0.048131311310551074,-0.26414223958427235,True
DH,20,2021-10-12,2021-10-13,2021-11-10,2021,0.0652633124191001,0.007933321225635276,-0.26414223958427235,True
DIBS,2,2021-06-11,2021-06-14,2021-07-13,2021,-0.0679854472212294,0.03353421235141876,-0.26414223958427235,True
DIBS,5,2021-06-16,2021-06-17,2021-07-16,2021,0.0051182543878061,0.0573020574724515,-0.26414223958427235,True
DLO,2,2021-06-04,2021-06-07,2021-07-06,2021,-0.3769691898894662,-0.03624915897973039,-0.26414223958427235,True
DLO,5,2021-06-09,2021-06-10,2021-07-09,2021,-0.5648130750525784,-0.02389277182337258,-0.26414223958427235,True
DLO,10,2021-06-16,2021-06-17,2021-07-16,2021,-0.3952233931601005,-0.010733261722239505,-0.26414223958427235,True
DLO,15,2021-06-23,2021-06-24,2021-07-23,2021,-0.1449351875431002,0.047388115926214336,-0.26414223958427235,True
DLO,20,2021-06-30,2021-07-01,2021-07-30,2021,0.1145058490265605,0.006106461815053981,-0.26414223958427235,True
DNUT,2,2021-07-02,2021-07-06,2021-08-03,2021,0.1670299337593529,-0.06278954830670629,-0.26414223958427235,True
DNUT,5,2021-07-08,2021-07-09,2021-08-06,2021,0.1726003137244589,0.03456582560717975,-0.26414223958427235,True
DNUT,10,2021-07-15,2021-07-16,2021-08-13,2021,0.1220814883720109,0.029247812299490486,-0.26414223958427235,True
DNUT,15,2021-07-22,2021-07-23,2021-08-20,2021,0.0331089714577066,0.03661392945533491,-0.26414223958427235,True
DNUT,20,2021-07-29,2021-07-30,2021-08-27,2021,-0.0518714022643768,0.04873078966982958,-0.26414223958427235,True
DOCN,2,2021-03-25,2021-03-26,2021-04-26,2021,0.0419424219172724,-0.085062798194447,-0.26414223958427235,True
DOCN,5,2021-03-30,2021-03-31,2021-04-29,2021,-0.0156608760646342,-0.06518623242831108,-0.26414223958427235,True
DOCN,10,2021-04-07,2021-04-08,2021-05-06,2021,0.0286235895135511,-0.052522675930872155,-0.26414223958427235,True
DOCN,15,2021-04-14,2021-04-15,2021-05-13,2021,0.1640120638824476,-0.03982043866980089,-0.26414223958427235,True
DOCN,20,2021-04-21,2021-04-22,2021-05-20,2021,-0.0431946532484706,-0.04505005885047261,-0.26414223958427235,True
DOCS,2,2021-06-25,2021-06-28,2021-07-27,2021,-0.0307933104230931,0.09783851247746929,-0.26414223958427235,True
DOCS,5,2021-06-30,2021-07-01,2021-07-30,2021,-0.0694892986636349,0.04433698203931555,-0.26414223958427235,True
DOCS,10,2021-07-08,2021-07-09,2021-08-06,2021,-0.0770696712574924,0.05239188291776372,-0.26414223958427235,True
DOCS,15,2021-07-15,2021-07-16,2021-08-13,2021,-0.4215871525786305,0.06152657813913959,-0.26414223958427235,True
DOCS,20,2021-07-22,2021-07-23,2021-08-20,2021,-0.2948009802343271,0.09192073065652803,-0.26414223958427235,True
DOLE,2,2021-08-02,2021-08-03,2021-08-31,2021,-0.0262821784785228,-0.0057808468846701645,-0.26414223958427235,True
DOLE,5,2021-08-05,2021-08-06,2021-09-03,2021,-0.0452319844638926,-0.055698840596745944,-0.26414223958427235,True
DOLE,10,2021-08-12,2021-08-13,2021-09-13,2021,0.0144692596474739,-0.06053262295684308,-0.26414223958427235,True
DOLE,15,2021-08-19,2021-08-20,2021-09-20,2021,-0.0416917762089012,-0.06054902861486228,-0.26414223958427235,True
DOLE,20,2021-08-26,2021-08-27,2021-09-27,2021,0.0747387152562371,-0.02318242693566946,-0.26414223958427235,True
DRVN,2,2021-01-20,2021-01-21,2021-02-19,2021,0.0086538565543457,-0.019022383396544218,-0.26414223958427235,True
DRVN,5,2021-01-25,2021-01-26,2021-02-24,2021,-0.0173777971763546,-0.06955393141999404,-0.26414223958427235,True
DRVN,10,2021-02-01,2021-02-02,2021-03-03,2021,-0.0358330194859138,-0.07287625117202733,-0.26414223958427235,True
DRVN,15,2021-02-08,2021-02-09,2021-03-10,2021,0.1316751077029207,-0.035919024018163735,-0.26414223958427235,True
DRVN,20,2021-02-16,2021-02-17,2021-03-17,2021,0.144587887709032,-0.08780456386174026,-0.26414223958427235,True
DSGN,2,2021-03-30,2021-03-31,2021-04-29,2021,0.2413160205846808,-0.025943174957779567,-0.26414223958427235,True
DSGN,5,2021-04-05,2021-04-06,2021-05-04,2021,0.0790517280636483,-0.026610248628521682,-0.26414223958427235,True
DSGN,10,2021-04-12,2021-04-13,2021-05-11,2021,-0.0728853081272483,-0.09830308576805691,-0.26414223958427235,True
DSP,2,2021-02-11,2021-02-12,2021-03-15,2021,0.1412217140499875,-0.08935767858310438,-0.26414223958427235,True
DSP,5,2021-02-17,2021-02-18,2021-03-18,2021,0.1540273397792694,-0.03167373810564309,-0.26414223958427235,True
DSP,10,2021-02-24,2021-02-25,2021-03-25,2021,0.1342149769992848,-0.06068592949747682,-0.26414223958427235,True
DSP,15,2021-03-03,2021-03-04,2021-04-01,2021,-0.0594095047265745,-0.05483540254858441,-0.26414223958427235,True
DSP,20,2021-03-10,2021-03-11,2021-04-09,2021,0.1362968329694399,-0.008136145915815572,-0.26414223958427235,True
DUOL,2,2021-07-29,2021-07-30,2021-08-27,2021,0.1236924538741888,-0.0898679007430833,-0.26414223958427235,True
DUOL,5,2021-08-03,2021-08-04,2021-09-01,2021,0.0037888657894314,-0.10619638106030102,-0.26414223958427235,True
DUOL,10,2021-08-10,2021-08-11,2021-09-09,2021,-0.2210182777402904,-0.14849167962353016,-0.26414223958427235,True
DUOL,15,2021-08-17,2021-08-18,2021-09-16,2021,-0.4149080671035847,-0.10702638756654904,-0.26414223958427235,True
DUOL,20,2021-08-24,2021-08-25,2021-09-23,2021,-0.6356146090653749,-0.002545509186580245,-0.26414223958427235,True
DV,2,2021-04-22,2021-04-23,2021-05-21,2021,0.0587612792753361,0.004249314496921887,-0.26414223958427235,True
DV,5,2021-04-27,2021-04-28,2021-05-26,2021,-0.0478324610752852,0.02822803280339506,-0.26414223958427235,True
DV,10,2021-05-04,2021-05-05,2021-06-03,2021,-0.0425599836570109,-0.0032817597323526425,-0.26414223958427235,True
DV,15,2021-05-11,2021-05-12,2021-06-10,2021,-0.008368013875743,0.02708797177437294,-0.26414223958427235,True
DV,20,2021-05-18,2021-05-19,2021-06-17,2021,-0.2672149415851528,0.06645605877057133,-0.26414223958427235,True
ERAS,2,2021-07-19,2021-07-20,2021-08-17,2021,-0.0302275085132438,0.014222493077389068,-0.26414223958427235,True
ERAS,5,2021-07-22,2021-07-23,2021-08-20,2021,-0.0701117233222716,0.08137292610678666,-0.26414223958427235,True
ERAS,10,2021-07-29,2021-07-30,2021-08-27,2021,-0.1038433388468675,0.09900467007394352,-0.26414223958427235,True
ERAS,15,2021-08-05,2021-08-06,2021-09-03,2021,-0.1686867570699269,0.060611004431299624,-0.26414223958427235,True
ERAS,20,2021-08-12,2021-08-13,2021-09-13,2021,-0.0861050184438709,0.061111526343952095,-0.26414223958427235,True
EVCM,2,2021-07-02,2021-07-06,2021-08-03,2021,-0.041826659931642,-0.11382698105473249,-0.26414223958427235,True
EVCM,5,2021-07-08,2021-07-09,2021-08-06,2021,-0.1140657569624676,-0.12181934996416113,-0.26414223958427235,True
EVCM,10,2021-07-15,2021-07-16,2021-08-13,2021,-0.1504466699256554,-0.16375637838640644,-0.26414223958427235,True
EVCM,15,2021-07-22,2021-07-23,2021-08-20,2021,-0.1981779886960527,-0.15443107695633168,-0.26414223958427235,True
EVCM,20,2021-07-29,2021-07-30,2021-08-27,2021,-0.2268155327847719,-0.11180945801582537,-0.26414223958427235,True
EWTX,2,2021-03-29,2021-03-30,2021-04-28,2021,0.2715664277348052,0.08900468167161409,-0.26414223958427235,True
EWTX,5,2021-04-01,2021-04-05,2021-05-03,2021,0.0776236980490027,0.001934559253147246,-0.26414223958427235,True
EWTX,10,2021-04-09,2021-04-12,2021-05-10,2021,0.0913839409139432,0.03643577589673986,-0.26414223958427235,True
EWTX,15,2021-04-16,2021-04-19,2021-05-17,2021,-0.0382416851650145,0.01817996834652967,-0.26414223958427235,True
EWTX,20,2021-04-23,2021-04-26,2021-05-24,2021,-0.0622053355007562,0.024140723241559685,-0.26414223958427235,True
EXFY,2,2021-11-11,2021-11-12,2021-12-13,2021,0.1736052570336371,-0.008923569153134355,-0.26414223958427235,True
EXFY,5,2021-11-16,2021-11-17,2021-12-16,2021,0.1765793122561396,0.023206130670548653,-0.26414223958427235,True
EXFY,10,2021-11-23,2021-11-24,2021-12-23,2021,0.152682476114483,0.06280307914004854,-0.26414223958427235,True
EXFY,15,2021-12-01,2021-12-02,2021-12-31,2021,0.0267578943717064,-0.008805605456807778,-0.26414223958427235,True
EXFY,20,2021-12-08,2021-12-09,2022-01-07,2021,0.1393736215406612,0.0032665216049876846,-0.26414223958427235,True
FA,2,2021-06-24,2021-06-25,2021-07-26,2021,0.0578653982041416,-0.07851739083855101,-0.26414223958427235,True
FA,5,2021-06-29,2021-06-30,2021-07-29,2021,0.0671869037801545,-0.08592764255647538,-0.26414223958427235,True
FA,10,2021-07-07,2021-07-08,2021-08-05,2021,0.0256109029648504,-0.054560746384580604,-0.26414223958427235,True
FA,15,2021-07-14,2021-07-15,2021-08-12,2021,-0.1502267899508376,-0.0824249806080862,-0.26414223958427235,True
FA,20,2021-07-21,2021-07-22,2021-08-19,2021,-0.1870400744797104,-0.055845850137633365,-0.26414223958427235,True
FDMT,15,2021-01-04,2021-01-05,2021-02-03,2021,-0.2718627911398596,-0.09411957725371158,-0.26414223958427235,True
FDMT,20,2021-01-11,2021-01-12,2021-02-10,2021,-0.1157135086079719,-0.010165509631052888,-0.26414223958427235,True
FIGS,2,2021-05-28,2021-06-01,2021-06-29,2021,-0.3436979954770066,0.05386983289792701,-0.26414223958427235,True
FIGS,5,2021-06-03,2021-06-04,2021-07-02,2021,-0.3708988627284163,-0.009265207723794914,-0.26414223958427235,True
FIGS,10,2021-06-10,2021-06-11,2021-07-12,2021,-0.292795578322452,-0.0028296088484727894,-0.26414223958427235,True
FIGS,15,2021-06-17,2021-06-18,2021-07-19,2021,0.0008033838174958,-0.026847664977853115,-0.26414223958427235,True
FIGS,20,2021-06-24,2021-06-25,2021-07-26,2021,0.1745591354412122,0.003787690216940744,-0.26414223958427235,True
FINW,2,2021-11-22,2021-11-23,2021-12-22,2021,-0.0308667446061575,-0.03731866912736719,-0.26414223958427235,True
FLNC,2,2021-10-29,2021-11-01,2021-11-30,2021,0.0631360009773288,-0.023595337357153058,-0.26414223958427235,True
FLNC,5,2021-11-03,2021-11-04,2021-12-03,2021,0.0753850353175474,-0.05965251570812185,-0.26414223958427235,True
FLNC,10,2021-11-10,2021-11-11,2021-12-10,2021,0.0582712948197094,-0.047969061232035676,-0.26414223958427235,True
FLNC,15,2021-11-17,2021-11-18,2021-12-17,2021,0.1063588940782452,-0.01895241115747111,-0.26414223958427235,True
FLNC,20,2021-11-24,2021-11-26,2021-12-27,2021,-0.0132226724237232,-0.06044777904341298,-0.26414223958427235,True
FLYW,2,2021-05-27,2021-05-28,2021-06-28,2021,-0.1421234738818136,-0.11995335087918803,-0.26414223958427235,True
FLYW,5,2021-06-02,2021-06-03,2021-07-01,2021,-0.0638777468530995,-0.09030939992515379,-0.26414223958427235,True
FLYW,10,2021-06-09,2021-06-10,2021-07-09,2021,-0.1713105885138366,-0.0297279816107011,-0.26414223958427235,True
FLYW,15,2021-06-16,2021-06-17,2021-07-16,2021,0.0435328361681066,0.010994773232046963,-0.26414223958427235,True
FLYW,20,2021-06-23,2021-06-24,2021-07-23,2021,0.1262923056135841,-0.05207385983414569,-0.26414223958427235,True
FRSH,2,2021-09-23,2021-09-24,2021-10-22,2021,0.0131345232190776,-0.02954768506105834,-0.26414223958427235,True
FRSH,5,2021-09-28,2021-09-29,2021-10-27,2021,-0.0134769135028628,-0.05726810191236616,-0.26414223958427235,True
FRSH,10,2021-10-05,2021-10-06,2021-11-03,2021,0.0071506594385681,-0.015778122992797045,-0.26414223958427235,True
FRSH,15,2021-10-12,2021-10-13,2021-11-10,2021,0.119117108361764,0.012324690287633347,-0.26414223958427235,True
FRSH,20,2021-10-19,2021-10-20,2021-11-17,2021,0.0927953324257252,-0.021318803406148078,-0.26414223958427235,True
FSBC,2,2021-05-06,2021-05-07,2021-06-07,2021,-0.0857678937963214,0.004655225994753268,-0.26414223958427235,True
FWRG,2,2021-10-04,2021-10-05,2021-11-02,2021,0.1198226080874176,-0.08888542605968441,-0.26414223958427235,True
FWRG,5,2021-10-07,2021-10-08,2021-11-05,2021,0.1615402044306963,-0.09305937615174358,-0.26414223958427235,True
FWRG,10,2021-10-14,2021-10-15,2021-11-12,2021,0.1070675129038317,-0.0933256083425028,-0.26414223958427235,True
FWRG,15,2021-10-21,2021-10-22,2021-11-19,2021,0.0173042063797013,-0.08999537880198613,-0.26414223958427235,True
FWRG,20,2021-10-28,2021-10-29,2021-11-29,2021,0.0421422265209799,-0.08731553279783066,-0.26414223958427235,True
GANX,2,2021-03-22,2021-03-23,2021-04-21,2021,0.0861910265601983,-0.08404985373134301,-0.26414223958427235,True
GFS,2,2021-10-29,2021-11-01,2021-11-30,2021,-0.3257386490950021,0.027604247379054248,-0.26414223958427235,True
GFS,5,2021-11-03,2021-11-04,2021-12-03,2021,-0.2143428475721582,-0.03217655412146868,-0.26414223958427235,True
GFS,10,2021-11-10,2021-11-11,2021-12-10,2021,-0.1021604236506048,-0.04413474190176027,-0.26414223958427235,True
GFS,15,2021-11-17,2021-11-18,2021-12-17,2021,0.0196791880401721,-0.03527363238262063,-0.26414223958427235,True
GFS,20,2021-11-24,2021-11-26,2021-12-27,2021,0.0901026928148253,-0.005895082431184126,-0.26414223958427235,True
GHRS,2,2021-06-28,2021-06-29,2021-07-28,2021,0.1365027607649698,-0.22647669491817446,-0.26414223958427235,True
GHRS,5,2021-07-01,2021-07-02,2021-08-02,2021,0.0651410490131544,-0.22486936660761409,-0.26414223958427235,True
GLBE,2,2021-05-13,2021-05-14,2021-06-14,2021,-0.9058151399215372,-0.0370838195566992,-0.26414223958427235,True
GLBE,5,2021-05-18,2021-05-19,2021-06-17,2021,-0.9083034669045966,-0.02523902601877795,-0.26414223958427235,True
GLBE,10,2021-05-25,2021-05-26,2021-06-24,2021,-0.7766406076407425,-0.010314174304080725,-0.26414223958427235,True
GLBE,15,2021-06-02,2021-06-03,2021-07-01,2021,-0.6253180067807107,-0.020140706746121277,-0.26414223958427235,True
GLBE,20,2021-06-09,2021-06-10,2021-07-09,2021,-0.3825476547074208,-0.014995863406448833,-0.26414223958427235,True
GLUE,2,2021-06-25,2021-06-28,2021-07-27,2021,-0.136072171732851,-0.07360660777387375,-0.26414223958427235,True
GLUE,5,2021-06-30,2021-07-01,2021-07-30,2021,-0.0701429249130284,-0.12670585634829515,-0.26414223958427235,True
GLUE,10,2021-07-08,2021-07-09,2021-08-06,2021,-0.4945102675526414,-0.1853312482346513,-0.26414223958427235,True
GTLB,2,2021-10-15,2021-10-18,2021-11-15,2021,0.0025511806528727,0.055015340025667187,-0.26414223958427235,True
GTLB,5,2021-10-20,2021-10-21,2021-11-18,2021,-0.033466566158072,0.013664877941858,-0.26414223958427235,True
GTLB,10,2021-10-27,2021-10-28,2021-11-26,2021,0.0688410413974763,-0.042357805813331366,-0.26414223958427235,True
GTLB,15,2021-11-03,2021-11-04,2021-12-03,2021,0.1236042677842099,0.05888188935675514,-0.26414223958427235,True
GTLB,20,2021-11-10,2021-11-11,2021-12-10,2021,0.4337902434690002,0.020296283670540247,-0.26414223958427235,True
HAYW,2,2021-03-15,2021-03-16,2021-04-14,2021,0.0832795633972402,-0.000737793153545323,-0.26414223958427235,True
HAYW,5,2021-03-18,2021-03-19,2021-04-19,2021,0.1056761867131003,-0.03262036548682228,-0.26414223958427235,True
HAYW,10,2021-03-25,2021-03-26,2021-04-26,2021,-0.0694977482991467,0.05665146365693582,-0.26414223958427235,True
HAYW,15,2021-04-01,2021-04-05,2021-05-03,2021,-0.1874122942071046,-0.011781840109214516,-0.26414223958427235,True
HAYW,20,2021-04-09,2021-04-12,2021-05-10,2021,-0.4354060920172112,-0.03287487656882603,-0.26414223958427235,True
HEPS,2,2021-07-02,2021-07-06,2021-08-03,2021,0.0928548049752269,-0.08754050608132731,-0.26414223958427235,True
HEPS,5,2021-07-08,2021-07-09,2021-08-06,2021,0.052458845836571,-0.11321685760655778,-0.26414223958427235,True
HEPS,10,2021-07-15,2021-07-16,2021-08-13,2021,0.014545652399618,-0.08051403993761971,-0.26414223958427235,True
HEPS,15,2021-07-22,2021-07-23,2021-08-20,2021,0.0722413359008236,-0.11690241991926044,-0.26414223958427235,True
HEPS,20,2021-07-29,2021-07-30,2021-08-27,2021,0.3069648486736279,-0.08969944100823637,-0.26414223958427235,True
HNST,2,2021-05-06,2021-05-07,2021-06-07,2021,0.2083433164983339,0.03221684125651282,-0.26414223958427235,True
HNST,5,2021-05-11,2021-05-12,2021-06-10,2021,-0.2704666355680212,0.011833127483284012,-0.26414223958427235,True
HNST,10,2021-05-18,2021-05-19,2021-06-17,2021,-0.0017717477950334,0.07553540161923143,-0.26414223958427235,True
HNST,15,2021-05-25,2021-05-26,2021-06-24,2021,-0.0927880548296337,0.06563821494974183,-0.26414223958427235,True
HNST,20,2021-06-02,2021-06-03,2021-07-01,2021,0.2056237095822553,0.03334348604039373,-0.26414223958427235,True
HOOD,2,2021-07-30,2021-08-02,2021-08-30,2021,-0.2128244276912104,-0.10305391308796834,-0.26414223958427235,True
HOOD,5,2021-08-04,2021-08-05,2021-09-02,2021,0.3125003103153244,-0.1058430044760209,-0.26414223958427235,True
HOOD,10,2021-08-11,2021-08-12,2021-09-10,2021,0.1568275474456726,-0.14592146065769823,-0.26414223958427235,True
HOOD,15,2021-08-18,2021-08-19,2021-09-17,2021,0.0360178224314736,-0.15915677193954028,-0.26414223958427235,True
HOOD,20,2021-08-25,2021-08-26,2021-09-24,2021,0.0315450341841187,-0.16069422131310396,-0.26414223958427235,True
HOWL,2,2021-05-03,2021-05-04,2021-06-02,2021,0.138954939395559,0.0032660095867357696,-0.26414223958427235,True
HOWL,5,2021-05-06,2021-05-07,2021-06-07,2021,0.1127121746624382,0.06017191053424303,-0.26414223958427235,True
IHS,2,2021-10-15,2021-10-18,2021-11-15,2021,0.1059554581879328,-0.057464966170152454,-0.26414223958427235,True
IHS,5,2021-10-20,2021-10-21,2021-11-18,2021,0.119569576046231,-0.0957207253247112,-0.26414223958427235,True
IHS,10,2021-10-27,2021-10-28,2021-11-26,2021,0.1113889044048074,-0.0736486722236692,-0.26414223958427235,True
IHS,15,2021-11-03,2021-11-04,2021-12-03,2021,0.1594423655215157,-0.01722632647123317,-0.26414223958427235,True
IHS,20,2021-11-10,2021-11-11,2021-12-10,2021,0.1496595767322289,0.011539435025619847,-0.26414223958427235,True
IMCR,2,2021-02-08,2021-02-09,2021-03-10,2021,0.3284209886299045,0.0807240242573982,-0.26414223958427235,True
IMCR,5,2021-02-11,2021-02-12,2021-03-15,2021,0.242286825535137,0.0016010425880417611,-0.26414223958427235,True
IMCR,10,2021-02-19,2021-02-22,2021-03-22,2021,0.1052592461169185,-0.006805493410759762,-0.26414223958427235,True
IMCR,15,2021-02-26,2021-03-01,2021-03-29,2021,0.2462933914987033,0.006693174875774154,-0.26414223958427235,True
IMRX,2,2021-08-02,2021-08-03,2021-08-31,2021,-0.4418861937801668,-0.13348744806883436,-0.26414223958427235,True
IMRX,5,2021-08-05,2021-08-06,2021-09-03,2021,-0.0230253492516232,-0.08392363164649705,-0.26414223958427235,True
INNV,2,2021-03-05,2021-03-08,2021-04-06,2021,0.0252679477753274,-0.0824635987581221,-0.26414223958427235,True
INNV,5,2021-03-10,2021-03-11,2021-04-09,2021,0.0577936235355965,-0.07939660662732581,-0.26414223958427235,True
INNV,10,2021-03-17,2021-03-18,2021-04-16,2021,0.0738796038420513,-0.07769191236524649,-0.26414223958427235,True
INTA,2,2021-07-01,2021-07-02,2021-08-02,2021,-0.3395937083399866,-0.035155489431845384,-0.26414223958427235,True
INTA,5,2021-07-07,2021-07-08,2021-08-05,2021,-0.1727899281458582,-0.04135823900722352,-0.26414223958427235,True
INTA,10,2021-07-14,2021-07-15,2021-08-12,2021,-0.1568066426018549,0.008431404629863646,-0.26414223958427235,True
INTA,15,2021-07-21,2021-07-22,2021-08-19,2021,-0.2700279789195235,-0.023897539320100206,-0.26414223958427235,True
INTA,20,2021-07-28,2021-07-29,2021-08-26,2021,-0.2477660817997563,0.006682703371895046,-0.26414223958427235,True
IOT,2,2021-12-16,2021-12-17,2022-01-18,2021,0.0242935650268619,0.04686621812342067,-0.26414223958427235,True
IOT,5,2021-12-21,2021-12-22,2022-01-21,2021,0.1388965300479605,-0.06892766464014978,-0.26414223958427235,True
IOT,10,2021-12-29,2021-12-30,2022-01-28,2021,0.2445710908052601,-0.027925563994048372,-0.26414223958427235,True
IPSC,2,2021-06-21,2021-06-22,2021-07-21,2021,-0.0888678827514598,-0.03936352968808817,-0.26414223958427235,True
IPSC,5,2021-06-24,2021-06-25,2021-07-26,2021,-0.1232993023468888,-0.07151304773040953,-0.26414223958427235,True
IPSC,10,2021-07-01,2021-07-02,2021-08-02,2021,-0.016630441316524,0.0043774382185868595,-0.26414223958427235,True
IPSC,15,2021-07-09,2021-07-12,2021-08-09,2021,-0.1174885737904339,-0.08117964706390705,-0.26414223958427235,True
IPSC,20,2021-07-16,2021-07-19,2021-08-16,2021,-0.0771944795299245,-0.08665876009004109,-0.26414223958427235,True
IREN,2,2021-11-18,2021-11-19,2021-12-20,2021,0.2017006735907614,-0.25005151641995693,-0.26414223958427235,True
IREN,5,2021-11-23,2021-11-24,2021-12-23,2021,0.1725386704151271,-0.14860363281475766,-0.26414223958427235,True
IREN,10,2021-12-01,2021-12-02,2021-12-31,2021,0.1669367450189026,-0.13550289336156413,-0.26414223958427235,True
IREN,15,2021-12-08,2021-12-09,2022-01-07,2021,0.1964961377598282,-0.14050108028134106,-0.26414223958427235,True
IREN,20,2021-12-15,2021-12-16,2022-01-14,2021,0.0532523009522143,-0.12726576899949904,-0.26414223958427235,True
JANX,2,2021-06-14,2021-06-15,2021-07-14,2021,-0.2688380725151018,0.05770070484289689,-0.26414223958427235,True
JANX,5,2021-06-17,2021-06-18,2021-07-19,2021,-0.5775857021272812,0.04812415062910632,-0.26414223958427235,True
JANX,10,2021-06-24,2021-06-25,2021-07-26,2021,-0.1144531311226753,-0.015584448812142339,-0.26414223958427235,True
JANX,15,2021-07-01,2021-07-02,2021-08-02,2021,-0.3713973445740113,-0.06982672542489643,-0.26414223958427235,True
JANX,20,2021-07-09,2021-07-12,2021-08-09,2021,-0.1674113780351523,-0.015031331599626144,-0.26414223958427235,True
KARO,2,2021-04-05,2021-04-06,2021-05-04,2021,-0.0961862795704399,0.009376160693383585,-0.26414223958427235,True
KARO,5,2021-04-08,2021-04-09,2021-05-07,2021,-0.1332810857095646,-0.04846926206959645,-0.26414223958427235,True
KLTR,2,2021-07-22,2021-07-23,2021-08-20,2021,-0.1406628566562043,-0.15185186085134877,-0.26414223958427235,True
KLTR,5,2021-07-27,2021-07-28,2021-08-25,2021,-0.101283854031873,-0.1914581993020778,-0.26414223958427235,True
KRT,2,2021-04-16,2021-04-19,2021-05-17,2021,0.0060261698122842,-0.05901170955233343,-0.26414223958427235,True
LAW,2,2021-07-22,2021-07-23,2021-08-20,2021,-0.2559042737733855,-0.20422703582348764,-0.26414223958427235,True
LAW,5,2021-07-27,2021-07-28,2021-08-25,2021,-0.2965778672714265,-0.1527104970655714,-0.26414223958427235,True
LAW,10,2021-08-03,2021-08-04,2021-09-01,2021,-0.2658477546340811,-0.17906181874542926,-0.26414223958427235,True
LAW,15,2021-08-10,2021-08-11,2021-09-09,2021,-0.3772518350270401,-0.11054077598073019,-0.26414223958427235,True
LAW,20,2021-08-17,2021-08-18,2021-09-16,2021,-0.1041810520420588,-0.15690284814399838,-0.26414223958427235,True
LDI,2,2021-02-12,2021-02-16,2021-03-16,2021,0.269689320610379,0.12582067407373837,-0.26414223958427235,True
LDI,5,2021-02-18,2021-02-19,2021-03-19,2021,0.1441704854659371,0.04767082984360215,-0.26414223958427235,True
LDI,10,2021-02-25,2021-02-26,2021-03-26,2021,0.0401309169656016,0.03668436495208486,-0.26414223958427235,True
LDI,15,2021-03-04,2021-03-05,2021-04-05,2021,0.06330085420807,-0.033865582458540315,-0.26414223958427235,True
LDI,20,2021-03-11,2021-03-12,2021-04-12,2021,0.0606390277052994,0.05744333862247219,-0.26414223958427235,True
LFST,2,2021-06-11,2021-06-14,2021-07-13,2021,-0.1620080707107848,-0.015799403927226046,-0.26414223958427235,True
LFST,5,2021-06-16,2021-06-17,2021-07-16,2021,0.0023691877543785,-0.05515341318929312,-0.26414223958427235,True
LFST,10,2021-06-23,2021-06-24,2021-07-23,2021,0.2211168426236794,-0.002522250961578044,-0.26414223958427235,True
LFST,15,2021-06-30,2021-07-01,2021-07-30,2021,0.1380334831054861,-0.06879510321615764,-0.26414223958427235,True
LFST,20,2021-07-08,2021-07-09,2021-08-06,2021,0.1028960843693047,-0.06879510321615764,-0.26414223958427235,True
LTH,2,2021-10-08,2021-10-11,2021-11-08,2021,-0.0593275365657153,-0.017173018262181844,-0.26414223958427235,True
LTH,5,2021-10-13,2021-10-14,2021-11-11,2021,-0.1306755443133258,-0.007994422762309895,-0.26414223958427235,True
LTH,10,2021-10-20,2021-10-21,2021-11-18,2021,-0.0985166673063761,-0.0030968927935237887,-0.26414223958427235,True
LTH,15,2021-10-27,2021-10-28,2021-11-26,2021,-0.2587366320583492,0.006094491677774017,-0.26414223958427235,True
LTH,20,2021-11-03,2021-11-04,2021-12-03,2021,-0.1437059839015495,0.0032999018615880536,-0.26414223958427235,True
LUCD,2,2021-10-15,2021-10-18,2021-11-15,2021,-0.0282467275000764,0.005179615157177742,-0.26414223958427235,True
LZ,2,2021-07-01,2021-07-02,2021-08-02,2021,0.0185288478568479,0.0232529696915201,-0.26414223958427235,True
LZ,5,2021-07-07,2021-07-08,2021-08-05,2021,-0.0721609068055118,0.019801894226511074,-0.26414223958427235,True
LZ,10,2021-07-14,2021-07-15,2021-08-12,2021,0.0578159722987105,-0.02830501013488395,-0.26414223958427235,True
LZ,15,2021-07-21,2021-07-22,2021-08-19,2021,0.098273165516317,-0.0014574535084136283,-0.26414223958427235,True
LZ,20,2021-07-28,2021-07-29,2021-08-26,2021,0.0163507895500806,0.06316580102412696,-0.26414223958427235,True
MASS,10,2021-01-04,2021-01-05,2021-02-03,2021,-0.2054755578437223,-0.11490877326393098,-0.26414223958427235,True
MASS,15,2021-01-11,2021-01-12,2021-02-10,2021,-0.2094133817232303,-0.06596229147125453,-0.26414223958427235,True
MASS,20,2021-01-19,2021-01-20,2021-02-18,2021,0.0037677035522305,-0.031381226741017426,-0.26414223958427235,True
MDXH,2,2021-11-05,2021-11-08,2021-12-07,2021,0.2082118786187025,-0.04937563068797788,-0.26414223958427235,True
MNDY,2,2021-06-11,2021-06-14,2021-07-13,2021,-0.1793158366029401,0.008895710677557357,-0.26414223958427235,True
MNDY,5,2021-06-16,2021-06-17,2021-07-16,2021,0.0630531781644302,-0.006082438769337895,-0.26414223958427235,True
MNDY,10,2021-06-23,2021-06-24,2021-07-23,2021,0.152156153985821,0.0006668527033888067,-0.26414223958427235,True
MNDY,15,2021-06-30,2021-07-01,2021-07-30,2021,-0.0153096684714235,-0.031876440521540046,-0.26414223958427235,True
MNDY,20,2021-07-08,2021-07-09,2021-08-06,2021,-0.0381985837336159,-0.026407746267606107,-0.26414223958427235,True
MNTK,2,2021-01-25,2021-01-26,2021-02-24,2021,-0.1756091340362001,-0.03877692428684115,-0.26414223958427235,True
MNTK,5,2021-01-28,2021-01-29,2021-03-01,2021,-0.2357914254670217,-0.06780014466934685,-0.26414223958427235,True
MOLN,2,2021-06-17,2021-06-18,2021-07-19,2021,0.0031739358582856,-0.0617875710566792,-0.26414223958427235,True
MOLN,5,2021-06-22,2021-06-23,2021-07-22,2021,0.0084388493222862,-0.09139805497972743,-0.26414223958427235,True
MQ,2,2021-06-10,2021-06-11,2021-07-12,2021,0.1865845647642383,-0.06587066156934017,-0.26414223958427235,True
MQ,5,2021-06-15,2021-06-16,2021-07-15,2021,0.1863659535153176,-0.021491051193228018,-0.26414223958427235,True
MQ,10,2021-06-22,2021-06-23,2021-07-22,2021,0.1018722063085827,-0.08557575477261327,-0.26414223958427235,True
MQ,15,2021-06-29,2021-06-30,2021-07-29,2021,0.0061787984410506,-0.04633271640819129,-0.26414223958427235,True
MQ,20,2021-07-07,2021-07-08,2021-08-05,2021,-0.0249684511711589,-0.0025106396663350074,-0.26414223958427235,True
MXCT,2,2021-08-02,2021-08-03,2021-08-31,2021,0.0342471774213927,-0.07905832860383762,-0.26414223958427235,True
MXCT,5,2021-08-05,2021-08-06,2021-09-03,2021,-0.1502773479448895,-0.07674627146033294,-0.26414223958427235,True
MXCT,10,2021-08-12,2021-08-13,2021-09-13,2021,0.0063812690344767,-0.04234421418494361,-0.26414223958427235,True
MXCT,15,2021-08-19,2021-08-20,2021-09-20,2021,-0.0406719795199577,-0.0677497171675375,-0.26414223958427235,True
MXCT,20,2021-08-26,2021-08-27,2021-09-27,2021,-0.0115045422464831,0.007569871591212259,-0.26414223958427235,True
NPCE,2,2021-04-23,2021-04-26,2021-05-24,2021,0.1372189792879623,0.03811035862638138,-0.26414223958427235,True
NPCE,5,2021-04-28,2021-04-29,2021-05-27,2021,0.1406294580766013,0.019117096270234883,-0.26414223958427235,True
NPCE,10,2021-05-05,2021-05-06,2021-06-04,2021,0.0159891066679725,0.0207211253481077,-0.26414223958427235,True
NRDS,2,2021-11-05,2021-11-08,2021-12-07,2021,0.3347265611138059,0.00866097636164229,-0.26414223958427235,True
NRDS,5,2021-11-10,2021-11-11,2021-12-10,2021,0.2897977461386481,0.09676548620099205,-0.26414223958427235,True
NRDS,10,2021-11-17,2021-11-18,2021-12-17,2021,0.3933471719726812,0.10908096219836157,-0.26414223958427235,True
NRDS,15,2021-11-24,2021-11-26,2021-12-27,2021,0.3192561400712783,0.056313359603343265,-0.26414223958427235,True
NRDS,20,2021-12-02,2021-12-03,2022-01-03,2021,0.0069272054088646,0.047411769972381966,-0.26414223958427235,True
NTRB,2,2021-10-04,2021-10-05,2021-11-02,2021,0.1021345132370521,-0.04909538718582347,-0.26414223958427235,True
NTRB,10,2021-10-14,2021-10-15,2021-11-12,2021,0.2728840774503684,0.02781193006945796,-0.26414223958427235,True
NU,2,2021-12-10,2021-12-13,2022-01-11,2021,0.1302183944322023,-0.10102178622670102,-0.26414223958427235,True
NU,5,2021-12-15,2021-12-16,2022-01-14,2021,0.1704259304962414,-0.1932031598866284,-0.26414223958427235,True
NU,10,2021-12-22,2021-12-23,2022-01-24,2021,0.0825963785660055,-0.06709786483858822,-0.26414223958427235,True
NU,15,2021-12-30,2021-12-31,2022-01-31,2021,0.0176990216290921,-0.02286521709806079,-0.26414223958427235,True
ONON,2,2021-09-16,2021-09-17,2021-10-15,2021,0.2277644200876614,-0.04534804493833631,-0.26414223958427235,True
ONON,5,2021-09-21,2021-09-22,2021-10-20,2021,0.2351296622516608,-0.04529984103037615,-0.26414223958427235,True
ONON,10,2021-09-28,2021-09-29,2021-10-27,2021,-0.0198160531781969,-0.02950581021348962,-0.26414223958427235,True
ONON,15,2021-10-05,2021-10-06,2021-11-03,2021,-0.1827108861360332,0.007779126106009618,-0.26414223958427235,True
ONON,20,2021-10-12,2021-10-13,2021-11-10,2021,-0.1494833435435893,-0.020572160767074663,-0.26414223958427235,True
OSCR,2,2021-03-04,2021-03-05,2021-04-05,2021,0.3004253071898857,0.0323673101949477,-0.26414223958427235,True
OSCR,5,2021-03-09,2021-03-10,2021-04-08,2021,0.346457457024023,-0.08237469475557539,-0.26414223958427235,True
OSCR,10,2021-03-16,2021-03-17,2021-04-15,2021,0.3598006783475341,-0.04402242623808992,-0.26414223958427235,True
OSCR,15,2021-03-23,2021-03-24,2021-04-22,2021,0.32593558873278,-0.02273967847249868,-0.26414223958427235,True
OSCR,20,2021-03-30,2021-03-31,2021-04-29,2021,0.2540420662176775,0.001925330034408689,-0.26414223958427235,True
PATH,2,2021-04-22,2021-04-23,2021-05-21,2021,-0.0501543406383629,-0.04869882177307564,-0.26414223958427235,True
PATH,5,2021-04-27,2021-04-28,2021-05-26,2021,-0.1352306462626791,-0.05384442837410198,-0.26414223958427235,True
PATH,10,2021-05-04,2021-05-05,2021-06-03,2021,-0.013478121551824,-0.044226085853920315,-0.26414223958427235,True
PATH,15,2021-05-11,2021-05-12,2021-06-10,2021,-0.0505500642057765,-0.08078321246676905,-0.26414223958427235,True
PATH,20,2021-05-18,2021-05-19,2021-06-17,2021,0.0005832976556577,-0.04475890702359135,-0.26414223958427235,True
PAX,2,2021-01-25,2021-01-26,2021-02-24,2021,-0.1127975523846315,-0.008242840185774505,-0.26414223958427235,True
PAX,5,2021-01-28,2021-01-29,2021-03-01,2021,-0.1296728577793473,0.023551635515788653,-0.26414223958427235,True
PAX,10,2021-02-04,2021-02-05,2021-03-08,2021,0.0876475581977891,-0.008454041998322111,-0.26414223958427235,True
PAX,15,2021-02-11,2021-02-12,2021-03-15,2021,0.1872292068260582,-0.02476315075332817,-0.26414223958427235,True
PAX,20,2021-02-19,2021-02-22,2021-03-22,2021,0.1433868914513986,-0.021573467718955172,-0.26414223958427235,True
PAY,2,2021-05-27,2021-05-28,2021-06-28,2021,-0.2508736519317942,-0.07417216689976527,-0.26414223958427235,True
PAY,5,2021-06-02,2021-06-03,2021-07-01,2021,-0.0179023607133434,-0.06155765233293613,-0.26414223958427235,True
PAY,10,2021-06-09,2021-06-10,2021-07-09,2021,-0.2499447526784166,-0.07770268460583607,-0.26414223958427235,True
PAY,15,2021-06-16,2021-06-17,2021-07-16,2021,-0.0554770227554189,-0.05498562476613882,-0.26414223958427235,True
PAY,20,2021-06-23,2021-06-24,2021-07-23,2021,0.231165158433773,-0.04702851525957077,-0.26414223958427235,True
PCOR,2,2021-05-21,2021-05-24,2021-06-22,2021,-0.0881392511430689,0.0179722246805536,-0.26414223958427235,True
PCOR,5,2021-05-26,2021-05-27,2021-06-25,2021,-0.1701286533403164,-0.036340365949363844,-0.26414223958427235,True
PCOR,10,2021-06-03,2021-06-04,2021-07-02,2021,-0.1717393701978747,-0.051002277718866715,-0.26414223958427235,True
PCOR,15,2021-06-10,2021-06-11,2021-07-12,2021,-0.1265198720359461,-0.06404106004979,-0.26414223958427235,True
PCOR,20,2021-06-17,2021-06-18,2021-07-19,2021,-0.1334897731467096,-0.056033922189449886,-0.26414223958427235,True
PHVS,2,2021-02-08,2021-02-09,2021-03-10,2021,-0.0578366691741489,-0.11772772180274735,-0.26414223958427235,True
PHVS,5,2021-02-11,2021-02-12,2021-03-15,2021,-0.2608385412558199,-0.04682258956506871,-0.26414223958427235,True
PHVS,10,2021-02-19,2021-02-22,2021-03-22,2021,0.0430283370097998,0.06063572397857833,-0.26414223958427235,True
PHVS,15,2021-02-26,2021-03-01,2021-03-29,2021,0.3193703789950807,0.019745061247638983,-0.26414223958427235,True
PHVS,20,2021-03-05,2021-03-08,2021-04-06,2021,0.0920613877216013,-0.1340268424359709,-0.26414223958427235,True
PLTK,2,2021-01-20,2021-01-21,2021-02-19,2021,-0.0110856436835427,-0.08002072993260577,-0.26414223958427235,True
PLTK,5,2021-01-25,2021-01-26,2021-02-24,2021,-0.063684362516413,-0.017805605289018884,-0.26414223958427235,True
PLTK,10,2021-02-01,2021-02-02,2021-03-03,2021,-0.0478615878332732,0.026075100859009093,-0.26414223958427235,True
PLTK,15,2021-02-08,2021-02-09,2021-03-10,2021,0.1561431426374453,-0.08265004805072146,-0.26414223958427235,True
PLTK,20,2021-02-16,2021-02-17,2021-03-17,2021,0.1848507080301845,-0.11069656561667063,-0.26414223958427235,True
PRCT,2,2021-09-16,2021-09-17,2021-10-15,2021,-0.2182858621160547,-0.12464594577435914,-0.26414223958427235,True
PRCT,5,2021-09-21,2021-09-22,2021-10-20,2021,-0.0850541346882238,-0.1059705737159654,-0.26414223958427235,True
PRCT,10,2021-09-28,2021-09-29,2021-10-27,2021,-0.1088204910695238,-0.0927574666228938,-0.26414223958427235,True
PRCT,15,2021-10-05,2021-10-06,2021-11-03,2021,-0.165149715799878,-0.05351984909788842,-0.26414223958427235,True
PRCT,20,2021-10-12,2021-10-13,2021-11-10,2021,0.0388344393368007,-0.02876585424857472,-0.26414223958427235,True
PRVA,2,2021-04-30,2021-05-03,2021-06-01,2021,0.0651682065572614,-0.02341354266908532,-0.26414223958427235,True
PRVA,5,2021-05-05,2021-05-06,2021-06-04,2021,0.1132709336217255,0.010617928637369526,-0.26414223958427235,True
PRVA,10,2021-05-12,2021-05-13,2021-06-11,2021,-0.3063232434869296,-0.018899117695135418,-0.26414223958427235,True
PRVA,15,2021-05-19,2021-05-20,2021-06-18,2021,-0.5366157968800487,-0.04295656957260753,-0.26414223958427235,True
PRVA,20,2021-05-26,2021-05-27,2021-06-25,2021,-0.4191714570890124,0.018140741426321987,-0.26414223958427235,True
PTLO,2,2021-10-22,2021-10-25,2021-11-22,2021,0.0592145958609319,0.09098899366768425,-0.26414223958427235,True
PTLO,5,2021-10-27,2021-10-28,2021-11-26,2021,-0.0748525155821271,0.075229807461983,-0.26414223958427235,True
PTLO,10,2021-11-03,2021-11-04,2021-12-03,2021,0.1060315629314733,0.10076630476281254,-0.26414223958427235,True
PTLO,15,2021-11-10,2021-11-11,2021-12-10,2021,0.2031814937903228,0.1372169283687382,-0.26414223958427235,True
PTLO,20,2021-11-17,2021-11-18,2021-12-17,2021,0.2251857349867556,0.10815657782916514,-0.26414223958427235,True
PUBM,20,2021-01-07,2021-01-08,2021-02-08,2021,-0.8897706910087094,0.06261741503863857,-0.26414223958427235,True
PYXS,2,2021-10-11,2021-10-12,2021-11-09,2021,0.0444693790650718,-0.012734458704482546,-0.26414223958427235,True
PYXS,5,2021-10-14,2021-10-15,2021-11-12,2021,0.0350479083277788,-0.019293832074028645,-0.26414223958427235,True
RANI,2,2021-08-02,2021-08-03,2021-08-31,2021,-0.7988953365549408,-0.06238781392236743,-0.26414223958427235,True
RBLX,2,2021-03-11,2021-03-12,2021-04-12,2021,0.0101928414842336,-0.012443656288058142,-0.26414223958427235,True
RBLX,5,2021-03-16,2021-03-17,2021-04-15,2021,0.004447687851709,0.017932001903593273,-0.26414223958427235,True
RBLX,10,2021-03-23,2021-03-24,2021-04-22,2021,0.052316932995394,-0.014545770745794617,-0.26414223958427235,True
RBLX,15,2021-03-30,2021-03-31,2021-04-29,2021,-0.008793981676745,-0.01289504560502506,-0.26414223958427235,True
RBLX,20,2021-04-07,2021-04-08,2021-05-06,2021,0.1130023471548355,0.0045942884665940275,-0.26414223958427235,True
REFI,2,2021-12-09,2021-12-10,2022-01-10,2021,-0.1264158338377094,-0.009605878817634491,-0.26414223958427235,True
RELY,2,2021-09-24,2021-09-27,2021-10-25,2021,0.2426678507936439,0.03955189853640944,-0.26414223958427235,True
RELY,5,2021-09-29,2021-09-30,2021-10-28,2021,0.1820039340526556,0.0013394924404810376,-0.26414223958427235,True
RELY,10,2021-10-06,2021-10-07,2021-11-04,2021,0.2148693093630915,0.024517989387887438,-0.26414223958427235,True
RELY,15,2021-10-13,2021-10-14,2021-11-11,2021,0.282885585702318,-0.018709715317170476,-0.26414223958427235,True
RELY,20,2021-10-20,2021-10-21,2021-11-18,2021,0.253782661590718,-0.01778159504789521,-0.26414223958427235,True
RERE,2,2021-06-21,2021-06-22,2021-07-21,2021,0.0395408886862462,-0.04464957425640365,-0.26414223958427235,True
RERE,5,2021-06-24,2021-06-25,2021-07-26,2021,0.1112520932338378,-0.04235961875860989,-0.26414223958427235,True
RERE,10,2021-07-01,2021-07-02,2021-08-02,2021,0.2014745963855118,-0.002500608958794041,-0.26414223958427235,True
RERE,20,2021-07-16,2021-07-19,2021-08-16,2021,0.2105352141312321,-0.09201087234934441,-0.26414223958427235,True
RIVN,2,2021-11-11,2021-11-12,2021-12-13,2021,0.050967027071942,-0.07053684606524964,-0.26414223958427235,True
RIVN,5,2021-11-16,2021-11-17,2021-12-16,2021,0.2916119797735609,-0.07985911235852132,-0.26414223958427235,True
RIVN,10,2021-11-23,2021-11-24,2021-12-23,2021,0.174925969035012,-0.1851607891801996,-0.26414223958427235,True
RIVN,15,2021-12-01,2021-12-02,2021-12-31,2021,0.2064510186163026,-0.17325749000582183,-0.26414223958427235,True
RIVN,20,2021-12-08,2021-12-09,2022-01-07,2021,0.2461310567194954,-0.14933174156483162,-0.26414223958427235,True
RNXT,2,2021-08-27,2021-08-30,2021-09-28,2021,0.0220667137434036,-0.09561154303888773,-0.26414223958427235,True
RNXT,5,2021-09-01,2021-09-02,2021-10-01,2021,0.2533741458028991,-0.09430837689083804,-0.26414223958427235,True
RNXT,10,2021-09-09,2021-09-10,2021-10-08,2021,0.3342042342137281,-0.07460182973595222,-0.26414223958427235,True
RNXT,15,2021-09-16,2021-09-17,2021-10-15,2021,0.2233472561185912,-0.14106557180543688,-0.26414223958427235,True
RNXT,20,2021-09-23,2021-09-24,2021-10-22,2021,0.2415829761216661,-0.14603286234361826,-0.26414223958427235,True
RPID,2,2021-07-16,2021-07-19,2021-08-16,2021,0.2109232970979933,-0.12001665624380999,-0.26414223958427235,True
RPID,5,2021-07-21,2021-07-22,2021-08-19,2021,0.0444307856094977,-0.18247389858135746,-0.26414223958427235,True
RPID,10,2021-07-28,2021-07-29,2021-08-26,2021,-0.0056009783905402,-0.12197477667194997,-0.26414223958427235,True
RSKD,2,2021-07-30,2021-08-02,2021-08-30,2021,-0.199218629758262,-0.08578189072299644,-0.26414223958427235,True
RSKD,5,2021-08-04,2021-08-05,2021-09-02,2021,-0.1969531864444696,-0.08093614745838196,-0.26414223958427235,True
RSKD,10,2021-08-11,2021-08-12,2021-09-10,2021,-0.0805280758190678,-0.09834695083969468,-0.26414223958427235,True
RSKD,15,2021-08-18,2021-08-19,2021-09-17,2021,-0.031738718912805,-0.08233935791532833,-0.26414223958427235,True
RSKD,20,2021-08-25,2021-08-26,2021-09-24,2021,-0.0396217605859194,-0.06966013976340311,-0.26414223958427235,True
RXRX,2,2021-04-19,2021-04-20,2021-05-18,2021,0.1263234935605251,0.02705677573009528,-0.26414223958427235,True
RXRX,5,2021-04-22,2021-04-23,2021-05-21,2021,0.1785634301390346,0.022330344506220633,-0.26414223958427235,True
RXRX,10,2021-04-29,2021-04-30,2021-05-28,2021,0.2201008829667727,0.13812200119855553,-0.26414223958427235,True
RXRX,15,2021-05-06,2021-05-07,2021-06-07,2021,0.0007884693944955,0.01980568453818967,-0.26414223958427235,True
RXRX,20,2021-05-13,2021-05-14,2021-06-14,2021,-0.5644689699913957,0.07601843924589034,-0.26414223958427235,True
RXST,2,2021-08-02,2021-08-03,2021-08-31,2021,0.1155311012714147,-0.13505701839851786,-0.26414223958427235,True
RXST,5,2021-08-05,2021-08-06,2021-09-03,2021,-0.1504128286562368,-0.08205335757888482,-0.26414223958427235,True
RYAN,2,2021-07-23,2021-07-26,2021-08-23,2021,-0.1223261566533339,-0.01210086562966342,-0.26414223958427235,True
RYAN,5,2021-07-28,2021-07-29,2021-08-26,2021,-0.0797557128521464,-0.011358883610614613,-0.26414223958427235,True
RYAN,10,2021-08-04,2021-08-05,2021-09-02,2021,-0.1403233211532423,-0.03281893475098299,-0.26414223958427235,True
RYAN,15,2021-08-11,2021-08-12,2021-09-10,2021,-0.1352924340175036,0.001483100525258716,-0.26414223958427235,True
RYAN,20,2021-08-18,2021-08-19,2021-09-17,2021,-0.0840898008753539,-0.03309762572341267,-0.26414223958427235,True
S,2,2021-07-01,2021-07-02,2021-08-02,2021,-0.2481147533919449,-0.013767451774638065,-0.26414223958427235,True
S,5,2021-07-07,2021-07-08,2021-08-05,2021,-0.0345866179676077,-0.12349725656437183,-0.26414223958427235,True
S,10,2021-07-14,2021-07-15,2021-08-12,2021,-0.0517184133069395,-0.10059893725401915,-0.26414223958427235,True
S,15,2021-07-21,2021-07-22,2021-08-19,2021,-0.1126645080540263,-0.08559019022696374,-0.26414223958427235,True
S,20,2021-07-28,2021-07-29,2021-08-26,2021,-0.2341987373223247,-0.07515897842916561,-0.26414223958427235,True
SANA,2,2021-02-05,2021-02-08,2021-03-09,2021,0.2822847504823008,0.03748217989057422,-0.26414223958427235,True
SANA,5,2021-02-10,2021-02-11,2021-03-12,2021,0.2649310946628336,0.04891094640718412,-0.26414223958427235,True
SANA,10,2021-02-18,2021-02-19,2021-03-19,2021,0.0575834059682706,-0.024846314553094256,-0.26414223958427235,True
SANA,15,2021-02-25,2021-02-26,2021-03-26,2021,0.0600344893255018,0.02715884140203933,-0.26414223958427235,True
SANA,20,2021-03-04,2021-03-05,2021-04-05,2021,-0.1985066537790428,0.0005587257551206313,-0.26414223958427235,True
SEER,20,2021-01-04,2021-01-05,2021-02-03,2021,-0.1061455102929237,0.03635009690378302,-0.26414223958427235,True
SERA,2,2021-07-16,2021-07-19,2021-08-16,2021,0.1226221949019414,0.050737820904258234,-0.26414223958427235,True
SG,2,2021-11-19,2021-11-22,2021-12-21,2021,0.3950752074516742,-0.012282500910531806,-0.26414223958427235,True
SG,5,2021-11-24,2021-11-26,2021-12-27,2021,0.1475042748801873,0.0743162091336315,-0.26414223958427235,True
SG,10,2021-12-02,2021-12-03,2022-01-03,2021,-0.0055448148623637,0.0224860042149573,-0.26414223958427235,True
SG,15,2021-12-09,2021-12-10,2022-01-10,2021,0.0532095732100257,0.023373019473393417,-0.26414223958427235,True
SG,20,2021-12-16,2021-12-17,2022-01-18,2021,0.1196535295471861,0.09538167806681971,-0.26414223958427235,True
SGHT,2,2021-07-16,2021-07-19,2021-08-16,2021,-0.1549220872732049,-0.09723642563778646,-0.26414223958427235,True
SGHT,5,2021-07-21,2021-07-22,2021-08-19,2021,-0.0408722696524549,-0.06263161064019555,-0.26414223958427235,True
SGHT,10,2021-07-28,2021-07-29,2021-08-26,2021,0.0476404051051143,-0.0778100039094045,-0.26414223958427235,True
SGHT,15,2021-08-04,2021-08-05,2021-09-02,2021,0.2506067270609635,-0.043240563451861565,-0.26414223958427235,True
SGHT,20,2021-08-11,2021-08-12,2021-09-10,2021,0.1400955612736869,-0.09048038142417154,-0.26414223958427235,True
SHLS,2,2021-01-29,2021-02-01,2021-03-02,2021,-0.0382506406427766,-0.05630699696969688,-0.26414223958427235,True
SHLS,5,2021-02-03,2021-02-04,2021-03-05,2021,0.1106700366841898,-0.060354128411125134,-0.26414223958427235,True
SHLS,10,2021-02-10,2021-02-11,2021-03-12,2021,0.0473242304831063,-0.09442893456819483,-0.26414223958427235,True
SHLS,15,2021-02-18,2021-02-19,2021-03-19,2021,0.1509468076433384,-0.08557902879919822,-0.26414223958427235,True
SHLS,20,2021-02-25,2021-02-26,2021-03-26,2021,0.1250414385208511,-0.1371328349013467,-0.26414223958427235,True
SKYT,2,2021-04-22,2021-04-23,2021-05-21,2021,-0.3828253058679152,0.004016531445185016,-0.26414223958427235,True
SKYT,5,2021-04-27,2021-04-28,2021-05-26,2021,-0.4384045704721619,0.030678537384843465,-0.26414223958427235,True
SKYT,10,2021-05-04,2021-05-05,2021-06-03,2021,-0.2552088894271394,0.04709520529857359,-0.26414223958427235,True
SKYT,15,2021-05-11,2021-05-12,2021-06-10,2021,-0.345812422452284,0.02352625558031514,-0.26414223958427235,True
SKYT,20,2021-05-18,2021-05-19,2021-06-17,2021,-0.6847605555905478,0.02347228958474264,-0.26414223958427235,True
SMWB,2,2021-05-13,2021-05-14,2021-06-14,2021,0.0056967061262159,-0.04762651194868757,-0.26414223958427235,True
SMWB,5,2021-05-18,2021-05-19,2021-06-17,2021,0.1052567760530793,-0.01830216589715531,-0.26414223958427235,True
SOPH,2,2021-07-26,2021-07-27,2021-08-24,2021,-0.0448138321046898,-0.14708117210472496,-0.26414223958427235,True
SOPH,5,2021-07-29,2021-07-30,2021-08-27,2021,-0.2444888633807223,-0.11828709761130292,-0.26414223958427235,True
SOPH,10,2021-08-05,2021-08-06,2021-09-03,2021,-0.0762000288449194,-0.14007434944707098,-0.26414223958427235,True
SOPH,15,2021-08-12,2021-08-13,2021-09-13,2021,0.0290631068042238,-0.12311815225502488,-0.26414223958427235,True
SRAD,2,2021-09-15,2021-09-16,2021-10-14,2021,0.1118280430905111,-0.004027191028719879,-0.26414223958427235,True
SRAD,5,2021-09-20,2021-09-21,2021-10-19,2021,0.1912233859564148,-0.074889037854177,-0.26414223958427235,True
SRAD,10,2021-09-27,2021-09-28,2021-10-26,2021,0.1535489176718467,-0.09597975712805983,-0.26414223958427235,True
SRAD,15,2021-10-04,2021-10-05,2021-11-02,2021,0.1354854300417262,-0.014443814506823612,-0.26414223958427235,True
SRAD,20,2021-10-11,2021-10-12,2021-11-09,2021,0.14321485513156,-0.04619537180664872,-0.26414223958427235,True
STVN,2,2021-07-19,2021-07-20,2021-08-17,2021,-0.0033754404310195,0.0375451781670107,-0.26414223958427235,True
STVN,5,2021-07-22,2021-07-23,2021-08-20,2021,-0.2480563325743289,0.05007573440117108,-0.26414223958427235,True
STVN,10,2021-07-29,2021-07-30,2021-08-27,2021,-0.2486415717644646,0.02823706848218922,-0.26414223958427235,True
STVN,15,2021-08-05,2021-08-06,2021-09-03,2021,-0.322104873297945,0.041036225286052795,-0.26414223958427235,True
STVN,20,2021-08-12,2021-08-13,2021-09-13,2021,-0.2711054088449504,0.03072037888338276,-0.26414223958427235,True
SWIM,2,2021-04-26,2021-04-27,2021-05-25,2021,-0.1459313844599698,0.05380130702317562,-0.26414223958427235,True
SWIM,5,2021-04-29,2021-04-30,2021-05-28,2021,-0.2091969252981424,0.028496520119951903,-0.26414223958427235,True
SWIM,10,2021-05-06,2021-05-07,2021-06-07,2021,-0.0820266022518496,0.01237878247663544,-0.26414223958427235,True
SWIM,15,2021-05-13,2021-05-14,2021-06-14,2021,0.0817233741137304,0.07748256490252843,-0.26414223958427235,True
SWIM,20,2021-05-20,2021-05-21,2021-06-21,2021,-0.0237179519949654,0.03254906622504757,-0.26414223958427235,True
TASK,2,2021-06-14,2021-06-15,2021-07-14,2021,0.0591569909423414,-0.010362984710554243,-0.26414223958427235,True
TASK,5,2021-06-17,2021-06-18,2021-07-19,2021,0.0533896791797938,0.0014137505179480391,-0.26414223958427235,True
TASK,10,2021-06-24,2021-06-25,2021-07-26,2021,0.0868091781206456,0.037213759518296696,-0.26414223958427235,True
TASK,15,2021-07-01,2021-07-02,2021-08-02,2021,0.0808616106827169,0.03034450795102961,-0.26414223958427235,True
TASK,20,2021-07-09,2021-07-12,2021-08-09,2021,0.0358871358243944,0.03062323160294864,-0.26414223958427235,True
TCBX,2,2021-11-10,2021-11-11,2021-12-10,2021,-0.1528897912260064,-0.011636595108408703,-0.26414223958427235,True
TCBX,5,2021-11-15,2021-11-16,2021-12-15,2021,-0.0540992592101469,-0.03417207278140382,-0.26414223958427235,True
TCRX,2,2021-07-19,2021-07-20,2021-08-17,2021,-0.1435493335206705,0.029598782461170675,-0.26414223958427235,True
TDUP,2,2021-03-29,2021-03-30,2021-04-28,2021,0.4050235238538887,-0.001210458058516227,-0.26414223958427235,True
TDUP,5,2021-04-01,2021-04-05,2021-05-03,2021,0.2871928039158195,-0.15106125879302118,-0.26414223958427235,True
TDUP,10,2021-04-09,2021-04-12,2021-05-10,2021,-0.0015937009285224,-0.09572034434024242,-0.26414223958427235,True
TDUP,15,2021-04-16,2021-04-19,2021-05-17,2021,-0.2601744751336963,-0.11237245691775272,-0.26414223958427235,True
TDUP,20,2021-04-23,2021-04-26,2021-05-24,2021,-0.3098442036061741,-0.059203447913169525,-0.26414223958427235,True
TKNO,2,2021-06-28,2021-06-29,2021-07-28,2021,0.3524074809470755,-0.06857471537354454,-0.26414223958427235,True
TKNO,5,2021-07-01,2021-07-02,2021-08-02,2021,0.0637570873291535,-0.08310934360841404,-0.26414223958427235,True
TMCI,2,2021-04-26,2021-04-27,2021-05-25,2021,-0.0075979208509701,-0.1289501177566852,-0.26414223958427235,True
TMCI,5,2021-04-29,2021-04-30,2021-05-28,2021,-0.121557183225303,-0.12178933880724294,-0.26414223958427235,True
TMCI,10,2021-05-06,2021-05-07,2021-06-07,2021,-0.1644085630678017,-0.09167775347226426,-0.26414223958427235,True
TMCI,15,2021-05-13,2021-05-14,2021-06-14,2021,-0.2747617833817888,-0.17584658481136076,-0.26414223958427235,True
TMCI,20,2021-05-20,2021-05-21,2021-06-21,2021,-0.1474678339422797,-0.06996571693214965,-0.26414223958427235,True
TNYA,2,2021-08-02,2021-08-03,2021-08-31,2021,-0.1158915602634522,-0.05716304221998903,-0.26414223958427235,True
TNYA,5,2021-08-05,2021-08-06,2021-09-03,2021,-0.2674197707170629,-0.09049396447988121,-0.26414223958427235,True
TNYA,10,2021-08-12,2021-08-13,2021-09-13,2021,-0.0465301991331569,0.025487268317401245,-0.26414223958427235,True
TNYA,15,2021-08-19,2021-08-20,2021-09-20,2021,0.0436102647639748,-0.12599660707156618,-0.26414223958427235,True
TNYA,20,2021-08-26,2021-08-27,2021-09-27,2021,0.084135876961942,-0.0428294533900686,-0.26414223958427235,True
TOST,2,2021-09-23,2021-09-24,2021-10-22,2021,0.1783160024488947,-0.049454953838459666,-0.26414223958427235,True
TOST,5,2021-09-28,2021-09-29,2021-10-27,2021,-0.0095723719833634,-0.016636978783449743,-0.26414223958427235,True
TOST,10,2021-10-05,2021-10-06,2021-11-03,2021,-0.130361262087409,0.020075084148961097,-0.26414223958427235,True
TOST,15,2021-10-12,2021-10-13,2021-11-10,2021,0.1004520617806029,-0.007902621854662319,-0.26414223958427235,True
TOST,20,2021-10-19,2021-10-20,2021-11-17,2021,0.1487804077179508,0.018375325142041814,-0.26414223958427235,True
TRDA,2,2021-11-01,2021-11-02,2021-12-01,2021,-0.4574878417494832,-0.06368103788652646,-0.26414223958427235,True
TRDA,5,2021-11-04,2021-11-05,2021-12-06,2021,0.0529219715718936,-0.08861395978267941,-0.26414223958427235,True
TRDA,10,2021-11-11,2021-11-12,2021-12-13,2021,0.3415091330557304,-0.060571898614971885,-0.26414223958427235,True
TRDA,15,2021-11-18,2021-11-19,2021-12-20,2021,0.5560543324618654,-0.10321901624225933,-0.26414223958427235,True
TRDA,20,2021-11-26,2021-11-29,2021-12-28,2021,0.3970691239714186,-0.16131663236758115,-0.26414223958427235,True
TUYA,2,2021-03-22,2021-03-23,2021-04-21,2021,0.2965862913923087,-0.0055803616245228525,-0.26414223958427235,True
TUYA,5,2021-03-25,2021-03-26,2021-04-26,2021,0.054156403698013,-0.002686822343995052,-0.26414223958427235,True
TUYA,10,2021-04-01,2021-04-05,2021-05-03,2021,0.1646379814958229,0.01171543396438998,-0.26414223958427235,True
TUYA,15,2021-04-09,2021-04-12,2021-05-10,2021,0.2792110115044283,0.02776178724501024,-0.26414223958427235,True
TUYA,20,2021-04-16,2021-04-19,2021-05-17,2021,0.0364389108513587,0.0029050947701348803,-0.26414223958427235,True
TYRA,2,2021-09-16,2021-09-17,2021-10-15,2021,0.2005419612134973,0.040821791385879526,-0.26414223958427235,True
TYRA,5,2021-09-21,2021-09-22,2021-10-20,2021,-0.0529125562863457,0.03435466317240068,-0.26414223958427235,True
TYRA,10,2021-09-28,2021-09-29,2021-10-27,2021,-0.2453880837896777,-0.015172105213736907,-0.26414223958427235,True
TYRA,15,2021-10-05,2021-10-06,2021-11-03,2021,-1.153566364237275,-0.03613850797315924,-0.26414223958427235,True
TYRA,20,2021-10-12,2021-10-13,2021-11-10,2021,-0.770508788848798,0.07562452456557148,-0.26414223958427235,True
ULCC,2,2021-04-05,2021-04-06,2021-05-04,2021,-0.0137918083289161,0.04112981042441817,-0.26414223958427235,True
ULCC,5,2021-04-08,2021-04-09,2021-05-07,2021,0.0574762842231685,-0.022595160904532244,-0.26414223958427235,True
ULCC,10,2021-04-15,2021-04-16,2021-05-14,2021,-0.0482087265466681,0.019674645098526802,-0.26414223958427235,True
ULCC,15,2021-04-22,2021-04-23,2021-05-21,2021,0.0379963863039846,0.026284018296043262,-0.26414223958427235,True
ULCC,20,2021-04-29,2021-04-30,2021-05-28,2021,-0.0305972068898386,-0.016034864658083743,-0.26414223958427235,True
UPST,15,2021-01-07,2021-01-08,2021-02-08,2021,-0.3308050437437769,-0.012833821766358791,-0.26414223958427235,True
UPST,20,2021-01-14,2021-01-15,2021-02-16,2021,-0.537031746797786,-0.006884495039938326,-0.26414223958427235,True
VALN,2,2021-05-07,2021-05-10,2021-06-08,2021,0.0554436361597367,0.02649505987998046,-0.26414223958427235,True
VINP,2,2021-01-29,2021-02-01,2021-03-02,2021,0.0677091811659496,-0.12220136078840801,-0.26414223958427235,True
VINP,5,2021-02-03,2021-02-04,2021-03-05,2021,0.0415209296639053,-0.10087657220347382,-0.26414223958427235,True
VINP,10,2021-02-10,2021-02-11,2021-03-12,2021,0.2009850022970003,-0.16267667367169672,-0.26414223958427235,True
VINP,15,2021-02-18,2021-02-19,2021-03-19,2021,0.2032693002070461,-0.16699509859366057,-0.26414223958427235,True
VINP,20,2021-02-25,2021-02-26,2021-03-26,2021,0.1871755317915771,-0.09193930891371149,-0.26414223958427235,True
VTEX,2,2021-07-22,2021-07-23,2021-08-20,2021,0.1330437792847937,0.022616169427323488,-0.26414223958427235,True
VTEX,5,2021-07-27,2021-07-28,2021-08-25,2021,-0.0743470037360491,-0.012170745914547126,-0.26414223958427235,True
VTEX,10,2021-08-03,2021-08-04,2021-09-01,2021,0.0235472432319947,-0.0060223723691419625,-0.26414223958427235,True
VTEX,15,2021-08-10,2021-08-11,2021-09-09,2021,0.171567878371594,-0.005958509911280111,-0.26414223958427235,True
VTEX,20,2021-08-17,2021-08-18,2021-09-16,2021,0.0492533547352683,-0.07946245947505785,-0.26414223958427235,True
WEAV,2,2021-11-12,2021-11-15,2021-12-14,2021,0.1534599975330263,-0.014914994425648047,-0.26414223958427235,True
WEAV,5,2021-11-17,2021-11-18,2021-12-17,2021,0.2797486865471889,-0.05661802679564032,-0.26414223958427235,True
WEAV,10,2021-11-24,2021-11-26,2021-12-27,2021,0.2695867287549295,-0.030403473601757873,-0.26414223958427235,True
WOOF,2,2021-01-15,2021-01-19,2021-02-17,2021,0.1677217178198633,0.004032590173289107,-0.26414223958427235,True
WOOF,5,2021-01-21,2021-01-22,2021-02-22,2021,0.1201650747632708,-0.006354891389062187,-0.26414223958427235,True
WOOF,10,2021-01-28,2021-01-29,2021-03-01,2021,0.2252938868096591,0.037996193086413034,-0.26414223958427235,True
WOOF,15,2021-02-04,2021-02-05,2021-03-08,2021,0.1723578967121775,0.01163548406140415,-0.26414223958427235,True
WOOF,20,2021-02-11,2021-02-12,2021-03-15,2021,0.0533419096300381,0.034902210118506465,-0.26414223958427235,True
WRBY,2,2021-09-30,2021-10-01,2021-10-29,2021,0.0289206745981089,0.006197740435848504,-0.26414223958427235,True
WRBY,5,2021-10-05,2021-10-06,2021-11-03,2021,0.0373108923176367,-0.028201673271395722,-0.26414223958427235,True
WRBY,10,2021-10-12,2021-10-13,2021-11-10,2021,-0.0342799686791566,0.0023503333237606086,-0.26414223958427235,True
WRBY,15,2021-10-19,2021-10-20,2021-11-17,2021,-0.0519796074690976,-0.02900918050793746,-0.26414223958427235,True
WRBY,20,2021-10-26,2021-10-27,2021-11-24,2021,0.0800916067408245,-0.060827085824522946,-0.26414223958427235,True
XMTR,2,2021-07-01,2021-07-02,2021-08-02,2021,-0.2108944722157959,0.05563551297868888,-0.26414223958427235,True
XMTR,5,2021-07-07,2021-07-08,2021-08-05,2021,-0.2722287564751665,0.07603188685507108,-0.26414223958427235,True
XMTR,10,2021-07-14,2021-07-15,2021-08-12,2021,-0.2836703913243998,0.015829934141947277,-0.26414223958427235,True
XMTR,15,2021-07-21,2021-07-22,2021-08-19,2021,0.0125955951047924,0.04419877265030947,-0.26414223958427235,True
XMTR,20,2021-07-28,2021-07-29,2021-08-26,2021,-0.0513267268846954,0.015074715833629347,-0.26414223958427235,True
XPOF,2,2021-07-26,2021-07-27,2021-08-24,2021,0.041654447889656,-0.026911064566038218,-0.26414223958427235,True
YMM,2,2021-06-24,2021-06-25,2021-07-26,2021,0.5538380090744502,-0.02609068661653932,-0.26414223958427235,True
YMM,5,2021-06-29,2021-06-30,2021-07-29,2021,0.3755010657442127,-0.025703626137526105,-0.26414223958427235,True
YMM,10,2021-07-07,2021-07-08,2021-08-05,2021,0.2890801713060625,0.04633062262159959,-0.26414223958427235,True
YMM,15,2021-07-14,2021-07-15,2021-08-12,2021,0.3095925258546864,0.030211124802616344,-0.26414223958427235,True
YMM,20,2021-07-21,2021-07-22,2021-08-19,2021,0.333512304313045,-0.005581002148685058,-0.26414223958427235,True
YOU,2,2021-07-01,2021-07-02,2021-08-02,2021,-0.3022255809738831,-0.03999891100184862,-0.26414223958427235,True
YOU,5,2021-07-07,2021-07-08,2021-08-05,2021,-0.3456278094880385,-0.09709337825408619,-0.26414223958427235,True
YOU,10,2021-07-14,2021-07-15,2021-08-12,2021,-0.3313297605859946,-0.0628672496676483,-0.26414223958427235,True
YOU,15,2021-07-21,2021-07-22,2021-08-19,2021,-0.1310276550546403,-0.0483165365297588,-0.26414223958427235,True
YOU,20,2021-07-28,2021-07-29,2021-08-26,2021,-0.0817265145689604,-0.005696006785599937,-0.26414223958427235,True
ZETA,2,2021-06-11,2021-06-14,2021-07-13,2021,0.2277237983960085,-0.16645329781389856,-0.26414223958427235,True
ZETA,5,2021-06-16,2021-06-17,2021-07-16,2021,0.2956128234127726,-0.15354947788560108,-0.26414223958427235,True
ZETA,10,2021-06-23,2021-06-24,2021-07-23,2021,0.3219645971901435,-0.15752019628931876,-0.26414223958427235,True
ZIM,2,2021-01-29,2021-02-01,2021-03-02,2021,-0.6611177377461023,-0.14298403419536587,-0.26414223958427235,True
ZIM,5,2021-02-03,2021-02-04,2021-03-05,2021,-0.3397537789840263,-0.07638083695971458,-0.26414223958427235,True
ZIM,10,2021-02-10,2021-02-11,2021-03-12,2021,-0.4306445197329395,-0.056520970879251994,-0.26414223958427235,True
ZIM,15,2021-02-18,2021-02-19,2021-03-19,2021,-0.335101737780869,-0.08751309108436574,-0.26414223958427235,True
ZIM,20,2021-02-25,2021-02-26,2021-03-26,2021,-0.3072308341496773,-0.10052227020261195,-0.26414223958427235,True
ZIP,2,2021-05-27,2021-05-28,2021-06-28,2021,-0.2042944219873846,-0.0676858206180158,-0.26414223958427235,True
ZIP,5,2021-06-02,2021-06-03,2021-07-01,2021,-0.0085300795450118,-0.003142055545612225,-0.26414223958427235,True
ZIP,10,2021-06-09,2021-06-10,2021-07-09,2021,-0.0488225311931626,-0.02511656540304168,-0.26414223958427235,True
ZIP,15,2021-06-16,2021-06-17,2021-07-16,2021,-0.2053118872642446,-0.07141943495685558,-0.26414223958427235,True
ZIP,20,2021-06-23,2021-06-24,2021-07-23,2021,-0.0582456234827204,-0.019643860900644076,-0.26414223958427235,True
ZVIA,2,2021-07-23,2021-07-26,2021-08-23,2021,0.0714146892905844,-0.02525614280329187,-0.26414223958427235,True
ZVIA,5,2021-07-28,2021-07-29,2021-08-26,2021,-0.1228535831170678,-0.08034588223174811,-0.26414223958427235,True
ACRV,2,2022-11-16,2022-11-17,2022-12-16,2022,0.2224582468724993,0.030465980880499816,-0.0093889464274462,True
AMLX,2,2022-01-10,2022-01-11,2022-02-09,2022,-0.3097744551980909,-0.05372368018957643,-0.0093889464274462,False
AMLX,5,2022-01-13,2022-01-14,2022-02-14,2022,-0.045433799056328,-0.07594910842452353,-0.0093889464274462,False
AMLX,10,2022-01-21,2022-01-24,2022-02-22,2022,-0.7104619294235303,-0.11816368658254689,-0.0093889464274462,False
AMLX,15,2022-01-28,2022-01-31,2022-03-01,2022,-0.4497324956860334,-0.0820115687524269,-0.0093889464274462,False
AMLX,20,2022-02-04,2022-02-07,2022-03-08,2022,-0.4145092824626224,-0.09598806514323331,-0.0093889464274462,False
ANTX,2,2022-03-28,2022-03-29,2022-04-27,2022,-0.1474566298065666,-0.1304435516092961,-0.0093889464274462,False
ATAT,2,2022-11-14,2022-11-15,2022-12-14,2022,-0.2028020146681793,0.07275124492498791,-0.0093889464274462,True
ATAT,5,2022-11-17,2022-11-18,2022-12-19,2022,-0.2060395988761822,0.10491561360417961,-0.0093889464274462,True
ATAT,10,2022-11-25,2022-11-28,2022-12-27,2022,-0.5669504825123167,0.04105760746176216,-0.0093889464274462,True
ATAT,15,2022-12-02,2022-12-05,2023-01-04,2022,-0.1710335811533593,0.15118435044945852,-0.0093889464274462,True
ATAT,20,2022-12-09,2022-12-12,2023-01-11,2022,-0.4555682438195541,0.016318231019381207,-0.0093889464274462,True
BLCO,2,2022-05-09,2022-05-10,2022-06-08,2022,0.1723732548836639,0.00396930760020343,-0.0093889464274462,True
BLCO,5,2022-05-12,2022-05-13,2022-06-13,2022,0.121297991052716,0.057542628443296384,-0.0093889464274462,True
BLCO,10,2022-05-19,2022-05-20,2022-06-21,2022,0.0282062249729071,0.014700412756466977,-0.0093889464274462,True
BLCO,15,2022-05-26,2022-05-27,2022-06-28,2022,0.0406463678687728,0.018185349001426175,-0.0093889464274462,True
BLCO,20,2022-06-03,2022-06-06,2022-07-06,2022,-0.0601570475404089,0.0766469846196471,-0.0093889464274462,True
BLTE,2,2022-05-02,2022-05-03,2022-06-01,2022,-0.4688747409850862,0.05621204184273752,-0.0093889464274462,True
BLTE,5,2022-05-05,2022-05-06,2022-06-06,2022,0.0461868661210004,0.17816720067693337,-0.0093889464274462,True
BLTE,10,2022-05-12,2022-05-13,2022-06-13,2022,-0.6370932563724429,-0.0035951495395737188,-0.0093889464274462,True
CRBG,2,2022-09-19,2022-09-20,2022-10-18,2022,-0.0832255736315464,0.02000680170500982,-0.0093889464274462,True
CRBG,5,2022-09-22,2022-09-23,2022-10-21,2022,-0.057455424720825,-0.011544001048512388,-0.0093889464274462,False
CRBG,10,2022-09-29,2022-09-30,2022-10-28,2022,-0.0893036814267515,-0.00955398458326833,-0.0093889464274462,False
CRBG,15,2022-10-06,2022-10-07,2022-11-04,2022,-0.1038409925121131,-0.014947054923862729,-0.0093889464274462,False
CRBG,20,2022-10-13,2022-10-14,2022-11-11,2022,-0.0656150910219516,-0.014701316664216936,-0.0093889464274462,False
CRDO,2,2022-01-28,2022-01-31,2022-03-01,2022,-0.4064788526839079,-0.04863828323424501,-0.0093889464274462,False
CRDO,5,2022-02-02,2022-02-03,2022-03-04,2022,-0.2812286295940214,-0.02319425377218754,-0.0093889464274462,False
CRDO,10,2022-02-09,2022-02-10,2022-03-11,2022,-0.1881938014361219,-0.01985986948834527,-0.0093889464274462,False
CRDO,15,2022-02-16,2022-02-17,2022-03-18,2022,0.0581338362521504,0.015038259065784178,-0.0093889464274462,True
CRDO,20,2022-02-24,2022-02-25,2022-03-25,2022,0.0440464021257108,-0.05428376449031561,-0.0093889464274462,False
ECBK,2,2022-07-29,2022-08-01,2022-08-29,2022,-0.0604058592984625,-0.03228192302878762,-0.0093889464274462,False
EE,2,2022-04-14,2022-04-18,2022-05-16,2022,-0.0165231519965173,-0.077315755354975,-0.0093889464274462,False
EE,5,2022-04-20,2022-04-21,2022-05-19,2022,-0.1485116144156842,-0.0293174721373901,-0.0093889464274462,False
EE,10,2022-04-27,2022-04-28,2022-05-26,2022,-0.0572472920845069,-0.05612778068184965,-0.0093889464274462,False
EE,15,2022-05-04,2022-05-05,2022-06-03,2022,-0.1859534263233835,-0.060918424039491305,-0.0093889464274462,False
EE,20,2022-05-11,2022-05-12,2022-06-10,2022,-0.1896050453379736,-0.026714946805740172,-0.0093889464274462,False
FGI,2,2022-01-26,2022-01-27,2022-02-25,2022,0.1874859354733558,0.0427990289880423,-0.0093889464274462,True
GCT,2,2022-08-19,2022-08-22,2022-09-20,2022,0.6130845660325841,0.11067276311553645,-0.0093889464274462,True
GCT,5,2022-08-24,2022-08-25,2022-09-23,2022,0.3824810473678317,0.10294968960142625,-0.0093889464274462,True
GCT,10,2022-08-31,2022-09-01,2022-09-30,2022,0.149363346361146,-0.0063867939042642,-0.0093889464274462,True
GCT,15,2022-09-08,2022-09-09,2022-10-07,2022,0.6144615597252878,0.03456624565831011,-0.0093889464274462,True
GCT,20,2022-09-15,2022-09-16,2022-10-14,2022,0.5513754705583537,-0.009162825489651085,-0.0093889464274462,True
IE,2,2022-06-29,2022-06-30,2022-07-29,2022,0.1324174394368521,-0.03156659494088297,-0.0093889464274462,False
IE,5,2022-07-05,2022-07-06,2022-08-03,2022,0.1321337287572613,-0.00922222611951187,-0.0093889464274462,True
IMMX,20,2022-01-13,2022-01-14,2022-02-14,2022,0.1221497040258604,0.1556722609534513,-0.0093889464274462,True
IOT,15,2022-01-05,2022-01-06,2022-02-04,2022,-0.0450034675722919,-0.012354667049768448,-0.0093889464274462,False
IOT,20,2022-01-12,2022-01-13,2022-02-11,2022,-0.0578483284714291,0.0010731321368793987,-0.0093889464274462,True
MAIA,2,2022-07-29,2022-08-01,2022-08-29,2022,0.4243218392068154,0.07870408827695996,-0.0093889464274462,True
MAIA,5,2022-08-03,2022-08-04,2022-09-01,2022,0.1469299729486956,0.11259761502272263,-0.0093889464274462,True
MBLY,2,2022-10-27,2022-10-28,2022-11-28,2022,0.0021660937410848,0.005486938965284725,-0.0093889464274462,True
MBLY,5,2022-11-01,2022-11-02,2022-12-01,2022,-0.0932553267158788,0.007734538821805946,-0.0093889464274462,True
MBLY,10,2022-11-08,2022-11-09,2022-12-08,2022,-0.1677144286363672,0.021394861140707787,-0.0093889464274462,True
MBLY,15,2022-11-15,2022-11-16,2022-12-15,2022,-0.212404116055181,0.029272363865347498,-0.0093889464274462,True
MBLY,20,2022-11-22,2022-11-23,2022-12-22,2022,-0.2438736151384311,0.04125986520893142,-0.0093889464274462,True
NSTS,2,2022-01-20,2022-01-21,2022-02-18,2022,-0.0677005273645171,0.00774769665731727,-0.0093889464274462,True
NU,20,2022-01-06,2022-01-07,2022-02-07,2022,0.0230040668197246,-0.08924493002695388,-0.0093889464274462,False
PEPG,2,2022-05-09,2022-05-10,2022-06-08,2022,0.0720132014462474,-0.040149967176971495,-0.0093889464274462,False
PRME,2,2022-10-21,2022-10-24,2022-11-21,2022,-0.0932818455344744,-0.09863700124251562,-0.0093889464274462,False
PRME,5,2022-10-26,2022-10-27,2022-11-25,2022,-0.2190875890407574,-0.09548500614385651,-0.0093889464274462,False
PRME,10,2022-11-02,2022-11-03,2022-12-02,2022,0.2390859957931738,-0.07024464432201669,-0.0093889464274462,False
PRME,15,2022-11-09,2022-11-10,2022-12-09,2022,0.1305634563579915,-0.12385090958411259,-0.0093889464274462,False
PRME,20,2022-11-16,2022-11-17,2022-12-16,2022,0.0293456575768041,-0.12125358144549062,-0.0093889464274462,False
SKYX,2,2022-02-11,2022-02-14,2022-03-15,2022,-0.3223581577455195,0.06166952090918499,-0.0093889464274462,True
SNAL,2,2022-11-11,2022-11-14,2022-12-13,2022,0.3133071600779249,0.13628076786394605,-0.0093889464274462,True
SNAL,5,2022-11-16,2022-11-17,2022-12-16,2022,0.4535544953331389,0.07550868372994027,-0.0093889464274462,True
TPG,2,2022-01-14,2022-01-18,2022-02-15,2022,-0.0261148573337196,-0.014506339166484599,-0.0093889464274462,False
TPG,5,2022-01-20,2022-01-21,2022-02-18,2022,0.06424147329425,-0.04461121179749812,-0.0093889464274462,False
TPG,10,2022-01-27,2022-01-28,2022-02-28,2022,0.0336003346757421,-0.06336713444717726,-0.0093889464274462,False
TPG,15,2022-02-03,2022-02-04,2022-03-07,2022,0.0822737791671796,-0.06379828622916166,-0.0093889464274462,False
TPG,20,2022-02-10,2022-02-11,2022-03-14,2022,0.0620203179379711,-0.07841982702212778,-0.0093889464274462,False
ABVX,2,2023-10-23,2023-10-24,2023-11-21,2023,-0.1774605104687071,-0.09334785024319917,-0.009388105351390098,False
AESI,2,2023-03-10,2023-03-13,2023-04-11,2023,0.0259522541389276,-0.030354539626820134,-0.009388105351390098,False
AESI,5,2023-03-15,2023-03-16,2023-04-14,2023,-0.0692304676815201,-0.01397723055077078,-0.009388105351390098,False
AESI,10,2023-03-22,2023-03-23,2023-04-21,2023,-0.0710287614093431,-0.07823974401532642,-0.009388105351390098,False
AESI,15,2023-03-29,2023-03-30,2023-04-28,2023,-0.0621893909013221,-0.05827634910875235,-0.009388105351390098,False
AESI,20,2023-04-05,2023-04-06,2023-05-05,2023,0.0002916304381604,-0.013045207123624667,-0.009388105351390098,False
APGE,2,2023-07-17,2023-07-18,2023-08-15,2023,-0.1246720711301117,-0.04510889741401096,-0.009388105351390098,False
APGE,5,2023-07-20,2023-07-21,2023-08-18,2023,-0.2611457258203322,-0.006891614005466457,-0.009388105351390098,True
ARM,2,2023-09-15,2023-09-18,2023-10-16,2023,0.0488606510762161,0.01777932530696057,-0.009388105351390098,True
ARM,5,2023-09-20,2023-09-21,2023-10-19,2023,-0.0235929396394965,0.005317192577296949,-0.009388105351390098,True
ARM,10,2023-09-27,2023-09-28,2023-10-26,2023,-0.0132436547412907,0.0010024788722072797,-0.009388105351390098,True
ARM,15,2023-10-04,2023-10-05,2023-11-02,2023,0.0256323347654,0.008240615699199344,-0.009388105351390098,True
ARM,20,2023-10-11,2023-10-12,2023-11-09,2023,0.0124111548671296,0.035647684456049544,-0.009388105351390098,True
ATMU,2,2023-05-30,2023-05-31,2023-06-29,2023,-0.0018586780345458,-0.02957052417547176,-0.009388105351390098,False
ATMU,5,2023-06-02,2023-06-05,2023-07-05,2023,-0.0989948062639197,-0.017079968774492093,-0.009388105351390098,False
ATMU,10,2023-06-09,2023-06-12,2023-07-12,2023,-0.1725505360792334,-0.041303700009255484,-0.009388105351390098,False
ATMU,15,2023-06-16,2023-06-20,2023-07-19,2023,-0.1814971280025034,-0.028301080102240757,-0.009388105351390098,False
ATMU,20,2023-06-26,2023-06-27,2023-07-26,2023,-0.0615568000027104,-0.055955764686529685,-0.009388105351390098,False
BFRG,2,2023-02-15,2023-02-16,2023-03-17,2023,0.3829179148816788,0.04681278621493532,-0.009388105351390098,True
BIRK,2,2023-10-12,2023-10-13,2023-11-10,2023,-0.0928799111528467,0.08903794605408126,-0.009388105351390098,True
BIRK,5,2023-10-17,2023-10-18,2023-11-15,2023,-0.0267844080180344,0.09181212258058731,-0.009388105351390098,True
BIRK,10,2023-10-24,2023-10-25,2023-11-22,2023,0.0078982527023161,0.09105826020038743,-0.009388105351390098,True
BIRK,15,2023-10-31,2023-11-01,2023-11-30,2023,-0.1003926447120752,0.060873640632955035,-0.009388105351390098,True
BIRK,20,2023-11-07,2023-11-08,2023-12-07,2023,-0.0818332182175332,0.01643855979713406,-0.009388105351390098,True
CART,2,2023-09-20,2023-09-21,2023-10-19,2023,0.1317071387344239,0.08579052966115172,-0.009388105351390098,True
CART,5,2023-09-25,2023-09-26,2023-10-24,2023,0.0795372550009562,0.09030249461794503,-0.009388105351390098,True
CART,10,2023-10-02,2023-10-03,2023-10-31,2023,0.022656249617524,0.0687243845320588,-0.009388105351390098,True
CART,15,2023-10-09,2023-10-10,2023-11-07,2023,-0.1793190255851074,0.02941615356238656,-0.009388105351390098,True
CART,20,2023-10-16,2023-10-17,2023-11-14,2023,-0.0374247256535505,0.027136952929084003,-0.009388105351390098,True
CAVA,2,2023-06-16,2023-06-20,2023-07-19,2023,-0.2504997168172824,-0.007011794633389334,-0.009388105351390098,True
CAVA,5,2023-06-22,2023-06-23,2023-07-24,2023,-0.3274569121285808,-0.020944277564349738,-0.009388105351390098,False
CAVA,10,2023-06-29,2023-06-30,2023-07-31,2023,-0.2844612359994774,-0.05741219136382843,-0.009388105351390098,False
CAVA,15,2023-07-07,2023-07-10,2023-08-07,2023,-0.3246680233996217,-0.0536700202907445,-0.009388105351390098,False
CAVA,20,2023-07-14,2023-07-17,2023-08-14,2023,-0.0407386471604313,-0.007342794988607785,-0.009388105351390098,True
FEBO,2,2023-12-01,2023-12-04,2024-01-03,2023,-0.2336583362634838,0.10593202703067564,-0.009388105351390098,True
GENK,2,2023-06-29,2023-06-30,2023-07-31,2023,-0.3161821898210397,-0.019350103243461585,-0.009388105351390098,False
GENK,5,2023-07-05,2023-07-06,2023-08-03,2023,-0.1722532888403352,-0.027878884484220472,-0.009388105351390098,False
GNLX,2,2023-01-27,2023-01-30,2023-02-28,2023,-1.618284439980571,-0.005460563763150027,-0.009388105351390098,True
GPCR,2,2023-02-06,2023-02-07,2023-03-08,2023,-0.040052032252616,-0.08079553748364485,-0.009388105351390098,False
HG,2,2023-11-13,2023-11-14,2023-12-13,2023,0.0247553810705514,-0.05599527468314566,-0.009388105351390098,False
HG,5,2023-11-16,2023-11-17,2023-12-18,2023,0.10330636298868,-0.06829921105252472,-0.009388105351390098,False
HG,10,2023-11-24,2023-11-27,2023-12-26,2023,0.1120084998025244,-0.03217990050412754,-0.009388105351390098,False
HSAI,2,2023-02-10,2023-02-13,2023-03-14,2023,0.1074085270688005,-0.09729681492105503,-0.009388105351390098,False
HSAI,5,2023-02-15,2023-02-16,2023-03-17,2023,0.2718997417161183,-0.10908229354548583,-0.009388105351390098,False
HSAI,10,2023-02-23,2023-02-24,2023-03-24,2023,0.1675342408691682,-0.013687206733799856,-0.009388105351390098,False
HSAI,15,2023-03-02,2023-03-03,2023-03-31,2023,0.231310150435109,-0.033961657941598514,-0.009388105351390098,False
HSAI,20,2023-03-09,2023-03-10,2023-04-10,2023,0.3930239919040644,-0.006463554543374893,-0.009388105351390098,True
KGS,2,2023-06-30,2023-07-03,2023-08-01,2023,-0.1440663678374726,-0.04813581689542864,-0.009388105351390098,False
KGS,5,2023-07-06,2023-07-07,2023-08-04,2023,-0.1948959460017782,-0.049264189703742675,-0.009388105351390098,False
KGS,10,2023-07-13,2023-07-14,2023-08-11,2023,-0.2404247634218077,-0.09723724714569482,-0.009388105351390098,False
KGS,15,2023-07-20,2023-07-21,2023-08-18,2023,-0.1796509402794509,-0.03911843747995999,-0.009388105351390098,False
KGS,20,2023-07-27,2023-07-28,2023-08-25,2023,-0.0378858384341611,-0.083952581358128,-0.009388105351390098,False
KVUE,2,2023-05-05,2023-05-08,2023-06-06,2023,0.0683059880539189,-0.05546191817992492,-0.009388105351390098,False
KVUE,5,2023-05-10,2023-05-11,2023-06-09,2023,0.0705078170311231,-0.06919391395596884,-0.009388105351390098,False
KVUE,10,2023-05-17,2023-05-18,2023-06-16,2023,0.0952323935619352,-0.013917008653394482,-0.009388105351390098,False
KVUE,15,2023-05-24,2023-05-25,2023-06-26,2023,0.0039481910577137,-0.07492894599695342,-0.009388105351390098,False
KVUE,20,2023-06-01,2023-06-02,2023-07-03,2023,-0.0388634585277189,-0.07281709647399878,-0.009388105351390098,False
KVYO,2,2023-09-21,2023-09-22,2023-10-20,2023,0.0838145344824337,0.03905038851516109,-0.009388105351390098,True
KVYO,5,2023-09-26,2023-09-27,2023-10-25,2023,0.1022163397651085,0.020672229488633957,-0.009388105351390098,True
KVYO,10,2023-10-03,2023-10-04,2023-11-01,2023,0.0682585839503094,0.0400367048431945,-0.009388105351390098,True
KVYO,15,2023-10-10,2023-10-11,2023-11-08,2023,0.1907954379581774,0.0834809394751804,-0.009388105351390098,True
KVYO,20,2023-10-17,2023-10-18,2023-11-15,2023,0.1600107733612204,0.036562961742632794,-0.009388105351390098,True
LXEO,2,2023-11-06,2023-11-07,2023-12-06,2023,-0.2983311933100288,0.038668683082322006,-0.009388105351390098,True
MLYS,2,2023-02-13,2023-02-14,2023-03-15,2023,-0.0035693105501729,-0.14696679681716213,-0.009388105351390098,False
MNR,2,2023-10-26,2023-10-27,2023-11-27,2023,0.1788986569440121,-0.0756342379854299,-0.009388105351390098,False
NMRA,2,2023-09-18,2023-09-19,2023-10-17,2023,0.2718070764472098,-0.019116629706193888,-0.009388105351390098,False
NMRA,5,2023-09-21,2023-09-22,2023-10-20,2023,-0.0219839123503102,-0.06534265369037238,-0.009388105351390098,False
NMRA,10,2023-09-28,2023-09-29,2023-10-27,2023,0.0178779754426545,0.011416729728225864,-0.009388105351390098,True
NMRA,15,2023-10-05,2023-10-06,2023-11-03,2023,0.0039888719466377,-0.046868376281608067,-0.009388105351390098,False
NMRA,20,2023-10-12,2023-10-13,2023-11-10,2023,-0.2173482251931689,-0.0787126930372005,-0.009388105351390098,False
NXT,2,2023-02-10,2023-02-13,2023-03-14,2023,-0.1326426263817546,-0.05129608531935263,-0.009388105351390098,False
NXT,5,2023-02-15,2023-02-16,2023-03-17,2023,-0.0153899868043888,-0.06653823605373288,-0.009388105351390098,False
NXT,10,2023-02-23,2023-02-24,2023-03-24,2023,-0.0196651965773913,-0.1027558611017745,-0.009388105351390098,False
NXT,15,2023-03-02,2023-03-03,2023-03-31,2023,-0.0942969915706851,-0.10002621818809196,-0.009388105351390098,False
NXT,20,2023-03-09,2023-03-10,2023-04-10,2023,-0.0117287769659871,-0.07764432665338801,-0.009388105351390098,False
ODD,2,2023-07-20,2023-07-21,2023-08-18,2023,0.0283714156025234,-0.04514461652501046,-0.009388105351390098,False
ODD,5,2023-07-25,2023-07-26,2023-08-23,2023,0.0598084830912239,-0.03702136373272022,-0.009388105351390098,False
ODD,10,2023-08-01,2023-08-02,2023-08-30,2023,0.1567678925070856,-0.013384095418586258,-0.009388105351390098,False
ODD,15,2023-08-08,2023-08-09,2023-09-07,2023,0.2401556830085614,-0.0654227503952032,-0.009388105351390098,False
ODD,20,2023-08-15,2023-08-16,2023-09-14,2023,0.1389295392890911,-0.014184387346350788,-0.009388105351390098,False
RR,2,2023-11-20,2023-11-21,2023-12-20,2023,0.1693287436210577,0.08280555939320794,-0.009388105351390098,True
SGMT,2,2023-07-17,2023-07-18,2023-08-15,2023,-0.0394403361068045,-0.03360624142552136,-0.009388105351390098,False
SKWD,2,2023-01-17,2023-01-18,2023-02-15,2023,-0.0352750837144252,-0.08188635099111649,-0.009388105351390098,False
SKWD,5,2023-01-20,2023-01-23,2023-02-21,2023,-0.0373537564020644,-0.09064658113191885,-0.009388105351390098,False
SRFM,2,2023-07-28,2023-07-31,2023-08-28,2023,0.3824281327726057,0.09032461057907533,-0.009388105351390098,True
SRFM,5,2023-08-02,2023-08-03,2023-08-31,2023,-0.0131548816532343,0.07973592081513077,-0.009388105351390098,True
SVV,2,2023-06-30,2023-07-03,2023-08-01,2023,0.0006204161887506,-0.10410024127006143,-0.009388105351390098,False
SVV,5,2023-07-06,2023-07-07,2023-08-04,2023,-0.0524465993043698,-0.07797171340493848,-0.009388105351390098,False
SVV,10,2023-07-13,2023-07-14,2023-08-11,2023,-0.1385076408242468,-0.09393143019206514,-0.009388105351390098,False
SVV,15,2023-07-20,2023-07-21,2023-08-18,2023,-0.1914804899245337,-0.1255795176674096,-0.009388105351390098,False
SVV,20,2023-07-27,2023-07-28,2023-08-25,2023,-0.056014039307504,-0.11563095086881439,-0.009388105351390098,False
TXO,2,2023-01-30,2023-01-31,2023-03-01,2023,-0.1603338429857203,-0.016574300540027846,-0.009388105351390098,False
VTMX,2,2023-07-03,2023-07-05,2023-08-02,2023,-0.0132494709313439,-0.03498292903122513,-0.009388105351390098,False
VTMX,5,2023-07-07,2023-07-10,2023-08-07,2023,0.0409949822240481,-0.022065131178008467,-0.009388105351390098,False
VTMX,10,2023-07-14,2023-07-17,2023-08-14,2023,-0.023787219718609,-0.04472967421823339,-0.009388105351390098,False
VTMX,15,2023-07-21,2023-07-24,2023-08-21,2023,-0.1532152483831996,-0.025897618622873764,-0.009388105351390098,False
VTMX,20,2023-07-28,2023-07-31,2023-08-28,2023,-0.0987838108233788,-0.02223773768554144,-0.009388105351390098,False
AHR,2,2024-02-08,2024-02-09,2024-03-11,2024,-0.0589664117356367,-0.0156494702966854,-0.01707996877449209,True
AHR,5,2024-02-13,2024-02-14,2024-03-14,2024,-0.0061805428996754,-0.05623031000825317,-0.01707996877449209,False
AHR,10,2024-02-21,2024-02-22,2024-03-21,2024,-0.0394661540699046,-0.07119957873567372,-0.01707996877449209,False
AHR,15,2024-02-28,2024-02-29,2024-03-28,2024,-0.0917174946719776,-0.056497042240119665,-0.01707996877449209,False
AHR,20,2024-03-06,2024-03-07,2024-04-05,2024,-0.0094608901115951,-0.06135102974348156,-0.01707996877449209,False
ALAB,2,2024-03-21,2024-03-22,2024-04-22,2024,-0.1020514705407609,0.05117771136296771,-0.01707996877449209,True
ALAB,5,2024-03-26,2024-03-27,2024-04-25,2024,0.0386454884868281,0.012240098123114515,-0.01707996877449209,True
ALAB,10,2024-04-03,2024-04-04,2024-05-02,2024,-0.2192192277149011,-0.03518704624735184,-0.01707996877449209,False
ALAB,15,2024-04-10,2024-04-11,2024-05-09,2024,-0.0072652264464504,0.025026869980657923,-0.01707996877449209,True
ALAB,20,2024-04-17,2024-04-18,2024-05-16,2024,-0.0041573953358679,-0.070238426628715,-0.01707996877449209,False
ALMS,2,2024-07-01,2024-07-02,2024-07-31,2024,0.0055825700283682,-0.10943261906272342,-0.01707996877449209,False
ANRO,2,2024-02-05,2024-02-06,2024-03-06,2024,0.3170117079142729,-0.05967959353078947,-0.01707996877449209,False
ANRO,5,2024-02-08,2024-02-09,2024-03-11,2024,0.2300107217042519,-0.023006034258357125,-0.01707996877449209,False
ANRO,10,2024-02-15,2024-02-16,2024-03-18,2024,0.0973134171719893,0.03736279233576354,-0.01707996877449209,True
ARDT,2,2024-07-19,2024-07-22,2024-08-19,2024,-0.0234744984662055,-0.027051825447354218,-0.01707996877449209,False
ARDT,5,2024-07-24,2024-07-25,2024-08-22,2024,-0.0056478767937312,-0.027627272281642603,-0.01707996877449209,False
ARDT,10,2024-07-31,2024-08-01,2024-08-29,2024,-0.1303078228264239,-0.02966473894473382,-0.01707996877449209,False
ARDT,15,2024-08-07,2024-08-08,2024-09-06,2024,-0.1914805196832712,-0.060269622318020674,-0.01707996877449209,False
ARTV,2,2024-07-22,2024-07-23,2024-08-20,2024,0.2078510411909377,-0.0561686693590015,-0.01707996877449209,False
AS,2,2024-02-02,2024-02-05,2024-03-05,2024,-0.0588991133307887,0.027649760724443646,-0.01707996877449209,True
AS,5,2024-02-07,2024-02-08,2024-03-08,2024,-0.0162935936020162,0.019302909782248502,-0.01707996877449209,True
AS,10,2024-02-14,2024-02-15,2024-03-15,2024,-0.0117706515512746,-0.0023905981475432145,-0.01707996877449209,True
AS,15,2024-02-22,2024-02-23,2024-03-22,2024,-0.0493509847240757,-0.003253548063341811,-0.01707996877449209,True
AS,20,2024-02-29,2024-03-01,2024-04-01,2024,0.0803833349526456,-0.030869762535087466,-0.01707996877449209,False
AUNA,2,2024-03-25,2024-03-26,2024-04-24,2024,0.1817028383921349,-0.057123320514722735,-0.01707996877449209,False
AUNA,5,2024-03-28,2024-04-01,2024-04-29,2024,0.2766763228732862,-0.057784211243789976,-0.01707996877449209,False
AUNA,10,2024-04-05,2024-04-08,2024-05-06,2024,0.2248808214309241,-0.05926863265083514,-0.01707996877449209,False
AUNA,15,2024-04-12,2024-04-15,2024-05-13,2024,-0.1991080571970369,0.009958879973741369,-0.01707996877449209,True
AUNA,20,2024-04-19,2024-04-22,2024-05-20,2024,-0.2559215546013701,-0.08037126635078101,-0.01707996877449209,False
AVBP,2,2024-01-29,2024-01-30,2024-02-28,2024,0.0382157598642199,-0.11602046902686512,-0.01707996877449209,False
AVBP,5,2024-02-01,2024-02-02,2024-03-04,2024,0.0042101944801304,-0.09247786334461497,-0.01707996877449209,False
AVR,2,2024-12-16,2024-12-17,2025-01-17,2024,-0.1093075992537997,-0.06507614186279573,-0.01707996877449209,False
BCAX,2,2024-09-16,2024-09-17,2024-10-15,2024,0.2782195135014049,-0.07324976415793835,-0.01707996877449209,False
BCAX,5,2024-09-19,2024-09-20,2024-10-18,2024,0.1124608796419095,-0.07722070171007603,-0.01707996877449209,False
BCAX,10,2024-09-26,2024-09-27,2024-10-25,2024,0.1135478075885121,-0.06599020746456188,-0.01707996877449209,False
BCAX,15,2024-10-03,2024-10-04,2024-11-01,2024,-0.0418511694755431,-0.08541359029803325,-0.01707996877449209,False
BCAX,20,2024-10-10,2024-10-11,2024-11-08,2024,-0.2757830838031725,-0.0658514826117096,-0.01707996877449209,False
BKV,2,2024-09-27,2024-09-30,2024-10-28,2024,0.0378815621115373,-0.05688127632562019,-0.01707996877449209,False
BKV,5,2024-10-02,2024-10-03,2024-10-31,2024,-0.0239439737355166,-0.07874348201177593,-0.01707996877449209,False
BKV,10,2024-10-09,2024-10-10,2024-11-07,2024,-0.0479328490839575,-0.0814019435953176,-0.01707996877449209,False
BKV,15,2024-10-16,2024-10-17,2024-11-14,2024,-0.1865066629649623,-0.07440741726449349,-0.01707996877449209,False
BKV,20,2024-10-23,2024-10-24,2024-11-21,2024,-0.1987155919962048,-0.07024211194198755,-0.01707996877449209,False
BOLD,2,2024-04-01,2024-04-02,2024-04-30,2024,0.191782362794723,0.011338525614629716,-0.01707996877449209,True
BOLD,5,2024-04-04,2024-04-05,2024-05-03,2024,0.2639767329950285,0.008347582169961476,-0.01707996877449209,True
BOW,2,2024-05-24,2024-05-28,2024-06-26,2024,0.0800875264404007,-0.012302165157424766,-0.01707996877449209,True
BOW,5,2024-05-30,2024-05-31,2024-07-01,2024,0.0851670849246805,-0.01728956776136995,-0.01707996877449209,False
BOW,10,2024-06-06,2024-06-07,2024-07-09,2024,0.0242662573499633,-0.030391991548650205,-0.01707996877449209,False
BOW,15,2024-06-13,2024-06-14,2024-07-16,2024,0.0082576721744526,-0.022398951271333914,-0.01707996877449209,False
BTSG,2,2024-01-29,2024-01-30,2024-02-28,2024,0.0903794929096494,-0.0551543259685157,-0.01707996877449209,False
BTSG,5,2024-02-01,2024-02-02,2024-03-04,2024,0.2014998866541408,-0.05759718668775459,-0.01707996877449209,False
BTSG,10,2024-02-08,2024-02-09,2024-03-11,2024,0.1961837720422254,-0.1255993469307342,-0.01707996877449209,False
BTSG,15,2024-02-15,2024-02-16,2024-03-18,2024,0.155212554569411,-0.10571342406345352,-0.01707996877449209,False
BTSG,20,2024-02-23,2024-02-26,2024-03-25,2024,-0.0580976564116564,-0.10544960050338133,-0.01707996877449209,False
CAMP,2,2024-10-14,2024-10-15,2024-11-12,2024,-0.2093573289565869,-0.005813708922663488,-0.01707996877449209,True
CBLL,2,2024-10-14,2024-10-15,2024-11-12,2024,-0.138307617229048,-0.05373306329200373,-0.01707996877449209,False
CBLL,5,2024-10-17,2024-10-18,2024-11-15,2024,-0.0126411676920777,-0.02260031768007601,-0.01707996877449209,False
CBLL,10,2024-10-24,2024-10-25,2024-11-22,2024,0.0151126319338978,-0.02677224205332751,-0.01707996877449209,False
CBLL,15,2024-10-31,2024-11-01,2024-12-02,2024,-0.0464001625906711,-0.03318898612787552,-0.01707996877449209,False
CBLL,20,2024-11-07,2024-11-08,2024-12-09,2024,-0.0533849792467413,-0.03771710443754825,-0.01707996877449209,False
CGON,2,2024-01-26,2024-01-29,2024-02-27,2024,-0.2518790414294934,-0.004625326749216565,-0.01707996877449209,True
CGON,5,2024-01-31,2024-02-01,2024-03-01,2024,-0.1315599513462462,-0.009518249870932529,-0.01707996877449209,True
CGON,10,2024-02-07,2024-02-08,2024-03-08,2024,0.1536879177664954,0.00046979612688302294,-0.01707996877449209,True
CGON,15,2024-02-14,2024-02-15,2024-03-15,2024,0.1139161886263845,0.008017331828213682,-0.01707996877449209,True
CGON,20,2024-02-22,2024-02-23,2024-03-22,2024,0.1232091992518022,0.008438101509083607,-0.01707996877449209,True
CON,2,2024-07-26,2024-07-29,2024-08-26,2024,-0.0224622916208225,-0.025071317300022093,-0.01707996877449209,False
CON,5,2024-07-31,2024-08-01,2024-08-29,2024,-0.0308670864668758,-0.057181774552134995,-0.01707996877449209,False
CON,10,2024-08-07,2024-08-08,2024-09-06,2024,-0.0742281676319259,-0.08266271115223713,-0.01707996877449209,False
CON,15,2024-08-14,2024-08-15,2024-09-13,2024,-0.0103581501027805,-0.020673668319154556,-0.01707996877449209,False
CON,20,2024-08-21,2024-08-22,2024-09-20,2024,0.0034035472412883,-0.0692064130385652,-0.01707996877449209,False
CTNM,2,2024-04-08,2024-04-09,2024-05-07,2024,-0.0214991695311029,-0.02405706244251499,-0.01707996877449209,False
CTRI,2,2024-04-22,2024-04-23,2024-05-21,2024,-0.0528849119280229,-0.028792919570483057,-0.01707996877449209,False
CTRI,5,2024-04-25,2024-04-26,2024-05-24,2024,-0.042152028844223,-0.08707687106920146,-0.01707996877449209,False
CTRI,10,2024-05-02,2024-05-03,2024-06-03,2024,-0.1141340571353257,-0.08046891930722867,-0.01707996877449209,False
CTRI,15,2024-05-09,2024-05-10,2024-06-10,2024,-0.0574195505299343,-0.025011580194164773,-0.01707996877449209,False
CTRI,20,2024-05-16,2024-05-17,2024-06-17,2024,-0.0148355114461726,-0.028214122437614907,-0.01707996877449209,False
FBLA,2,2024-10-24,2024-10-25,2024-11-22,2024,-0.0380820543203627,-0.08742996382647025,-0.01707996877449209,False
FLX,2,2024-10-07,2024-10-08,2024-11-05,2024,0.1273457011293717,-0.02232364325151506,-0.01707996877449209,False
FVR,2,2024-10-03,2024-10-04,2024-11-01,2024,-0.0060833490873395,-0.06510032242340391,-0.01707996877449209,False
FVR,5,2024-10-08,2024-10-09,2024-11-06,2024,0.0137549468936356,-0.05935109261886037,-0.01707996877449209,False
FVR,10,2024-10-15,2024-10-16,2024-11-13,2024,-0.011477811775009,-0.07584069910836143,-0.01707996877449209,False
FVR,15,2024-10-22,2024-10-23,2024-11-20,2024,0.0244466205072218,-0.04547057491255614,-0.01707996877449209,False
FVR,20,2024-10-29,2024-10-30,2024-11-27,2024,-0.0550538880498757,-0.08181318540950112,-0.01707996877449209,False
GAUZ,2,2024-06-07,2024-06-10,2024-07-10,2024,0.5050051991435157,-0.03192223921553523,-0.01707996877449209,False
GRDN,2,2024-09-27,2024-09-30,2024-10-28,2024,0.0004877161563061,-0.04838029009147259,-0.01707996877449209,False
GRDN,5,2024-10-02,2024-10-03,2024-10-31,2024,-0.0925645183427821,-0.0527404207635474,-0.01707996877449209,False
GUTS,2,2024-02-05,2024-02-06,2024-03-06,2024,0.2377601979427583,-0.04377636120424592,-0.01707996877449209,False
HDL,2,2024-05-20,2024-05-21,2024-06-20,2024,0.2229146295197425,-0.003449805920793214,-0.01707996877449209,True
IBTA,2,2024-04-22,2024-04-23,2024-05-21,2024,0.0010400201703628,-0.02371923463639877,-0.01707996877449209,False
IBTA,5,2024-04-25,2024-04-26,2024-05-24,2024,0.0211219843755784,-0.009735892448352216,-0.01707996877449209,True
IBTA,10,2024-05-02,2024-05-03,2024-06-03,2024,0.1984876056732568,-0.04092683524082185,-0.01707996877449209,False
IBTA,15,2024-05-09,2024-05-10,2024-06-10,2024,0.198740093461125,-0.05687749665572796,-0.01707996877449209,False
IBTA,20,2024-05-16,2024-05-17,2024-06-17,2024,0.3798993344230171,-0.05350744539250099,-0.01707996877449209,False
INGM,2,2024-10-25,2024-10-28,2024-11-25,2024,0.1121014368144843,-0.021395693031763342,-0.01707996877449209,False
INGM,5,2024-10-30,2024-10-31,2024-11-29,2024,0.0638557287682275,-0.039598806207425806,-0.01707996877449209,False
INGM,10,2024-11-06,2024-11-07,2024-12-06,2024,0.0628527263547596,-0.053033554479405616,-0.01707996877449209,False
INGM,15,2024-11-13,2024-11-14,2024-12-13,2024,0.0943857419659224,-0.05791395864913465,-0.01707996877449209,False
INGM,20,2024-11-20,2024-11-21,2024-12-20,2024,0.0630603457153204,-0.009684607268741815,-0.01707996877449209,True
KLC,2,2024-10-10,2024-10-11,2024-11-08,2024,0.0085659484076529,-0.010416637075293955,-0.01707996877449209,True
KLC,5,2024-10-15,2024-10-16,2024-11-13,2024,0.1007560003109385,-0.017413814636176188,-0.01707996877449209,False
KLC,10,2024-10-22,2024-10-23,2024-11-20,2024,0.1734402175931125,-0.05233657011587653,-0.01707996877449209,False
KLC,15,2024-10-29,2024-10-30,2024-11-27,2024,0.1739613221350986,-0.04000770246009906,-0.01707996877449209,False
KLC,20,2024-11-05,2024-11-06,2024-12-05,2024,0.1578034343957362,-0.04649692107709378,-0.01707996877449209,False
KSPI,2,2024-01-22,2024-01-23,2024-02-21,2024,-0.0860076763036506,-0.038999513066432887,-0.01707996877449209,False
KSPI,5,2024-01-25,2024-01-26,2024-02-26,2024,-0.102471413935693,-0.07264680092378152,-0.01707996877449209,False
KSPI,10,2024-02-01,2024-02-02,2024-03-04,2024,-0.1276225383443045,-0.09228513485997283,-0.01707996877449209,False
KSPI,15,2024-02-08,2024-02-09,2024-03-11,2024,-0.222795717346319,-0.03722413951078775,-0.01707996877449209,False
KSPI,20,2024-02-15,2024-02-16,2024-03-18,2024,-0.222195468996186,-0.05627398500965421,-0.01707996877449209,False
KYTX,2,2024-02-12,2024-02-13,2024-03-13,2024,0.0052120410372696,0.024919645228187234,-0.01707996877449209,True
KYTX,5,2024-02-15,2024-02-16,2024-03-18,2024,0.0910526612987633,-0.07159403229165509,-0.01707996877449209,False
KYTX,10,2024-02-23,2024-02-26,2024-03-25,2024,0.1552526636725828,-0.029621093045635326,-0.01707996877449209,False
KYTX,15,2024-03-01,2024-03-04,2024-04-02,2024,0.16732162732035,-0.02839017324486158,-0.01707996877449209,False
KYTX,20,2024-03-08,2024-03-11,2024-04-09,2024,0.1193504271081502,-0.004981399842198108,-0.01707996877449209,True
LB,2,2024-07-01,2024-07-02,2024-07-31,2024,-0.4546657239504251,-0.09561048999095693,-0.01707996877449209,False
LB,5,2024-07-05,2024-07-08,2024-08-05,2024,-0.1515791037262769,-0.07083805235005693,-0.01707996877449209,False
LB,10,2024-07-12,2024-07-15,2024-08-12,2024,-0.1589203376546717,-0.09041243392803709,-0.01707996877449209,False
LB,15,2024-07-19,2024-07-22,2024-08-19,2024,-0.2319365865713291,-0.1384905459425742,-0.01707996877449209,False
LB,20,2024-07-26,2024-07-29,2024-08-26,2024,-0.2710723340492018,-0.0549952802901215,-0.01707996877449209,False
LIF,2,2024-06-07,2024-06-10,2024-07-10,2024,-0.2030715329950596,-0.010075095089958882,-0.01707996877449209,True
LIF,5,2024-06-12,2024-06-13,2024-07-15,2024,-0.2399090150901098,-0.026703160728444277,-0.01707996877449209,False
LIF,10,2024-06-20,2024-06-21,2024-07-22,2024,-0.0571410842946644,-0.038197260176042025,-0.01707996877449209,False
LIF,15,2024-06-27,2024-06-28,2024-07-29,2024,-0.0426842267381226,0.01058448496480497,-0.01707996877449209,True
LIF,20,2024-07-05,2024-07-08,2024-08-05,2024,0.0033380811004582,-0.046865512041287444,-0.01707996877449209,False
LINE,2,2024-07-26,2024-07-29,2024-08-26,2024,-0.0148916914962592,0.007357563397478532,-0.01707996877449209,True
LINE,5,2024-07-31,2024-08-01,2024-08-29,2024,0.0327517089406434,-0.005727708354299997,-0.01707996877449209,True
LINE,10,2024-08-07,2024-08-08,2024-09-06,2024,0.0827438218587842,-0.03562749022917742,-0.01707996877449209,False
LINE,15,2024-08-14,2024-08-15,2024-09-13,2024,-0.0064836530841321,-0.033465429098303794,-0.01707996877449209,False
LINE,20,2024-08-21,2024-08-22,2024-09-20,2024,0.0341058382298132,-0.00914764815391592,-0.01707996877449209,True
LOAR,2,2024-04-26,2024-04-29,2024-05-28,2024,-0.0245365505017481,0.02565108961559205,-0.01707996877449209,True
LOAR,5,2024-05-01,2024-05-02,2024-05-31,2024,-0.1196143243194121,0.02722237135173875,-0.01707996877449209,True
LOAR,10,2024-05-08,2024-05-09,2024-06-07,2024,-0.2134558111583175,0.04765185739326291,-0.01707996877449209,True
LOAR,15,2024-05-15,2024-05-16,2024-06-14,2024,-0.1585589614110088,0.027644367323671,-0.01707996877449209,True
LOAR,20,2024-05-22,2024-05-23,2024-06-24,2024,0.0293445699082659,0.03404867985936378,-0.01707996877449209,True
MBX,2,2024-09-16,2024-09-17,2024-10-15,2024,-0.0892618513839077,-0.08636143384984055,-0.01707996877449209,False
MGX,2,2024-02-12,2024-02-13,2024-03-13,2024,0.0373614027241061,-0.04447316893849886,-0.01707996877449209,False
MGX,5,2024-02-15,2024-02-16,2024-03-18,2024,0.0928477824945463,-0.06072698381229989,-0.01707996877449209,False
MRX,2,2024-04-26,2024-04-29,2024-05-28,2024,-0.166966140761835,-0.05544943313209662,-0.01707996877449209,False
MRX,5,2024-05-01,2024-05-02,2024-05-31,2024,-0.0322897759887414,-0.05430265042354425,-0.01707996877449209,False
MRX,10,2024-05-08,2024-05-09,2024-06-07,2024,-0.0371036452065702,-0.06644949737204064,-0.01707996877449209,False
MRX,15,2024-05-15,2024-05-16,2024-06-14,2024,-0.0014315467887177,-0.07274343954702917,-0.01707996877449209,False
MRX,20,2024-05-22,2024-05-23,2024-06-24,2024,0.1163222195227737,-0.07622323514693406,-0.01707996877449209,False
NBBK,2,2023-12-29,2024-01-02,2024-01-31,2024,-0.0419804729131646,-0.03051267172343224,-0.01707996877449209,False
NBBK,5,2024-01-04,2024-01-05,2024-02-05,2024,0.0233747465722651,-0.08413098148583337,-0.01707996877449209,False
NBBK,10,2024-01-11,2024-01-12,2024-02-12,2024,0.0182744036746648,-0.07751223456893007,-0.01707996877449209,False
NBBK,15,2024-01-19,2024-01-22,2024-02-20,2024,-0.0012432135649146,-0.026365390338066178,-0.01707996877449209,False
NBBK,20,2024-01-26,2024-01-29,2024-02-27,2024,0.0434543962531658,-0.07926278316634383,-0.01707996877449209,False
PACS,2,2024-04-12,2024-04-15,2024-05-13,2024,-0.0482034349850583,-0.033746775537361884,-0.01707996877449209,False
PACS,5,2024-04-17,2024-04-18,2024-05-16,2024,-0.1621522646047239,-0.028711989428770967,-0.01707996877449209,False
PACS,10,2024-04-24,2024-04-25,2024-05-23,2024,-0.1858693982259931,-0.052514971748913584,-0.01707996877449209,False
PACS,15,2024-05-01,2024-05-02,2024-05-31,2024,-0.2317830282372131,-0.035961515200432656,-0.01707996877449209,False
PACS,20,2024-05-08,2024-05-09,2024-06-07,2024,-0.2121165652102598,-0.07556330629118212,-0.01707996877449209,False
PAL,2,2024-05-10,2024-05-13,2024-06-11,2024,0.0327006135622774,-0.06664869532710374,-0.01707996877449209,False
PONY,2,2024-11-29,2024-12-02,2024-12-31,2024,-0.1627112081089424,-0.10021244342427756,-0.01707996877449209,False
PONY,5,2024-12-04,2024-12-05,2025-01-06,2024,-0.3242466363926153,-0.10308248872697,-0.01707996877449209,False
PONY,10,2024-12-11,2024-12-12,2025-01-14,2024,-0.0898347183939011,-0.07061466382606202,-0.01707996877449209,False
PONY,15,2024-12-18,2024-12-19,2025-01-22,2024,-0.064022419243038,-0.11941785364628672,-0.01707996877449209,False
PONY,20,2024-12-26,2024-12-27,2025-01-29,2024,0.040582761830067,-0.0745074429424752,-0.01707996877449209,False
RAPP,2,2024-06-10,2024-06-11,2024-07-11,2024,0.0805277911518685,-0.04606153413680336,-0.01707996877449209,False
RAPP,5,2024-06-13,2024-06-14,2024-07-16,2024,-0.1889138365199368,-0.05853511789288805,-0.01707996877449209,False
RAPP,10,2024-06-21,2024-06-24,2024-07-23,2024,0.0671567102082713,-0.07952775758029282,-0.01707996877449209,False
RAPP,15,2024-06-28,2024-07-01,2024-07-30,2024,0.0741646763302442,-0.09239681326073151,-0.01707996877449209,False
RAPP,20,2024-07-08,2024-07-09,2024-08-06,2024,-0.0946906689441367,-0.05103579418699036,-0.01707996877449209,False
RBRK,2,2024-04-26,2024-04-29,2024-05-28,2024,0.1316292735561757,-0.016656876760269442,-0.01707996877449209,True
RBRK,5,2024-05-01,2024-05-02,2024-05-31,2024,0.115024668889143,0.029000364166130062,-0.01707996877449209,True
RBRK,10,2024-05-08,2024-05-09,2024-06-07,2024,0.0054665744737066,0.01007305197261182,-0.01707996877449209,True
RBRK,15,2024-05-15,2024-05-16,2024-06-14,2024,0.0980322181235581,0.04709454302730792,-0.01707996877449209,True
RBRK,20,2024-05-22,2024-05-23,2024-06-24,2024,0.1427918042061834,0.049187187374526146,-0.01707996877449209,True
RDDT,2,2024-03-22,2024-03-25,2024-04-23,2024,0.0196835691601874,-0.0022542199624668107,-0.01707996877449209,True
RDDT,5,2024-03-27,2024-03-28,2024-04-26,2024,0.0982983087524713,0.058761946420928725,-0.01707996877449209,True
RDDT,10,2024-04-04,2024-04-05,2024-05-03,2024,-0.0597911462339215,-0.04704180941338643,-0.01707996877449209,False
RDDT,15,2024-04-11,2024-04-12,2024-05-10,2024,-0.2565111913863733,-0.041524112957174515,-0.01707996877449209,False
RDDT,20,2024-04-18,2024-04-19,2024-05-17,2024,-0.5178736806932164,0.03862225669165493,-0.01707996877449209,True
SARO,2,2024-10-03,2024-10-04,2024-11-01,2024,0.0987526355460056,-0.037743006450692514,-0.01707996877449209,False
SARO,5,2024-10-08,2024-10-09,2024-11-06,2024,0.1063327574167574,-0.056726869320452886,-0.01707996877449209,False
SARO,10,2024-10-15,2024-10-16,2024-11-13,2024,0.1179512064330839,-0.07160658810166633,-0.01707996877449209,False
SARO,15,2024-10-22,2024-10-23,2024-11-20,2024,0.0589647267321316,-0.0611641487470297,-0.01707996877449209,False
SARO,20,2024-10-29,2024-10-30,2024-11-27,2024,0.0056962238193289,-0.0431472748686626,-0.01707996877449209,False
SDHC,2,2024-01-12,2024-01-16,2024-02-13,2024,-0.1237091893503012,-0.04841744480388215,-0.01707996877449209,False
SDHC,5,2024-01-18,2024-01-19,2024-02-16,2024,-0.0904258358214149,-0.05446444409098224,-0.01707996877449209,False
SDHC,10,2024-01-25,2024-01-26,2024-02-26,2024,-0.0770712021861076,-0.06766122626281751,-0.01707996877449209,False
SDHC,15,2024-02-01,2024-02-02,2024-03-04,2024,-0.2278716887981265,-0.07459024471577787,-0.01707996877449209,False
SEPN,2,2024-10-28,2024-10-29,2024-11-26,2024,-0.151883894711871,-0.11177392506948769,-0.01707996877449209,False
SEPN,5,2024-10-31,2024-11-01,2024-12-02,2024,-0.0290574281240162,-0.08817763871048215,-0.01707996877449209,False
SEPN,10,2024-11-07,2024-11-08,2024-12-09,2024,0.1067770963742419,-0.08254897785903383,-0.01707996877449209,False
SEPN,15,2024-11-14,2024-11-15,2024-12-16,2024,0.0189193178430556,-0.1017670688017888,-0.01707996877449209,False
SVCO,2,2024-05-10,2024-05-13,2024-06-11,2024,0.0696955701448641,-0.043682354272600046,-0.01707996877449209,False
SVCO,5,2024-05-15,2024-05-16,2024-06-14,2024,0.1151911908527941,-0.05821334001022645,-0.01707996877449209,False
TBBB,2,2024-02-12,2024-02-13,2024-03-13,2024,-0.0735448413302349,-0.022175193449842444,-0.01707996877449209,False
TBBB,5,2024-02-15,2024-02-16,2024-03-18,2024,-0.0830305874691562,-0.01997884970611956,-0.01707996877449209,False
TBBB,10,2024-02-23,2024-02-26,2024-03-25,2024,-0.1621157823714132,-0.022857066638840847,-0.01707996877449209,False
TBBB,15,2024-03-01,2024-03-04,2024-04-02,2024,-0.108348301932495,-0.04277030321485908,-0.01707996877449209,False
TBBB,20,2024-03-08,2024-03-11,2024-04-09,2024,-0.0562805315685442,-0.07365014704278429,-0.01707996877449209,False
TBN,2,2024-06-28,2024-07-01,2024-07-30,2024,-0.1219767658541473,-0.024819855805599256,-0.01707996877449209,False
TEM,2,2024-06-17,2024-06-18,2024-07-18,2024,-0.0983803351974194,-0.009284638078176744,-0.01707996877449209,True
TEM,5,2024-06-21,2024-06-24,2024-07-23,2024,-0.3896100177151345,-0.06359967679664673,-0.01707996877449209,False
TEM,10,2024-06-28,2024-07-01,2024-07-30,2024,-0.2842857380324259,0.006306559437965305,-0.01707996877449209,True
TEM,15,2024-07-08,2024-07-09,2024-08-06,2024,-0.2360025278828619,-0.04470521183189928,-0.01707996877449209,False
TEM,20,2024-07-15,2024-07-16,2024-08-13,2024,-0.1580383287591308,-0.03292916555721493,-0.01707996877449209,False
TTAN,2,2024-12-13,2024-12-16,2025-01-16,2024,-0.0705871035816423,-0.04278039018140524,-0.01707996877449209,False
TTAN,5,2024-12-18,2024-12-19,2025-01-22,2024,0.1211577986880185,-0.03976821833658541,-0.01707996877449209,False
TTAN,10,2024-12-26,2024-12-27,2025-01-29,2024,0.0500804773664076,-0.0797603215879705,-0.01707996877449209,False
TWFG,2,2024-07-19,2024-07-22,2024-08-19,2024,-0.1835537456936817,-0.050378132911751895,-0.01707996877449209,False
TWFG,5,2024-07-24,2024-07-25,2024-08-22,2024,-0.1671501379502228,-0.05462782332264611,-0.01707996877449209,False
TWFG,10,2024-07-31,2024-08-01,2024-08-29,2024,-0.1012492488519084,-0.05807826296511295,-0.01707996877449209,False
TWFG,15,2024-08-07,2024-08-08,2024-09-06,2024,-0.2510621791272609,-0.0827947113194665,-0.01707996877449209,False
TWFG,20,2024-08-14,2024-08-15,2024-09-13,2024,-0.163893549874725,-0.07154789656928966,-0.01707996877449209,False
ULS,2,2024-04-15,2024-04-16,2024-05-14,2024,-0.0349359067529955,0.01430252150554519,-0.01707996877449209,True
ULS,5,2024-04-18,2024-04-19,2024-05-17,2024,-0.0430809989427047,-0.006632499565053477,-0.01707996877449209,True
ULS,10,2024-04-25,2024-04-26,2024-05-24,2024,-0.2174666997899496,-0.019183664480077522,-0.01707996877449209,False
ULS,15,2024-05-02,2024-05-03,2024-06-03,2024,-0.1006818078395867,-0.011362651794146007,-0.01707996877449209,True
ULS,20,2024-05-09,2024-05-10,2024-06-10,2024,-0.0850174065293451,-0.017373211029191548,-0.01707996877449209,False
UPB,2,2024-10-14,2024-10-15,2024-11-12,2024,-0.1456206618474922,-0.0710677546731389,-0.01707996877449209,False
UPB,5,2024-10-17,2024-10-18,2024-11-15,2024,-0.088915557749094,-0.04401560332315428,-0.01707996877449209,False
UPB,10,2024-10-24,2024-10-25,2024-11-22,2024,0.2803737797632948,-0.03987640623095697,-0.01707996877449209,False
UPB,15,2024-10-31,2024-11-01,2024-12-02,2024,0.2388679925407352,-0.04714547742997952,-0.01707996877449209,False
UPB,20,2024-11-07,2024-11-08,2024-12-09,2024,0.1781094702804922,-0.05423399351508839,-0.01707996877449209,False
VIK,2,2024-05-02,2024-05-03,2024-06-03,2024,-0.1210850710635358,-0.021745618042690484,-0.01707996877449209,False
VIK,5,2024-05-07,2024-05-08,2024-06-06,2024,-0.043120566088856,-0.01318070443544974,-0.01707996877449209,True
VIK,10,2024-05-14,2024-05-15,2024-06-13,2024,-0.1426486293160381,-0.0755728483212444,-0.01707996877449209,False
VIK,15,2024-05-21,2024-05-22,2024-06-21,2024,-0.0363618174373268,-0.06547392457696348,-0.01707996877449209,False
VIK,20,2024-05-29,2024-05-30,2024-06-28,2024,-0.0730591637059348,-0.07541704074010307,-0.01707996877449209,False
WAY,2,2024-06-10,2024-06-11,2024-07-11,2024,0.0668820677935038,-0.018721194192387623,-0.01707996877449209,False
WAY,5,2024-06-13,2024-06-14,2024-07-16,2024,0.0073352123725117,-0.008782830338965595,-0.01707996877449209,True
WAY,10,2024-06-21,2024-06-24,2024-07-23,2024,-0.1005593389882511,-0.032109492372101166,-0.01707996877449209,False
WAY,15,2024-06-28,2024-07-01,2024-07-30,2024,-0.1128834496686616,-0.06515259926477912,-0.01707996877449209,False
WAY,20,2024-07-08,2024-07-09,2024-08-06,2024,-0.0938471719952389,-0.05893606134932109,-0.01707996877449209,False
WBTN,2,2024-06-28,2024-07-01,2024-07-30,2024,0.0490320271340597,-0.0513775782137104,-0.01707996877449209,False
WBTN,5,2024-07-03,2024-07-05,2024-08-02,2024,-0.0503827934114753,-0.04228091087542526,-0.01707996877449209,False
WBTN,10,2024-07-11,2024-07-12,2024-08-09,2024,0.2571598335160013,-0.048931048577952094,-0.01707996877449209,False
WBTN,15,2024-07-18,2024-07-19,2024-08-16,2024,0.379888997525791,-0.005676398645201587,-0.01707996877449209,True
WBTN,20,2024-07-25,2024-07-26,2024-08-23,2024,0.3858407895910358,-0.057519920719127315,-0.01707996877449209,False
WRD,2,2024-10-28,2024-10-29,2024-11-26,2024,-0.018939787918883,-0.02973580610287563,-0.01707996877449209,False
WRD,5,2024-10-31,2024-11-01,2024-12-02,2024,-0.0830400777120258,-0.01535109167086825,-0.01707996877449209,True
XCH,2,2024-09-11,2024-09-12,2024-10-10,2024,-0.6356484066286368,0.06731663541502761,-0.01707996877449209,True
ZBIO,2,2024-09-16,2024-09-17,2024-10-15,2024,-0.0897630978190285,-0.06740078452327947,-0.01707996877449209,False
AAPG,2,2025-01-27,2025-01-28,2025-02-26,2025,-0.2378824481384815,-0.019002284428935624,-0.05930986263484775,True
AARD,2,2025-02-14,2025-02-18,2025-03-18,2025,0.1465462364942461,0.055833562808330454,-0.05930986263484775,True
AERO,2,2025-11-07,2025-11-10,2025-12-09,2025,0.0518485685838261,-0.05805125825374229,-0.05930986263484775,True
AERO,5,2025-11-12,2025-11-13,2025-12-12,2025,-0.0546996889121015,-0.05123462105078217,-0.05930986263484775,True
AERO,10,2025-11-19,2025-11-20,2025-12-19,2025,-0.2530505840931683,0.0025281226479932227,-0.05930986263484775,True
AERO,15,2025-11-26,2025-11-28,2025-12-29,2025,-0.1896165791003354,-0.0009164698090432994,-0.05930986263484775,True
AERO,20,2025-12-04,2025-12-05,2026-01-06,2025,-0.1155681809087869,-0.0245004273986367,-0.05930986263484775,True
AII,2,2025-05-09,2025-05-12,2025-06-10,2025,0.0918832761028529,0.009128420377624258,-0.05930986263484775,True
AIRO,2,2025-06-16,2025-06-17,2025-07-17,2025,0.2292601578027868,0.11058872329947113,-0.05930986263484775,True
AIRO,5,2025-06-20,2025-06-23,2025-07-22,2025,-0.0627187037645772,0.06702437042851049,-0.05930986263484775,True
AIRO,10,2025-06-27,2025-06-30,2025-07-29,2025,0.140325971637313,0.07162393449674616,-0.05930986263484775,True
AIRO,15,2025-07-07,2025-07-08,2025-08-05,2025,-0.0324079163656695,-0.010591851209015107,-0.05930986263484775,True
AIRO,20,2025-07-14,2025-07-15,2025-08-12,2025,0.2993335684290595,0.025269002982593537,-0.05930986263484775,True
ALH,2,2025-10-10,2025-10-13,2025-11-10,2025,-0.0644158608734641,-0.017313809712082164,-0.05930986263484775,True
ALH,5,2025-10-15,2025-10-16,2025-11-13,2025,-0.0241433188997819,-0.028326723679533122,-0.05930986263484775,True
ALH,10,2025-10-22,2025-10-23,2025-11-20,2025,0.0754441643305628,-0.023247622083319982,-0.05930986263484775,True
ALH,15,2025-10-29,2025-10-30,2025-11-28,2025,0.0545975179066513,-0.04448942831772412,-0.05930986263484775,True
ALH,20,2025-11-05,2025-11-06,2025-12-05,2025,0.1503650263137307,-0.05083252070630928,-0.05930986263484775,True
AMBQ,2,2025-07-31,2025-08-01,2025-08-29,2025,0.0591837231314977,0.06531065758469072,-0.05930986263484775,True
AMBQ,5,2025-08-05,2025-08-06,2025-09-04,2025,-0.1453999419468888,-0.010364428696173066,-0.05930986263484775,True
AMBQ,10,2025-08-12,2025-08-13,2025-09-11,2025,0.1158897088620157,0.011422865533905343,-0.05930986263484775,True
AMBQ,15,2025-08-19,2025-08-20,2025-09-18,2025,0.1369740720598977,-0.02307987250354416,-0.05930986263484775,True
AMBQ,20,2025-08-26,2025-08-27,2025-09-25,2025,0.2916707302255824,0.03665380435451397,-0.05930986263484775,True
ANDG,2,2025-12-18,2025-12-19,2026-01-21,2025,0.1497407179277933,0.0009256326187357439,-0.05930986263484775,True
ANDG,5,2025-12-23,2025-12-24,2026-01-26,2025,0.0672734858113301,0.015142450127805804,-0.05930986263484775,True
ANTA,2,2025-05-15,2025-05-16,2025-06-16,2025,-0.077443198427502,0.04119273362399951,-0.05930986263484775,True
ANTA,5,2025-05-20,2025-05-21,2025-06-20,2025,0.0909237813262092,0.14886930671699472,-0.05930986263484775,True
ARX,2,2025-07-25,2025-07-28,2025-08-25,2025,-0.0204523101669975,-0.007606350450127829,-0.05930986263484775,True
ARX,5,2025-07-30,2025-07-31,2025-08-28,2025,0.195784358136069,-0.011717406373710805,-0.05930986263484775,True
ARX,10,2025-08-06,2025-08-07,2025-09-05,2025,0.2899383856382971,0.00082281787906221,-0.05930986263484775,True
ARX,15,2025-08-13,2025-08-14,2025-09-12,2025,0.4125696172291936,0.0019196385758729361,-0.05930986263484775,True
ARX,20,2025-08-20,2025-08-21,2025-09-19,2025,0.5002880640112009,0.0033183980168881933,-0.05930986263484775,True
ASIC,2,2025-06-12,2025-06-13,2025-07-15,2025,0.1540108031307117,-0.018922453424618405,-0.05930986263484775,True
AUGO,2,2025-07-17,2025-07-18,2025-08-15,2025,-0.189163429945706,-0.04571255033160529,-0.05930986263484775,True
AUGO,5,2025-07-22,2025-07-23,2025-08-20,2025,-0.1163255134918534,-0.059493227642723356,-0.05930986263484775,False
AUGO,10,2025-07-29,2025-07-30,2025-08-27,2025,-0.2130707084284902,-0.04810429480255625,-0.05930986263484775,True
AUGO,15,2025-08-05,2025-08-06,2025-09-04,2025,-0.2248956651500606,-0.04291254237302926,-0.05930986263484775,True
AUGO,20,2025-08-12,2025-08-13,2025-09-11,2025,-0.2065599893659424,-0.05894283178050071,-0.05930986263484775,True
BBNX,2,2025-01-31,2025-02-03,2025-03-04,2025,0.1627167703799716,-0.05776672183340562,-0.05930986263484775,True
BBNX,5,2025-02-05,2025-02-06,2025-03-07,2025,0.1910425223176148,-0.0824534294507835,-0.05930986263484775,False
BBNX,10,2025-02-12,2025-02-13,2025-03-14,2025,0.2026831981607889,-0.04414468515594592,-0.05930986263484775,True
BBNX,15,2025-02-20,2025-02-21,2025-03-21,2025,0.1897708584599418,-0.04228002912401453,-0.05930986263484775,True
BBNX,20,2025-02-27,2025-02-28,2025-03-28,2025,0.3467852741371455,-0.06202403028031808,-0.05930986263484775,False
BETA,2,2025-11-05,2025-11-06,2025-12-05,2025,0.2425981094346687,-0.017645985543104547,-0.05930986263484775,True
BETA,5,2025-11-10,2025-11-11,2025-12-10,2025,0.066053552266433,-0.024286536508723325,-0.05930986263484775,True
BETA,10,2025-11-17,2025-11-18,2025-12-17,2025,-0.0187813684960079,0.02639577729423376,-0.05930986263484775,True
BETA,15,2025-11-24,2025-11-25,2025-12-24,2025,-0.0964359555259399,-0.012618124376284637,-0.05930986263484775,True
BETA,20,2025-12-02,2025-12-03,2026-01-02,2025,0.047206673727056,0.06989536553605143,-0.05930986263484775,True
BLLN,2,2025-11-07,2025-11-10,2025-12-09,2025,-0.0980529789080795,-0.07767367223070544,-0.05930986263484775,False
BLLN,5,2025-11-12,2025-11-13,2025-12-12,2025,-0.0436607042203701,-0.08362304872456577,-0.05930986263484775,False
BLLN,10,2025-11-19,2025-11-20,2025-12-19,2025,-0.0520285871626936,-0.07426766566441828,-0.05930986263484775,False
BLLN,15,2025-11-26,2025-11-28,2025-12-29,2025,0.3530034709611557,-0.034829823309593486,-0.05930986263484775,True
BLLN,20,2025-12-04,2025-12-05,2026-01-06,2025,0.0965453534710037,-0.12328029783273062,-0.05930986263484775,False
BLSH,2,2025-08-14,2025-08-15,2025-09-15,2025,0.3318743650198562,-0.003248538433937591,-0.05930986263484775,True
BLSH,5,2025-08-19,2025-08-20,2025-09-18,2025,-0.0641502317800451,-0.04143362116467878,-0.05930986263484775,True
BLSH,10,2025-08-26,2025-08-27,2025-09-25,2025,0.0639765935482647,-0.05689035676086685,-0.05930986263484775,True
BLSH,15,2025-09-03,2025-09-04,2025-10-02,2025,-0.288137548087394,-0.0939300185137925,-0.05930986263484775,False
BLSH,20,2025-09-10,2025-09-11,2025-10-09,2025,-0.3063540627004414,-0.058720435482279294,-0.05930986263484775,True
BRCB,2,2025-09-15,2025-09-16,2025-10-14,2025,0.0982422278210562,-0.09399146790279324,-0.05930986263484775,False
BRCB,5,2025-09-18,2025-09-19,2025-10-17,2025,0.133073441954213,-0.08389674388410234,-0.05930986263484775,False
BRCB,10,2025-09-25,2025-09-26,2025-10-24,2025,-0.0330811253527773,-0.13220811357176798,-0.05930986263484775,False
BRCB,15,2025-10-02,2025-10-03,2025-10-31,2025,-0.1604714907590335,-0.10500582232227096,-0.05930986263484775,False
BRCB,20,2025-10-09,2025-10-10,2025-11-07,2025,-0.0715125469121893,-0.07395948659328146,-0.05930986263484775,False
CAI,2,2025-06-20,2025-06-23,2025-07-22,2025,-0.0852859228955966,-0.02198638914488188,-0.05930986263484775,True
CAI,5,2025-06-25,2025-06-26,2025-07-25,2025,-0.0803588611858804,-0.01949550454915855,-0.05930986263484775,True
CAI,10,2025-07-02,2025-07-03,2025-08-01,2025,-0.0802107585907936,-0.02569424410020778,-0.05930986263484775,True
CAI,15,2025-07-10,2025-07-11,2025-08-08,2025,-0.1114002343142545,-0.03852547324090997,-0.05930986263484775,True
CAI,20,2025-07-17,2025-07-18,2025-08-15,2025,-0.1493402047356263,0.0006033214545539396,-0.05930986263484775,True
CARL,2,2025-07-24,2025-07-25,2025-08-22,2025,0.1089853800650742,-0.05007076356827866,-0.05930986263484775,True
CARL,5,2025-07-29,2025-07-30,2025-08-27,2025,0.0396356139376326,-0.043782512040153876,-0.05930986263484775,True
CARL,10,2025-08-05,2025-08-06,2025-09-04,2025,-0.049295440701383,-0.014774661257635435,-0.05930986263484775,True
CBC,2,2025-11-24,2025-11-25,2025-12-24,2025,0.027640250595474,0.005971496744465607,-0.05930986263484775,True
CBC,5,2025-11-28,2025-12-01,2025-12-30,2025,-0.023352355495802,-0.023224155636447478,-0.05930986263484775,True
CBC,10,2025-12-05,2025-12-08,2026-01-07,2025,-0.0446140107991944,-0.01983236771685425,-0.05930986263484775,True
CBC,15,2025-12-12,2025-12-15,2026-01-14,2025,-0.073625167966796,-0.020376393150121772,-0.05930986263484775,True
CBC,20,2025-12-19,2025-12-22,2026-01-22,2025,-0.0992804809584904,-0.020376393150121772,-0.05930986263484775,True
CBK,2,2025-10-03,2025-10-06,2025-11-03,2025,-0.0100736520966939,-0.02076055497805894,-0.05930986263484775,True
CDNL,2,2025-12-11,2025-12-12,2026-01-13,2025,-0.0416137306563963,-0.07438669624095745,-0.05930986263484775,False
CDNL,5,2025-12-16,2025-12-17,2026-01-16,2025,-0.0314580124478723,-0.06475680028223386,-0.05930986263484775,False
CDNL,10,2025-12-23,2025-12-24,2026-01-26,2025,-0.1974119769677934,-0.0783288220109257,-0.05930986263484775,False
CEPF,2,2025-08-22,2025-08-25,2025-09-23,2025,0.0111210926041045,-0.030613829753766357,-0.05930986263484775,True
CEPF,5,2025-08-27,2025-08-28,2025-09-26,2025,-0.0027683584200795,-0.026881815824309978,-0.05930986263484775,True
CHA,2,2025-04-21,2025-04-22,2025-05-20,2025,0.2655664531424231,0.0039678072953850336,-0.05930986263484775,True
CHA,5,2025-04-24,2025-04-25,2025-05-23,2025,0.1198833341818304,-0.0014210072960148953,-0.05930986263484775,True
CHA,10,2025-05-01,2025-05-02,2025-06-02,2025,0.1873195945639442,-0.005068134392102876,-0.05930986263484775,True
CHA,15,2025-05-08,2025-05-09,2025-06-09,2025,0.018957147179576,-0.026544122837466745,-0.05930986263484775,True
CHA,20,2025-05-15,2025-05-16,2025-06-16,2025,-0.0039226570371899,0.02404612348121428,-0.05930986263484775,True
CHYM,2,2025-06-13,2025-06-16,2025-07-16,2025,0.1306237893164072,0.040468576691695034,-0.05930986263484775,True
CHYM,5,2025-06-18,2025-06-20,2025-07-21,2025,0.0032310748858672,0.06337195243170882,-0.05930986263484775,True
CHYM,10,2025-06-26,2025-06-27,2025-07-28,2025,0.0217164538517954,0.08194965410182944,-0.05930986263484775,True
CHYM,15,2025-07-03,2025-07-07,2025-08-04,2025,-0.070636026514281,0.0384463112723992,-0.05930986263484775,True
CHYM,20,2025-07-11,2025-07-14,2025-08-11,2025,0.0135431331517899,0.05367027761595886,-0.05930986263484775,True
CRCL,2,2025-06-06,2025-06-09,2025-07-09,2025,-0.4911039472811279,0.08065479616043565,-0.05930986263484775,True
CRCL,5,2025-06-11,2025-06-12,2025-07-14,2025,-0.7381663355033428,0.016339741568581544,-0.05930986263484775,True
CRCL,10,2025-06-18,2025-06-20,2025-07-21,2025,0.1146976737417987,0.06720510947228764,-0.05930986263484775,True
CRCL,15,2025-06-26,2025-06-27,2025-07-28,2025,0.163462817872733,0.11457484590325911,-0.05930986263484775,True
CRCL,20,2025-07-03,2025-07-07,2025-08-04,2025,0.1249405830215804,-0.06742514461059267,-0.05930986263484775,False
CRWV,2,2025-03-31,2025-04-01,2025-04-30,2025,-0.1150990271199202,0.02533967446834042,-0.05930986263484775,True
CRWV,5,2025-04-03,2025-04-04,2025-05-05,2025,0.0581383614371705,0.1294997567552506,-0.05930986263484775,True
CRWV,10,2025-04-10,2025-04-11,2025-05-12,2025,-0.237022760480503,0.07916773435777952,-0.05930986263484775,True
CRWV,15,2025-04-17,2025-04-21,2025-05-19,2025,-1.0306344352987522,0.03315300659931636,-0.05930986263484775,True
CRWV,20,2025-04-25,2025-04-28,2025-05-27,2025,-1.865463217124248,0.054186075125826204,-0.05930986263484775,True
ETOR,2,2025-05-15,2025-05-16,2025-06-16,2025,0.0756621975330857,-0.017316761130914866,-0.05930986263484775,True
ETOR,5,2025-05-20,2025-05-21,2025-06-20,2025,0.0827722710224669,-0.012430881624308662,-0.05930986263484775,True
ETOR,10,2025-05-28,2025-05-29,2025-06-27,2025,0.0187138271838307,-0.02244133051761507,-0.05930986263484775,True
ETOR,15,2025-06-04,2025-06-05,2025-07-07,2025,0.0616711835814537,-0.001402626536039527,-0.05930986263484775,True
ETOR,20,2025-06-11,2025-06-12,2025-07-14,2025,0.0942720938078717,-0.009032990895401416,-0.05930986263484775,True
EVMN,2,2025-11-07,2025-11-10,2025-12-09,2025,0.0430247712970465,-0.09207375588303268,-0.05930986263484775,False
FATN,2,2025-04-09,2025-04-10,2025-05-09,2025,0.1083955172116443,-0.014741637277651551,-0.05930986263484775,True
FATN,5,2025-04-14,2025-04-15,2025-05-14,2025,-0.1760427682222831,0.017567647199412617,-0.05930986263484775,True
FATN,10,2025-04-22,2025-04-23,2025-05-21,2025,-0.0578288414698131,0.06946727244832684,-0.05930986263484775,True
FATN,15,2025-04-29,2025-04-30,2025-05-29,2025,-0.0714190509135174,0.0031303312393705382,-0.05930986263484775,True
FIG,2,2025-08-01,2025-08-04,2025-09-02,2025,0.4375573534697433,0.030771421392107808,-0.05930986263484775,True
FIG,5,2025-08-06,2025-08-07,2025-09-05,2025,0.3666859555544786,-0.03107040011909481,-0.05930986263484775,True
FIG,10,2025-08-13,2025-08-14,2025-09-12,2025,0.3575507181837236,-0.1272540614999953,-0.05930986263484775,False
FIG,15,2025-08-20,2025-08-21,2025-09-19,2025,0.2184911362545294,-0.1272540614999953,-0.05930986263484775,False
FIG,20,2025-08-27,2025-08-28,2025-09-26,2025,0.2319772765041945,-0.10058191248396864,-0.05930986263484775,False
FIGR,2,2025-09-12,2025-09-15,2025-10-13,2025,-0.3426610065706467,-0.025216573573825403,-0.05930986263484775,True
FIGR,5,2025-09-17,2025-09-18,2025-10-16,2025,-0.0863686024960469,-0.003458389985941243,-0.05930986263484775,True
FIGR,10,2025-09-24,2025-09-25,2025-10-23,2025,-0.0355621995749588,0.0035517270631577613,-0.05930986263484775,True
FIGR,15,2025-10-01,2025-10-02,2025-10-30,2025,-0.0650210353106059,-0.04422779897959038,-0.05930986263484775,True
FIGR,20,2025-10-08,2025-10-09,2025-11-06,2025,0.2304901965872713,0.004984427999721767,-0.05930986263484775,True
FLOC,2,2025-01-17,2025-01-21,2025-02-19,2025,0.1090008553360764,-0.0394109993390561,-0.05930986263484775,True
FLOC,5,2025-01-23,2025-01-24,2025-02-24,2025,0.0423707596386723,-0.057063978327868504,-0.05930986263484775,True
FLOC,10,2025-01-30,2025-01-31,2025-03-03,2025,0.0542797665654595,-0.07208323334396075,-0.05930986263484775,False
FLOC,15,2025-02-06,2025-02-07,2025-03-10,2025,0.1673376173654001,-0.06811458229473247,-0.05930986263484775,False
FLOC,20,2025-02-13,2025-02-14,2025-03-17,2025,0.0057989312820944,-0.027753520371823038,-0.05930986263484775,True
FLY,2,2025-08-08,2025-08-11,2025-09-09,2025,0.101750274229214,0.03573651185907483,-0.05930986263484775,True
FLY,5,2025-08-13,2025-08-14,2025-09-12,2025,0.1348465524130497,0.03560250831673599,-0.05930986263484775,True
FLY,10,2025-08-20,2025-08-21,2025-09-19,2025,0.0382710222373584,0.008333470792392203,-0.05930986263484775,True
FLY,15,2025-08-27,2025-08-28,2025-09-26,2025,0.2288869030287,0.09243835005067469,-0.05930986263484775,True
FLY,20,2025-09-04,2025-09-05,2025-10-03,2025,0.3486725293966819,0.010797342156080535,-0.05930986263484775,True
FRMI,2,2025-10-02,2025-10-03,2025-10-31,2025,0.1261142881378258,0.00416316420412312,-0.05930986263484775,True
FRMI,5,2025-10-07,2025-10-08,2025-11-05,2025,0.0203254180815222,-0.03512726307784496,-0.05930986263484775,True
FRMI,10,2025-10-14,2025-10-15,2025-11-12,2025,0.3071115505114581,-0.029694609367743877,-0.05930986263484775,True
FRMI,15,2025-10-21,2025-10-22,2025-11-19,2025,0.1875880014810295,-0.13807047709263762,-0.05930986263484775,False
FRMI,20,2025-10-28,2025-10-29,2025-11-26,2025,0.4157636183691734,-0.03519058895703345,-0.05930986263484775,True
GEMI,2,2025-09-15,2025-09-16,2025-10-14,2025,0.2917059154850542,0.1403002025851411,-0.05930986263484775,True
GEMI,5,2025-09-18,2025-09-19,2025-10-17,2025,0.1650761282667148,0.14645571469478277,-0.05930986263484775,True
GEMI,10,2025-09-25,2025-09-26,2025-10-24,2025,0.2316275514766128,0.16380637976174497,-0.05930986263484775,True
GEMI,15,2025-10-02,2025-10-03,2025-10-31,2025,0.1937766554084989,0.05149965669789429,-0.05930986263484775,True
GEMI,20,2025-10-09,2025-10-10,2025-11-07,2025,0.3375191565223975,0.15172701836798566,-0.05930986263484775,True
GLOO,2,2025-11-20,2025-11-21,2025-12-22,2025,0.3951462125621009,-0.06281452858491544,-0.05930986263484775,False
GLOO,5,2025-11-25,2025-11-26,2025-12-26,2025,0.3067163662828912,-0.08121543175777265,-0.05930986263484775,False
HCHL,2,2025-06-25,2025-06-26,2025-07-25,2025,0.1941229704615903,0.052742447080881945,-0.05930986263484775,True
HNGE,2,2025-05-23,2025-05-27,2025-06-25,2025,-0.0647656263973978,-0.03497601028538256,-0.05930986263484775,True
HNGE,5,2025-05-29,2025-05-30,2025-06-30,2025,-0.3028770702400213,-0.021682647571666453,-0.05930986263484775,True
HNGE,10,2025-06-05,2025-06-06,2025-07-08,2025,-0.0967723088482563,-0.029250392264386842,-0.05930986263484775,True
HNGE,15,2025-06-12,2025-06-13,2025-07-15,2025,-0.3089070728517442,-0.02640129688586698,-0.05930986263484775,True
HNGE,20,2025-06-20,2025-06-23,2025-07-22,2025,-0.0892181566452487,-0.04587288016185033,-0.05930986263484775,True
HTFL,2,2025-08-12,2025-08-13,2025-09-11,2025,-0.1005007539086292,-0.014998420884657668,-0.05930986263484775,True
HTFL,5,2025-08-15,2025-08-18,2025-09-16,2025,0.0072431617282571,0.051074898833269655,-0.05930986263484775,True
HTFL,10,2025-08-22,2025-08-25,2025-09-23,2025,-0.2107555822895369,0.007469617330323567,-0.05930986263484775,True
HTFL,15,2025-08-29,2025-09-02,2025-09-30,2025,-0.0595689487401077,0.01492968342610242,-0.05930986263484775,True
HTFL,20,2025-09-08,2025-09-09,2025-10-07,2025,0.031498148764216,0.04748462361487522,-0.05930986263484775,True
HYNE,2,2025-12-05,2025-12-08,2026-01-07,2025,-0.0413603313795873,-0.06875323814724274,-0.05930986263484775,False
INR,2,2025-02-03,2025-02-04,2025-03-05,2025,0.1625635569114075,-0.055609918672971506,-0.05930986263484775,True
INR,5,2025-02-06,2025-02-07,2025-03-10,2025,0.0756767814412989,-0.032372044557396104,-0.05930986263484775,True
INR,10,2025-02-13,2025-02-14,2025-03-17,2025,0.0168056397472034,-0.04270041080415977,-0.05930986263484775,True
INR,15,2025-02-21,2025-02-24,2025-03-24,2025,0.0378772161135153,-0.018947988535073703,-0.05930986263484775,True
INR,20,2025-02-28,2025-03-03,2025-03-31,2025,-0.1265515679913976,0.012923194788966327,-0.05930986263484775,True
JCAP,2,2025-06-27,2025-06-30,2025-07-29,2025,0.123213294170598,-0.04101190642956208,-0.05930986263484775,True
JCAP,5,2025-07-02,2025-07-03,2025-08-01,2025,0.0533138221674001,-0.07977441649315904,-0.05930986263484775,False
JCAP,10,2025-07-10,2025-07-11,2025-08-08,2025,-0.0442373252122737,-0.03243557974136275,-0.05930986263484775,True
KLAR,2,2025-09-12,2025-09-15,2025-10-13,2025,0.0818393318986608,0.03346025505230769,-0.05930986263484775,True
KLAR,5,2025-09-17,2025-09-18,2025-10-16,2025,0.1912363696134118,-0.04535388063619191,-0.05930986263484775,True
KLAR,10,2025-09-24,2025-09-25,2025-10-23,2025,0.1220116917793798,-0.04866739218024121,-0.05930986263484775,True
KLAR,15,2025-10-01,2025-10-02,2025-10-30,2025,0.0122162048686773,-0.008172521887195316,-0.05930986263484775,True
KLAR,20,2025-10-08,2025-10-09,2025-11-06,2025,0.1555541727005968,0.002649541193556235,-0.05930986263484775,True
KMTS,2,2025-03-07,2025-03-10,2025-04-07,2025,-0.3158509940176692,-0.05308468025018465,-0.05930986263484775,True
KMTS,5,2025-03-12,2025-03-13,2025-04-10,2025,-0.2802645887450204,-0.06535522189481784,-0.05930986263484775,False
KMTS,10,2025-03-19,2025-03-20,2025-04-17,2025,-0.2006439930496682,-0.026284389496873766,-0.05930986263484775,True
KMTS,15,2025-03-26,2025-03-27,2025-04-25,2025,-0.1168825547285376,-0.053589298449485206,-0.05930986263484775,True
KMTS,20,2025-04-02,2025-04-03,2025-05-02,2025,0.0998005767229024,-0.06877644600282518,-0.05930986263484775,False
KRMN,2,2025-02-14,2025-02-18,2025-03-18,2025,-0.2320095983032302,-0.01710613819235196,-0.05930986263484775,True
KRMN,5,2025-02-20,2025-02-21,2025-03-21,2025,-0.33669827161702,-0.021743730955558885,-0.05930986263484775,True
KRMN,10,2025-02-27,2025-02-28,2025-03-28,2025,-0.2694683129338309,-0.023257704740924954,-0.05930986263484775,True
KRMN,15,2025-03-06,2025-03-07,2025-04-04,2025,-0.110165132137404,-0.030118734325823324,-0.05930986263484775,True
KRMN,20,2025-03-13,2025-03-14,2025-04-11,2025,-0.0655514636028184,0.002578068185581802,-0.05930986263484775,True
LBRX,2,2025-09-12,2025-09-15,2025-10-13,2025,0.02475155055693,-0.06846147446462401,-0.05930986263484775,False
LGN,2,2025-09-15,2025-09-16,2025-10-14,2025,-0.0668191738869926,-0.08596868550604493,-0.05930986263484775,False
LGN,5,2025-09-18,2025-09-19,2025-10-17,2025,-0.1679101950915386,-0.10198700947188487,-0.05930986263484775,False
LGN,10,2025-09-25,2025-09-26,2025-10-24,2025,-0.1183872049040805,-0.07818296947775105,-0.05930986263484775,False
LGN,15,2025-10-02,2025-10-03,2025-10-31,2025,-0.393148128395451,-0.07646463392399275,-0.05930986263484775,False
LGN,20,2025-10-09,2025-10-10,2025-11-07,2025,-0.1771798477420149,-0.06692882589585039,-0.05930986263484775,False
LMRI,2,2025-12-12,2025-12-15,2026-01-14,2025,0.1529493197429436,-0.03222349124901887,-0.05930986263484775,True
LMRI,5,2025-12-17,2025-12-18,2026-01-20,2025,0.0999858847972997,-0.024499563348164995,-0.05930986263484775,True
LMRI,10,2025-12-24,2025-12-26,2026-01-27,2025,0.2242965248702808,-0.04938750090690307,-0.05930986263484775,True
MAZE,2,2025-02-03,2025-02-04,2025-03-05,2025,0.1427396457415616,-0.003927532176231132,-0.05930986263484775,True
MAZE,5,2025-02-06,2025-02-07,2025-03-10,2025,-0.081741667360542,0.018259324136953865,-0.05930986263484775,True
MDLN,2,2025-12-18,2025-12-19,2026-01-21,2025,-0.1288178941074619,-0.009744330137231015,-0.05930986263484775,True
MDLN,5,2025-12-23,2025-12-24,2026-01-26,2025,-0.0368783566629708,0.001090755685206936,-0.05930986263484775,True
MENS,2,2025-06-18,2025-06-20,2025-07-21,2025,-0.3151384343031408,-0.02106800106379449,-0.05930986263484775,True
MH,2,2025-07-25,2025-07-28,2025-08-25,2025,0.1308352045639759,-0.04094900415742855,-0.05930986263484775,True
MH,5,2025-07-30,2025-07-31,2025-08-28,2025,0.046776851094372,-0.060197176672748286,-0.05930986263484775,False
MH,10,2025-08-06,2025-08-07,2025-09-05,2025,-0.1479132658556107,-0.006296146021025743,-0.05930986263484775,True
MH,15,2025-08-13,2025-08-14,2025-09-12,2025,-0.0383149894748029,0.05183977469405657,-0.05930986263484775,True
MH,20,2025-08-20,2025-08-21,2025-09-19,2025,0.1567115413938072,0.06497065938316648,-0.05930986263484775,True
MIAX,2,2025-08-15,2025-08-18,2025-09-16,2025,-0.1909130326749211,-0.007627779191981777,-0.05930986263484775,True
MIAX,5,2025-08-20,2025-08-21,2025-09-19,2025,-0.1323470080469009,-0.014959617418163195,-0.05930986263484775,True
MIAX,10,2025-08-27,2025-08-28,2025-09-26,2025,-0.2060798253673168,-0.006454018277086188,-0.05930986263484775,True
MIAX,15,2025-09-04,2025-09-05,2025-10-03,2025,-0.2005070775579759,-0.01628302559455764,-0.05930986263484775,True
MIAX,20,2025-09-11,2025-09-12,2025-10-10,2025,-0.1964399784076165,0.009043049034015111,-0.05930986263484775,True
MNTN,2,2025-05-23,2025-05-27,2025-06-25,2025,0.2375518513764008,-0.06716821196294337,-0.05930986263484775,False
MNTN,5,2025-05-29,2025-05-30,2025-06-30,2025,0.2060691449401603,-0.07331484347197001,-0.05930986263484775,False
MNTN,10,2025-06-05,2025-06-06,2025-07-08,2025,0.1536286391638661,-0.051328848838821585,-0.05930986263484775,True
MNTN,15,2025-06-12,2025-06-13,2025-07-15,2025,-0.2194716031278647,-0.11910595687640997,-0.05930986263484775,False
MNTN,20,2025-06-20,2025-06-23,2025-07-22,2025,-0.3304372182601249,-0.10832422093353415,-0.05930986263484775,False
MPLT,2,2025-10-28,2025-10-29,2025-11-26,2025,0.1780324703935952,0.004676113221487848,-0.05930986263484775,True
MPLT,5,2025-10-31,2025-11-03,2025-12-02,2025,0.206170057525466,0.007750120682131649,-0.05930986263484775,True
NAVN,2,2025-10-31,2025-11-03,2025-12-02,2025,0.1873795127827557,-0.02202548934303226,-0.05930986263484775,True
NAVN,5,2025-11-05,2025-11-06,2025-12-05,2025,0.2058146675255661,-0.0360556211603865,-0.05930986263484775,True
NAVN,10,2025-11-12,2025-11-13,2025-12-12,2025,0.1690689896695109,-0.025292199797257622,-0.05930986263484775,True
NAVN,15,2025-11-19,2025-11-20,2025-12-19,2025,-0.0713231351086452,-0.09089137933102905,-0.05930986263484775,False
NAVN,20,2025-11-26,2025-11-28,2025-12-29,2025,-0.005289088427038,0.03659573086968201,-0.05930986263484775,True
NIQ,2,2025-07-24,2025-07-25,2025-08-22,2025,0.0845405065256552,-0.024172049379039287,-0.05930986263484775,True
NIQ,5,2025-07-29,2025-07-30,2025-08-27,2025,0.1156825477897009,0.0008965227124601151,-0.05930986263484775,True
NIQ,10,2025-08-05,2025-08-06,2025-09-04,2025,-0.0478295421493457,0.0522487169587309,-0.05930986263484775,True
NIQ,15,2025-08-12,2025-08-13,2025-09-11,2025,-0.0077254292568504,0.07413438271294531,-0.05930986263484775,True
NIQ,20,2025-08-19,2025-08-20,2025-09-18,2025,0.0356022073194528,0.04148029584143993,-0.05930986263484775,True
NNNN,2,2025-02-20,2025-02-21,2025-03-21,2025,-0.4707270481536802,0.00689823982734259,-0.05930986263484775,True
NP,2,2025-10-02,2025-10-03,2025-10-31,2025,0.0870612980765422,-0.01764450338042594,-0.05930986263484775,True
NP,5,2025-10-07,2025-10-08,2025-11-05,2025,0.015421547937099,0.0016829418171491804,-0.05930986263484775,True
NP,10,2025-10-14,2025-10-15,2025-11-12,2025,0.1013422900437103,0.020567592115311496,-0.05930986263484775,True
NP,15,2025-10-21,2025-10-22,2025-11-19,2025,0.0198866887480667,0.015353604230407976,-0.05930986263484775,True
NP,20,2025-10-28,2025-10-29,2025-11-26,2025,-0.0254362264645736,0.018185456849250107,-0.05930986263484775,True
NTSK,2,2025-09-19,2025-09-22,2025-10-20,2025,0.1053362114560069,-0.008874146128772844,-0.05930986263484775,True
NTSK,5,2025-09-24,2025-09-25,2025-10-23,2025,-0.0076598729951043,-0.012985202052355822,-0.05930986263484775,True
NTSK,10,2025-10-01,2025-10-02,2025-10-30,2025,-0.0680111269071261,-0.01959139440023677,-0.05930986263484775,True
NTSK,15,2025-10-08,2025-10-09,2025-11-06,2025,-0.0146608653642522,-0.008991076927047436,-0.05930986263484775,True
NTSK,20,2025-10-15,2025-10-16,2025-11-13,2025,0.1256565159049787,-0.024656415903965955,-0.05930986263484775,True
OMDA,2,2025-06-09,2025-06-10,2025-07-10,2025,0.2131876549899368,-0.039069216111306995,-0.05930986263484775,True
OMDA,5,2025-06-12,2025-06-13,2025-07-15,2025,-0.062734457937753,-0.04790141861098252,-0.05930986263484775,True
OMDA,10,2025-06-20,2025-06-23,2025-07-22,2025,-0.2410751871659194,-0.08934788104524193,-0.05930986263484775,False
OMDA,15,2025-06-27,2025-06-30,2025-07-29,2025,-0.0381224863826616,0.028340125604121545,-0.05930986263484775,True
OMDA,20,2025-07-07,2025-07-08,2025-08-05,2025,0.052728943101647,0.054694671291383265,-0.05930986263484775,True
OMSE,2,2025-05-14,2025-05-15,2025-06-13,2025,0.1507525245050181,-0.007165099356972045,-0.05930986263484775,True
PTRN,2,2025-09-22,2025-09-23,2025-10-21,2025,0.0113419032243724,-0.06493331815350721,-0.05930986263484775,False
PTRN,5,2025-09-25,2025-09-26,2025-10-24,2025,-0.41098093965742,-0.06493331815350721,-0.05930986263484775,False
PTRN,10,2025-10-02,2025-10-03,2025-10-31,2025,-0.2450115035812693,-0.07992827094736507,-0.05930986263484775,False
PTRN,15,2025-10-09,2025-10-10,2025-11-07,2025,-0.2569577791221508,-0.05714976900630323,-0.05930986263484775,True
PTRN,20,2025-10-16,2025-10-17,2025-11-14,2025,-0.2750980308269122,-0.07979633505686419,-0.05930986263484775,False
PXED,2,2025-10-10,2025-10-13,2025-11-10,2025,0.1110314919836967,-0.006908805036628222,-0.05930986263484775,True
SAIL,2,2025-02-14,2025-02-18,2025-03-18,2025,0.0604215472777113,-0.014092648803465342,-0.05930986263484775,True
SAIL,5,2025-02-20,2025-02-21,2025-03-21,2025,0.0319189225727676,-0.01499901244774583,-0.05930986263484775,True
SAIL,10,2025-02-27,2025-02-28,2025-03-28,2025,0.0606777778662282,0.004620528352137531,-0.05930986263484775,True
SAIL,15,2025-03-06,2025-03-07,2025-04-04,2025,0.0829560935270319,-0.010341832205440564,-0.05930986263484775,True
SAIL,20,2025-03-13,2025-03-14,2025-04-11,2025,-0.0675290666864965,0.01408119422352763,-0.05930986263484775,True
SFD,2,2025-01-29,2025-01-30,2025-02-28,2025,-0.0598544447461602,-0.026590780438745337,-0.05930986263484775,True
SFD,5,2025-02-03,2025-02-04,2025-03-05,2025,-0.0010592267929305,-0.012535022151405475,-0.05930986263484775,True
SFD,10,2025-02-10,2025-02-11,2025-03-12,2025,-0.0583405315665442,-0.0453168954971084,-0.05930986263484775,True
SFD,15,2025-02-18,2025-02-19,2025-03-19,2025,0.011829199103685,-0.03123208087878485,-0.05930986263484775,True
SFD,20,2025-02-25,2025-02-26,2025-03-26,2025,0.042256209733866,-0.02312465881082457,-0.05930986263484775,True
SI,2,2025-08-01,2025-08-04,2025-09-02,2025,-0.1141754456461865,-0.06071096208916953,-0.05930986263484775,False
SION,2,2025-02-10,2025-02-11,2025-03-12,2025,0.1050841068320113,-0.06959207357070804,-0.05930986263484775,False
SLDE,2,2025-06-20,2025-06-23,2025-07-22,2025,0.2374656062447425,-0.002696102027196704,-0.05930986263484775,True
SLDE,5,2025-06-25,2025-06-26,2025-07-25,2025,0.0820383953544609,-0.024246306367713837,-0.05930986263484775,True
SLDE,10,2025-07-02,2025-07-03,2025-08-01,2025,0.0755738306155645,-0.037144649951059656,-0.05930986263484775,True
SLDE,15,2025-07-10,2025-07-11,2025-08-08,2025,0.0654671295290016,-0.009780143799923374,-0.05930986263484775,True
SLDE,20,2025-07-17,2025-07-18,2025-08-15,2025,0.1968313875244793,0.013273721985247892,-0.05930986263484775,True
SMA,2,2025-04-03,2025-04-04,2025-05-05,2025,-0.0165190315033616,-0.0035835543791028794,-0.05930986263484775,True
SMA,5,2025-04-08,2025-04-09,2025-05-08,2025,-0.0080504159954123,-0.010716378403459991,-0.05930986263484775,True
SMA,10,2025-04-15,2025-04-16,2025-05-15,2025,0.0162408636171154,-0.02292938708439043,-0.05930986263484775,True
SMA,15,2025-04-23,2025-04-24,2025-05-22,2025,-0.0827585668686264,-0.044005007668656275,-0.05930986263484775,True
SMA,20,2025-04-30,2025-05-01,2025-05-30,2025,-0.0416023273035944,-0.028339668691737808,-0.05930986263484775,True
STUB,2,2025-09-18,2025-09-19,2025-10-17,2025,0.136644068793383,0.03818041406507364,-0.05930986263484775,True
STUB,5,2025-09-23,2025-09-24,2025-10-22,2025,-0.0831803326185558,0.06442787133276924,-0.05930986263484775,True
STUB,10,2025-09-30,2025-10-01,2025-10-29,2025,-0.14330707478609,0.012913285328343342,-0.05930986263484775,True
STUB,15,2025-10-07,2025-10-08,2025-11-05,2025,-0.0567717947719687,0.0785295040776615,-0.05930986263484775,True
STUB,20,2025-10-14,2025-10-15,2025-11-12,2025,-0.0251867714670676,0.06851678701329737,-0.05930986263484775,True
TTAM,2,2025-02-10,2025-02-11,2025-03-12,2025,0.0397118526974579,-0.029352947360548838,-0.05930986263484775,True
TTAM,5,2025-02-13,2025-02-14,2025-03-17,2025,0.0207904515936558,-0.06378988875447993,-0.05930986263484775,False
TTAM,10,2025-02-21,2025-02-24,2025-03-24,2025,0.0585115797465193,-0.02667145827418681,-0.05930986263484775,True
TTAM,15,2025-02-28,2025-03-03,2025-03-31,2025,0.0809606243105247,-0.030023690080482748,-0.05930986263484775,True
TTAM,20,2025-03-07,2025-03-10,2025-04-07,2025,0.1413459628179642,-0.005084143476783026,-0.05930986263484775,True
TTAN,15,2025-01-03,2025-01-06,2025-02-05,2025,0.0224653197170196,-0.07642331947153529,-0.05930986263484775,False
TTAN,20,2025-01-13,2025-01-14,2025-02-12,2025,-0.0180520277652859,-0.061272591316711734,-0.05930986263484775,False
VIA,2,2025-09-15,2025-09-16,2025-10-14,2025,0.0721962719930561,0.017503638398707867,-0.05930986263484775,True
VIA,5,2025-09-18,2025-09-19,2025-10-17,2025,-0.0006153195352291,0.006858363691132161,-0.05930986263484775,True
VIA,10,2025-09-25,2025-09-26,2025-10-24,2025,-0.0449240582508834,-0.002499547418218936,-0.05930986263484775,True
VIA,15,2025-10-02,2025-10-03,2025-10-31,2025,-0.1414200898884706,-0.05348461052020049,-0.05930986263484775,True
VIA,20,2025-10-09,2025-10-10,2025-11-07,2025,-0.1334515960531433,-0.03139171345734208,-0.05930986263484775,True
VOYG,2,2025-06-12,2025-06-13,2025-07-15,2025,0.2117876995385102,-0.009071706582173896,-0.05930986263484775,True
VOYG,5,2025-06-17,2025-06-18,2025-07-18,2025,0.1910004046756728,-0.03227618196374966,-0.05930986263484775,True
VOYG,10,2025-06-25,2025-06-26,2025-07-25,2025,0.0778325348314926,-0.0713372009703765,-0.05930986263484775,False
VOYG,15,2025-07-02,2025-07-03,2025-08-01,2025,-0.0116231491420343,-0.10421612185914188,-0.05930986263484775,False
VOYG,20,2025-07-10,2025-07-11,2025-08-08,2025,0.2712571838449837,-0.04220489509804892,-0.05930986263484775,True
WBI,2,2025-09-18,2025-09-19,2025-10-17,2025,-0.0840780616285668,-0.009047808552488934,-0.05930986263484775,True
WBI,5,2025-09-23,2025-09-24,2025-10-22,2025,-0.0417834447736042,-0.016993412822262702,-0.05930986263484775,True
WBI,10,2025-09-30,2025-10-01,2025-10-29,2025,0.0934026887885691,-0.028513822307343766,-0.05930986263484775,True
WBI,15,2025-10-07,2025-10-08,2025-11-05,2025,0.0679738399669351,-0.030292457383738237,-0.05930986263484775,True
WBI,20,2025-10-14,2025-10-15,2025-11-12,2025,0.0067197483637592,-0.03031839749630613,-0.05930986263484775,True
WLTH,2,2025-12-16,2025-12-17,2026-01-16,2025,0.2539317301204207,0.07215503964693862,-0.05930986263484775,True
WLTH,5,2025-12-19,2025-12-22,2026-01-22,2025,0.2772619010277791,0.03544258665388235,-0.05930986263484775,True
WLTH,10,2025-12-29,2025-12-30,2026-01-29,2025,0.3222781910430358,0.027381550100655242,-0.05930986263484775,True
WYFI,2,2025-08-08,2025-08-11,2025-09-09,2025,-0.2091487861373217,0.07588728176105472,-0.05930986263484775,True
WYFI,5,2025-08-13,2025-08-14,2025-09-12,2025,-0.2282031901750611,0.06911792594946205,-0.05930986263484775,True
WYFI,10,2025-08-20,2025-08-21,2025-09-19,2025,-0.5680274400388142,0.05002891700654154,-0.05930986263484775,True
WYFI,15,2025-08-27,2025-08-28,2025-09-26,2025,-0.3151506287300416,0.05088983303355358,-0.05930986263484775,True
WYFI,20,2025-09-04,2025-09-05,2025-10-03,2025,-0.918545237279736,0.03154472190686241,-0.05930986263484775,True
XZO,2,2025-11-06,2025-11-07,2025-12-08,2025,0.1030224259651117,0.0018699541514392852,-0.05930986263484775,True
XZO,5,2025-11-11,2025-11-12,2025-12-11,2025,-0.06837454569229,0.004360838747162614,-0.05930986263484775,True
XZO,10,2025-11-18,2025-11-19,2025-12-18,2025,-0.2623142179920635,-0.05641447371078542,-0.05930986263484775,True
YB,2,2025-05-01,2025-05-02,2025-06-02,2025,0.0549178367179602,0.03543994365155952,-0.05930986263484775,True
YDDL,2,2025-10-10,2025-10-13,2025-11-10,2025,0.1891335982660385,0.08932644829836286,-0.05930986263484775,True
AADX,2,2026-06-04,2026-06-05,2026-07-07,2026,-0.2946866218105973,-0.012585074897746724,-0.07370162934475688,True
AADX,5,2026-06-09,2026-06-10,2026-07-10,2026,-0.0708105516429278,-0.012585074897746724,-0.07370162934475688,True
AADX,10,2026-06-16,2026-06-17,2026-07-17,2026,0.1728242219292302,-0.00473698812804964,-0.07370162934475688,True
AADX,15,2026-06-24,2026-06-25,2026-07-24,2026,-0.0227706693584046,-0.013436069392467253,-0.07370162934475688,True
AADX,20,2026-07-01,2026-07-02,2026-07-31,2026,0.1916779769121308,-0.020821698114689008,-0.07370162934475688,True
AGBK,2,2026-02-12,2026-02-13,2026-03-16,2026,0.0117167607543038,-0.008435962583681776,-0.07370162934475688,True
AGBK,5,2026-02-18,2026-02-19,2026-03-19,2026,0.0913591928684741,-0.059386482127779326,-0.07370162934475688,True
AGBK,10,2026-02-25,2026-02-26,2026-03-26,2026,0.2577264789836814,-0.05766889293061104,-0.07370162934475688,True
AGBK,15,2026-03-04,2026-03-05,2026-04-02,2026,0.2648179374112902,-0.05981613798451404,-0.07370162934475688,True
AGBK,20,2026-03-11,2026-03-12,2026-04-10,2026,0.293604367479549,-0.02384428307949608,-0.07370162934475688,True
AGMB,2,2026-02-09,2026-02-10,2026-03-11,2026,0.0243263025714889,-0.06378766706077113,-0.07370162934475688,True
AKTS,2,2026-01-12,2026-01-13,2026-02-11,2026,0.1816007181052582,0.0686820748291815,-0.07370162934475688,True
AKTS,5,2026-01-15,2026-01-16,2026-02-17,2026,0.0475124966909285,-0.024609967880248693,-0.07370162934475688,True
AKTS,10,2026-01-23,2026-01-26,2026-02-24,2026,0.0414893988187388,0.05835227559104349,-0.07370162934475688,True
AKTS,15,2026-01-30,2026-02-02,2026-03-03,2026,-0.0691874374584676,-0.05279293611821346,-0.07370162934475688,True
AKTS,20,2026-02-06,2026-02-09,2026-03-10,2026,-0.0817370913922295,-0.02167823530660476,-0.07370162934475688,True
ALMR,2,2026-04-20,2026-04-21,2026-05-19,2026,0.073678658258962,-0.021749657333636773,-0.07370162934475688,True
ALMR,5,2026-04-23,2026-04-24,2026-05-22,2026,0.2239658145452146,-0.06900580894628543,-0.07370162934475688,True
ALMR,10,2026-04-30,2026-05-01,2026-06-01,2026,0.2338326532440296,-0.02410856799113244,-0.07370162934475688,True
ALMR,15,2026-05-07,2026-05-08,2026-06-08,2026,0.1507093695958533,-0.039210377652039406,-0.07370162934475688,True
ALMR,20,2026-05-14,2026-05-15,2026-06-15,2026,0.060934095495666,-0.040208055456864164,-0.07370162934475688,True
ANDG,10,2025-12-31,2026-01-02,2026-02-02,2026,0.1253523176981262,-0.008099379173620653,-0.07370162934475688,True
ANDG,15,2026-01-08,2026-01-09,2026-02-09,2026,0.0952873354428009,-0.02026350116624284,-0.07370162934475688,True
ANDG,20,2026-01-15,2026-01-16,2026-02-17,2026,0.0218619277799588,-0.009343378763993734,-0.07370162934475688,True
APC,2,2026-02-13,2026-02-17,2026-03-17,2026,-0.1002582764357848,-0.044112459219996895,-0.07370162934475688,True
APC,5,2026-02-19,2026-02-20,2026-03-20,2026,-0.0568415110014865,-0.05113068443561247,-0.07370162934475688,True
ARXS,2,2026-04-17,2026-04-20,2026-05-18,2026,0.1381804106219032,-0.020475334761586302,-0.07370162934475688,True
ARXS,5,2026-04-22,2026-04-23,2026-05-21,2026,0.0863765030601518,-0.02240814844136706,-0.07370162934475688,True
ARXS,10,2026-04-29,2026-04-30,2026-05-29,2026,-0.2258096813680554,-0.03789925460574432,-0.07370162934475688,True
ARXS,15,2026-05-06,2026-05-07,2026-06-05,2026,-0.1569742948635483,0.004909126642430201,-0.07370162934475688,True
ARXS,20,2026-05-13,2026-05-14,2026-06-12,2026,-0.1887052908039081,-0.03543760843605675,-0.07370162934475688,True
AVEX,2,2026-04-20,2026-04-21,2026-05-19,2026,0.3213193188329946,0.04838155713768682,-0.07370162934475688,True
AVEX,5,2026-04-23,2026-04-24,2026-05-22,2026,0.1884646063744031,-0.020637833192680442,-0.07370162934475688,True
AVEX,10,2026-04-30,2026-05-01,2026-06-01,2026,-0.2478370798309601,-0.0865166726852054,-0.07370162934475688,False
AVEX,15,2026-05-07,2026-05-08,2026-06-08,2026,0.0103236723160775,-0.1310498221355666,-0.07370162934475688,False
AVEX,20,2026-05-14,2026-05-15,2026-06-15,2026,0.0459311116735754,-0.10432316826855555,-0.07370162934475688,False
AVLN,2,2026-05-01,2026-05-04,2026-06-02,2026,0.2001126436086869,-0.06450964229207035,-0.07370162934475688,True
AVLN,5,2026-05-06,2026-05-07,2026-06-05,2026,-0.0125365593832761,-0.11696849500096626,-0.07370162934475688,False
AVLN,10,2026-05-13,2026-05-14,2026-06-12,2026,-0.0097045130185498,-0.06923707068027056,-0.07370162934475688,True
AVLN,15,2026-05-20,2026-05-21,2026-06-22,2026,-0.2209184513224305,-0.12073585610051193,-0.07370162934475688,False
AVLN,20,2026-05-28,2026-05-29,2026-06-29,2026,-0.1318424153971732,-0.13228502703928585,-0.07370162934475688,False
BOBS,2,2026-02-06,2026-02-09,2026-03-10,2026,-0.1011108530062549,-0.020708495456211732,-0.07370162934475688,True
BOBS,5,2026-02-11,2026-02-12,2026-03-13,2026,0.0920216366132007,-0.011448517189797457,-0.07370162934475688,True
BOBS,10,2026-02-19,2026-02-20,2026-03-20,2026,0.2896468069485193,-0.018186410416909805,-0.07370162934475688,True
BOBS,15,2026-02-26,2026-02-27,2026-03-27,2026,0.4529275434458075,-0.02887245640376534,-0.07370162934475688,True
BOBS,20,2026-03-05,2026-03-06,2026-04-06,2026,0.3314980367621252,-0.023045732792444606,-0.07370162934475688,True
BTGO,2,2026-01-23,2026-01-26,2026-02-24,2026,0.3049523893021608,-0.012252690620920602,-0.07370162934475688,True
BTGO,5,2026-01-28,2026-01-29,2026-02-27,2026,0.1931734466135548,-0.0732606149789853,-0.07370162934475688,True
BTGO,10,2026-02-04,2026-02-05,2026-03-06,2026,-0.0443713937202956,-0.09813423108258867,-0.07370162934475688,False
BTGO,15,2026-02-11,2026-02-12,2026-03-13,2026,-0.1911759547356744,-0.035568966149061305,-0.07370162934475688,True
BTGO,20,2026-02-19,2026-02-20,2026-03-20,2026,-0.0995164191743465,-0.02388148788712751,-0.07370162934475688,True
BXDC,2,2026-05-15,2026-05-18,2026-06-16,2026,-0.080358355632962,-0.004586015158410029,-0.07370162934475688,True
BXDC,5,2026-05-20,2026-05-21,2026-06-22,2026,0.0183321767372566,0.002525644120375268,-0.07370162934475688,True
BXDC,10,2026-05-28,2026-05-29,2026-06-29,2026,-0.0308510496005203,-0.009782716642674223,-0.07370162934475688,True
BXDC,15,2026-06-04,2026-06-05,2026-07-07,2026,0.0153979462503976,-0.01283582171141912,-0.07370162934475688,True
BXDC,20,2026-06-11,2026-06-12,2026-07-14,2026,0.0443535811226087,-0.013119173016815597,-0.07370162934475688,True
CBRS,2,2026-05-15,2026-05-18,2026-06-16,2026,0.2673257352506278,0.11035724433122851,-0.07370162934475688,True
CBRS,5,2026-05-20,2026-05-21,2026-06-22,2026,0.2225628936267444,0.04627589792543974,-0.07370162934475688,True
CBRS,10,2026-05-28,2026-05-29,2026-06-29,2026,0.0684195225570082,0.02955753716874675,-0.07370162934475688,True
CBRS,15,2026-06-04,2026-06-05,2026-07-07,2026,0.1203091074514408,-0.026827675314941343,-0.07370162934475688,True
CBRS,20,2026-06-11,2026-06-12,2026-07-14,2026,0.095150860771187,0.008101991462579963,-0.07370162934475688,True
CDNL,15,2025-12-31,2026-01-02,2026-02-02,2026,-0.0462341731731584,-0.07171071920781233,-0.07370162934475688,True
CDNL,20,2026-01-08,2026-01-09,2026-02-09,2026,-0.1609554900080158,-0.07452700889958372,-0.07370162934475688,False
COAG,2,2026-05-04,2026-05-05,2026-06-03,2026,-0.0654673952837022,-0.034740389377386105,-0.07370162934475688,True
COAG,5,2026-05-07,2026-05-08,2026-06-08,2026,-0.0154582915635357,-0.026048963989571076,-0.07370162934475688,True
COAG,10,2026-05-14,2026-05-15,2026-06-15,2026,0.113112191139327,-0.008970804669864694,-0.07370162934475688,True
COAG,15,2026-05-21,2026-05-22,2026-06-23,2026,-0.1912798437618277,-0.009922549619674934,-0.07370162934475688,True
DPC,2,2026-06-26,2026-06-29,2026-07-28,2026,0.012354753849984,-0.01713169628834125,-0.07370162934475688,True
DPC,5,2026-07-01,2026-07-02,2026-07-31,2026,0.0086958795491325,-0.016128862529607556,-0.07370162934475688,True
EIKN,2,2026-02-06,2026-02-09,2026-03-10,2026,0.0613766395046762,-0.038751540917308945,-0.07370162934475688,True
EIKN,5,2026-02-11,2026-02-12,2026-03-13,2026,0.1105139655544884,-0.04423386758850732,-0.07370162934475688,True
EIKN,10,2026-02-19,2026-02-20,2026-03-20,2026,0.1554136007613889,-0.04093334523909258,-0.07370162934475688,True
EIKN,15,2026-02-26,2026-02-27,2026-03-27,2026,0.2086713650360825,-0.05448629674623415,-0.07370162934475688,True
EIKN,20,2026-03-05,2026-03-06,2026-04-06,2026,0.2946398409861369,-0.040665506884482734,-0.07370162934475688,True
ELMT,2,2026-04-24,2026-04-27,2026-05-26,2026,0.0893290429629649,-0.0205331488903679,-0.07370162934475688,True
ELMT,5,2026-04-29,2026-04-30,2026-05-29,2026,0.1224192198248049,-0.015291989991273448,-0.07370162934475688,True
ELMT,10,2026-05-06,2026-05-07,2026-06-05,2026,-0.1224065188067849,-0.026703766500097748,-0.07370162934475688,True
ELMT,15,2026-05-13,2026-05-14,2026-06-12,2026,-0.2496970065368166,-0.009920903623797741,-0.07370162934475688,True
ELMT,20,2026-05-20,2026-05-21,2026-06-22,2026,-0.3771643226661236,-0.04591597772646985,-0.07370162934475688,True
EQPT,2,2026-01-26,2026-01-27,2026-02-25,2026,-0.001580066911894,-0.08493616978161596,-0.07370162934475688,False
EQPT,5,2026-01-29,2026-01-30,2026-03-02,2026,-0.0179026822184681,-0.09034828981220527,-0.07370162934475688,False
EQPT,10,2026-02-05,2026-02-06,2026-03-09,2026,0.0882346212465226,-0.07034895899956162,-0.07370162934475688,True
EQPT,15,2026-02-12,2026-02-13,2026-03-16,2026,0.1640833892237083,-0.08713823473922228,-0.07370162934475688,False
EQPT,20,2026-02-20,2026-02-23,2026-03-23,2026,0.2783275766618047,-0.06894223905824799,-0.07370162934475688,True
EROC,2,2026-06-11,2026-06-12,2026-07-14,2026,0.3099380890111454,0.03207087905319754,-0.07370162934475688,True
EROC,5,2026-06-16,2026-06-17,2026-07-17,2026,0.2494016256722597,0.03196407599575439,-0.07370162934475688,True
EROC,10,2026-06-24,2026-06-25,2026-07-24,2026,0.2607454238989009,0.018786320973831084,-0.07370162934475688,True
EROC,15,2026-07-01,2026-07-02,2026-07-31,2026,0.2984851606889294,0.02897622928022077,-0.07370162934475688,True
EROK,2,2026-05-15,2026-05-18,2026-06-16,2026,0.0560715597911852,-0.03157974020021334,-0.07370162934475688,True
EROK,5,2026-05-20,2026-05-21,2026-06-22,2026,0.0665997064589237,-0.040310776023461184,-0.07370162934475688,True
EROK,10,2026-05-28,2026-05-29,2026-06-29,2026,-0.0246651658069546,-0.051221797229455364,-0.07370162934475688,True
EROK,15,2026-06-04,2026-06-05,2026-07-07,2026,0.0238798973971329,-0.057266567047629835,-0.07370162934475688,True
EROK,20,2026-06-11,2026-06-12,2026-07-14,2026,-0.0503623270171336,-0.025022737081090745,-0.07370162934475688,True
FCBM,2,2026-06-22,2026-06-23,2026-07-22,2026,0.0066889105321404,-0.053890924500976566,-0.07370162934475688,True
FISN,2,2026-06-22,2026-06-23,2026-07-22,2026,0.0356005791651607,0.0836703447483129,-0.07370162934475688,True
FISN,5,2026-06-25,2026-06-26,2026-07-27,2026,0.0482331797902906,-0.039243690715403935,-0.07370162934475688,True
FPS,2,2026-02-06,2026-02-09,2026-03-10,2026,-0.1068118530446779,0.021883730949625275,-0.07370162934475688,True
FPS,5,2026-02-11,2026-02-12,2026-03-13,2026,-0.0307798596116041,0.021883730949625275,-0.07370162934475688,True
FPS,10,2026-02-19,2026-02-20,2026-03-20,2026,-0.0697661008322255,0.017992139005906845,-0.07370162934475688,True
FPS,15,2026-02-26,2026-02-27,2026-03-27,2026,-0.1571890793251347,-0.005293527274742954,-0.07370162934475688,True
FPS,20,2026-03-05,2026-03-06,2026-04-06,2026,-0.0080550374188539,-0.012731601033347511,-0.07370162934475688,True
FRBT,2,2026-06-12,2026-06-15,2026-07-15,2026,-0.0670535806554813,-0.023840009987136895,-0.07370162934475688,True
FRVO,2,2026-05-14,2026-05-15,2026-06-15,2026,0.0515579387023151,-0.023484109420126967,-0.07370162934475688,True
FRVO,5,2026-05-19,2026-05-20,2026-06-18,2026,0.0683922766300842,-0.03190267574180378,-0.07370162934475688,True
FRVO,10,2026-05-27,2026-05-28,2026-06-26,2026,0.0568948476777125,-0.03916548472656133,-0.07370162934475688,True
FRVO,15,2026-06-03,2026-06-04,2026-07-06,2026,0.2617013236618051,-0.025873713762232523,-0.07370162934475688,True
FRVO,20,2026-06-10,2026-06-11,2026-07-13,2026,0.231695731137545,-0.03551754857932586,-0.07370162934475688,True
GENB,2,2026-03-02,2026-03-03,2026-03-31,2026,-0.0965162348036883,0.0003120848606636688,-0.07370162934475688,True
GENB,5,2026-03-05,2026-03-06,2026-04-06,2026,-0.0441952488876818,-0.016642028213127262,-0.07370162934475688,True
GENB,10,2026-03-12,2026-03-13,2026-04-13,2026,0.0482225606199333,-0.009027285956390092,-0.07370162934475688,True
GENB,15,2026-03-19,2026-03-20,2026-04-20,2026,0.0303772176365069,-0.06190797341456836,-0.07370162934475688,True
GENB,20,2026-03-26,2026-03-27,2026-04-27,2026,0.0629975473201207,-0.008743934650993615,-0.07370162934475688,True
GMRS,2,2026-05-14,2026-05-15,2026-06-15,2026,0.1212237502242228,-0.01074399383293557,-0.07370162934475688,True
GMRS,5,2026-05-19,2026-05-20,2026-06-18,2026,-0.0623951404646452,0.02559312711324502,-0.07370162934475688,True
GMRS,10,2026-05-27,2026-05-28,2026-06-26,2026,-0.2891047489824678,0.0034389475466326124,-0.07370162934475688,True
GMRS,15,2026-06-03,2026-06-04,2026-07-06,2026,-0.4046450166120796,-0.01742706845095373,-0.07370162934475688,True
GMRS,20,2026-06-10,2026-06-11,2026-07-13,2026,-0.1192988921252506,-0.003665481565318788,-0.07370162934475688,True
GMTL,2,2026-03-23,2026-03-24,2026-04-22,2026,-0.3144804784690567,0.029321215244346867,-0.07370162934475688,True
GMTL,5,2026-03-26,2026-03-27,2026-04-27,2026,-0.1119265931129024,0.01922975408365677,-0.07370162934475688,True
HAWK,2,2026-05-08,2026-05-11,2026-06-09,2026,0.2258770112645007,-0.024123739904787927,-0.07370162934475688,True
HAWK,5,2026-05-13,2026-05-14,2026-06-12,2026,0.2685625097706735,-0.024123739904787927,-0.07370162934475688,True
HAWK,10,2026-05-20,2026-05-21,2026-06-22,2026,0.2590395983640103,-0.009729865416264678,-0.07370162934475688,True
HAWK,15,2026-05-28,2026-05-29,2026-06-29,2026,0.2738926794342035,0.0163181633107877,-0.07370162934475688,True
HAWK,20,2026-06-04,2026-06-05,2026-07-07,2026,0.207728459869527,-0.012338998151729954,-0.07370162934475688,True
HMH,2,2026-04-02,2026-04-06,2026-05-04,2026,-0.0704765145488568,-0.048034425895307695,-0.07370162934475688,True
HMH,5,2026-04-08,2026-04-09,2026-05-07,2026,-0.1989167196037673,-0.03170231935811544,-0.07370162934475688,True
HMH,10,2026-04-15,2026-04-16,2026-05-14,2026,-0.1147144441226328,-0.017498663961931678,-0.07370162934475688,True
HMH,15,2026-04-22,2026-04-23,2026-05-21,2026,-0.1288768517191867,-0.052536029231502364,-0.07370162934475688,True
HMH,20,2026-04-29,2026-04-30,2026-05-29,2026,-0.0092440486505197,-0.06453578062993504,-0.07370162934475688,True
INIO,2,2026-06-09,2026-06-10,2026-07-10,2026,0.0128366455376421,0.03708515145255408,-0.07370162934475688,True
INIO,5,2026-06-12,2026-06-15,2026-07-15,2026,0.0599999526546382,0.05137535637763048,-0.07370162934475688,True
INIO,10,2026-06-22,2026-06-23,2026-07-22,2026,0.2776763771441076,0.052793122434027374,-0.07370162934475688,True
INIO,15,2026-06-29,2026-06-30,2026-07-29,2026,0.3561322053591772,0.07014388945327309,-0.07370162934475688,True
JAN,2,2026-03-23,2026-03-24,2026-04-22,2026,0.0766847996494103,-0.022256401604324207,-0.07370162934475688,True
JAN,5,2026-03-26,2026-03-27,2026-04-27,2026,0.0656625988146204,-0.026220087277474637,-0.07370162934475688,True
JAN,10,2026-04-02,2026-04-06,2026-05-04,2026,0.0137076041485817,-0.04096486929429632,-0.07370162934475688,True
JAN,15,2026-04-10,2026-04-13,2026-05-11,2026,-0.1188198436966898,-0.045203051105333805,-0.07370162934475688,True
JAN,20,2026-04-17,2026-04-20,2026-05-18,2026,-0.0298860502611889,-0.03898939034865013,-0.07370162934475688,True
KARD,2,2026-06-22,2026-06-23,2026-07-22,2026,0.0014248766090318,0.05577984265195892,-0.07370162934475688,True
KARD,5,2026-06-25,2026-06-26,2026-07-27,2026,0.0362845764140617,0.03297755569468957,-0.07370162934475688,True
KLRA,2,2026-04-20,2026-04-21,2026-05-19,2026,0.2320541381512199,-0.038283128001522095,-0.07370162934475688,True
KLRA,5,2026-04-23,2026-04-24,2026-05-22,2026,0.1883201925466407,-0.044403860330152374,-0.07370162934475688,True
KLRA,10,2026-04-30,2026-05-01,2026-06-01,2026,0.123399662395904,-0.05882184950334298,-0.07370162934475688,True
KLRA,15,2026-05-07,2026-05-08,2026-06-08,2026,0.0993468476529071,-0.059438596019250924,-0.07370162934475688,True
KLRA,20,2026-05-14,2026-05-15,2026-06-15,2026,0.0440621796589892,-0.03433178794310961,-0.07370162934475688,True
LCLN,2,2026-05-21,2026-05-22,2026-06-23,2026,-0.0635770478651664,-0.018654823094054123,-0.07370162934475688,True
LCLN,5,2026-05-27,2026-05-28,2026-06-26,2026,-0.1580447362588158,-0.02883792747104768,-0.07370162934475688,True
LCLN,10,2026-06-03,2026-06-04,2026-07-06,2026,-0.0391330451535059,-0.03475054863920546,-0.07370162934475688,True
LCLN,15,2026-06-10,2026-06-11,2026-07-13,2026,0.1035360869630835,0.005230212303408781,-0.07370162934475688,True
LCLN,20,2026-06-17,2026-06-18,2026-07-20,2026,0.0344934096646081,-0.040044096070629615,-0.07370162934475688,True
LFTO,2,2026-06-05,2026-06-08,2026-07-08,2026,0.1041125331735676,-0.09775657344855138,-0.07370162934475688,False
LFTO,5,2026-06-10,2026-06-11,2026-07-13,2026,0.0394327320928844,-0.0898934030407495,-0.07370162934475688,False
LFTO,10,2026-06-17,2026-06-18,2026-07-20,2026,0.0442473964500584,-0.09185666614031361,-0.07370162934475688,False
LFTO,15,2026-06-25,2026-06-26,2026-07-27,2026,0.0909840779172737,-0.13152841116888145,-0.07370162934475688,False
LIFE,2,2026-01-30,2026-02-02,2026-03-03,2026,0.1143816061071843,-0.0163546308507979,-0.07370162934475688,True
LIFE,5,2026-02-04,2026-02-05,2026-03-06,2026,-0.0513677722068188,-0.03305804911515553,-0.07370162934475688,True
LIFE,10,2026-02-11,2026-02-12,2026-03-13,2026,-0.2767279186003699,-0.13216381312589645,-0.07370162934475688,False
LMRI,15,2026-01-02,2026-01-05,2026-02-03,2026,0.3070282156573022,-0.02430726811293111,-0.07370162934475688,True
LMRI,20,2026-01-09,2026-01-12,2026-02-10,2026,0.1520767767562009,-0.03149792769433406,-0.07370162934475688,True
MAIR,2,2026-04-17,2026-04-20,2026-05-18,2026,-0.1713186574903984,-0.01775554424627369,-0.07370162934475688,True
MAIR,5,2026-04-22,2026-04-23,2026-05-21,2026,-0.0808366981937621,-0.025085691136671397,-0.07370162934475688,True
MAIR,10,2026-04-29,2026-04-30,2026-05-29,2026,-0.1483119319311038,-0.013113396854875998,-0.07370162934475688,True
MAIR,15,2026-05-06,2026-05-07,2026-06-05,2026,-0.0148740258991053,-0.03668812157942582,-0.07370162934475688,True
MAIR,20,2026-05-13,2026-05-14,2026-06-12,2026,0.0514119695088839,-0.02722030078134724,-0.07370162934475688,True
MANE,2,2026-02-05,2026-02-06,2026-03-09,2026,-0.4305736917863125,-0.06925558462562151,-0.07370162934475688,True
MANE,5,2026-02-10,2026-02-11,2026-03-12,2026,-0.3751065381070938,-0.08286040414153881,-0.07370162934475688,False
MANE,10,2026-02-18,2026-02-19,2026-03-19,2026,-0.2200700128810712,-0.07387917679247177,-0.07370162934475688,False
MANE,15,2026-02-25,2026-02-26,2026-03-26,2026,-0.6745911553270181,-0.09624999192899243,-0.07370162934475688,False
MANE,20,2026-03-04,2026-03-05,2026-04-02,2026,-0.3926756990978888,-0.08050800073316791,-0.07370162934475688,False
MDLN,10,2025-12-31,2026-01-02,2026-02-02,2026,-0.0844028393478024,-0.037983983073727856,-0.07370162934475688,True
MDLN,15,2026-01-08,2026-01-09,2026-02-09,2026,-0.1702734910627571,-0.04402875289190233,-0.07370162934475688,True
MDLN,20,2026-01-15,2026-01-16,2026-02-17,2026,-0.1203015358381774,-0.04322440714275252,-0.07370162934475688,True
MMED,2,2026-03-09,2026-03-10,2026-04-08,2026,0.2171484010916412,0.00733239154741956,-0.07370162934475688,True
MMED,5,2026-03-12,2026-03-13,2026-04-13,2026,0.1409982014094889,0.03232129422393524,-0.07370162934475688,True
MMED,10,2026-03-19,2026-03-20,2026-04-20,2026,0.2853380310027896,0.04945737151622558,-0.07370162934475688,True
MMED,15,2026-03-26,2026-03-27,2026-04-27,2026,0.3651585458485298,-0.015185885295152322,-0.07370162934475688,True
MMED,20,2026-04-02,2026-04-06,2026-05-04,2026,0.3045343556801954,-0.009653304062170732,-0.07370162934475688,True
MOBI,2,2026-05-11,2026-05-12,2026-06-10,2026,-0.1129511205715488,-0.00852944953923165,-0.07370162934475688,True
MWH,2,2026-02-13,2026-02-17,2026-03-17,2026,0.023170533497442,0.01104665199853365,-0.07370162934475688,True
MWH,5,2026-02-19,2026-02-20,2026-03-20,2026,-0.0152956808368842,0.01104665199853365,-0.07370162934475688,True
MWH,10,2026-02-26,2026-02-27,2026-03-27,2026,-0.0680088804052691,-0.009767382929989219,-0.07370162934475688,True
MWH,15,2026-03-05,2026-03-06,2026-04-06,2026,-0.0655621729910051,7.599398943131661e-05,-0.07370162934475688,True
MWH,20,2026-03-12,2026-03-13,2026-04-13,2026,-0.1389706696686124,0.03308590860395085,-0.07370162934475688,True
NHP,2,2026-04-23,2026-04-24,2026-05-22,2026,-0.1390081502414302,-0.027913101319034753,-0.07370162934475688,True
NHP,5,2026-04-28,2026-04-29,2026-05-28,2026,-0.0874112930015194,-0.03166713611462517,-0.07370162934475688,True
NHP,10,2026-05-05,2026-05-06,2026-06-04,2026,-0.0712045723787555,-0.04313044554730678,-0.07370162934475688,True
NHP,15,2026-05-12,2026-05-13,2026-06-11,2026,-0.1026890729392125,-0.047314310172303,-0.07370162934475688,True
NHP,20,2026-05-19,2026-05-20,2026-06-18,2026,0.0276282100953626,-0.03430345639502975,-0.07370162934475688,True
ODTX,2,2026-05-11,2026-05-12,2026-06-10,2026,0.0268170185362252,-0.0382196250343164,-0.07370162934475688,True
ODTX,5,2026-05-14,2026-05-15,2026-06-15,2026,-0.0333924536897251,-0.05857284800835982,-0.07370162934475688,True
ODTX,10,2026-05-21,2026-05-22,2026-06-23,2026,-0.1122835423122272,-0.06394905235826369,-0.07370162934475688,True
ODTX,15,2026-05-29,2026-06-01,2026-06-30,2026,-0.105315498388213,-0.07361092916435502,-0.07370162934475688,True
ODTX,20,2026-06-05,2026-06-08,2026-07-08,2026,0.0304001692072532,-0.1045291673501098,-0.07370162934475688,False
OFRM,2,2026-02-09,2026-02-10,2026-03-11,2026,-0.0428940364262057,0.025742520428440947,-0.07370162934475688,True
OFRM,5,2026-02-12,2026-02-13,2026-03-16,2026,0.0665290018596979,-0.04584020457657386,-0.07370162934475688,True
OFRM,10,2026-02-20,2026-02-23,2026-03-23,2026,0.2028934737498418,-0.04833600195294613,-0.07370162934475688,True
OFRM,15,2026-02-27,2026-03-02,2026-03-30,2026,0.2661174662613397,-0.05226541247245319,-0.07370162934475688,True
OFRM,20,2026-03-06,2026-03-09,2026-04-07,2026,0.1821562975596402,-0.06263827459703068,-0.07370162934475688,True
OPTH,2,2026-05-21,2026-05-22,2026-06-23,2026,0.1809099052844749,-0.08059226940182251,-0.07370162934475688,False
PAYP,2,2026-03-13,2026-03-16,2026-04-14,2026,0.0074909801296282,0.036175783963150625,-0.07370162934475688,True
PAYP,5,2026-03-18,2026-03-19,2026-04-17,2026,-0.0808861890205351,-0.002878233608347844,-0.07370162934475688,True
PAYP,10,2026-03-25,2026-03-26,2026-04-24,2026,0.3063278947727156,0.0007088835294609786,-0.07370162934475688,True
PAYP,15,2026-04-01,2026-04-02,2026-05-01,2026,0.137571826413896,-0.023855861549086,-0.07370162934475688,True
PAYP,20,2026-04-09,2026-04-10,2026-05-08,2026,0.1661477059024263,-0.03075761853492559,-0.07370162934475688,True
PBLS,2,2026-06-11,2026-06-12,2026-07-14,2026,-0.0500360365196963,0.034242976910500614,-0.07370162934475688,True
PBLS,5,2026-06-16,2026-06-17,2026-07-17,2026,-0.0305147443367567,0.005341025184633743,-0.07370162934475688,True
PBLS,10,2026-06-24,2026-06-25,2026-07-24,2026,-0.1777983035187501,-0.0032628621035557187,-0.07370162934475688,True
PBLS,15,2026-07-01,2026-07-02,2026-07-31,2026,-0.253831667936825,-0.005170336229579932,-0.07370162934475688,True
PICS,2,2026-01-30,2026-02-02,2026-03-03,2026,0.154380508449957,0.012547648700898665,-0.07370162934475688,True
PICS,5,2026-02-04,2026-02-05,2026-03-06,2026,0.097664593655151,0.013854243694554104,-0.07370162934475688,True
PICS,10,2026-02-11,2026-02-12,2026-03-13,2026,-0.0964466711602387,-0.02691904287638775,-0.07370162934475688,True
PICS,15,2026-02-19,2026-02-20,2026-03-20,2026,0.0490288715384041,0.032492212620897555,-0.07370162934475688,True
PICS,20,2026-02-26,2026-02-27,2026-03-27,2026,0.1812682837296397,0.020202832502309982,-0.07370162934475688,True
PPHC,2,2026-01-29,2026-01-30,2026-03-02,2026,-0.0381995827896877,-0.036354404766665564,-0.07370162934475688,True
PS,2,2026-04-30,2026-05-01,2026-06-01,2026,-0.2126777996689479,0.03697772596347286,-0.07370162934475688,True
PS,5,2026-05-05,2026-05-06,2026-06-04,2026,-0.1528209524510226,0.01622817089617252,-0.07370162934475688,True
PS,10,2026-05-12,2026-05-13,2026-06-11,2026,0.3227253929308895,-0.0180321459434702,-0.07370162934475688,True
PS,15,2026-05-19,2026-05-20,2026-06-18,2026,0.1634631219546471,-0.06093406207056708,-0.07370162934475688,True
PS,20,2026-05-27,2026-05-28,2026-06-26,2026,0.0338284225504735,-0.028350740817962298,-0.07370162934475688,True
QNT,2,2026-06-05,2026-06-08,2026-07-08,2026,-0.3198450650533426,-0.004113603259896796,-0.07370162934475688,True
QNT,5,2026-06-10,2026-06-11,2026-07-13,2026,-0.2424509364736549,-0.014068070492021911,-0.07370162934475688,True
QNT,10,2026-06-17,2026-06-18,2026-07-20,2026,0.0508809231290878,-0.0359817891661377,-0.07370162934475688,True
QNT,15,2026-06-25,2026-06-26,2026-07-27,2026,0.2092007947658312,-0.025530675462976223,-0.07370162934475688,True
REA,2,2026-05-07,2026-05-08,2026-06-08,2026,0.210221208470145,0.01793278955994573,-0.07370162934475688,True
REA,5,2026-05-12,2026-05-13,2026-06-11,2026,0.3954767655493274,-0.004351389859001105,-0.07370162934475688,True
REA,10,2026-05-19,2026-05-20,2026-06-18,2026,0.2023075022345619,-0.058119040936298445,-0.07370162934475688,True
REA,15,2026-05-27,2026-05-28,2026-06-26,2026,0.2163500383535004,-0.08831630175149659,-0.07370162934475688,False
SBMT,2,2026-05-01,2026-05-04,2026-06-02,2026,0.1784023519653172,-0.009349028884609785,-0.07370162934475688,True
SGP,2,2026-02-09,2026-02-10,2026-03-11,2026,-0.1006989876115582,0.04912810558965454,-0.07370162934475688,True
SHAZ,2,2026-02-19,2026-02-20,2026-03-20,2026,0.1321666318270773,-0.0007978249957525881,-0.07370162934475688,True
SHAZ,5,2026-02-24,2026-02-25,2026-03-25,2026,0.0909566384670034,-0.018668382777676205,-0.07370162934475688,True
SHAZ,10,2026-03-03,2026-03-04,2026-04-01,2026,-0.7224252400754576,-0.06820988833712958,-0.07370162934475688,True
SIND,2,2026-06-29,2026-06-30,2026-07-29,2026,-0.1005601719137794,-0.045361219766487215,-0.07370162934475688,True
SPCX,2,2026-06-15,2026-06-16,2026-07-16,2026,0.3136969554663141,-0.0006825096638050266,-0.07370162934475688,True
SPCX,5,2026-06-18,2026-06-22,2026-07-21,2026,0.2732805900998099,-0.017882392058798064,-0.07370162934475688,True
SPCX,10,2026-06-26,2026-06-29,2026-07-28,2026,0.2418666194220745,-0.056167582533798575,-0.07370162934475688,True
SPTX,2,2026-05-04,2026-05-05,2026-06-03,2026,0.0446743125777919,-0.04074480622722373,-0.07370162934475688,True
SPTX,5,2026-05-07,2026-05-08,2026-06-08,2026,-0.0522506701356848,-0.05415910113837102,-0.07370162934475688,True
SPTX,10,2026-05-14,2026-05-15,2026-06-15,2026,-0.0449219411595096,-0.04372662084793756,-0.07370162934475688,True
SPTX,15,2026-05-21,2026-05-22,2026-06-23,2026,-0.1687486708431916,-0.066733088112503,-0.07370162934475688,True
SPTX,20,2026-05-29,2026-06-01,2026-06-30,2026,-0.2423416258723138,-0.0025930534704085963,-0.07370162934475688,True
SSMR,2,2026-06-05,2026-06-08,2026-07-08,2026,0.1006327666591847,-0.0911997955539218,-0.07370162934475688,False
SSMR,5,2026-06-10,2026-06-11,2026-07-13,2026,0.0572637782860165,-0.09691661348160586,-0.07370162934475688,False
SSMR,10,2026-06-17,2026-06-18,2026-07-20,2026,0.0204687908795925,-0.11610737262020045,-0.07370162934475688,False
SUJA,2,2026-05-08,2026-05-11,2026-06-09,2026,0.0988648274761649,-0.012609330198527304,-0.07370162934475688,True
SUJA,5,2026-05-13,2026-05-14,2026-06-12,2026,0.3524583252328302,0.008539560939252157,-0.07370162934475688,True
SUJA,10,2026-05-20,2026-05-21,2026-06-22,2026,0.4303576858916459,-0.009099826425716656,-0.07370162934475688,True
SUJA,15,2026-05-28,2026-05-29,2026-06-29,2026,0.2829459209690689,0.043613788818350506,-0.07370162934475688,True
SWMR,2,2026-03-18,2026-03-19,2026-04-17,2026,0.4279823418832075,0.09584391120664991,-0.07370162934475688,True
SWMR,5,2026-03-23,2026-03-24,2026-04-22,2026,-0.4049986892531736,0.03738576524339232,-0.07370162934475688,True
SWMR,10,2026-03-30,2026-03-31,2026-04-29,2026,0.3177442857300585,0.06884961535185374,-0.07370162934475688,True
SWMR,15,2026-04-07,2026-04-08,2026-05-06,2026,0.3641957709355854,0.06884961535185374,-0.07370162934475688,True
SWMR,20,2026-04-14,2026-04-15,2026-05-13,2026,0.2933532768771864,-0.01530698376950788,-0.07370162934475688,True
WHK,2,2026-06-10,2026-06-11,2026-07-13,2026,0.0123691264473665,-0.04796794585421875,-0.07370162934475688,True
WHK,5,2026-06-15,2026-06-16,2026-07-16,2026,5.4904872523454246e-05,-0.0552689632795126,-0.07370162934475688,True
WHK,10,2026-06-23,2026-06-24,2026-07-23,2026,0.0112988963185864,-0.05695184575075642,-0.07370162934475688,True
WHK,15,2026-06-30,2026-07-01,2026-07-30,2026,0.0367432228685247,-0.07551160144689928,-0.07370162934475688,False
WLTH,15,2026-01-06,2026-01-07,2026-02-05,2026,0.3351656411512998,-0.053417595627962104,-0.07370162934475688,True
WLTH,20,2026-01-13,2026-01-14,2026-02-12,2026,0.2514163341444053,-0.11395290213811565,-0.07370162934475688,False
XE,2,2026-04-27,2026-04-28,2026-05-27,2026,0.2607215647173764,0.014455047904563865,-0.07370162934475688,True
XE,5,2026-04-30,2026-05-01,2026-06-01,2026,0.2370851409970635,-0.004147103825876068,-0.07370162934475688,True
XE,10,2026-05-07,2026-05-08,2026-06-08,2026,0.242013996357761,-0.002352845733025193,-0.07370162934475688,True
XE,15,2026-05-14,2026-05-15,2026-06-15,2026,0.2793175534615492,-0.009198040508382134,-0.07370162934475688,True
XE,20,2026-05-21,2026-05-22,2026-06-23,2026,0.2004504244651027,-0.007576518854532645,-0.07370162934475688,True
YSS,2,2026-01-30,2026-02-02,2026-03-03,2026,0.241705833891436,0.011021850557498287,-0.07370162934475688,True
YSS,5,2026-02-04,2026-02-05,2026-03-06,2026,0.034791009589145,0.010566170147526185,-0.07370162934475688,True
YSS,10,2026-02-11,2026-02-12,2026-03-13,2026,0.1786756675578998,0.06554549238129198,-0.07370162934475688,True
YSS,15,2026-02-19,2026-02-20,2026-03-20,2026,0.0878906412424678,0.07462244321919446,-0.07370162934475688,True
YSS,20,2026-02-26,2026-02-27,2026-03-27,2026,-0.0653738940672386,0.042324414152841314,-0.07370162934475688,True
YSWY,2,2026-04-23,2026-04-24,2026-05-22,2026,-0.041188381260979,-0.04271295944033853,-0.07370162934475688,True
YSWY,5,2026-04-28,2026-04-29,2026-05-28,2026,0.1557392239851564,-0.03925372424448381,-0.07370162934475688,True
YSWY,10,2026-05-05,2026-05-06,2026-06-04,2026,0.2675191627226148,-0.05041146082150516,-0.07370162934475688,True
YSWY,15,2026-05-12,2026-05-13,2026-06-11,2026,0.0047779757641603,-0.050538570727428525,-0.07370162934475688,True
YSWY,20,2026-05-19,2026-05-20,2026-06-18,2026,0.1021016164939817,-0.03472817625386682,-0.07370162934475688,True
