symbol,event_date,year,event_trading_day,lockup_days,overhang,offer,deal_size,pre_raw,pre_abn,pre_placebo_abn,event_raw,event_abn,event_placebo_abn,post5_raw,post5_abn,post5_placebo_abn,post20_raw,post20_abn,post20_placebo_abn,post40_raw,post40_abn,post40_placebo_abn,around_raw,around_abn,around_placebo_abn,vol_event_ratio,vol_post5_ratio,price_vs_offer_before,price_vs_offer_early,runup_since_day1
AAPG,2025-07-23,2025,124,180.0,,17.25,126356250.0,0.06029603692503582,0.012458063469098501,0.07200978373451106,-0.0274180764938331,-0.035925592865864275,-0.0021221319664621596,-0.02114333970908533,-0.021537530893927292,0.19449045662519404,0.2586666870117187,0.25291382118487293,0.17266824262225988,-0.16631360512566007,-0.20415978363477272,0.1662515109695859,0.1982737114574178,0.18356455486379408,0.40382219498233485,0.38035961272475793,0.4806362378976487,1.2834782254868657,0.026087000750113276,1.2663982331234482
AARD,2025-08-12,2025,124,180.0,2.6318575067934784,16.0,94208000.0,-0.07927333322570718,-0.09705471539784605,0.06732935041784427,-0.0995515421213582,-0.11019756632753008,-0.021984424433372896,0.012948218619009078,0.01742939130237453,-0.08702942653921675,-0.21337267060126852,-0.23275346249476636,0.175057200138391,1.1412498950958252,1.1092050588087459,-0.049876285235579076,-0.2825111862152231,-0.30812767806998764,0.04519698040664255,1.6776109176040654,0.9155103827632807,-0.303125023841858,-0.29187500476837147,-0.2208246476886595
ABCL,2021-06-09,2021,123,180.0,9.996491428571428,20.0,483000000.0,-0.09721722177956382,-0.10760147864068836,-0.07742522505378213,-0.04563648561005451,-0.044144572934498805,0.032986450109708354,-0.03355701476259032,-0.034647946724494005,-0.042113289616574234,-0.1961805676282551,-0.2170519717217505,-0.015885389844825903,-0.15712746917706144,-0.18228294119068256,-0.051689559615699876,-0.25860685359701674,-0.2790672464013493,-0.025991693404515348,4.242550394390885,3.5759567630733278,0.24899997711181632,0.9844999313354488,-0.5758913600153157
ABNB,2021-06-08,2021,123,180.0,0.9227544574047332,68.0,3490000108.0,-0.014813870734116108,-0.01497971770897788,-0.019028919054067117,-0.013157056439594084,-0.013370221927573867,-0.022587297147323326,0.032446802603200764,0.027236960286749712,-0.06762948800518465,-0.05310315999088777,-0.07661423285757096,-0.06341771837830301,0.02560529254470345,0.015201527824937777,-0.14508905444286524,-0.035241994743773875,-0.06430471281553762,-0.1508460832504641,1.888885060000159,1.994699345348386,1.1907353120691635,2.034558913286994,0.02943814739266215
ABOS,2021-12-28,2021,125,180.0,2.8651798865179887,16.0,159999984.0,-0.17412339230353735,-0.21397350995017372,-0.12026355032812963,-0.026354294341038975,-0.025537099016777365,-0.011326477220400144,-0.04210529410419184,-0.04353124390758467,-0.036476970213201065,-0.21821034402791017,-0.12571744477292113,-0.3192114522097371,0.08032130398301685,0.09204315785861816,-0.26445180524879375,-0.27086382508021056,-0.17892231733821207,-0.3565331838959217,1.4243493183334923,3.6320589824260336,-0.5731250047683716,0.014374971389770508,-0.6601990152197877
ABSI,2022-01-18,2022,125,180.0,6.23000176,16.0,200000000.0,-0.2898396154458923,-0.2861307271597874,0.17169189502724835,-0.004518032164821384,0.013191579998868441,0.005107014841106983,-0.025718619192154235,0.02251899715156047,-0.15868460486982683,0.37111798839286547,0.3443497308603858,-0.08254754486839833,-0.04303512092007211,-0.019542606141006447,-0.26885061063785876,0.32981929235784424,0.3698864189464942,-0.22559788826959282,5.27938238946175,7.097302452806421,-0.5850000083446503,-0.32749998569488525,-0.6924502167875302
ABVX,2024-04-17,2024,123,180.0,2.36229324269257,11.6,216913736.0,0.04542224149876173,0.0636143150446633,0.07479368787104468,0.010183338551673637,0.016101577769897957,-0.023404892640412123,0.06787635894583355,0.05816700725736501,0.008423492211585004,-0.12208939535189112,-0.17030772395279903,0.06707589526739333,-0.02365590883283597,-0.04757146285432656,0.14430351058899038,-0.05295314034020471,-0.10508514951784231,0.049887533056057976,0.3558248416414211,0.2555769760396585,0.26982754674451104,-0.07413795076567553,0.7746986992457126
ACCL,2026-04-15,2026,123,180.0,8.928571428571429,4.0,5600000.0,0.034246541787590346,-0.003763699251227104,-0.5223766082885243,-0.03973506169436036,-0.04762605656139929,-0.024821760071901178,0.0,-0.01610140796631132,-0.031623641166597105,-0.00689654492027858,-0.05062480327591412,0.12258910179611415,0.2569443547615333,0.2630738529603093,-0.10083635681770042,-0.04635757197675372,-0.1152599912261969,0.05946073990235923,6.673502871205907,2.8124145474432596,-0.6225000023841858,-0.3100000023841858,-0.627160513740798
ACI,2020-12-23,2020,126,180.0,8.58053506,16.0,800000000.0,-0.0069095261400810015,-0.034269227961497006,0.00671052873368172,-0.016445301833087456,-0.01734394331718403,0.054408758244917754,0.13054660502066895,0.1133798138438582,-0.006654897830167594,0.05745166287059433,0.029341013388498594,-0.00981541800872443,-0.12587413304900608,-0.13396483580674268,-0.04682549499226585,0.17583805560952603,0.12913828197344346,0.039466779638048566,0.9733361880136366,0.914559052538927,-0.011874973773956299,-0.17124998569488525,0.02330101066639978
ACIA,2016-11-09,2016,126,180.0,6.923633333333333,23.0,103500000.0,-0.2091140924714492,-0.2123001860754692,0.911978235057141,0.023692695920370044,0.013090649000609522,-0.026156238470222082,0.046425636811832316,0.03953964826967504,-0.09919996621344307,-0.08546001832220917,-0.11887443491216287,0.06908073075522214,-0.08958214081282201,-0.09540054122541586,-0.37069420688479693,-0.020328052712743627,-0.07189030227914284,-0.06467794738442267,1.596096485514016,1.1615350918855754,2.101304347826087,1.6430434782608696,1.3046849757673669
ACIU,2017-03-22,2017,124,180.0,8.232673666666667,11.0,66000000.0,-0.08983447023991187,-0.07816374546712723,-0.013262000647499605,-0.006926400206489047,-0.009279555821136709,-0.018698769973258478,0.00959020524118448,0.004212048704557159,-0.0930880622864515,-0.14853197567883425,-0.14768287593381046,0.0470575043097714,-0.10750502057315436,-0.11358136950160891,-0.07424206681204992,-0.1463203901427894,-0.153208682787215,-0.07077018821759096,9.50136513866935,2.8533793169516692,0.050000017339532965,0.09545456279407838,-0.26245208791342634
ACMR,2018-05-02,2018,123,180.0,5.351273,5.6,11200000.0,-0.17790416223093808,-0.19404874232077174,0.3491558287642965,0.003952777850025901,0.010670261077048271,0.026792546748894197,0.15649603853256844,0.1325599158092412,0.5571293472941095,0.0817021648567553,0.07635892759736285,0.216819658700252,-0.14319440716223586,-0.14300990951508774,-0.1885082929437002,0.2559291314363128,0.23343690104922277,0.9063157592933211,0.04284879568915147,0.2129455300915406,-0.3976191111973354,-0.7172619615282332,0.6727269116064596
ACOG,2025-05-12,2025,123,180.0,0.7860978353207057,5.75,50000005.0,0.7817745065707473,0.7059805219157516,-0.054516847555017955,0.0026917875354763865,-0.030355599662672095,-0.014933256082355961,0.3422819135597257,0.32193853622867663,0.04724568455905098,-0.09799995422363283,-0.11183544525782085,-0.009913156623463926,0.21951213323189012,0.1818057102200541,0.2843429352332303,0.21399739786812066,0.14535085785529156,0.018857873762888944,0.36001374098248023,2.8828581243558915,0.2921738831893257,0.04347826086956519,0.3035087854321392
ACRS,2016-04-04,2016,123,180.0,2.8815006,11.0,55000000.0,0.18291979747545395,0.14718048706762765,-0.19126440685602586,0.0,0.0032379575433703067,-0.002335511926157219,-0.025365875988471842,-0.014553775491312648,0.03602112820701264,0.02152153728866657,0.0021607056764529897,-0.15658544418084164,-0.021068118980427264,-0.030059776941726457,-0.2541369904442985,-0.004390251345750773,-0.00946469103765768,-0.1303864016285886,0.8434613514827418,0.8527791281801977,0.8636363636363635,1.6490908536044038,0.8552035878866966
ACRV,2023-05-15,2023,124,180.0,1.7628904635761589,12.5,94375000.0,0.6050118884947617,0.6071211721470218,-0.007171229758488162,0.04758366932331737,0.04413360143933365,-0.046488980650221334,-0.08729598882827072,-0.1012908040691336,-0.012568431939499858,-0.05598750642117245,-0.09865804476394835,-0.5753089710210161,0.008237184923179264,-0.0213052366137072,0.33025331365914967,-0.09739773119104278,-0.1583078785398082,-0.6009242496169571,0.3444130127298444,0.2175860443187176,0.07599998474121095,0.42399993896484367,-0.19170671258364136
ACT,2022-03-15,2022,125,180.0,11.23404255319149,19.0,252897600.0,-0.0410835152633966,0.01217896466713475,0.05105228405727835,0.00047082057389813414,-0.021519619300764736,0.016243018216707594,0.05882352941176472,0.003868975660348495,0.0074357561015157,-0.050222184922960045,-0.025088200881917877,-0.004058385730006053,0.052877824819361985,0.15678165027071111,-0.007266397763735055,0.006120577660834403,-0.044934598705884676,0.018704404080439607,0.5769720101781171,0.6976251060220526,0.11789472479569274,0.12421055843955564,0.03660322149232864
ACTU,2025-02-10,2025,124,180.0,5.825584285714286,8.0,22400000.0,0.1012500524520874,0.08211481778526952,0.08213683682011408,-0.006810489983984591,-0.013601701133087674,-0.06436511826138813,-0.13714283534458704,-0.14812078841800014,0.005430780275217706,-0.06092715583126351,0.029949241512411073,-0.019993305801960792,-0.016925297575972498,0.08999651446731649,0.15342107551443362,-0.1952327111357438,-0.12057845882120932,-0.07616366917180895,0.47016791711325473,0.4106228414910087,0.1012500524520874,0.15374994277954102,0.023228893253712135
ACVA,2021-09-20,2021,125,180.0,,25.0,413750000.0,0.06673785534170662,0.06323672180783668,-0.2072585104957223,-0.019018977451091046,-0.0023447920108244924,0.07603667391905089,0.0061223943647579215,-0.01369146134947985,0.0485617114632908,-0.0020283473413520436,-0.012307553112169245,-0.06025653288362198,0.03861789721019249,-0.00664248456014227,-0.119961273798595,-0.015014977173866795,-0.02813235058796737,0.06241059835741969,3.2173606656608276,5.564098162686976,-0.20080001831054684,-0.03599998474121091,-0.36064001464843753
ADAG,2021-08-09,2021,126,180.0,4.735629589339135,19.0,139726000.0,0.2277855763555492,0.21178171569122428,0.011392762616684093,0.07811606101499868,0.07892960563636253,0.0003779452834919983,-0.04102293228475562,-0.05196993041751863,-0.022188594751740176,-0.0844444698757596,-0.09448986491818423,-0.011090673524361216,-0.13956306437787924,-0.09889504129927296,0.19648651704549547,-0.05341759410262259,-0.07368924186566461,-0.033501964996215605,0.6553245116572148,0.2772526780088217,-0.08368421855725738,-0.22210527721204254,-0.41947315837665355
ADCT,2020-11-11,2020,125,180.0,4.625913764672478,19.0,232666989.0,-0.01269271628001889,-0.02386000730787019,-0.2679771663684978,0.061218246467522386,0.05378969370699793,0.03317588468690147,-0.03374670408818503,-0.03265321533456289,0.12101264680398627,0.011044744235366055,-0.01828615349348639,-0.22059986584021385,-0.052258651124355904,-0.08487117558863821,-0.0827985102616785,0.03673097123342117,0.0008875576780966732,-0.09830264890758655,0.5837087087087087,0.58495995995996,0.7194735878392269,1.5768420570775081,0.0889999389648437
ADPT,2019-12-24,2019,126,180.0,7.064948666666667,20.0,300000000.0,0.12220670651498078,0.08921207682768495,-0.27085126593525477,-0.06658367860261016,-0.06661484031603693,-0.10551511890137799,-0.02099997202555337,-0.03233136699603856,-0.022026832745493108,0.04017699571362865,0.028172212399991015,0.12648144214733237,0.009165325487335174,0.028479666206169596,-0.05040820926991396,-0.0494710697816626,-0.07297517215473148,-0.017429127545770307,3.8885438830464127,2.3196948564719135,0.606999969482422,1.0764999389648442,-0.20248138962514017
ADSW,2017-04-04,2017,124,180.0,3.3503136103896103,18.0,346500000.0,-0.024024024024023927,-0.01401180402658253,-0.014415795337304749,0.019340659340659316,0.018703282485531325,0.003926882511959828,-0.015955153083225593,-0.014171569863565159,-0.009712526322785298,0.0236634531113058,0.009113984020577837,-0.031562872581220036,0.009417808219178037,-0.011045144524195472,0.05056700946353532,0.026813186813186896,0.013427754135777015,-0.03730497316346404,0.5913286298346154,1.3756931785444675,0.26388888888888884,0.21111111111111125,0.13749999999999996
ADT,2018-07-18,2018,125,180.0,6.132851219047619,14.0,1470000000.0,0.13269003456350426,0.1185520402887501,-0.20590336239815799,0.00638971924905718,0.004286120520770043,-0.013989970599950219,-0.023280452007322983,-0.03377647503676984,0.060215189974729855,-0.05417118361837481,-0.04631930900251735,0.04937519250018041,-0.016036586138534203,-0.04815379755231197,0.04236763206313776,-0.07028762267892286,-0.07495834522640443,0.0980235686604447,0.7549107716009757,0.643295419094065,-0.3292856897626605,-0.34857143674577984,-0.242130743895965
AERO,2026-05-05,2026,123,180.0,11.441320505741931,19.0,222819175.0,0.05113638287856559,-0.038524154274906186,-0.047136966248216394,0.0655405577383743,0.057518371853382044,-0.055037114686162236,-0.01965760371706804,-0.03956720587752216,-0.10563404702239199,0.036869382088750235,0.01511317395802192,-0.07242239788721705,0.09107916543565553,0.10362154062125184,-0.03838720604824841,0.08310814054452864,0.03264926117517786,-0.20417152925131588,0.37402234636871506,0.31701582867783984,-0.2210526215402704,0.11000000803094157,-0.27272727698760013
AESI,2023-09-05,2023,124,180.0,2.174861166666666,18.0,324000000.0,0.06596554281710465,0.056162707368602405,0.09427946927441555,-0.006277999750590624,-0.0019560684212621693,-0.039251687351386955,0.07445846705287607,0.08169290759835024,0.030631786804377392,-0.07601845890552794,-0.021308724537584478,0.0714396356224749,-0.17227276888760656,-0.16423181876946769,0.12143923935610001,-0.013452881045931897,0.052151423001917,0.061522273429537755,2.6897230663870224,1.8917852064280176,0.23888884650336362,-0.039999961853027344,0.3156341140596681
AFCG,2021-09-15,2021,125,180.0,0.98870272,19.0,118750000.0,-0.010038284279255572,-0.0037739090743832415,-0.13304319351271676,0.0449058847543542,0.03655324647864644,0.006185478372395803,0.026802186814085305,0.04917429412410401,-0.06251213319866289,0.028352833308104897,0.03447349462779459,-0.021481517547216944,0.045076556278468516,-0.02027571845856113,0.019032466638475132,0.10333173257602124,0.1235717768837753,-0.07805990248733552,1.3199574891557202,1.1671564992080277,-0.25393566332365336,-0.13541552894993836,-0.0995652423340696
AFRM,2021-05-12,2021,83,119.0,3.932777642276423,49.0,1205400000.0,-0.20909998173994593,-0.21236987020435127,-0.2662323074442603,-0.10153293039949063,-0.08028769736671115,0.057718265407352476,0.012645545402937497,-0.0007975902874077789,-0.008263224397714986,0.26223982838777427,0.2312073588006225,-0.14207485241349394,0.056061552727945774,0.02794605952911322,-0.21693446236013092,0.14842199150584912,0.12572820311251953,-0.10296698378990898,2.768329992615255,1.8977388613426172,0.13163266863141732,1.196122461435746,-0.42458359370973364
AFYA,2020-01-15,2020,125,180.0,1.1647704014999771,19.0,261139990.0,0.02863595686948761,-0.003287668017052381,0.036302977026477334,0.03553118123850796,0.03327132414035905,-0.013092759334964676,0.023346297726389187,0.01259033699316392,0.014848948011231267,-0.04666437494742115,-0.06276227775171339,0.007040039817142185,-0.31000722482640386,-0.10903413183099675,-0.03260507446551841,0.010256435694891763,-0.01909151053601721,0.00862042607880431,2.4848201774871557,2.1593072970933784,0.4368420651084499,0.36210521898771586,0.14489410875223108
AGCC,2026-04-20,2026,123,180.0,10.208,4.0,7000000.0,0.2672935127026661,0.19099762336223702,-0.040688359375812944,-0.012188735524947703,-0.010189067972041999,0.02589272739231463,-0.10836902449346808,-0.11746995641814939,-0.030065449369171993,0.017448796241582354,-0.015382617359365636,0.43761149863142645,-0.20934358331143244,-0.22515620402453196,-0.08457081763204488,-0.10386862239805361,-0.14401564858659932,0.43017155283427033,1.0046000432218827,0.6115896390972801,3.7175002098083496,1.6400001049041748,2.1190083048478967
AGRZ,2026-03-30,2026,124,180.0,16.338788,4.0,5000000.0,0.34895833899241135,0.4246153662344184,-0.7749123045886352,-0.05405404783422274,-0.050710585451038126,0.004365286636035526,-0.0999999878357869,-0.14311912523670145,0.03131864618877089,-0.12698417740017676,-0.2065782947967063,-0.07024644271941194,-0.12467527079087459,-0.17915126370668333,0.26786934621081393,-0.25675678474599806,-0.379136844831102,-0.037716533697425225,0.8644551536985917,0.793524540307865,-0.87049999833107,-0.4750000238418579,-0.8339743507449205
AHMA,2026-04-20,2026,124,180.0,6.16,4.0,6000000.0,-0.7233115601945079,-0.799607449534937,-0.4228367695595314,0.03937013565078695,0.04136980320369266,0.01262800119437113,-0.2045455222780027,-0.21364645420268402,0.08561788930543868,0.09523812226968142,0.062406708668733435,-0.2931083939977944,1.3391305330345014,1.3233179123214018,-0.8826691518736434,-0.09448819415007159,-0.1346352203386173,-0.22651528872529436,12.512886597938145,7.654102233676976,-0.6825000047683716,0.3500000238418579,-0.7268817301333492
AHR,2024-08-05,2024,124,180.0,1.1999636964285714,12.0,672000000.0,0.050097560821247056,0.08929413816908782,-0.02328634752314307,-0.029120156823297827,3.5414694816715553e-06,0.023691322750348798,0.09380978342038127,0.06309731966361776,0.003497473251093064,0.2304551285646499,0.1951821957732509,-0.0233263950469077,0.20341389175629265,0.17345450631334502,0.127686680238698,0.30669150868210004,0.2706997807836633,0.003937415451178206,1.9534101142234228,1.5139935541968814,0.34499994913736987,0.14083329836527514,0.22087738756724695
AI,2021-06-07,2021,123,180.0,4.957936129032258,42.0,651000000.0,0.1435924765828438,0.13516906589345568,-0.3328111842516087,-0.05463294181423284,-0.053662748590882825,0.034565777727543434,-0.014940073053550829,-0.022211697929710117,-0.14138214601258925,-0.00016663869222000027,-0.01820262311121923,0.0715762022075963,-0.16986167955157627,-0.1888485858869361,-0.07523499358375774,-0.06891197587581432,-0.09335586234782567,-0.04760021014620586,3.2823287000060404,1.8022904879200141,0.5340476263137091,1.7216666085379466,-0.3033841302485908
AII,2025-11-04,2025,125,180.0,1.848265890909091,16.0,110000000.0,0.02218356824529155,0.00471801270003569,0.044185011026053544,0.010638297872340496,0.022491893890076775,-0.0050960240593466155,0.10273686459189957,0.0912446397861213,-0.025843771559105666,-0.2187858469927726,-0.2200889431105435,0.1173882068689065,-0.013685180441155076,-0.012632333166215148,0.03320218457043178,-0.12936174108626997,-0.13016659338725356,0.08330085627888106,0.3926835507802507,0.7995437878400273,0.46875,0.07375001907348633,0.3905325757660403
AIP,2022-04-25,2022,124,180.0,4.999314,14.0,70000000.0,0.07865162599680375,0.1329258212496941,0.30618465903470815,0.03472222314204698,0.028924642700860037,-0.029426615138217205,-0.21812081095345548,-0.1853794549534623,0.03901165974458087,-0.2626609069647696,-0.22029457543334874,-0.14135195423669045,-0.09313156886194573,-0.036369505934627955,-0.07789518005780827,-0.40347219582325067,-0.33512181902027705,-0.13194496200932537,0.683481239296279,2.2089885308007684,0.028571401323590928,0.2207142966134208,-0.2087912629183566
AIRG,2017-02-08,2017,124,180.0,3.8250766666666665,8.0,12000000.0,0.02226459426527505,0.01131345210323964,0.5103219701671511,0.01617923048035741,0.014868830163424551,-0.058213420970451124,-0.03919169297690406,-0.0639691861703886,-0.014943641603041069,-0.16443594599784084,-0.1726940868820881,-0.23329732266738856,0.12280706731609636,0.12880216216236096,0.19461707853302324,-0.1841941564628854,-0.21878836492137588,-0.29707184061039216,0.28144282728857783,0.5983339310077616,1.0087499618530273,0.6237499713897705,1.0087499618530273
AIRO,2025-12-10,2025,125,180.0,3.3624033333333334,10.0,60000000.0,-0.3043478080590868,-0.30669574123032006,-0.0755971019928312,0.013020832815932026,0.006388674461222044,0.019721756326529838,-0.2380463180719954,-0.2145287376977668,0.015050659285433698,0.6855600578021885,0.6517948178769435,-0.3089883617267021,-0.1913530371053379,-0.1911801509181792,-0.39963582412580967,0.30104159112606066,0.28489315230593437,-0.27993465015147645,0.8762564384657698,0.8470020503075462,-0.03999996185302712,1.0549999237060548,-0.599999984105428
AIRS,2022-04-27,2022,124,180.0,6.948593428571429,11.0,77000000.0,-0.23294630626635304,-0.14562644655979062,0.022429547025393015,0.0,-0.002811782968023202,0.00465262644768738,-0.022705750051788987,-0.050960857908432744,-0.0001899078267382226,-0.20909969635674264,-0.1352405563256831,0.02467592635208149,-0.17258259905080808,-0.15423695485396327,-0.17329982223694285,-0.2270576809671504,-0.18204443724787833,0.029216770987777307,0.7424891453215607,0.7160688094336141,-0.03909093683416176,0.37272730740633886,-0.3348017956924769
ALAB,2024-09-16,2024,124,180.0,6.702172121212121,36.0,712800000.0,0.003464238533993358,-0.01270008483016527,-0.18975755203808375,0.009436129809273108,0.007959257377428086,0.0072942190902829385,0.15595075370276112,0.14381594500259487,-0.05639901837412209,0.2812622900778521,0.25554560348112654,-0.17864022726455953,0.4201046998174982,0.39539220964018695,-0.09557713915281862,0.49505173633690913,0.45535493882275513,-0.215858617330404,1.1688414393040727,1.8328855363256311,0.20694446563720703,0.7280555301242404,-0.2995324581976082
ALEC,2019-08-06,2019,125,180.0,6.390815567567568,19.0,175750000.0,-0.03310567763443839,0.010691909048456627,-0.12048220297114565,0.032608717060269354,0.018585813931373707,-0.03589587999505528,-0.0631579348915502,-0.0796624526173012,0.1160660500197892,-0.09325842239115956,-0.09835164000909213,-0.02946703415999119,-0.10904580803988839,-0.08870840220208864,0.12801296960839648,-0.12282610194218924,-0.1588348432464215,0.04242628863139619,2.7137441649174474,2.2856814645404513,-0.03157896744577471,0.12421055843955564,0.017699098239743583
ALGM,2021-04-27,2021,123,180.0,6.57727064,14.0,350000000.0,0.06292046394084627,0.008296559286272265,-0.13134434324736222,-0.010052138928828391,-0.009836635609828837,-0.014707525343908068,-0.09326812816866281,-0.0887174624604824,-0.0843210924386738,0.060970521615140605,0.054666698055235274,-0.019503979372100577,0.04026585964493945,0.02984118488656118,-0.1187752750246499,-0.047654529320904415,-0.04916312563064584,-0.11557304298306759,1.6654757773104956,1.0982948732780307,0.9185714721679685,1.383571352277483,0.5175140933661122
ALH,2026-04-07,2026,123,180.0,4.249937714607721,22.0,826341428.0,0.041907462538193885,0.061911049958041975,0.02537983515496456,0.030513258454391456,0.03007318434854267,0.015362211334743137,0.12068185357655659,0.06722465744224637,0.08981325976304932,0.02481988993575035,-0.017385559811143425,-0.05880653750264475,-0.025390609720489232,-0.06748957746007433,-0.05251880621768912,0.18354144127310357,0.08513944473904611,0.0408396154754227,1.7313359276334028,2.980775483522087,-0.016818219965154424,-0.03454546494917432,-0.12852540585336258
ALHC,2021-09-22,2021,125,180.0,5.885065514705882,18.0,489600000.0,0.0,0.03047445464653764,-0.27422147089284,-0.007270646916575529,-0.01702546189966947,-0.020798129374355656,-0.06591549725599688,-0.05812768092518217,-0.02645494726459585,0.16103739979373488,0.1196977958106662,-0.07152819841577851,0.10025975611302762,0.06549038572112886,-0.08383590963198329,0.07662197447075614,0.03331316611379731,-0.11850558952458123,1.697146708604808,1.8357672433161087,-0.006666713290744308,0.36166667938232444,0.03292892619353904
ALKT,2021-10-11,2021,126,180.0,12.8559075,30.0,180000000.0,-0.13233728708398607,-0.11532036662713763,-0.10225488943313199,0.018860229738936196,0.0260999479507088,-0.03239782974899652,0.12595569870093826,0.09719957380780841,-0.03370484396446327,0.0571837172139511,0.008569056520091989,-0.03085922519457418,-0.2025016831158828,-0.20111556171900757,-0.10899641355161815,0.2127921551429124,0.14183338210209118,-0.09550049530600024,0.9732203511030069,1.0951410490185562,-0.18700002034505192,0.20766665140787754,-0.43279071186864093
ALLO,2019-04-09,2019,123,180.0,5.401491166666666,18.0,324000000.0,-0.027600873330791642,-0.06477227834718702,0.07761007523554264,-0.018922869957273436,-0.01379800087407601,0.0192888730819174,-0.025593421741115008,-0.03551304210843076,-0.036554751925647166,0.1587362011279132,0.16780018255064277,0.01025519847766554,-0.14750327504411687,-0.1380085753678454,-0.13277666006785993,0.10771473948796162,0.1120778051354665,-0.008803390719489101,1.193221104322181,1.3133522419932173,0.5266666412353516,0.3755555682712133,0.0991999816894531
ALMS,2024-12-26,2024,126,180.0,2.9500745904761905,16.0,210000000.0,-0.14649682624884242,-0.15280606312607503,0.03620283261965218,0.046019886481915684,0.045953298982642776,0.03232762650590404,0.0047562381187600256,0.020371387999169377,-0.060516910105247845,-0.21775144583236983,-0.23898635936392398,-0.1635107388216307,-0.3086232860283469,-0.29211425211472253,-0.17869722051892623,-0.1778606760103818,-0.1832157929298086,-0.18869390962335053,1.2233169129720853,1.2253694581280787,-0.4975000023841858,-0.3368750214576721,-0.395488733341981
ALRM,2015-12-23,2015,126,180.0,5.4066342857142855,14.0,98000000.0,-0.03530687799661458,-0.008665049283321569,-0.1033373460455056,-0.002815379716485933,-0.015198693094672255,0.010120924094793149,-0.058159166151506625,-0.04772324191751798,-0.04347764857770864,-0.04076740364116049,0.03884213241739398,0.4211813840222439,0.0543750524520874,0.029433632979728896,-0.022863759960774166,-0.09909911070945099,-0.0211629897740625,0.3803491896917637,0.6288675573437125,0.7079497663977143,0.2685714449201311,0.002142838069370878,0.05213276729068683
ALXO,2021-01-13,2021,125,180.0,3.1425356470588235,19.0,161500000.0,0.07213924517770565,0.038096106667553586,0.2286572470024113,-0.04675172763308377,-0.049444706382287595,0.017477353873691093,-0.014360476225758756,-0.026077429250674244,0.08123766179397074,-0.0007408020765066192,-0.017579239993280038,0.35194124860523646,-0.04670701550776013,-0.05528116558526286,0.23375020984906514,-0.06113685417217263,-0.09265994942187383,0.49881126030966727,1.8257681122771525,0.7681825206164566,3.5368419446443253,0.8226316351639598,1.8733332316080729
AMBQ,2026-01-26,2026,124,180.0,3.40901675,24.0,96000000.0,0.09371912161859575,0.09187314444618355,-0.22824009883022167,-0.046301836617402614,-0.051379967428862194,-0.041066666268328555,-0.02774272319722615,-0.031611463906221826,-0.0061548254951777626,0.0226978196976666,0.03428810150243822,0.16619890864386022,-0.1949905309879436,-0.14527788950421072,0.2428857201976018,-0.05171369491297595,-0.04898600613551751,0.112991360824376,6.225634258981587,5.73861932465663,0.3858332633972168,0.33500003814697266,-0.13677655397682964
AMLX,2022-07-06,2022,123,180.0,4.6466013,19.0,190000000.0,0.5789473196501533,0.6485629880259104,-0.29635474707042164,0.055897443722455975,0.05252010427910858,-0.015675926557715325,-0.019912571363462472,-0.008379594383072675,-0.14839803876743085,0.26907830639542096,0.17505189112385477,0.1381825070201792,-0.01444751387799037,0.03204788716840645,1.3248033719356265,0.3133333646334133,0.22827204544083957,-0.04645407750464847,1.320494315373208,0.7730433349810513,0.026315789473684292,0.14263153076171875,0.07913670887251723
ANL,2024-03-27,2024,124,180.0,,23.0,57500000.0,0.2702097423232055,0.24677454406218935,-0.008180532910251559,0.006386320853136063,-0.0020174982175826806,-0.0029164817642561847,0.10065645970856596,0.11996180197945838,-0.011340124091813175,0.33797211498126534,0.3566440641365196,-0.18998296991632624,-0.10624073559606384,-0.1508692926162768,0.16443278110899007,0.4820524516686515,0.5115815806297574,-0.20466818047170865,0.5217391304347826,5.159420289855072,-0.60513044440228,-0.5865217291790505,-0.39453334808349594
ANNX,2021-01-20,2021,124,180.0,1.4412669152542372,17.0,250750000.0,-0.04551676779465885,-0.06273685115559324,-0.2251200025923107,-0.051631360997571485,-0.0654700532897089,0.007530716683943672,-0.15047264025646312,-0.12577803861382908,0.07144603950193651,0.30485093862012724,0.26128907489035114,-0.027824732761128623,0.062414732017514574,0.06046958008454317,-0.13271413208516014,0.05127286971926326,0.019396446851768223,0.05069125131032659,1.5273084051019297,1.1788219048657291,0.6405881993910847,0.60764705433565,0.5703828282779468
ANPA,2026-01-05,2026,126,180.0,9.0,4.0,5000000.0,0.4613899060630795,0.46244275333801943,-0.23539697033107176,0.012769745804420696,0.006109634987509827,0.0890782695180512,3.0443476801333222,3.03352931981466,0.009986188937327722,-0.1839388690435132,-0.17584009456691407,0.03563315729878869,-0.8797259956002588,-0.8733448022843574,-0.16855872515328618,2.3425806570820504,2.333271046669095,0.1376514372481854,1.0583153347732182,63.03995680345572,4.677499771118164,7.862500190734863,5.451704320320782
ANRO,2024-07-31,2024,124,180.0,2.1808905472636817,16.0,128640000.0,0.20438596505904516,0.21051063350623023,-0.21235678535454483,-0.2148579685083255,-0.23111257655001138,0.09202300556267695,-0.17717995312841017,-0.11881132409741213,-0.14550917594779111,0.33483656204597656,0.2584088122658883,-0.1377205976889212,0.01351350045186761,-0.011562624044111347,0.5076239160782454,-0.13765473071098122,-0.1677285089267908,-0.19914255167304507,7.175599750289842,3.196190929179425,-0.1418750286102295,-0.1899999976158142,-0.3367150224062778
ANTA,2025-11-10,2025,125,180.0,5.0,12.8,49280000.0,-0.12107403748537582,-0.1485616345497962,0.003954131857061505,0.0673948976217118,0.05179057522959418,0.026872480356366024,-0.17233300587481604,-0.1491908077726346,-0.09277892878912541,0.06570259252904176,0.03960858864854555,0.12630601526200125,-0.08554571081931761,-0.09501811645649139,-0.21967955794738903,-0.05850768068914591,-0.07649657415865596,0.05113854332798118,0.0899165061014772,0.20623706558195962,-0.1560937464237213,-0.08828124403953574,-0.3405372039548492
ANTX,2022-09-21,2022,124,180.0,3.0738665217391303,15.0,69000000.0,-0.4797258973388947,-0.4089384065113334,-0.09761748302003759,0.043907858098700014,0.06135163886189132,-0.0027063338509001333,0.7360672798662009,0.7542448033905876,-0.18533652044954696,0.046638428048999536,0.052117063479287684,1.6551665966414606,-0.17766206750623115,-0.2507964289907122,-0.5187769960215002,0.8968168318184289,0.9374062678530395,1.1635671005577926,0.28458844133099825,0.930385288966725,-0.3926666895548503,-0.3579999923706054,-0.40844156608189086
ANVS,2020-07-27,2020,125,180.0,2.2590865,6.0,12000000.0,0.2167689103724566,0.17274744132865916,0.09848729565829673,-0.023529390079574886,-0.030821824330020564,0.01799035366464785,-0.012048222435590672,-0.029281089532869675,-0.0583287947027773,-0.1376306608630985,-0.1806064342004502,0.06688550278490824,-0.0343433547489419,0.0024583049402063795,0.23044646995517226,-0.1680672322783665,-0.2367533710515537,0.02486456109172397,0.36255858836503996,0.660555096038967,-0.008333365122477177,-0.38333332538604736,-0.37956207355643146
AOMR,2021-12-14,2021,126,180.0,2.5420829166666667,19.0,136800000.0,-0.05125282721538926,-0.049754803148124416,-0.008355341306301334,-0.016806764058224233,-0.009926720501490238,-0.0012492245093715937,0.010989030183036874,0.011636448610290895,-0.031039282112433342,0.02717395999105765,0.009983981376956219,0.020607365822652213,0.005291014190292431,0.05136120695407176,-0.10187766940178544,0.021008426451101903,0.011470775895778607,-0.013233789828619447,1.3086150490730644,3.124015509511693,-0.12315790276778371,-0.047894728811163634,-0.1067024027786545
APGE,2024-01-10,2024,125,180.0,1.697754447592068,17.0,300050000.0,0.43156427631834826,0.40183808702475265,-0.14767590285903487,0.05008133058625508,0.04442590590454909,0.01723485202153907,-0.0030970048306896425,-0.0029501034445527097,-0.21854547899447496,0.1494253363931497,0.10361111670910961,0.30167247930621355,0.8254054301493876,0.7985150912114891,0.3355739880875208,0.2032520325203253,0.15167778969602597,0.0317889737330983,1.5134431228064604,1.0767732270376429,0.8088235294117647,0.2529411315917969,0.44842207550800794
API,2020-12-23,2020,126,180.0,,20.0,350000000.0,0.2297035433770398,0.2023438415556238,-0.1203325626017141,-0.09959445419703072,-0.1004930956811273,-0.004005716435394158,-0.010009952961612223,-0.02717674413842297,-0.004761231402936161,0.19514654039466328,0.16703589091256754,-0.19815392565916112,0.5488579790107733,0.5407672762530367,0.1484772519788291,0.0653446967414597,0.01864492310537713,-0.20351618496259394,2.3747775462569645,1.0431403761368616,1.219000053405762,1.4114999771118164,-0.12118809766108452
APLD,2022-10-10,2022,124,180.0,11.400627875,5.0,40000000.0,-0.31415931024027843,-0.20641214619463832,0.9170863971262673,0.03225811165403902,0.03989343640391296,-0.06711722442789025,0.2749999571591626,0.25611206615850857,0.04092675515947519,0.2401960875977922,0.2044019525434102,0.10914317413269725,-0.2885375602089376,-0.32506861408260146,-0.16233590476762783,0.6322580962721946,0.584957996330262,0.0804722350100805,0.41845796825491277,0.8823121054797712,-0.6900000095367431,-0.7900000095367432,-0.6804123746815391
APP,2021-10-12,2021,126,180.0,7.40134984,80.0,2000000000.0,0.16608864367256415,0.19271317788450038,-0.12978444006253886,-0.002631316180041532,-0.00016977503989756837,-0.01760080837022382,0.09727005422400925,0.0580190516805259,-0.04030254156975421,0.0826886444689523,0.045541498875513176,0.3149367005247512,-0.07251136582368611,-0.07709004721463686,0.036751209032936494,0.18487581919322005,0.10967279575627642,0.24213242707500737,0.9624428563922022,0.9364764507032386,0.0926250457763671,-0.09912500381469724,0.34064429069679547
APPF,2015-12-23,2015,126,180.0,,12.0,74400000.0,-0.02891263623876117,-0.002270807525468155,0.029616216923796124,0.06343045359281829,0.05104714021463197,0.00022020570313052712,-0.11138161227724175,-0.1009456880432531,-0.11146243489128294,-0.09589044764556776,-0.01628091158701328,-0.06412114318894901,-0.07878787703641077,-0.10372929650876928,-0.04388600374984608,-0.14563106975902407,-0.06769494882363558,-0.16852708632943503,0.7307323313079629,0.7128770919944569,0.287499984105428,0.4508333206176758,0.09730112876296637
APPN,2017-11-21,2017,126,180.0,,12.0,75000000.0,-0.11505615577269135,-0.12360717903092178,0.19285266899156794,0.04977143299418563,0.043228643519643395,-0.0017989057745320114,0.03918720188450098,0.02872525595246289,-0.08027185217707944,0.27001868100623483,0.25357466492488445,-0.01214680403043511,0.23570374765330748,0.17705863761436946,-0.05355846884822302,0.3854748576293605,0.35167690409122354,-0.09522361437830862,5.13910223587643,2.356583413931084,0.6408333778381348,0.7308333714803059,0.3117921541513804
APTI,2017-03-22,2017,124,180.0,,16.0,96000000.0,-0.12088698140200294,-0.1092162566292183,0.03162625553369969,-0.03173311635475984,-0.0340862719694075,-0.03077256250339433,-0.013445378151260567,-0.01882353468788789,-0.030265943226154723,0.041737649063032345,0.04258674880805613,-0.12577965366484967,0.24693376941946021,0.24085742049100567,-0.13444201967344926,-0.004882017900732172,-0.011770310545157758,-0.18031153967264502,6.522837093555384,2.4895774006988405,-0.23187500000000005,0.11250000000000004,-0.454988913525499
AQST,2019-01-22,2019,124,180.0,4.444444444444445,15.0,67500000.0,0.002898547920302308,-0.057596545928904064,0.10872332128727513,0.0924855288192934,0.10599602277321418,0.03734917744618871,0.01587300085546861,0.01378056251871973,-0.20484544337359334,-0.17838540575273,-0.23533085122351516,-0.39972888590255595,0.1061806786639703,0.09490240529175997,-0.0338762597337392,-0.08815030733946094,-0.13299761121339304,-0.49372901527625745,0.778351757179947,0.49954051907961067,-0.5386666615804037,-0.013333320617675781,-0.5688473267764904
ARDT,2025-01-14,2025,124,180.0,10.746944,16.0,192000000.0,-0.052538445628011354,-0.00962202910473231,0.018245211610175227,-0.1246105384047339,-0.12598653003309457,-0.12348044989835072,0.034875428075886505,-0.006777640335298818,0.034462396741907764,-0.002063255367943495,0.0030155934504790816,-0.07468108004792784,-0.08614748313455589,-6.288405206600345e-05,0.013626563785273382,-0.09595009852852499,-0.13373879484180795,-0.16552405519212754,2.744663502749263,2.330218198797154,0.0031249523162841797,0.19124996662139893,-0.0006226792786041546
ARGX,2017-11-14,2017,126,180.0,3.4316247229326517,17.0,99705000.0,-0.044354778546818685,-0.056262778727325435,0.04426822556405918,0.012658195249076298,0.014980711476861086,-0.005266414425098898,0.04166666666666674,0.0328978809152598,0.011715944148564472,1.109199981689453,1.0831989431128102,0.23585789883299513,0.33737904902844584,0.29550458444462446,-0.16598099102376973,1.2248944238302362,1.1923004012025962,0.2446421034087285,0.821962847279303,1.8269494218861306,0.3941176919376148,0.20941173329072837,0.03043481577997631
ARHS,2022-05-03,2022,124,180.0,3.070785631438216,13.0,167741938.0,-0.14285711892754294,-0.05798561556762449,-0.16661117672859904,0.04781419350064464,0.0432301512160409,-0.043155783413381776,-0.1108213684716518,-0.06929677953326596,0.009452556294518577,-0.1539589683733218,-0.18026882353468787,0.048827278082204995,-0.22010398355713412,-0.1411469860058272,0.05471113095634672,-0.21174865497073736,-0.19995070448139807,0.00994371634532576,0.4329674453513463,1.051380679863652,-0.43692306371835565,-0.33846150911771333,-0.42812499511055657
ARLO,2019-01-30,2019,123,180.0,6.118453255017132,16.0,163440000.0,-0.33552014040373934,-0.39872903510448343,-0.034409262200423174,-0.026798314969162296,-0.04262908393078957,-0.009792189803374152,-0.4405797330803839,-0.4598637001969449,-0.0635277202257224,0.12176166875221162,0.0999826753735662,-0.10038556458842529,-0.041570399886880605,-0.04885473616020097,-0.31669024219491215,-0.3892807009142898,-0.4472511226954592,-0.16112868275974268,2.260685749747886,11.484175005818013,-0.5568749904632568,-0.24250000715255737,-0.6791855189951639
ARM,2024-03-12,2024,124,180.0,9.744029905759165,51.0,4870500000.0,0.10007810841872322,0.07996640385615073,0.052093294820352964,0.02177688324720628,0.011019508558758329,-0.020963114290363905,-0.03791508619389483,-0.035844558573710716,0.02527586560646422,0.004735564528672631,0.007818744586695736,0.013421472462650241,-0.15266017385974895,-0.15863155671467755,0.8001051659552254,-0.012308644349754094,-0.017863323477964044,0.01727652032931304,1.2697932611879423,0.7041162038613128,1.4850979973288139,0.21980390361711089,0.9930806346854779
ARQT,2020-07-29,2020,125,180.0,2.9068699733333334,17.0,159375000.0,-0.14601629907782776,-0.20090042980645184,-0.045081474307444025,-0.02234838794536742,-0.03464711299536938,0.00018792732289329983,-0.1092162658639193,-0.1307159900868342,0.01631837856060092,0.004480676731977606,-0.042070233070661045,0.02412712852278065,-0.0004055242880659504,0.06884673228471094,-0.19515262114384135,-0.12522173181163132,-0.20742116760181162,0.04249417173562975,0.5127992709800347,0.9097561649131528,0.6582353255328011,0.6117646834429578,0.293119335808687
ARRY,2021-04-13,2021,123,180.0,1.6735677263157895,22.0,1045000000.0,-0.14438661690341303,-0.1889991561074963,-0.09888859367549774,-0.01589446459942845,-0.018858148060004853,-0.007801209774926043,-0.09862545710002657,-0.09695425633388643,-0.0006180833159619148,-0.04879903933035845,-0.05374839993614022,-0.22117336570902812,-0.3727455254519805,-0.39070743509899364,-0.18434155536550056,-0.15623939734748882,-0.16248266018683044,-0.23126304632547057,0.8743707864245888,1.3435814056610746,0.3440908952192827,0.9759091463955967,-0.1887517400304276
ARTV,2025-01-15,2025,124,180.0,0.6725259339080459,12.0,167040000.0,-0.34737831544688025,-0.3107426792508612,-0.04770090960002371,0.02152081777369852,0.003330833728868443,-0.042977496211984656,-0.12219099712678816,-0.1508187677405416,-0.2433402104188953,-0.35839996337890623,-0.3583671310193326,0.09837010108318522,0.27182035250274095,0.3487724204887779,-0.07183394953561206,-0.42467713779205507,-0.4719812445473328,-0.2128934460214562,2.425935162094763,1.8337489609310058,-0.4191666841506958,0.28333330154418923,-0.4191666841506958
ARVN,2019-03-26,2019,123,180.0,3.287833066666667,16.0,120000000.0,-0.15556739504959194,-0.15385023532000097,0.020954772535376254,0.018296466952628432,0.010842386861705577,0.0125679995681649,0.07125164618137925,0.05399920527444957,0.0329556720649643,0.3128976032935684,0.29100716115312264,0.24370292157247597,-0.02378858578758114,-0.0012036155402084248,-0.24453327522992152,0.432176669817502,0.38490745380010494,0.30443517442427015,0.9669099489655929,1.5198741517130367,-0.009374976158141979,-0.011874973773956299,-0.012460988479613633
ARX,2026-01-20,2026,124,180.0,2.138759261443146,21.0,723684192.0,-0.04507936750139507,-0.07525504220166013,-0.16891533821606475,-0.0658244530338542,-0.0454676930630914,0.004228346362492363,-0.01281140944713155,-0.0392436723427424,0.0922685186553922,-0.23792359177815836,-0.22469549024368352,0.13558274772268009,0.10312206093266263,0.13934579455473806,-0.03284920846814898,-0.297207465316913,-0.2894435418202653,0.2453522822822083,2.298900949069678,1.3178709804131625,-0.28380952562604633,-0.2866666884649367,-0.4324528316281876
AS,2024-07-30,2024,124,180.0,3.614281971428571,13.0,1365000000.0,-0.10421634826942638,-0.10520866588283961,-0.0008643164581254581,0.015097697410155764,0.02016416652710229,-2.4268045618613954e-05,-0.062117237024522765,-0.02549366583275614,0.028862881832883103,0.32276118954854804,0.24728484883831703,-0.10721877296423987,0.06488011681904848,0.04977936087913637,-0.2532276957496181,0.25932504590933836,0.228485800201496,-0.08032895555215169,0.7167116172210568,0.6541613748685969,-0.13384613623985875,0.0484615472646861,-0.15970145153505266
ASIC,2025-12-08,2025,125,180.0,6.060000746999963,17.0,113333339.0,-0.014277777847605644,-0.03722239293440077,-0.26180275915663254,0.006685176979631224,0.009689446476428776,0.024927977368331522,0.11289435251687663,0.11713644896283293,0.021366187453174423,-0.05519644836709703,-0.06819725173262481,0.05700370610385952,-0.023684250681023866,-0.006340328762970415,-0.03906371268779951,0.05849577673714834,0.052822637804704975,0.10653766398326714,0.4372059355772711,0.8984195922306671,0.055882397819967844,0.3182352851418888,-0.27269041568143504
ASND,2015-07-27,2015,125,180.0,2.82263,18.0,108000000.0,0.24940894174504158,0.2582719961858212,-0.12416265920784353,-0.05676437512947252,-0.050947035158957155,-0.012588901741537373,-0.01805419261331931,-0.03256166443207853,-0.05929790514549371,-0.08222679349463569,0.014488940980169618,0.05862005688142269,0.09293267335034794,0.06966088621520639,0.20917001078579545,-0.1499527042487141,-0.06101039655640639,-0.01709391221953771,4.3368180333224435,2.329848633344223,0.17444441053602455,0.05055554707845045,0.12267655206064099
ASO,2021-03-31,2021,124,180.0,4.63859808,13.0,203125000.0,0.09446253034497776,0.07327454912607001,0.1672456067501027,0.004092284739060537,3.8943109576639046e-05,0.026888088300686785,0.07632454551358592,0.045567341026401476,-0.05756403254653464,0.06024096543752866,0.031992632784862085,0.06728042290319802,0.16883119778400757,0.17066424310645456,-0.04138157974223067,0.1458333407247825,0.08166293090726562,0.03145505171878549,4.773291631125012,4.646873914004992,1.0676922431358924,0.44692303584172177,1.0692840365194867
ASPI,2023-05-09,2023,123,180.0,24.0857016,4.0,5000000.0,-0.2875000195577738,-0.29514144675620024,0.09270778875453367,-0.08771932026025686,-0.08333399874690928,-0.08892808822860965,-0.1346153757981292,-0.13296061053907982,0.18918256039916792,-0.16666664459087166,-0.20639848564624963,-0.5036936453927301,0.602666695912679,0.5745340025744614,-0.42543506868674574,-0.3421052549024036,-0.3755645704166376,-0.43084249996067747,4.048511016572481,18.810294833534407,-0.8575000017881393,-0.5974999964237213,-0.786516862711621
ATAI,2021-12-15,2021,126,180.0,9.1713184,15.0,225000000.0,-0.22023345055981802,-0.21152624865152747,-0.16851303254450267,-0.31936129140821334,-0.3349863366879864,-0.009462117002938752,0.14809380155757945,0.15427740466928286,0.14015362235485807,-0.20561943157112672,-0.19886281149027452,0.011283962560515448,-0.10932473493181116,-0.05750890519536678,-0.26417528521831823,-0.3792415662643722,-0.38176662985363885,0.1465775790092838,13.825646304990283,5.533151696411931,-0.33199996948242183,0.1893333435058593,-0.48483290155669057
ATAT,2023-05-10,2023,123,180.0,21.28347621052632,11.0,52250000.0,-0.2893927960865488,-0.2923460115787708,0.09901410381493281,-0.06435914271434595,-0.06903150409452197,0.004969846226622554,0.11734108532772525,0.11157626796639097,-0.10619588190071583,-0.20124161193358858,-0.2347170196081606,0.009163315610002831,0.16904143313535336,0.14450341747696926,-0.17330825983729625,-0.16495404156245796,-0.20924385377237065,-0.09658450233499705,1.7988861386138615,1.0918935643564356,0.6809090701016514,1.533636439930309,0.4355589756856737
ATGL,2024-04-29,2024,124,180.0,7.571428571428571,4.0,7000000.0,-0.05685621262599405,-0.028542607656833696,-0.5669117260777565,0.08510638837525097,0.08156491794990939,0.030715221130424464,0.12745101705783668,0.11468779352181113,-0.2870888931424693,0.08695650671590571,0.06132592412951654,-0.26463819762507623,-0.2506666819254557,-0.280299969857692,-0.11511122011240993,0.32978726552229687,0.2873877310735682,-0.46668424343428705,7.647297846403901,2.282270079913314,-0.29500001668930054,2.704999923706055,-0.35909093815433024
ATH,2017-06-07,2017,123,180.0,1.7709672592592594,40.0,1080000000.0,-0.08319467554076543,-0.09800733930406469,-0.027782815422534357,-0.01613228473482564,-0.0179825250038107,0.011941260110107432,0.010452961672473782,0.008072588109568235,0.03362089615961339,-0.0014198782961460932,0.013688221762873765,0.025655193173624857,0.021328458257160454,-0.005318823309201415,-0.10363165689933607,-0.007259528130671655,0.003677536910565826,0.07336410563290774,11.290130339799354,4.52068040867916,0.23975000000000013,0.3095000000000001,0.12576617480136232
ATHR,2025-10-07,2025,124,180.0,5.572929444444444,4.3,7740000.0,0.1410526476408307,0.10594334680439244,-0.2522755682747816,-0.0036900333293332643,1.7461032996046733e-05,-0.035851917465715144,0.09074069675267715,0.10103782536744943,-0.06967891457738584,0.0042444984608036584,-0.015401259280964696,-0.17607129358676576,0.09890110598812352,0.08609080959104531,-0.18291740251537303,0.09132839088399969,0.08592346099613879,-0.26679317032036753,0.33849203323930777,0.26174684251988517,0.2604651340218478,2.3604650719221247,-0.057391291079313844
ATKR,2016-12-07,2016,126,180.0,4.204863916666667,16.0,192000000.0,0.03661081720009407,-0.0035017950287856703,0.06879815908415987,-0.005549980426098999,-0.01863076164031985,0.0009137168509723015,0.0593607372217313,0.05366172233075672,0.003196509512293888,0.1250000342555444,0.11911194410898762,-0.015517648501557346,0.12728819924444967,0.1197181719081093,0.11630882700841094,0.185166505186795,0.16031305529292172,-0.011367001238048569,6.843501326259947,16.08548061134268,0.23874998092651367,0.09249997138977051,0.23874998092651367
ATMU,2023-11-22,2023,125,180.0,4.897435850236282,19.5,275425976.0,0.07188898152973522,0.0019223035578606051,-0.0012837523071298484,0.001850092813415971,-0.0020107407789602405,0.004660215971715065,0.010156939746275073,0.007124095220468973,-0.04780024947871031,0.1069469946225492,0.07123266831113395,0.0005908630221962419,-0.07431871544554736,-0.10004321900068036,-0.018902607107705416,0.12025894418111793,0.07739260918364832,-0.04293433714828021,0.699288256227758,0.6183274021352313,0.10871799175555896,0.1917948600573418,-0.001385624934201246
AUGO,2026-01-12,2026,125,180.0,9.200576506911291,24.25,196437368.0,0.22247967867077745,0.21302609586355792,-0.1388015276931931,0.07677723672152692,0.07520683919849525,0.06816692474304165,0.131690134554717,0.15697921438358753,0.07455157326915263,0.13518983519652927,0.11373114742443136,0.13478642411029362,0.13471291855022893,0.1575268498608975,0.25492767396414684,0.3833175586863151,0.38612709113470445,0.3053082314116218,1.4035859411000795,1.529121807493053,1.1752577319587627,0.5257731958762886,1.1752577319587627
AUNA,2024-09-18,2024,124,180.0,,12.0,360000000.0,-0.05138344341004775,-0.05756636019714301,0.02433457245243109,0.03472222314204698,0.0376880762125954,0.030699914019010954,0.0026845612669199603,-0.012705451625043995,0.03610543175650294,-0.08032127462980487,-0.10182855523852907,-0.11205624683888649,0.016011664533740033,-0.009559372664583732,-0.08433698391110922,-0.0458333239511205,-0.0799853480664402,-0.05198220588966607,0.32848680667743674,0.3130497217734698,-0.4000000158945719,-0.330833355585734,-0.25000004967053546
AURA,2022-04-27,2022,124,180.0,4.261039444444444,14.0,75600000.0,-0.2270779435480378,-0.13975808384147537,0.013615384120174712,-0.10144133803671662,-0.10425312100473982,0.08112272381570729,0.10549050514501723,0.07723539728837348,-0.020787393066535542,-0.07924107534867919,-0.005381935317619657,0.09816316468184905,-0.1933333079020182,-0.17498766370517338,-0.15301905048305908,-0.08536590007608247,-0.0403526563568104,0.16462707559831435,2.3711055969120487,1.6096866096866098,0.28857149396623893,0.17142854418073372,0.21891896507006758
AUST,2022-10-31,2022,125,180.0,2.914854517611026,4.0,13060000.0,-0.059487206887289146,-0.14862992761854898,-0.05117001946889943,-0.09487460502172707,-0.08765133208472897,0.046118969621261496,0.061445783219051586,0.07765452816752338,-0.02229853518916769,0.17707146610582813,0.13685565273990852,-0.2537936050160471,-0.1321118346437159,-0.0851265177193361,-0.15772469965349234,0.13086144572009073,0.11489819923396216,-0.22240563465865715,1.8088267265743894,1.4129043167379278,-0.7707500010728836,-0.5825000107288361,-0.7901601785531516
AUTL,2018-12-19,2018,125,180.0,3.3957706269486247,17.0,150000010.0,-0.13432410795887106,-0.0661912456246605,-0.09867301834034237,-0.012875578910832575,0.002100143595037407,-0.01830456686257187,-0.07157188685454674,-0.058875925490389114,0.31557522428631435,0.11779540456781112,0.043663169360415255,0.09118951154809463,-0.09829201021325851,-0.1410376944198788,-0.052224724874999184,0.02443049682242915,-0.020182916782454985,0.4044054756579202,1.6454001963058802,2.10017548555962,0.7817647597369026,0.9605883430032169,0.21160003662109372
AVAH,2021-10-26,2021,126,180.0,3.711899361857935,12.0,458832000.0,-0.1262500286102295,-0.15541588058315825,-0.20519075150831245,0.0014306479555485918,0.0005306289168132139,0.0015483266245812644,0.16428565979003906,0.15125819564247145,0.05942257850505239,-0.11165642822155297,-0.12527411306250913,-0.08214357325194699,-0.033149140705165725,-0.032081198208758877,-0.2016512737511601,0.03576538028412668,0.008018667547561087,-0.02977811211118364,2.0685492720754994,1.7512863657424342,-0.41750001907348633,-0.10249996185302734,-0.39375542645247785
AVBP,2024-07-24,2024,124,180.0,2.2869705094164687,18.0,174999996.0,0.14389695447908668,0.12355565061140505,0.2416038870056163,0.003915806290310853,0.02657832238728819,-0.003918885595038835,0.06777178811002971,0.05007133278501863,-0.04276719323626832,0.09223746543148237,0.07442733561888737,-0.07129771251392791,0.011705714287309155,-0.006773800253368156,0.04360250399823551,0.1708272011251022,0.15847578818412433,-0.11621141678357694,1.398862075730822,1.3540644823752535,0.13500001695421004,-0.06166670057508683,0.021500015258788974
AVIR,2021-04-28,2021,123,180.0,5.45935496,24.0,300000000.0,-0.4271100153459446,-0.4820394971323603,0.5297912916119947,-0.2068452134289155,-0.20655781373466142,-0.08948129952381023,-0.20825513382752647,-0.2043021057474792,-0.055373887858666926,-0.048341253048481136,-0.05632683891551371,-0.042049210223366607,0.16633466958556897,0.1519456685262981,-0.4811933297971379,-0.40238092751189325,-0.406093368475998,-0.1769357232078228,14.570849713542016,6.4807485028601075,0.39999993642171217,1.2266666094462075,0.10744885646466074
AVO,2021-03-30,2021,123,180.0,7.66886525,12.0,96000000.0,-0.14098975009369752,-0.1569043566462115,0.10472085079863325,-0.016032613174451593,-0.013379654974928545,-0.0014747453930945564,0.09472522485223189,0.06467940867036259,0.17947966354967704,0.03077702420504358,0.0041900504576366515,0.02799285921757133,-0.005384268659246905,-0.009385259201064144,0.010919096660253036,0.11032612656149876,0.05569983118560806,0.21632854944192004,6.065062198093447,2.9038601290984483,0.5333333015441901,0.1858332951863606,0.4779116385879161
AVR,2025-06-11,2025,122,180.0,1.428365945945946,6.0,88800000.0,0.1836283024797536,0.14916797349984767,-0.4514181665466648,-0.04299065853708317,-0.040138579725748524,-0.09759768182071926,-0.20703124345163804,-0.20051271377616486,-0.17922150375073198,-0.21674874099133035,-0.2605690284993615,0.5293875853087278,0.13836471998900568,0.11662071295785581,0.10682131534838457,-0.40560745356207617,-0.4396659158644074,0.1487369143012336,1.1008146028060766,0.949102335728439,-0.10833334922790527,0.19500001271565748,-0.0446428579031205
AVTR,2019-11-13,2019,126,180.0,1.581129507246377,14.0,2898000000.0,0.08127720662281823,0.04741748047233374,-0.08032076077169625,0.047651010491569945,0.04732736614362287,-0.01739380291061099,0.028827662982852553,0.023424936107470318,0.003662536908829228,0.1419676688956677,0.12150232123025706,-0.04541750135139544,-0.008724091934619316,-0.042842614804181944,0.02332841318409562,0.23087252497506694,0.2045618295614342,-0.05860941537444009,1.4351451525548518,1.0071758581831134,0.06428568703787652,0.21285711015973763,0.02758618058829465
AXSM,2016-05-17,2016,123,180.0,2.377142860168067,9.0,51000003.0,0.012948218619009078,0.024705084654589426,-0.06649062940192918,0.029498543607109573,0.03883209949827304,0.3528228652372948,-0.049665754011603114,-0.06440819444944157,-0.10916162032172905,-0.33165826906095475,-0.33108100865778856,0.07780071237541297,0.1593984853500927,0.11910970018914213,0.1637475934068946,-0.346116023059976,-0.3508070049074923,0.30514341227797326,0.46786282080399727,1.2468771292300704,0.1300000084771049,-0.19888888465033638,0.16361559984261076
BAND,2018-05-09,2018,123,180.0,0.00871,20.0,80000000.0,0.13012646256526916,0.12345092203351626,0.22142665322145982,-0.0665757800769351,-0.07624154675787431,0.05216396127222667,0.01783106187303085,0.0076641222278546195,-0.019293116067006677,0.1298104680464871,0.11096678208251087,0.14972646258866962,-0.01804776516824569,-0.01101751054885447,0.1143817739310391,0.07339695810952573,0.03424672147025509,0.18809348631630507,7.297072125684361,2.5093231770213444,0.8325000762939454,0.17550001144409189,0.7295894573939821
BBIO,2019-12-24,2019,126,180.0,4.878047170731708,17.0,348500000.0,0.37147061965044803,0.3384759899631522,-0.3057746192795492,-0.024233348535947385,-0.02426451024937415,0.016285086699140416,-0.2698900830614698,-0.28122147803195496,0.032444643197848455,0.027393131064817222,0.015388347751179587,0.46661989627599665,-0.025783798434666494,-0.006469457715832072,0.17772912358170867,-0.26806776139122324,-0.2915718637642921,0.5492233245613165,1.8997803506943152,1.8340717024682625,1.742941239300896,0.4929411271039177,0.6925590693079973
BBNX,2025-07-29,2025,124,180.0,2.57161175,17.0,204000000.0,-0.07166555710528522,-0.10749198741055033,0.3989683895897267,0.04789135720195903,0.05052895677074387,-0.003608056906668655,0.0784447874607308,0.08992046505798679,0.10073642457782839,0.15939275377643836,0.13201882947531463,-0.10178283817081213,0.24004362448686045,0.2153365702601171,-0.10100253943363069,0.31022160283001976,0.29731619467286574,-0.014239988639512147,1.38258511182164,1.8920862685972255,-0.17705883699304914,-0.35647061291862936,-0.4079559768099331
BCAX,2025-03-12,2025,123,180.0,1.9577671428571428,18.0,315000000.0,0.11538461538461542,0.1962806964803966,-0.0865809972824576,-0.10275860490470101,-0.1080651459496701,-0.026388126233056086,-0.046887056081473366,-0.06166689725704577,-0.20385033308326994,-0.16129032754253048,-0.12865229110245568,-0.09280786853782097,0.26250005731216075,0.2325339558435211,0.24679407160094968,-0.2827586469979123,-0.26962728274157743,-0.3061266453604533,7.8182451738797125,2.65700281088113,-0.19444444444444442,0.13611115349663638,-0.3806065743480591
BCYC,2019-11-19,2019,126,180.0,,14.0,60666662.0,-0.01434506613810771,-0.05444640008561086,0.2856588797670696,0.02088166493304855,0.021170096254949144,0.15888534360423057,-0.11157023653486764,-0.11846278918118869,-0.040845214539967256,0.0,-0.0175433329126089,-0.14956192793041467,0.3023255014496957,0.2636508995823932,-0.18328495050810478,-0.09301834389764119,-0.11727963352895088,-0.05380649382713787,0.7515151515151515,1.097979797979798,-0.32271426064627506,-0.4642857142857143,-0.20983330408732093
BDTX,2020-07-28,2020,124,180.0,2.242181510546256,19.0,201140004.0,-0.292113456746406,-0.3693339678957729,0.039734456764358494,-0.030965944035526105,-0.02462355252130488,0.02363925052046434,0.011462310288711253,-0.016217683979681485,-0.06376109029158417,0.041895579608321576,-0.0007027287677119354,0.1104509523661088,-0.13744232219254815,-0.07502229204743804,-0.39766603591136984,0.02120501809252806,-0.043456803012451584,0.06830493210866329,2.6719965022953684,1.2249253094323516,0.5636841623406661,0.5710526516563015,-0.20773335774739587
BE,2019-01-22,2019,124,180.0,,15.0,270000000.0,0.13632291567414678,0.07582782182494041,-0.2527294307562482,-0.051302258454318905,-0.03779176450039812,-0.05853500137412293,-0.17803662743960513,-0.180129065776354,-0.1847536631885729,0.2510120965091369,0.19406665103835175,-0.015042014888463018,0.024271860766015063,0.01299358739380474,-0.1262164609076809,-0.024467278433306427,-0.06931458230723853,-0.24262030380820432,1.930964951845268,1.9468838714812555,-0.15533332824707047,0.740000025431315,-0.49319999694824224
BEAM,2020-08-04,2020,125,180.0,3.6904018761954314,17.0,180000012.0,-0.3540109071556239,-0.3910398338358523,0.554235586691368,0.02131021860193405,0.017447604225991675,0.020615842957761865,0.21689855872835562,0.20859706731878647,0.0025866408344286107,0.10584250258989991,0.04634725308026266,0.04717577772261228,-0.05742725696038009,-0.0072003960740565365,-0.29669038021983574,0.37437526927940157,0.30195823427287505,0.07429538796112367,1.6614479810493643,2.9130249317032884,0.11794112710391769,0.06764703638413416,0.01359995524088542
BEAT,2022-05-10,2022,124,180.0,1.837288,6.0,16500000.0,-0.16666664459087177,-0.05629286375640408,-0.17721301370634723,0.0,-0.0023105278627999493,-0.0006412665529506034,-0.0999999841054281,-0.1231276271709626,0.061694200989584225,0.11111109148818321,0.1040088338361802,0.057497550760378546,-0.08666666348775232,-0.031829866332873435,-0.1206986344014026,0.0,-0.03277491361196461,0.12373153768169187,1.6292465028799812,1.0638297872340425,-0.75,-0.674999992052714,-0.6801705795950503
BEKE,2021-02-09,2021,124,180.0,,20.0,2120000000.0,-0.047181343044605306,-0.07144300113375635,-0.15364665194326632,0.06463023164718207,0.06529605264823923,0.007453133709734661,0.006795483840938088,0.0013117819871584224,0.07720396546012731,-0.19439027209257354,-0.18722895816696428,-0.15988193531272643,0.045056824146217256,-0.003559642546670627,0.08781399955117641,-0.13649520215963384,-0.1341136417127773,-0.08778875715955936,2.1429693095510762,2.12055056155389,2.1100000381469726,2.6525001525878906,0.6613248676394758
BETA,2026-05-04,2026,124,180.0,6.21222471849591,34.0,1014999994.0,0.05314320664978611,-0.04569339069269107,-0.1404018513383345,0.0332308255709135,0.03689420524065545,-0.0423343876000255,0.10720661935139697,0.07755525274399644,0.04483998423200242,-0.0016138077675772466,-0.029031662313689144,-0.21134574909103732,-0.06357760447898086,-0.0453962684264384,-0.015811479815934115,0.1421538132887621,0.08814703941568713,-0.20525652547369733,1.044672092805688,1.0971949356035802,-0.5220588235294117,-0.2594117557301241,-0.5486111111111112
BFRG,2023-08-14,2023,125,180.0,3.3554618065886697,6.5,8432567.0,0.0027100244737636725,0.010789629380893562,-0.21982951074425372,0.03243240108448231,0.0269123932559856,-0.03382642969499772,-0.2591623106904958,-0.239591247111559,-0.04567479335127744,0.014134262519924334,-0.001002064588727869,-0.015096480738726936,0.11846695684507247,0.14414013772394374,-0.06957754709183006,-0.22432436525081478,-0.225087287594688,-0.09323499777678912,1.3451310548784852,0.9526421649296032,-0.4307692234332745,-0.2261538138756385,-0.22268910298920785
BGIN,2026-04-20,2026,124,180.0,17.1163132,6.0,30000000.0,0.0790746197486989,0.002778730408269814,-0.11004539339548947,0.00800003051757825,0.009999698070483953,0.0415358460219315,0.1419046903972112,0.1328037584725299,-0.06621490660548446,0.1092577532935668,0.0764263396926188,0.09671357641505118,-0.3784461119935122,-0.3942587327066117,0.038625263736912885,0.2768000030517579,0.23665297686321218,0.06896523630635498,0.9658617818484596,9.558701082431307,-0.47916666666666663,-0.5266666809717815,-0.3699596822649457
BILI,2018-09-24,2018,125,180.0,,11.5,483000000.0,0.18043690601960494,0.15874271971470266,-0.26379400354610716,-0.03459374856143249,-0.03127171269326956,0.03634401609047477,0.16249998410542799,0.16006021364477108,-0.1644449093208643,-0.06451610256887053,-0.0072028314241794344,-0.1308239012240595,-0.0019157526313555717,0.019574387553527584,0.22143419860648672,0.04987931378416133,0.10803192530046868,-0.2493932768478352,1.311314243388381,0.8913990501789099,0.08086959175441555,0.7826086956521738,0.10587193579090548
BILL,2020-06-09,2020,123,180.0,6.182183917816093,22.0,216117638.0,-0.18799331146094322,-0.2931773133376637,-0.3154118255213447,0.036082428471057026,0.04353912268852389,0.04157955522420731,0.08841508678910937,0.11282363094969616,0.1859369986111441,0.1814026308607566,0.17111377187359977,0.3409028756165622,0.11618397349767928,0.06580130209279922,0.1914046181100273,0.3322532702741605,0.3539736269143491,0.697978458613598,2.272372793914744,4.017804652725288,2.0863637057217685,1.5799999237060547,0.9126760993205325
BIRK,2024-04-08,2024,123,180.0,4.822593445161495,46.0,1483870944.0,-0.09008265439868468,-0.09711436538789375,-0.04253887340210949,0.01158034311832612,0.011021004284847313,-0.007052395535535716,-0.05364757419928823,-0.026137627981580924,0.00985533330001842,0.06499055238101437,0.04096439552919673,-0.03269953518240032,0.29220486605825213,0.26932315175694144,-0.04407863795835931,0.019527715542084545,0.023115442675621933,-0.03102382234242662,0.6022335347018714,0.9091585483224489,-0.04260867574940552,0.06586953868036693,0.09552239004253948
BJ,2018-12-26,2018,125,180.0,2.368209573333333,17.0,637500000.0,-0.09045224291658283,0.01936733414746028,-0.13380202832640564,0.06730287106265664,0.01677800751858327,-0.023011982799791553,0.067764731014476,0.07576694898719538,-0.03722492816139822,0.15425297124812798,0.06592738477573357,-0.032133762458142145,-0.027109621128033168,-0.07880647678866037,0.15463474520632925,0.315419424147398,0.18125537646996515,-0.08926946014786319,0.7490776374068085,0.6032215697842064,0.17117646161247713,0.6788235832663143,-0.09500000693581323
BKV,2025-03-25,2025,123,180.0,4.608370466666667,18.0,270000000.0,-0.06888993150953227,-0.030159829816979733,0.08322826842331721,-0.010838810069686344,-0.013242664657428405,-0.008396548384738356,-0.003334906888400102,0.02184503735839549,-0.005866571472645465,-0.13814528580825947,-0.09259919755518564,-0.03215043099859971,0.17914583578628118,0.09054248896392947,-0.05734739946636003,-0.15032981762169062,-0.08298722943047476,-0.046697836198495324,1.1945585013577509,1.3732306602474125,0.17888885074191596,0.21888891855875658,0.17888885074191596
BL,2017-04-26,2017,123,180.0,4.736171976744186,17.0,146200000.0,0.13763068494549047,0.11652800521939355,0.0034564528024823016,0.0003062272914529096,0.0009350646561745446,-0.0008601094973672563,-0.018983433398083505,-0.01931901155707194,-0.035738306676745935,0.042134782632507806,0.03320319540937633,0.046287423270040984,0.12698417957387798,0.11771608713431903,0.10015664476768549,0.02266455832116865,0.01402906248281055,0.008502409853461068,1.5862301721228484,1.0449388613411563,0.9205883250517004,0.58176466997932,0.37763715083650506
BLCO,2022-11-02,2022,125,180.0,9.0,18.0,630000000.0,-0.16277707745215597,-0.18010646277854359,0.07189973890171353,-0.05923347448598959,-0.03413726577851128,-0.027965988448051093,0.025925954182942856,0.027899945817412508,0.082810551935107,0.11841150501646425,0.029538654493783456,0.08945758020009165,0.0012911851555326148,0.06253624359724075,-0.1124772374592522,0.07944246406575206,0.01999167731269247,0.14111197734169667,1.1489357345428113,1.054214914391217,-0.20277775658501507,-0.1472222010294595,-0.2824999809265136
BLIV,2025-10-01,2025,124,180.0,3.327581224489796,4.0,9800000.0,-0.06666666259113563,-0.10713392226932617,-0.3251522696156943,0.021978000384744734,0.01857048356315394,-0.19894342660929276,0.02150535566956502,0.014534044338228025,0.2906836652334821,-0.09736839215841286,-0.1185833935811248,0.281062568428863,0.020408143405366452,0.031624515200641246,0.019362726186997747,-0.057692316509562636,-0.08953059175926503,0.3234582599042457,0.41128646580583456,0.14134651150433072,-0.0899999737739563,-0.07349997758865356,0.028248628284956778
BLLN,2026-05-05,2026,123,180.0,7.825938564303136,60.0,273066000.0,-0.15649119594640903,-0.2461517330998808,-0.04849235074592084,0.10787574158357316,0.0998535556985809,0.029825792868148016,0.1793492059748376,0.1594396038143835,-0.07133762953584111,0.0438288985067099,0.022072690375981585,0.04052656761741191,0.22356646733748864,0.23610884252308495,-0.010327246029447235,0.3638380042215559,0.3133791248522051,-0.0027407554342068208,4.92950425573387,3.917224351893964,0.2020000457763671,0.45949999491373705,-0.33798420111683003
BLND,2022-01-12,2022,126,180.0,9.43385355,18.0,360000000.0,-0.0832298211700766,-0.09004550290242475,0.10203019860161677,-0.004065069016685574,-0.006768611355529308,0.008161111312702252,-0.013605429378242606,0.03792102295872479,-0.1684668645872669,0.36551718876279615,0.35976451428217215,-0.2968878091567527,-0.31818179190979734,-0.2530834220994054,-0.2515796599148947,0.34146334214254415,0.38495454528417516,-0.41028420272350175,0.6233200809269207,1.5875884359252381,-0.5899999936421711,-0.27166668574015296,-0.6468899402324539
BLSH,2026-02-09,2026,124,180.0,3.8727913,37.0,1110000000.0,-0.3015266845844198,-0.3031365021879957,-0.14060626671242915,0.16757735323386957,0.16275557408848207,0.07340664999112079,-0.0015600386349691187,0.014435402572375633,-0.010556685736579974,0.14781248569488525,0.15611589510086932,-0.14252761781071144,0.05172887420524108,0.05345660231713234,-0.2851094925903356,0.33806916289145983,0.3575299409407917,-0.09065530525570709,3.57877992739929,2.313037310963976,-0.25810808748812286,0.45972968436576234,-0.5963235181920669
BLTE,2022-10-26,2022,125,180.0,,6.0,36000000.0,-0.20153757864540334,-0.26081439150104846,-0.3572716209607343,-0.04367264309132146,-0.03613854688198792,-0.024033834692004707,0.003236251503640597,0.021952533640983152,0.07179613289754727,0.117204319085074,0.04371212533952096,0.40676566923516544,0.010587100510051961,0.06451089028927992,-0.15155236402125916,0.07187070694880315,0.02640671601686506,0.45510381035643743,0.5871377036944894,1.0092465895426461,3.846666653951009,6.283333460489909,1.745986733210739
BLZE,2022-05-10,2022,124,180.0,0.11637936,16.0,100000000.0,-0.37198069947539636,-0.26160691864092867,-0.043712601555308095,0.07692307692307687,0.07461254906027692,-0.06636171504130739,-0.08285713195800781,-0.10598477502354231,-0.06020642510500318,-0.043613739327240664,-0.05071599697924367,0.0962051992440991,-0.09283382853727562,-0.03799703138239674,-0.032808754778061,-0.05538463592529297,-0.08815954953725758,-0.05066231451499337,5.0807188547060615,3.518123667377399,-0.59375,-0.22312498092651378,-0.6733668279095144
BMBL,2021-08-10,2021,125,180.0,1.23356798,43.0,2150000000.0,-0.09164774455655944,-0.10320173573824432,-0.1697947625384173,-0.029956285330786758,-0.031200235722967373,-0.028567500099819454,-0.0036457640949706382,-0.0067179966142673075,0.12241520900841496,0.20189412942218743,0.1864225615792361,0.06454893243817894,-0.12517911281099547,-0.08967311463930239,-0.15117810074835913,0.161639286604786,0.1417808769010065,0.16241397556005954,0.7162490104727669,1.5179499158631489,0.11790696964707492,0.40093027159225114,-0.31631344952381113
BMEA,2021-10-13,2021,126,180.0,2.1964296666666665,17.0,153000000.0,0.023748917207560893,0.04750112467679235,-0.2204345540582865,-0.07290804777884752,-0.07650566222504529,-0.06843758307421577,0.00536196799523414,-0.034230870086283005,-0.08103833941955862,0.031111145019531383,0.006332755142347102,0.16283721524321426,-0.20086205578303984,-0.20675052266341698,0.019905388653279177,-0.03893946356568956,-0.10812446503660278,-0.006419668089516994,2.073170731707317,1.7244933012710408,-0.2900000179515164,-0.08058822856229897,-0.35107529853338215
BMR,2023-08-28,2023,126,180.0,5.606613333333334,4.0,7800000.0,-0.35191634547999895,-0.31482011045217595,0.19150935178456518,-0.09139782568666632,-0.09773918654577263,-0.00814682681963419,0.153846142994148,0.1392107190041174,-0.023245094810475875,-0.31794871261917723,-0.2659498125671689,-0.05300334080417701,0.015037579158775127,0.02032075745830375,-0.29210061302015444,-0.28494621898579686,-0.2529213166088218,-0.08415601223391256,0.6503950338600452,0.41478555304740405,-0.5349999964237213,-0.5349999964237213,-0.4904109682994747
BNL,2021-03-16,2021,124,180.0,,17.0,569500000.0,-0.02059140897571654,-0.030193051378484603,-0.011725029962887268,0.0021563836750693177,0.0034177040135595638,-0.0030353485659664337,-0.031199565300988663,-0.015009007843945987,0.0013065310765928428,0.04553024344270784,-0.010824088282661348,-0.05987179596783565,0.07700482043624324,0.0916846317516522,-0.012326270304114595,0.01509437725938545,-0.022846160078167976,-0.060981522624511064,1.6761931479468388,3.1953454664469145,0.09117642570944384,0.07823528962976778,0.1380368162769161
BNTX,2020-04-07,2020,124,180.0,,15.0,150000000.0,0.5749701392831674,0.609138630182702,-0.23163336915763777,-0.13521716537099848,-0.13623664564806492,0.028860450683297234,-0.15394729995551182,-0.2015843257549681,0.028536047089840588,0.23846543575943335,0.21509997634772304,0.3009117738758347,0.04646298194685272,-0.048910757196726884,0.6591916646963474,-0.09387447005332383,-0.1670830169113935,0.3841522961163334,8.628944183712624,6.385174690319471,2.515333302815755,1.2133333841959635,2.7029494655740307
BOF,2023-12-13,2023,125,180.0,2.330212605042017,6.0,7140000.0,-0.007246369925949403,-0.0615638317708308,-0.06872662672441299,0.04525550074732032,0.0314653826427822,-0.017438882839845182,-0.03701123672391904,-0.03225036481238874,-0.06641069350123796,-0.042784552757676675,-0.060765979175812834,-0.059558346433170595,0.8787878185811693,0.8278101843529277,-0.20483184334263416,-0.036496315432303805,-0.0636025132492023,-0.13839307830117709,1.0057803468208093,0.5857418111753372,-0.7716666658719381,-0.6266666650772095,-0.6907449079332897
BOLD,2024-09-24,2024,124,180.0,2.55829328,16.0,100000000.0,-0.010695176938778084,-0.02410840512771928,-0.35636529087208035,-0.08378376723903236,-0.08664508156436435,-0.007500918021600134,-0.038348115167563646,-0.03365707240011229,0.09906357409149857,-0.0705521532964184,-0.09640423787533248,-0.10497986240625168,-0.11221119385468636,-0.12417714801553936,-0.045508722611768415,-0.18108109936738526,-0.20504238366102379,-0.019344606105939466,1.238599400471969,0.6505516933477901,-0.7687499970197678,-0.546875,-0.7403508738467568
BORR,2020-01-27,2020,124,180.0,21.0136702,9.3,46500000.0,-0.19298246298935062,-0.21645467221473536,-0.07798012237362473,-0.02318845246925283,-0.007159042274355931,-0.01545958539218073,-0.24332343059019423,-0.2452399533635713,-0.0068925526463210485,-0.43725491387713034,-0.40186678172392554,0.3560566731909067,-0.8243902340755489,-0.6020969305195898,-0.13710212234186248,-0.5840579933490202,-0.5350267689189913,0.3277072406176256,1.3082087935889106,1.9305465309363943,0.48387098825106056,0.27096770912088375,-0.2937564204631753
BOW,2024-11-19,2024,125,180.0,3.187499900390628,17.0,128000004.0,0.10340320058848196,0.09565853445851213,0.021717196401088712,0.027580079226236398,0.023924611591004785,0.04610299217396108,0.046176000105688564,0.028642480141050308,-0.06453076366443877,-0.05351720349542022,-0.02959313035281852,0.083393343393249,-0.044010553068818736,-0.07261456080929374,0.08777163239857377,0.0174970382926809,0.020676490880565224,0.06185253085295428,1.8563167695775753,2.232513313077853,0.983529483570772,0.5894117916331572,0.4168068193966783
BOX,2015-07-22,2015,125,180.0,,14.0,175000000.0,-0.02792021609228479,-0.02725949878589129,-0.06880929960349647,-0.025205176942368013,-0.02341058481574465,-0.00782653605649819,-0.009621157876518738,-0.006782576911448679,0.019561079394434078,-0.10503944228058226,-0.09341541182758162,0.05445785041048634,-0.12075982093696891,-0.07952512770219644,-0.00562284778714639,-0.1359906077052192,-0.1197922951867717,0.0663559320453343,3.0051021716278234,1.3274021656453778,0.21857139042445595,0.22142859867640907,-0.2656048298699176
BRBR,2020-04-14,2020,122,180.0,,14.0,479999996.0,-0.026125587511626747,-0.049666342618833625,-0.0005568715434862703,-0.016552563239165652,-0.04604543407572659,-0.0642545939643463,-0.0911201240009113,-0.05324000251559713,0.03407399298345859,0.2618135645861628,0.2118941225401081,-0.0353110130967611,0.012145737264080081,-0.10063196901113725,0.13560942405141851,0.12785386487393335,0.08791332355724468,-0.06179729236598741,1.6639254385964912,1.7296318447634236,0.25142860412597656,0.45142854963030143,0.07155963602422699
BRCB,2026-03-11,2026,124,180.0,0.0385347849248348,20.0,294117640.0,0.026248450966089854,0.05041448488244471,-0.0949763589619973,0.04242035986895809,0.043675529240662314,-0.016072889369112664,-0.01735481891487267,0.004675882129826281,-0.04068260629240905,-0.09622411183707291,-0.12416354711122823,-0.32259152291053783,-0.22776280860425013,-0.3037582285660173,0.1366947042688006,-0.07423583799650113,-0.0782672336347019,-0.3661002547437222,0.9814032846889268,1.3672859217177733,-0.19849996566772465,0.10799999237060542,-0.4177261065445058
BRLT,2022-03-22,2022,125,180.0,,12.0,99999996.0,-0.10122162683689451,-0.12461937320415173,-0.11756348545810635,0.025242740200695613,0.013541348364592087,-0.10880817342680282,-0.003787875024959475,-0.030389871404989388,-0.07528688215982793,-0.20057039149598133,-0.16408464394257793,0.08596783124815266,-0.5457788344171881,-0.42693732620058167,-0.2750781296835355,-0.18349517556542005,-0.18421521156103926,-0.10301682861757289,1.411600279524808,0.6741872150677183,-0.14166665077209473,0.5708333651224773,-0.3983645043328118
BROS,2022-03-14,2022,125,180.0,0.4691645206167096,23.0,484210536.0,-0.12934879747877437,-0.0642504276683824,-0.07712132986775377,-0.010655747251912984,-0.003347424185064507,0.004814554435123908,0.21996692243364402,0.15428343406808653,-0.0087967988451646,-0.11188454977700535,-0.10182581516695921,0.2925778690200017,-0.22003444530795535,-0.12722207977880473,-0.15350625097098436,0.071926274407907,0.02467223161166676,0.2850742157837578,0.6350972908564135,0.8006325434604805,1.121739097263502,1.0895652770996094,0.33042526802200034
BRZE,2022-05-16,2022,124,180.0,,65.0,520000000.0,-0.20659091255881568,-0.12419979668089909,-0.34478982366628463,-0.062446299475918954,-0.058388734809336706,-0.04688228869185329,-0.0030552543696815704,0.004867920263955328,0.03400212978796491,-0.01777510916545577,0.04029709059965758,-0.0515555505616343,0.3160686835961468,0.30526276550246423,0.011057744066003794,-0.08192496771275626,-0.012598058375685506,-0.07070979081848772,0.39704318369812114,0.4927005968193947,-0.46292307927058296,-0.18999997652493994,-0.6261912402230767
BSVN,2019-03-19,2019,123,180.0,1.9963235294117647,19.0,64600000.0,-0.03710465879169922,-0.054986879444234305,-0.15326626632299434,-0.0416929785592568,-0.041940941324631886,0.01896405835913484,0.0744890675730745,0.07902164125211664,0.032134460739265736,0.07239266014766854,0.0402355432511865,0.0310332256778163,0.012585882520851577,0.030162412846011843,-0.08589006027096435,0.10423244639814122,0.07649888120052606,0.08664799881099428,0.45336306205871424,0.4050538833147529,-0.16684210927862864,-0.048947384482935896,-0.17077004729305356
BSY,2021-03-22,2021,124,180.0,22.22167162790697,22.0,236500000.0,-0.10690752095347167,-0.1054974043093928,0.39299204197814874,0.04497856661253885,0.03699359879946229,0.016194284957297578,0.015486228821197656,0.0073606971694417656,-0.14099913857040458,0.11482392721157275,0.07341199457478176,0.0277260263719874,0.03922753568403414,0.039785584496016435,-0.05723053437740033,0.18300805670953224,0.12475088868710782,-0.10518063902930141,1.5742646035779406,0.8443725178616325,0.9100000208074397,0.5599999861283735,0.2547028471718902
BTBD,2022-05-11,2022,124,180.0,1.6864591666666666,5.0,12000000.0,0.08716942628575253,0.17998179181490315,-0.08730940340834559,-0.009009000301244852,0.0068771316390878745,-0.051509259112747396,-0.06454543493996023,-0.06227932507761136,0.12351116808007667,0.31195332000753484,0.28750576871890554,0.24692962507682892,-0.02222220063700142,0.0206484434204256,-0.2641924361377245,0.21621622202139235,0.21032781057264716,0.33375047648706535,0.042295039945315506,0.16576237877557995,-0.5559999942779542,-0.5199999809265136,-0.4954545498879488
BTSG,2024-07-24,2024,124,180.0,2.209819753627253,13.0,693333342.0,0.1258093990643403,0.10546809519665867,0.049475598768385476,-0.010682014266716777,0.01198050183026056,0.004702874135602331,0.029069799217495973,0.011369343892484896,-0.0130587373361577,-0.014527869264570836,-0.032337999077165835,-0.11462804164948559,0.23095820524274058,0.21247869070206327,0.12143736249850612,0.0032867675926269158,-0.009064645348350941,-0.12254116855027886,0.9563682993391129,1.2806377249993608,-0.06384614797738897,-0.22692306225116432,0.10636364329944947
BV,2018-12-26,2018,125,180.0,3.6563763849765256,22.0,468600000.0,-0.23490488972243584,-0.12508531265839273,-0.15132267708417002,0.061621588629645396,0.011096725085572023,-0.018784492280658704,0.08248477034511725,0.09048698831783664,0.038799516647723964,0.3969896727748774,0.308664086302483,-0.06964267761142451,-0.06397311370610437,-0.11566996936673157,-0.15434248225214164,0.605405446645376,0.47124139896794315,-0.04760573008265301,1.647390416950141,1.7989006598200883,-0.5795454545454546,-0.15636366063898255,-0.5677570016407656
BVS,2021-08-10,2021,125,180.0,3.979823625,13.0,104000000.0,-0.127684263941634,-0.1392382551233189,0.23212634879133054,0.0039920439575975575,0.0027480935654169425,-0.04002702574598849,-0.07223327644572353,-0.0753055089650202,0.01121478209651694,0.050714288439069444,0.035242720596118104,-0.0781607442829294,-0.0530251346667876,-0.01751913649509451,-0.10045941403957503,-0.02129073190349018,-0.04114914160726968,-0.10643832441068835,0.6508402240597493,0.7974472204933661,0.15615382561316848,0.10769227834848238,-0.21759497921476412
BWAY,2019-10-14,2019,125,180.0,3.3280892,11.0,27500000.0,-0.1428571428571429,-0.12688186099093357,-0.04653079947608829,0.010000016954210045,0.011113782897322011,-0.0048781303081422145,-0.020902148610363325,-0.03455302835595231,-0.022759459234899193,0.011235998399541591,-0.016631650993056857,0.1342969041395894,0.16666666666666674,0.1498675988111524,-0.10854448661245508,0.0,-0.04073851550542851,0.10023578606643735,0.17167381974248927,0.21638054363376252,-0.5909090909090908,-0.5330454652959651,-0.18845808149968168
BWB,2018-09-10,2018,125,180.0,3.3364737313432835,11.75,78725000.0,0.057370538333565424,0.048495529689041694,0.005441924670161802,-0.016578768608865868,-0.018317294302151232,-0.000670116342003757,-0.023754821079373656,-0.028058848181439888,-0.022868381184535047,0.019623234261491485,0.024876531534284818,-0.03770696566139298,-0.13240949527795387,-0.08227402064596834,0.0018582630624131014,-0.021100277090170927,-0.021865232639664,-0.06177401069933086,0.5359824419544877,0.4046821454699473,0.12936174108626997,0.09446805588742513,0.05150559255934528
BWMN,2021-11-03,2021,126,180.0,1.564939024390244,14.0,51660000.0,0.2715033766276749,0.2050060610259632,6.9750331008755495e-06,0.010588253245634283,0.004483019728678039,0.005246651335930719,-0.020372548035653026,-0.018005518209895155,0.0472008556937098,0.030897234707126797,0.04431339726743855,0.004940123515800754,0.22449569868157693,0.1861047983909927,0.0610646533612047,0.02058825773351325,0.030330626340273836,0.05588255896213312,0.22193211488250653,0.422106179286336,0.2142857142857142,-0.07214287349155968,0.2142857142857142
BY,2017-12-27,2017,125,180.0,3.9810350877192975,19.0,108300000.0,0.08884403212163905,0.06209849486135832,-0.042226559645921036,0.0625869448571974,0.0621003814318275,-0.0014323657240256082,-0.0383943786141947,-0.05444247793262935,-0.03362735937292216,0.02903808362356064,-0.0260777148671556,-0.006538972949542088,0.02292770946943068,0.05321591200444076,0.06611201922878895,0.051460390637738884,-0.021109630522059275,-0.04139665306055751,1.4185699529438769,2.3501281609855007,0.1352631418328536,0.07263153477718953,0.07581049953129648
BYND,2019-10-29,2019,126,180.0,5.057978597402597,25.0,240625000.0,-0.2907414404165931,-0.3127450089074624,-0.31802099446433607,-0.22218010610655525,-0.22188338226378324,0.04532562456408451,-0.006586180382936235,-0.019184733965840528,0.042184647960534116,-0.024800450813399322,-0.04776233669099572,-0.1412118512556726,-0.03814678040608588,-0.06635620554595245,-0.26650485714217353,-0.24646620296316668,-0.28200856766202465,-0.06497231708824502,13.43693896790589,4.963410801874548,3.216400146484375,6.767999877929688,0.603193972047291
BYSI,2017-09-05,2017,125,180.0,123.55346384678056,20.0,3485720.0,0.05813345950871951,0.05639548339855138,0.12836384703846493,-0.11924119572291525,-0.11205914760478097,-0.0024472855579400488,0.04139858859402312,0.0251830089274665,-0.06964587784459975,0.06016657818987037,0.048928835641184554,0.02560683828726229,-0.10818343870544234,-0.12514932210249063,-0.10224925138324781,-0.027592976784291956,-0.04784799755025815,-0.049496627003659976,3.023758099352052,1.6414686825053997,1.0295000076293945,0.5899999618530274,1.4160715473752497
BZ,2021-12-08,2021,126,180.0,,19.0,912000000.0,-0.13793106523466514,-0.13654494383778992,0.005682404655027784,0.03898303791628077,0.036335070380602685,-0.021488426413389106,0.24241443083191427,0.24011417287673642,-0.07461051276017683,-0.07720594275309733,-0.07155357635358606,0.03003414982331276,-0.11439950541374377,-0.07328314405546443,-0.09321002288117286,0.1911864199880826,0.1919124735004617,-0.07399206509407086,8.346548279177966,10.103435502043181,0.5526315789473684,0.8526316191020764,-0.2069892635757843
BZUN,2015-11-17,2015,126,180.0,,10.0,110000000.0,0.09106524352900447,0.08000166456445035,-0.2904291451523915,0.05354333192034333,0.054272803275494774,0.005536678644981974,0.3273542658429145,0.3084707068816974,0.04458011883046564,-0.028153152790329705,-0.02184788751335609,0.05786316451460283,-0.24333718155096618,-0.14613965552417918,0.18288351297189243,0.3590551565433886,0.3473344887127341,0.11263698048027537,1.058695313716332,3.0246336948812425,-0.36500000953674316,-0.14499998092651367,-0.39176243679509515
CAAP,2018-07-31,2018,125,180.0,4.6007790859883135,17.0,485714293.0,0.30450246164370287,0.272542813063831,-0.04727077992624196,0.011807457923560971,0.0068780980197868935,0.018875694155362166,-0.11669660239409918,-0.13180341717691757,-0.010958712395517156,-0.15040655213012455,-0.1656037895400735,-0.153334418317859,0.10167469095418191,0.10181268951609168,0.03785081773793375,-0.24069032852996786,-0.2763038337486424,-0.14791574633642435,0.5961419794489309,0.4634275033759916,-0.3523529277128332,-0.24882350248448992,-0.32597316205022686
CABA,2020-04-22,2020,123,180.0,2.463655,11.0,74800000.0,-0.09269660927252732,-0.3173658727052068,-0.0453859274341849,0.04489163469667923,0.022697094083790503,0.1721860563672517,0.19407413623951109,0.143518833326586,-0.14142660418182218,-0.07320106683730254,-0.0858882239230564,-0.30788699653503304,-0.021418989545648248,-0.07143079862459967,-0.1493497823973572,0.15634670991958566,0.06885043324506723,-0.2879072104944469,1.5748613678373382,2.7125693160813307,-0.4127272692593661,0.26272730393843213,-0.35399999618530276
CADL,2022-01-24,2022,126,180.0,2.088717111111111,8.0,72000000.0,-0.22831631722126555,-0.16479135132507805,0.04272984727348894,0.04132231274684206,0.037075577039945795,-0.006916521567424727,-0.3190476457187821,-0.3419423515392206,-0.029192079071505006,0.07459211526965981,0.11980114857038693,-0.31727411876939027,-0.02386119963743827,-0.07046591754680964,-0.10087564138132987,-0.23801653087973695,-0.2188147329639598,-0.34163305175751757,0.9874661246612466,1.0199299909665762,-0.2437499761581421,0.22374999523162842,-0.13571425846644813
CAI,2025-12-15,2025,125,180.0,10.81214298937857,21.0,494117652.0,0.10123461189535687,0.08677113939954983,-0.10680589524817863,-0.0022421324898804773,-0.0007312939512147398,0.002075727238769254,0.06591753824876823,0.059894538324083646,0.016053178852895922,-0.07167951770215286,-0.07975446787039775,-0.1968878627962748,-0.21839517188120494,-0.20522817783000213,0.08851166965925539,-0.012705536236166992,-0.02531991000809586,-0.18045905337239188,1.9032897978781205,2.125263058881668,0.2742857251848494,0.6595237368629092,-0.044285706111362844
CAMP,2025-04-09,2025,123,180.0,1.8599881231671556,11.0,75020000.0,-0.5792349655582851,-0.47231315351499614,-0.12184971046895854,-0.07359300523220424,-0.17861230707131726,0.12617463369849125,-0.24299068908647925,-0.20114018750614238,-0.09930529105175834,0.32098771518840397,0.24603427298817504,0.09596854783799014,-0.10280380235279007,-0.16311601209527826,-0.23838858501969296,-0.07359300523220424,-0.21172542759503354,0.112445969460231,1.9218717359515354,2.574333263700299,-0.7900000052018599,-0.4100000208074396,-0.7845149360784682
CAN,2020-05-19,2020,123,180.0,,9.0,90000000.0,0.06714621770943441,0.019523774311203113,-0.2914967935525352,-0.0179775117157287,-0.007706329413027402,-0.03597679508702367,-0.3135011261868281,-0.3530942265405026,0.1294884601237969,-0.3566666841506957,-0.3834515321575117,0.23531036049652587,-0.03626939644829208,-0.06556415604378674,0.23550383785282092,-0.5662921280289608,-0.6227667167140774,0.3112572708654291,0.7600036908313598,1.6933739324782906,-0.5055555767483182,-0.4944444232516818,-0.5050055703492358
CARG,2018-04-10,2018,123,180.0,7.206946170212766,16.0,150400000.0,0.0023803266151549707,0.06646034752123386,0.06244093781560256,0.004221631687873595,-0.011678728068771571,-0.03591064229754626,-0.14661065763834968,-0.16561879892041032,-0.002190649627814678,0.00431032609672255,0.016412879796432467,0.17408649323430359,0.02421829985883739,-0.015044325427922223,0.06575218466106791,-0.13931404700310757,-0.1619960907875304,0.11774343766917006,31.004541811381245,14.25327277584825,1.3687500953674316,0.8624999523162842,0.37418425057000904
CARL,2026-01-20,2026,125,180.0,2.957652835820896,15.0,100500000.0,-0.0023810068045416743,-0.03255668150480673,-0.1576190880196252,0.008751043199854092,0.029107803170616897,0.012579900031945757,0.06151417304405027,0.03508191014843942,-0.01015485825513629,-0.11961364428784149,-0.10638554275336665,0.06890021353514153,-0.0734177899769397,-0.03719405635486428,0.09107987347264035,-0.057279183041743176,-0.0495152595450955,0.06896304837216527,2.8267019803768134,1.4755512751058408,-0.162000020345052,-0.07866668701171864,-0.13310346932246753
CART,2024-03-18,2024,125,180.0,11.575157454545456,30.0,660000000.0,0.3648494038062913,0.34927207137363414,-0.06579254890096786,0.04050281547040924,0.034559660185118135,-0.006824320522627714,0.02093956454488266,0.0074660349714053,0.10690917296564062,-0.028398581410035928,0.002846046293961013,-0.01622365114359181,-0.07171857838056761,-0.11098136125666258,0.27688075804030876,0.032122948334825985,0.04447998491348115,0.08504826279215894,0.9451534629528587,0.6501492709456193,0.1933333079020183,-0.20900001525878908,0.06231449337029393
CAVA,2023-12-12,2023,125,180.0,6.7113337141948834,22.0,317777768.0,0.045703315017384005,-0.002820335361881421,-0.15734265655008672,0.19636801858481912,0.19180078571453518,-0.012729333259871911,0.053768978904537024,0.03062743593291395,0.07314633470355791,0.048339833654608366,0.04515979453138663,0.006688530352506827,0.2314858583908641,0.17931832236670053,0.007010109364656403,0.32163731635532855,0.2905543574759477,0.0669857461459249,13.548570561917039,4.715224589873866,0.4768182581121272,0.9918181679465554,-0.2578802516131866
CBC,2026-05-19,2026,122,180.0,12.4122454719316,21.0,373338000.0,0.07562696984939277,0.03339582786359019,0.022874377915452437,0.0051001597725801595,0.011761019154823305,-0.006419053451388157,0.03153312530167418,0.008731765197486974,-0.0037238230308094256,-0.0319746970023127,-0.019315794833176025,-0.014872469763424823,0.14990929881985315,0.14676478901420342,0.04761173145653852,0.00364293156071982,0.0005156080891932646,-0.025191932651701388,1.2196108571659723,1.0291969490626502,0.30714289347330737,0.15476190476190466,0.16461608478371126
CBK,2026-03-31,2026,124,180.0,0.9096349245206948,24.0,172154208.0,-0.008768568290135725,0.07050243872146433,-0.013501886254435491,0.0007692483755259438,-0.028298677323388866,0.026642108383553964,0.04534974190685315,0.005878108837801488,0.05801536031146215,0.049999950913823366,-0.0026176239894697417,-0.0002879545902008118,0.022058861340894076,-0.03839809003898442,-0.002879450242107451,0.09846151792086077,-0.027509730836647872,0.08528159988151629,0.7550047664442326,1.5881792183031458,0.08333333333333326,0.062083323796590095,0.08333333333333326
CBLK,2018-10-31,2018,126,180.0,7.228142625,19.0,152000000.0,-0.13993871297242078,-0.05834312803577035,0.1781938770908711,-0.02197149643705465,-0.032652364295605474,0.01121037270545111,0.026108075288403088,-0.012246891624106304,-0.004502875397045414,-0.034911242603550274,-0.009894344503869723,-0.08326217746006404,-0.17719190680564068,-0.08937523459380026,-0.14977311276851413,-0.03147268408551074,-0.0546643120776199,-0.07695801366799326,7.240778045504797,3.47414989478248,-0.11368421052631583,0.1947368421052631,-0.2965747702589808
CBLL,2025-04-09,2025,123,180.0,2.2074732747127586,17.0,180303020.0,-0.2694791369883597,-0.1625573249450707,-0.1264799459667696,0.13317621215831954,0.02815691031920653,-0.014908563816580678,-0.24648985355966013,-0.20463935197932326,-0.05547420756437749,0.1801242685699611,0.10517082636973218,0.1054393431634566,0.04619877137750161,-0.014113438364986575,-0.14386639205699048,0.007660640741035785,-0.13047178162179351,0.031945239896174926,1.1869767441860466,3.4313178294573645,-0.001764746273265172,0.5576470318962545,-0.3212000274658203
CBNA,2025-04-02,2025,123,180.0,,22.0,40700000.0,0.007218687125323253,0.03476439154570088,0.020293027150063314,-0.005902166682172583,-0.012230578207793608,-0.015556758147647787,-0.08227313572241524,-0.05410757229870333,0.015258587520160183,0.12985219281638183,0.11189809768021486,0.0091739289845989,0.10429444406912891,0.048928810163364034,0.00025785583104609433,0.030775778698019174,0.035232345235558515,0.008877845058923195,0.4776869893148963,0.5663803338221942,0.07818178697065847,0.09590911865234353,0.11886785187387083
CBNK,2019-03-25,2019,123,180.0,4.905307761888353,12.5,27859200.0,-0.06223723325694064,-0.06263124825225053,-0.10792703637524093,0.020627847872604965,0.02137983159714618,0.013300995853371855,0.04569415631459339,0.021360806904411334,0.00803125901681745,-0.017647062594856378,-0.042312138485221196,-0.05197563442932729,0.029084701864184437,0.05083420681839346,-0.06429573736388638,0.0484304915092193,-0.0003788366297690082,-0.03147003737697007,0.5555555555555556,0.7936507936507936,-0.10800003051757823,0.04400001525878916,-0.12890629278263033
CCB,2019-01-14,2019,123,180.0,3.0011589473684213,14.5,41325000.0,0.08148680214250192,0.1058971866725058,0.025745239031872424,-0.02445471796169607,-0.018353795022407304,-0.03193764596457149,0.010162575623593906,-0.011049512894457436,-0.003896348942673211,0.049631105210681925,0.006870619102763431,-0.057278388283324655,0.05047929295742293,0.024065611552247068,0.11031831456929264,0.03436877066465027,-0.0240140947140437,-0.0900635781757464,0.7538511963290724,0.4402928001748061,0.04344828375454601,0.18965517241379315,-0.06083180998025162
CCCC,2021-03-31,2021,124,180.0,3.327624375,19.0,182400000.0,-0.22588231703814343,-0.24707029825705118,0.043848620277019634,0.12431610829472839,0.12026276666524449,-0.0568983380704321,-0.08840227924799626,-0.1191594837351807,0.12475267113579458,0.01542112808241547,-0.012827204570251105,-0.04583080720835986,0.08966120164517721,0.0914942469676242,-0.08167338225468612,0.04072948603159965,-0.023440923785917223,0.014241548008622207,3.3752244165170557,3.293291986290191,0.7315790276778371,0.7478946886564557,0.29070230762248794
CDRE,2022-05-03,2022,124,180.0,4.580558333333333,13.0,78000000.0,0.00988924023772153,0.09476074359763997,0.0540037377555489,0.015276121392838071,0.010692079108234331,0.004834409662915706,-0.05478395339946995,-0.013259364461084111,-0.03508515658358258,0.06693875059789556,0.04062889543652948,0.08868720930707452,-0.24751336895274167,-0.16855637140143476,0.1006755197399648,0.02389340723057698,0.03569135771991627,0.049093179248510754,1.3910247448622954,1.2050887739410037,0.9638462066650391,0.5184615208552434,0.6697188195121142
CELC,2018-03-19,2018,124,180.0,3.050854166666667,9.5,22800000.0,-0.15777395019226692,-0.16205924277171035,0.08302036500489751,-0.018392401372667178,-0.004862051965333625,-0.032296074841767664,0.10131853251956646,0.12120838085794972,-0.03143416289486112,0.10712034162092543,0.08795841875669552,-0.02948853165315135,0.09220266746564709,0.08883465364616194,-0.14875592594083686,0.19686643934397607,0.21149083608761043,-0.08746178937582572,1.1283783783783783,1.382882882882883,0.5452631900185032,0.9231579429224919,0.0272918365545034
CEPF,2026-02-17,2026,123,180.0,0.0225,10.0,400000000.0,-0.0038204356096335212,0.011333254414578109,-0.013853195112551897,-0.0028763840621002235,-0.004489842934028987,-0.008572066885229268,0.0028846815140313176,-0.003705345813916683,0.028376685419925773,-0.014381646003418846,0.009710880579530401,-0.04005155840671537,-0.0029182620379816226,-0.046374523116578525,0.017204535552795996,-0.014381646003418846,0.001694660520462743,-0.01954327874853523,0.7325330871037242,0.2618754488560583,0.04300003051757795,0.050000000000000044,0.030632452877698002
CEPU,2018-08-01,2018,125,180.0,,16.5,330000000.0,0.16803272040868844,0.13319860825181196,-0.13460724126023083,0.01578950098236853,0.017460141309159294,-0.035385374810635306,-0.05094992715674118,-0.0673282164946033,0.09115799541337677,-0.16560507122185741,-0.18669390927781093,-0.18120416627885805,0.1679389257404913,0.17064926097839872,-0.0688086838044557,-0.19561400147869723,-0.23169271650559764,-0.14230139852851043,0.5258651641947689,0.5212620027434842,-0.3090909322102866,-0.02121214433149854,-0.3559322527036397
CERT,2021-06-09,2021,123,180.0,4.265168783341938,23.0,668265000.0,-0.127811860275987,-0.13819611713711155,-0.012605851622223385,0.028526750210374763,0.03001866288593047,-0.01825001073410748,0.022036471520936907,0.02094553955903322,0.0055605311361430765,-0.038661673714757594,-0.05953307780825301,0.08038136878138946,0.08236655493016443,0.05721108291654331,-0.14326994401341264,0.01055101430846861,-0.00990937849586393,0.06742968095883883,0.5694726920978224,0.9338095474312549,0.11260870228642994,0.5639130965523098,-0.3279937257849881
CGEM,2021-07-07,2021,124,180.0,2.4788106722689074,21.0,249900000.0,-0.2551683739295528,-0.2806071341376787,-0.25475240516704645,0.03925455186646043,0.03572049600250771,0.05298804300144311,0.024799753856686646,0.020702716582125635,-0.16375780210773871,-0.11206255251244523,-0.11834354649119772,0.012632095574640179,0.20796641530984328,0.17876240490892337,-0.1253196488812245,-0.05432192582016926,-0.06829651388960256,-0.1091914067079951,1.1518342391304348,0.8211616847826086,0.20095234825497554,0.8871429080054873,-0.15680376322246659
CGON,2024-07-23,2024,124,180.0,2.17412555,19.0,380000000.0,0.10817694854807258,0.08955467445470533,-0.28910168953057847,-0.015216840830642342,-0.013648292955598884,0.10773401893276979,-0.10262386672626345,-0.0813518296832666,-0.02647984236028289,0.1523716838671958,0.12155985322691665,0.12373894577867639,0.04482661679920774,0.039993947839052524,0.04558725671768893,0.018374945621673966,0.011073065851187724,0.21287670697775463,2.681363752883876,1.1826252377932784,0.8331579911081415,1.0973683407432149,-0.06295389973534193
CGTX,2022-04-06,2022,125,180.0,4.671643866590094,12.0,45217392.0,0.3018867635947615,0.21833121097182606,-0.25105621345044404,-0.04927538375197449,-0.03927602721730661,0.02051577479785016,-0.12195117696277546,-0.11476226821499746,-0.08627033389432015,0.006944437545759241,0.07348929365652379,-0.33359094090634867,-0.14137933529231195,-0.1334771844671404,-0.0322560907690812,-0.15942027383029933,-0.07689804399760913,-0.3778290636953001,2.591307896347684,1.5122764061756104,-0.7124999960263569,-0.47916666666666663,-0.7298355580256657
CHA,2025-10-14,2025,124,180.0,7.0547437682303125,28.0,411151748.0,-0.0271902644311387,-0.030413101079643456,-0.2333592551311745,0.018633492543629337,0.01985513465486921,0.00520038850878024,0.05853664720434448,0.04485560311724246,0.05034971125836063,-0.1509217020229321,-0.16836576100779488,-0.27843018157712907,-0.08480325776186737,-0.09149433729952294,-0.06960098327296915,-0.08447208559801356,-0.11457588421365761,-0.24025104877650516,0.5578495921006557,0.5705274666093447,-0.42499998637608116,0.02678571428571419,-0.5036991040987889
CHCT,2015-11-17,2015,126,180.0,0.05178944,19.0,118750000.0,-0.03379098621703991,-0.04485456518159403,0.054626154000025906,0.01857924408539513,0.019308715440546576,-0.009147499362249123,-0.02360507731311068,-0.04248863627432775,-0.0483428744998885,0.03791201086727569,0.04421727614424931,0.04943866610672254,-0.11434621054544736,-0.017148684518660362,-0.017121353229053726,0.03224044684073246,0.020519779010077954,-0.013251710906301506,1.3910330103465265,2.0211310012591013,-0.0368421454178659,-0.044736862182616854,-0.07341776014883306
CHOW,2026-03-16,2026,125,180.0,12.5,4.0,10400000.0,-0.38896186955260725,-0.36110207687162954,-0.9435249820162741,0.025806439621680832,0.015629551108877537,0.006950830040983069,-0.14046121999337213,-0.12005851186918204,-0.02844910958167879,0.18048780877841208,0.12085825523896343,-0.37004473874114263,-0.09504133071064691,-0.15799667633145853,0.07788247102446855,0.04086020140857949,-0.007713754128438,-0.3850698087607136,0.011869506576931992,0.012660054112978842,-0.8837499991059303,1.7425000667572021,-0.9631245030740304
CHWY,2019-12-11,2019,126,180.0,,22.0,1023000000.0,0.11111107417383548,0.09431200631832115,-0.18378715548067648,0.05411761414770977,0.0512789235857134,-0.003562104949826339,0.0383184791221598,0.0218755598124305,-0.013742478759419141,0.047294865712677936,0.02814534542945535,-0.11162828950420745,-0.04036949448017346,-0.06790933500097085,-0.08128549458094536,0.14627449185240504,0.10742655792836886,-0.12955899786760172,5.3454547959928895,2.919784303188142,0.15909090909090917,0.5131818597966975,-0.27122038363053413
CHYM,2025-12-09,2025,125,180.0,9.38247653125,27.0,864000000.0,0.17600786120203482,0.15713960370547242,-0.1765078336340925,0.015468262460420767,0.016331341686397494,0.005038479844779786,0.040345800959186606,0.0464508358682697,-0.0651493195928261,0.0961614666069075,0.08048834108218794,-0.11124519884854256,-0.21371840842020717,-0.2153282260237831,0.22932290238097375,0.15802678405472492,0.1494256330800534,-0.16605941924878076,0.9571281310830437,1.2375421888923748,-0.11407407124837243,-0.021851857503255245,-0.355429811832942
CINT,2022-05-09,2022,124,180.0,,15.0,195652170.0,-0.17895401216556728,-0.09554827294034263,0.44003184690596253,-0.07981580837806201,-0.04779854035791564,0.0649751025444617,0.22518764477118425,0.2203656269260239,-0.16135088081023408,-0.057862454191658474,-0.09697863814959817,0.08304626978985508,-0.22615607513961267,-0.1618129745759176,-0.16598565911566754,0.06216426985543744,0.05146753738191934,-0.044615352493128535,0.20642521735087638,1.759418537976351,-0.1313333511352539,-0.22933330535888674,-0.28090512530448364
CLDR,2017-10-25,2017,126,180.0,7.537606866666667,15.0,225000000.0,-0.01883353584447156,-0.048864030755952026,-0.06518459344970462,-0.057585139318885314,-0.052635013482643656,0.014499457649192804,0.0026281208935610145,-0.005989517894091634,0.051101452953400406,0.044560943643512374,0.035744991111983815,-0.09417246671118518,0.09284818067754097,0.06274355905508111,-0.12106207237746625,-0.013003095975232193,-0.025475859607452356,-0.03295946522517912,4.713239509158206,2.4817114161523914,0.07666666666666666,0.21666666666666656,-0.10773480662983437
CLLS,2015-09-21,2015,125,180.0,5.353949272727273,41.5,228250000.0,0.09221244296055064,0.1339833123112939,0.030341446513348913,-0.027446359519052277,-0.03261397160089052,0.05910421802447141,-0.16656437582773664,-0.12355301515249162,-0.08474773898738563,-0.021347071110688343,-0.10304485877693403,-0.09172993602452106,0.2993606257538115,0.2882970467892574,0.07355786864700498,-0.20674224971768163,-0.24726411358367417,-0.11912810533571505,1.3052807247586125,1.5875948662931618,-0.19228914559605614,-0.019759028790945043,-0.1470737631426272
CLPR,2017-08-09,2017,125,180.0,1.9846938596491228,13.5,76950000.0,-0.10607355137967478,-0.12700749586260762,0.058087623479551986,-0.015310990462435337,-0.015270569419573388,0.006684202174029652,0.01068995695675734,0.011943738791312497,0.06747040251814918,0.04230774521122527,0.042591244537080186,0.008898063028753955,0.006457536331999636,-0.025097568374929047,-0.1485814512409216,0.037320607697712394,0.03889789233053931,0.08346573706870686,0.5667079059743784,0.5975708717457531,-0.22592594005443434,-0.16814818205656834,-0.22592594005443434
CLPS,2018-11-20,2018,125,180.0,5.645,5.25,10500000.0,-0.26703978186004684,-0.2455496416751637,0.05368188444395594,-0.015781424259884935,0.0027247476961738126,-0.04121870132124594,0.022413729884255273,-0.01718944915729037,-0.019146976458323306,-0.22091062069162937,-0.12108547048496499,-0.2951597182406669,0.2705627772648165,0.20708425115384088,-0.3051297295126846,-0.21601904176690456,-0.1345251456793124,-0.3365235528790228,0.09450472523626181,0.20767705051919264,0.12247621445428747,1.705714271182106,0.09129630033534908
CLST,2022-04-11,2022,125,180.0,,10.0,52900000.0,-0.002919705285395424,-0.06838498374021962,0.03925429711096806,-0.007320602409403021,0.009771682085305766,0.00259709005939035,0.010324438445142414,-0.001314029823882068,0.01981344829414411,-0.052554764748382055,0.05069440684243032,0.021696357124908805,0.017719607397691517,-0.012674551799780831,-0.06012233249911936,-0.049780403570400256,0.05853787109720798,0.043319235946409185,0.6408345752608048,0.2533532041728763,0.365999984741211,0.3689999580383301,0.007374588842250063
CMPS,2021-03-17,2021,124,180.0,3.6407108,17.0,127500000.0,-0.12547208479609417,-0.13467426675243344,-0.22541898831386065,0.025911660471444664,0.02250177920795471,-0.01648410799069755,-0.16978481306153825,-0.1452668134831273,0.026600260086217853,-0.041408485090228875,-0.11456601736533278,-0.044092052557858974,-0.036438375205699924,-0.0229966833223616,-0.1257428805516415,-0.18354130206013786,-0.23395677848268626,-0.03441794624319938,0.9125978487357098,1.2144037093352855,1.4517647238338696,2.145294189453125,0.4372413898336476
CMTG,2022-05-02,2022,124,180.0,24.349753318320182,18.65,103040019.0,0.007584660020101719,0.09535370918040209,-0.008594100805707328,-0.006369461924484954,-0.012388906066058025,-0.026672293354119914,0.10839164492370723,0.14774214947465347,-0.013873455670764256,0.0531020086526639,0.016032468631348884,0.013755376675391284,-0.15826260447447027,-0.0793388234075928,0.13296584293032,0.15981471660245883,0.15755745282629063,-0.02872030939127712,3.4748451427708114,2.3014554061540013,-0.07399461352473602,-0.030026801469818176,0.015882379868451313
CNM,2022-01-19,2022,125,180.0,3.4385919437894827,20.0,697674420.0,-0.066210035222806,-0.05886012129343299,0.10102738938227196,0.018337360994395535,0.028720918872502277,0.009912937913235886,-0.05162060904336663,-0.010956535734705897,-0.0064952702469331935,-0.0037974746704916296,-0.03430188436119219,-0.1044007574750242,0.02583645435127524,0.038218896589789275,-0.0636553950590707,-0.03789732153544212,-0.01623204005625445,-0.1025797877170892,3.466714026147898,3.5947667773239163,0.22700004577636723,0.2545000076293946,0.03544304327202519
CNTB,2021-09-15,2021,125,180.0,,17.0,191250000.0,0.011959532273190243,0.018223907478062573,0.17768187034564353,-0.03045454892245225,-0.03880718719816001,0.06136665750606407,-0.03422407617662515,-0.011851968866606444,0.08996489913898853,-0.2558252602026252,-0.2497045988829355,0.12084828505103529,-0.0776255437903236,-0.14297781852735325,-0.17613518423428087,-0.30318182164972474,-0.2829417773419707,0.2981352617336328,0.6919642857142857,1.1898561507936507,0.2941176470588236,-0.13352943869198075,0.18983235653493868
CNTX,2022-04-18,2022,124,180.0,1.0419584,5.0,25000000.0,-0.042553214424603025,-0.035116755983016223,-0.12361372161140383,-0.0999999735090461,-0.10041111280475434,-0.009812215881345843,-0.006172833601124972,0.015426799772648048,-0.04890470956733617,-0.11801245685234607,-0.05168958742094398,-0.022982311634210606,0.4014084997737122,0.466943757992364,0.3301390559686188,-0.2111111140545504,-0.12499674079067813,-0.0755129362959085,1.2155351319300327,0.9296297140945822,-0.6400000095367432,-0.5019999980926514,-0.6470588262793378
COCO,2022-04-19,2022,124,180.0,3.82575,15.0,172500000.0,0.10340907132822652,0.11814403928209127,0.18906352286183237,0.035015463568708105,0.018872788717660516,0.026390941631070586,0.08457705588692699,0.1496049227882127,-0.07699074085052426,-0.026605502018552274,-0.007908076723727064,-0.27116833177194977,0.07728564326413312,0.14860224444665937,0.12889835661564408,0.09268791091601547,0.16038659761566232,-0.29754362191157147,0.6606006262035309,0.7290028272256439,-0.3526666641235352,-0.26933333079020183,-0.2818047552231302
COE,2016-12-07,2016,126,180.0,7.194045833333333,19.0,45600000.0,-0.07361956513853318,-0.11373217736741292,0.03037906426485415,0.009933749320585994,-0.003147031893634855,0.04289690065271223,-0.05901636842821467,-0.06471538331918925,-0.09284041578701296,0.011149814854271245,0.005261724707714466,-0.15387877033566733,-0.019986213458204394,-0.027556240794544773,-0.2042706819963186,-0.03907285680018402,-0.0639263066940573,-0.19703288785560125,0.33078880407124683,0.9987277353689568,2.1789474487304688,3.2231577823036597,-0.20442567198868533
COLD,2018-07-18,2018,125,180.0,2.0471895143487857,16.0,724800000.0,-0.019797348592122677,-0.03393534286687683,0.14340977159532753,-0.0018788592675996751,-0.003982457995886812,-0.039938317272459334,0.01741180419921884,0.006915781169771984,0.020513460139959694,0.06938020082210072,0.07723207543795818,-0.028981921887089368,0.08910031968712895,0.05698310827335118,-0.0045958463535770155,0.08595584053598548,0.08128511798850391,-0.04915244410922048,0.635552869648024,0.6857610274817175,0.330625057220459,0.19124996662139893,0.19808668357269466
COLL,2015-11-03,2015,126,180.0,2.397919827586207,12.0,69600000.0,-0.05977007986485272,-0.11982952509904721,-0.18084712696391048,0.04156471601025591,0.038665335753964136,-0.00626252006026351,-0.00657274153347609,0.0049912510798239,-0.018627110018603177,0.025519892222181983,0.025663729869132457,0.35079967434149995,0.267281061435082,0.28962798364957554,-0.2700778670135259,0.061124692096115485,0.0699654193918402,0.3154540040733742,0.2717481818686504,0.2593497288994985,0.7041667302449544,0.599166711171468,0.6639545017424149
COMP,2021-09-28,2021,125,180.0,13.600358,18.0,450000000.0,-0.15065916674369484,-0.13375747801174032,-0.06626836130895764,-0.0022172752079281377,0.017934570835224983,-0.04058432791416666,-0.14000002543131507,-0.13857054301076144,-0.0011979007467559644,0.12230836505471054,0.06952613224610893,0.1612979073720877,-0.27782041133884383,-0.3046429642284061,-0.10090312057817175,-0.03695491573303966,-0.06704703656676025,0.11141895777349964,5.9938347579634375,3.5276438462378095,-0.24833334816826713,-0.22277779049343538,-0.3285359806891125
CON,2025-01-21,2025,123,180.0,4.626377911111111,23.5,528750000.0,0.028223841617476264,0.03932771754042985,-0.08581037275638159,0.05537151551176378,0.04621797866867583,0.03259291913334739,0.052466372929264926,0.05002871142849741,0.012044866323724257,-0.005112864737771061,-0.01902468382202971,-0.035976845515096834,-0.0997858623400758,-0.02506282979107899,0.06775496698752848,0.10506395214748232,0.07937705642313997,0.008855771290943615,0.3858430482139278,0.7586730923983116,-0.10085109954184679,-0.15829784312146777,-0.060053398975088546
COUR,2021-09-27,2021,125,180.0,7.281720661157025,33.0,519090000.0,-0.07972176182676027,-0.07445575982772423,-0.09589032090632343,-0.024127959134835564,-0.021267043626748583,-0.039349055334205296,-0.08221627208734739,-0.05058786178395591,-0.08628653905044459,0.10029218154814434,0.03751229113916721,0.015351749612814158,-0.09056051516190189,-0.11694624637327589,0.036898652062536286,-0.014534883076207206,-0.04075637850283298,-0.1107895033778008,1.449182430266111,1.2251281190043615,0.04242428866299708,0.3075758038145122,-0.23555552164713545
COYA,2023-06-27,2023,123,180.0,2.173576393442623,5.0,15250000.0,0.09638556293382838,0.055893560541291354,0.028984809813852097,-0.035164904954306464,-0.04612821609736739,0.07968280686410556,-0.05466965339802965,-0.07062671427065037,0.016483035349045494,-0.033734906811658916,-0.06167254305023062,0.03087692098815742,-0.12219456857536282,-0.09479668330660773,-0.07033616969215584,-0.11868130532227794,-0.17447123483278415,0.13306134694816696,0.1096758063171931,0.12139900547267828,-0.08999996185302739,-0.07600002288818364,-0.004376363276862416
CPBI,2024-04-17,2024,123,180.0,,10.0,41308150.0,-0.014763742203055319,0.003428331342846258,-0.11132238891922319,-0.0034964881730095154,0.002421751045214804,0.017404928479471726,0.02756888300887983,0.017859531320411293,0.0123489057052254,-0.024390243902439046,-0.07260857250334696,-0.0412786362870623,0.002000045776367143,-0.02191550824512345,-0.01148673404243239,-0.0009990238414763208,-0.05313103301911393,-0.01112536849959489,0.4444444444444444,0.7290448343079922,0.0010000228881836826,0.0739999771118165,0.09999997904012559
CPNG,2021-09-07,2021,125,180.0,10.84875236153846,35.0,4550000000.0,-0.2358247370734604,-0.25975747356831624,0.02276383110465674,0.09780774555956029,0.1013832623892561,-0.03317343717272836,-0.08233482213958931,-0.066187260527656,0.05700848352969645,-0.09507867669215564,-0.07015577107142346,-0.14833491353663042,0.11505729278576982,0.048559977184058134,-0.21445767488634448,-0.08836421469116507,-0.04426608398381093,-0.13175974723166328,5.57046380191574,3.4447285845862328,-0.15285715375627773,0.17142857142857149,-0.3979695508927862
CRBG,2023-03-14,2023,123,180.0,7.0625,21.0,1680000000.0,-0.2116105022756024,-0.1560276605973151,0.0032930164077935586,0.023752946253317253,0.007222881179346885,-0.01692304814812884,-0.032482568061314,-0.050811499913389624,0.01297059857035432,-0.04076740364116049,-0.06367980003872309,0.010343015267616718,0.036875009536743164,0.02511170000570062,-0.04829087370333918,-0.04988124376345704,-0.10876126064093938,0.006367536174131105,1.8012444249527173,1.6384406444278243,-0.19809523082914804,0.05904760814848409,-0.18725865296075828
CRBU,2022-01-19,2022,125,180.0,1.8794311052631576,16.0,304000000.0,-0.31202533200390326,-0.30467541807453025,-0.13970122378948335,0.04231831122262375,0.05270186910073049,0.049958042363908994,-0.09355688200178358,-0.05289280869312285,-0.022821842792402958,0.10710802130138752,0.07660361161068696,-0.19336045060214913,-0.16534741718235957,-0.15296497494384553,-0.24773008884485814,0.045998160557872314,0.06766344203705998,-0.17465354407604972,2.2630019944062214,1.654019692302851,-0.3206250071525574,0.19749999046325684,-0.33394607298881074
CRCL,2025-12-02,2025,125,180.0,4.957369941176471,31.0,1054000000.0,-0.40195306005825815,-0.39932868971877056,-0.05004574488623181,0.01975243549876593,0.01790021545459397,0.04971345764185897,0.147727201076312,0.1455116732704036,0.09915420809588515,-0.10778571667081982,-0.10614599549311932,-0.05544368160089852,-0.19382096034158136,-0.2085587419652838,-0.4682643831432296,0.04424546355452219,0.04182000993826085,0.09296929041545177,1.6354871016257535,1.4301894795519279,1.449677498109879,3.3561288156817035,-0.087588617343484
CRCT,2021-09-21,2021,124,180.0,,20.0,306298060.0,0.12631180259885544,0.14733304293305105,-0.019494510507078733,0.04559071128174219,0.0465353331000945,0.04811128506237283,0.06078936187533035,0.06058182010728563,0.037814004657792166,-0.20672069962436734,-0.24573207419808551,-0.2524104026929387,-0.037065107026855504,-0.07842846475131582,0.16144899720643702,-0.12013307136962359,-0.1583784076904977,-0.1903362858872224,0.4305267172337811,0.4688193002528356,0.5024999618530273,0.5989999771118164,0.6694444020589192
CRDO,2022-07-26,2022,124,180.0,6.2473532,10.0,200000000.0,-0.08477236602110749,-0.09884645579996398,-0.020509953120048663,0.08061754256937226,0.0924485524769193,0.010197937000476998,0.21031742367464612,0.16639206803311413,-0.01027140852582864,-0.049180327868852514,-0.05969350870154577,0.3296164645106413,-0.18344826533876613,-0.09866594222100722,-0.12490181201690786,0.2435677692755902,0.20114797386996042,0.34129939934227205,1.5873946214185934,3.1458091153897505,0.16599998474121103,0.20900001525878897,0.0008583887733293327
CRNX,2019-01-14,2019,124,180.0,2.834660166666666,17.0,102000000.0,-0.30217976506523425,-0.27776938053523037,0.18744887371909358,0.0470688247590656,0.053169747698354364,0.006045565803024733,-0.13894563604154753,-0.16015772455959887,0.09667794640701366,0.17987664786052848,0.13711616175261,0.1951269276305223,-0.013274332888336349,-0.03968801429351221,-0.1631724675378976,0.06375694127561848,0.005374075896924513,0.31744715197619755,0.9334916864608076,1.3471892319873318,0.37470593171961175,0.6200000538545496,-0.046511602570492805
CRSP,2017-04-17,2017,123,180.0,8.8401585,14.0,56000000.0,-0.05270863522548086,-0.027675083868310857,-0.36416803001135145,0.02369917544757838,0.01483928612646701,-0.013986333328601552,-0.16557628467892282,-0.1766603566554945,0.23314847835706987,0.0343787513538667,0.021181446016018457,0.13120816094240562,-0.15568513910688708,-0.17337136443366996,-0.07746734980833991,-0.11643484011583627,-0.14993881297276557,0.3826021804086368,0.6690198207982623,1.1477961806498325,0.3864285605294364,0.6821428026471819,0.37757272088085125
CRSR,2021-03-22,2021,124,180.0,5.560669,17.0,238000000.0,-0.16965655700210547,-0.1682464403580266,0.13366943212534155,-0.0033950804065148166,-0.011380048219591377,-0.041521751827369946,-0.005884250108982858,-0.014009781760738749,-0.059321580374568694,0.00996883831886164,-0.031443094317929354,0.09618686553216471,-0.011104158420315202,-0.01054610960833291,-0.20936932246157736,0.0006171803124896957,-0.057639987709934726,-0.013692359217076344,0.22734057455163387,0.2809890895827031,0.9058824426987593,1.1823528514188872,1.2736843176055372
CRVS,2016-09-19,2016,125,180.0,3.3417778723404257,15.0,70500000.0,0.0692579874438497,0.09434254139547948,0.1673061480842637,-0.025115671617095714,-0.025303179447800028,-0.017526139877281244,0.07932203907077584,0.07543280324859336,0.004150797203112955,-0.05653263908399331,-0.047850784329228846,-0.028166985628577446,0.039280904189893606,0.019457986032409114,0.17913472641161254,-0.007270301113365907,-0.002630519246045404,-0.041575137339622814,2.199000454338937,2.035438437074057,0.008666674296061272,-0.13400001525878902,0.06175439399585381
CRWD,2019-12-09,2019,126,180.0,,34.0,612000000.0,0.1184615250472183,0.09675342393617559,-0.2596663214804027,-0.03713891554954274,-0.03399479178504572,0.013825492163717312,0.009183689039580667,-0.008721226946659888,-0.06247784281106239,0.12558137489710153,0.11008837894395218,-0.22856726141960182,0.11731941784402444,0.08794663799892533,0.11626113373895008,0.09373158803247983,0.06330627841770275,-0.2736328426083313,6.022139609205991,3.3484248831569134,-0.6258088280172909,-0.383676472832175,-0.12258621741985454
CRWV,2025-08-14,2025,96,139.0,8.226597493333333,40.0,1500000000.0,-0.17673372718448754,-0.20984712456911403,2.092916676147083,-0.15501872071719436,-0.15511175605226069,-0.05008683144263326,-0.0875835041299019,-0.07300869331333115,0.11914463311781964,0.23317543733304125,0.19878005416660582,-0.2430058937118359,0.23642366745052623,0.24310131730771223,-0.1347230747183905,-0.0492527424128959,-0.06866684126961187,-0.19047465223248872,3.0972684915039466,2.3187113832364994,1.944000053405762,0.2752499580383301,1.944000053405762
CSTL,2020-01-21,2020,124,180.0,3.012252,16.0,64000000.0,0.18949687602485854,0.150822274157556,0.3144606685908322,-0.046928020347564936,-0.0449698206483371,0.002742661640484201,-0.028830621082003516,-0.015519503342732555,0.08057358162444683,0.06304207224334357,0.028015056499937296,-0.07254133423343478,-0.2720426685907327,0.018611695073920353,0.19862083964412736,-0.016054293307002254,-0.03530413182447778,0.006268851405013542,1.391583966291512,1.3511116039252646,1.0243749618530273,0.18937504291534424,0.5135514003281525
CTKB,2022-01-19,2022,125,180.0,7.981265647920459,17.0,247598795.0,-0.2515580553170019,-0.24420814138762892,-0.05678620065254947,0.05753218975678709,0.06791574763489383,0.031591211707472366,0.0,0.04066407330866073,-0.17909119785844885,0.0730135636787852,0.042509153988084636,-0.061787204299731946,-0.19212809595834213,-0.1797456537198281,-0.16413144423744164,0.13474638363595948,0.15641166511514715,-0.2065651981161849,1.128784386045797,1.446198965216946,-0.22294117422664872,0.27294114056755525,-0.29584222404168203
CTM,2023-04-11,2023,123,180.0,26.675421333333333,2.0,3000000.0,0.04761911790117157,-0.013794116958125047,-0.20570144143647806,0.0,-0.0002685868828276039,0.07859030920082433,0.05454540134461583,0.04358672170730804,0.09227048999321774,-0.1724137877879327,-0.16449510198372375,-0.10889798131380968,-0.32916665812954293,-0.3671779870556149,0.060169527700136616,-0.12727276569555523,-0.13049536126554817,0.0489534181954796,0.5728900255754475,2.2196646774651887,-0.44999998807907104,-0.4100000262260437,-0.08333334989017849
CTMX,2016-04-05,2016,123,180.0,4.238088688095566,12.0,80000004.0,-0.004392347482620851,-0.03342995431241946,-0.21130532583664519,-0.0279411841016326,-0.017953317150875003,0.010536993041859288,-0.005295056511694707,-0.013767536588360052,-0.033231892844010624,-0.0068440457432979995,-0.00800957359536747,-0.15348971381915244,-0.18070448196975075,-0.20064045663672725,-0.08142847772033057,-0.03970587843429696,-0.03926953255361487,-0.17372893255121113,1.381489841986456,1.3516428392274895,0.1333333651224773,0.663333257039388,0.054263626638712203
CTNM,2024-10-02,2024,125,180.0,2.4032657454545454,16.0,110000000.0,0.08910895048614065,0.05914956504319302,0.20230125419950595,-0.04786098509351011,-0.0482830424190277,0.005066469116946526,-0.08901999239845793,-0.10357547091705654,-0.10684036646322759,0.055487149443829153,0.050514361135370445,0.01928956875827814,-0.1372663706934114,-0.16971409919351732,-0.09965033994690486,-0.08449197108255602,-0.10452294914566496,-0.09313276442213636,14.878509719222462,5.311825053995681,0.16875004768371582,0.19937503337860107,0.2142857939060212
CTRI,2024-10-15,2024,124,180.0,5.988509758064516,21.0,260400000.0,0.009753303116320833,-0.028410259252824366,-0.15084439203373035,0.010227289845135212,0.017996967368473338,0.017087161247027582,0.037682792487020444,0.031577066438407186,-0.015419019665192879,0.11815708984717843,0.09487652871549801,0.03421411962460552,0.04071741089477943,0.02302601011294869,-0.06397306886438148,0.17215901781951248,0.15062968982773017,0.038196834004142755,1.2800333994363846,1.8117106773823193,-0.16190474373953678,-0.09047617231096539,-0.2651357068554169
CTW,2026-02-02,2026,124,180.0,20.0,5.0,12000000.0,0.0,-0.014737781623702428,-0.10759354705258406,-0.10982662145993216,-0.11479793898388602,0.009551494367616264,-0.03896100276999037,-0.036861577979031,-0.07825666875725257,0.14797295882285666,0.16759972570462467,-0.09406690923129735,0.20070627469567093,0.24478780789430765,-0.1447082271699146,-0.017919085420828096,-0.001097613238366657,-0.1603368635808381,0.7102459555438643,0.6173001885220747,-0.6539999961853027,-0.5480000019073487,-0.6103603610860073
CURV,2021-12-28,2021,125,180.0,9.0,21.0,231000000.0,-0.40764707677504586,-0.44749719442168223,-0.16272982683547343,-0.02780533678815378,-0.026988141463892168,-0.032211929634537895,0.0490296729091908,0.04760372310579797,-0.0188194363481623,-0.190847122763787,-0.09835422350879797,0.23565813631625931,0.015643700866695864,0.027365554742297182,-0.4512865349116788,-0.17477649737289724,-0.08283498963089875,0.1747089037832541,1.508584827168898,1.1193681768903008,-0.5204762050083704,-0.1742857070196242,-0.5830227803772918
CV,2025-12-29,2025,125,180.0,7.426196363636364,5.0,27500000.0,1.2824562568817224,1.2668165367231754,0.0827857283032738,-0.10991547117741163,-0.10635182298840007,-0.01200286904382164,-0.31347151453859223,-0.31922861581533923,-0.05478309626738331,-0.33836473521022037,-0.3435829098019467,0.17419966211288496,-0.03422058884853807,-0.025420158507757695,1.43917446122204,-0.5956956082748728,-0.6030980584344168,0.10181340633027547,8.164405426975259,13.026735833998403,1.602000045776367,-0.07200002670288086,2.7171429225376675
CVRX,2021-12-27,2021,125,180.0,1.7564082857142858,18.0,126000000.0,-0.07797121347440028,-0.08044225057408616,-0.018617358339666046,-0.013136276141480607,-0.027288429936065173,-0.022645848081684017,0.029118087725974018,0.02817524382485992,0.08350184895802171,-0.3387226854605526,-0.248207538179106,-0.1872784869907832,-0.022004926462152907,0.006811767391266654,-0.2321472653696237,-0.3284072167305476,-0.2516328767088325,-0.14035025335374862,0.6431912681912682,0.6590003465003464,-0.3233333163791233,-0.12333334816826713,-0.564999989100865
CWH,2017-04-05,2017,124,180.0,0.6216070278914249,22.0,249999992.0,-0.18519566336192983,-0.17878214322496377,0.006615307587134689,-0.015314954184462715,-0.012342315485029065,-0.0389840922663407,0.0063626154825733305,0.00955709543784855,-0.009691242075278605,0.0916754714892909,0.07146440559085554,0.11267681778111904,-0.11808237082699202,-0.14074112349317391,-0.11064906460965374,0.08179604660330608,0.06786705544138982,0.057059489227828,2.604648351316227,2.0760419500105782,0.30590907010165136,0.4686364260586826,0.2768888685438369
CWK,2019-01-29,2019,123,180.0,3.631599355555556,17.0,765000000.0,0.09333332797937244,0.030085043309069803,0.17426792130747837,0.025673916591080648,0.027000903588945246,-0.019281370508822837,0.0863580167488609,0.04957124970626925,0.00479071396889541,0.08755751710680704,0.06522135464914869,-0.08873070626301527,-0.06302959108080097,-0.06464127327915081,0.03255903725568543,0.2118099649050298,0.1532718929087249,-0.1030625027797396,0.9352508554123677,0.6108496440697964,-0.08352941625258492,-0.02941176470588236,-0.12521053391948156
CXM,2021-12-20,2021,126,180.0,,16.0,266000000.0,-0.1484284135877827,-0.1274375983566315,-0.0656262723485197,-0.032125786968715264,-0.021492381478510847,-0.03391649945473274,0.12288134109239879,0.07476937220962254,0.01427391967274727,-0.21320751389815396,-0.16053069343471837,0.010937421979905881,0.0,0.011400097169860235,-0.1335485093971599,-0.14490771489922827,-0.12725056134843338,-0.010236887172389464,1.5103400416377515,2.5275040481147353,-0.08562499284744263,0.16624999046325684,-0.1687500115145334
DASH,2021-06-07,2021,123,180.0,7.677062757575758,102.0,3366000000.0,0.17129597608308722,0.1628725653936991,-0.15457126844557112,-0.009040354827321573,-0.00807016160397156,0.0045291788391037535,0.11459650407757671,0.10732487920141742,0.02812156472204541,0.15072720622940539,0.13269122181040616,0.0048841316144643265,-0.03085845192212555,-0.04984535825748537,0.043095177207238766,0.27100139355822317,0.24655750708621182,0.038906767659574015,3.7210739225218292,1.815459883343631,0.4098039514878218,0.635980344286152,-0.24120095393401186
DAVA,2019-01-23,2019,123,180.0,0.7419526813880126,20.0,126800000.0,-0.06725381649167872,-0.13073234260265432,-0.03785680980942008,0.021459228170475964,0.019366789833727083,0.04501776810824798,-0.016806707199696014,-0.03263747616132329,0.06255946628536158,0.04700856407701126,0.010234412984768682,-0.015306765203931927,0.05102040816326525,0.024670479517983956,-0.058073913482025064,0.05150218035332621,-0.0038886318187834057,0.09064896893464014,0.3535153673657829,0.47926834630435744,0.16499996185302734,0.22150001525878915,-0.07539688366490671
DBX,2018-09-19,2018,125,180.0,0.4605320277777778,21.0,756000000.0,-0.045619123482865565,-0.06396193157637442,-0.19307553292690605,-0.02655541527812255,-0.027621028542332726,-0.023258184013883465,0.056508214012545466,0.0611095337442733,-0.03250055648930106,-0.08299520285296014,-0.05046452630769982,-0.06601804545876233,-0.05229288465374626,-0.015744481894421902,-0.11607402296238811,-0.05690439928938962,-0.020948291478029013,-0.11858638122674914,0.9561597006830909,0.7657402385841757,0.2552381243024553,0.43333335149855845,-0.07443816593960173
DDI,2022-02-28,2022,125,180.0,6.845699810006333,18.0,113688000.0,-0.010852666185147242,-0.025948691398594792,-0.0806931111471394,0.0016457608205784346,0.004204287644536175,-0.01689529290136127,-0.02042091203826335,0.018971736233005854,0.05827862815953844,-0.05111823641554969,-0.13809344473005625,-0.11013945261778202,-0.037710433493940876,0.049609426212621544,0.025932509083317345,-0.06896552497303776,-0.11045039912976973,-0.08032132641828305,0.46402151983860124,0.5940372113875813,-0.29111109839545357,-0.07000001271565759,-0.281126747668629
DDL,2021-12-27,2021,126,180.0,,23.5,95692000.0,-0.42992260969899077,-0.43239364679867665,0.028567925217986456,0.03393663661369972,0.019784482819115157,0.038498813568272894,0.09700947629507195,0.09606663239395785,0.07831327843394043,-0.697473390806161,-0.6069582435247144,-0.14159186454353356,0.06593400029050378,0.09475069414392334,-0.4310417321996076,-0.6568627366367288,-0.5800883966150137,-0.037062844259606376,0.5303362039604924,1.9134270747173974,-0.43574467111141124,-0.049361695634557834,-0.43622449103716454
DDOG,2020-03-09,2020,118,172.0,,27.0,648000000.0,-0.05276873714299968,0.056579182881905665,-0.07875374424926673,-0.11004125067852555,-0.03194678037643062,-0.037938425044544366,-0.2539928049424012,-0.12862357653754009,0.09016116820481401,0.2527624283920975,0.14848901329260822,0.1642785571020926,0.2844542459222268,0.2039210651115002,0.008558405232608535,-0.16827144274005446,-0.05867685173624604,0.22353777127584584,4.309458097453915,3.5774861926157575,0.615555515995732,0.5855556064181857,0.1616511269814711
DEA,2015-08-05,2015,125,180.0,0.8640315833333333,15.0,180000000.0,-0.003816735727572018,-0.010354571428076609,0.011185010309733512,-0.0019157282251924812,-0.0052111834994075235,-0.02149337256211592,0.010876499776389936,0.016350908855162105,0.00162746001081282,-0.00126580346988725,0.06340007162700512,0.04222711537809609,0.010773110997245094,0.027558325253565275,-0.03897622794363442,0.007662815462784689,0.07438361446420805,0.021414430475269364,2.3839318099383386,1.441482287510579,1.6100001017252605,1.703333282470703,0.010322620022681361
DERM,2022-05-11,2022,124,180.0,3.670807954545455,10.0,35200000.0,-0.2848484649985136,-0.19203609946936295,-0.0683410300416305,-0.0734463257810769,-0.05756019384074418,0.009664982309191106,0.06097562482568364,0.06324173468803251,-0.1548090204181981,0.08333332191481913,0.058885770626189826,0.11630766739723764,-0.057029155240598484,-0.014158511183171463,-0.15699187193571806,0.06497175750055417,0.05908334605180898,-0.052423764483320534,0.6329549363605091,1.0927645912166037,-0.6460000038146972,-0.46599998474121096,-0.6424242324992566
DFH,2021-07-20,2021,125,180.0,2.214096770833333,13.0,124800000.0,-0.20253685166829394,-0.22675835814599754,0.11361439093814651,0.08055411561116421,0.06622370094566432,0.0011281824147686415,0.037037070580505205,0.018594133977577698,0.06957387695228379,-0.06272897571711167,-0.07418657045847588,-0.17197251109348743,-0.04738638719551236,-0.0560342483431463,-0.2052595566607993,0.05028217310133409,0.005408400201032393,-0.11264977250412411,0.4471286996563115,0.3217769472899774,0.49923075162447406,0.8384615091177139,-0.06968978227456823
DGNX,2025-07-21,2025,124,180.0,9.069450222222224,4.1,9225000.0,0.32143627827262033,0.27098767334949514,-0.4413471031517028,-0.07061503770318722,-0.07251121414125239,0.08963105947688121,-0.05427168298476026,-0.06726527787060887,-0.20087870682857278,0.031654925397670786,0.021669706496071806,-0.2465252142446822,0.4354925651734496,0.40953265141015915,0.14719616895696364,-0.09323136393739329,-0.11827991595474441,-0.347646461851572,0.5290356485942016,0.6645061458059619,13.990243679139674,22.170731707317074,9.801405705871927
DH,2022-03-14,2022,125,180.0,4.626233458079766,27.0,419999985.0,-0.19635628468266275,-0.1312579148722708,-0.1728208104492306,-0.06700251376053523,-0.059694190693686755,0.017293615705103127,0.2921166152101369,0.2264331268445794,-0.09043643080111519,0.04053486422834274,0.050593598838388876,0.02407309590960449,-0.33493977029547306,-0.24212740476632244,-0.07053156767625712,0.2544080171290477,0.20715397433280747,-0.050124832738308145,0.9353268682092482,1.1079247632738143,-0.2648148006863065,0.061111096982602975,-0.5414645423500121
DIBS,2021-12-07,2021,126,180.0,5.364526086956522,20.0,115000000.0,-0.20440637217857738,-0.1836179696008311,-0.20042874036247782,0.045384627122145416,0.024699803874854043,-0.03749761509183214,-0.11699780240878899,-0.10649123915483882,0.19567000243553534,-0.08166662851969397,-0.09250057985332327,0.079448171794263,-0.1479128899030645,-0.10141218843792366,-0.21375566573783633,-0.1523076570951022,-0.17321045828797443,0.24767247147986415,1.5182718342984762,1.8819297586813448,-0.35,-0.17950000762939455,-0.543859649122807
DLO,2021-11-30,2021,126,180.0,3.903552404964476,21.0,617647065.0,-0.28509582549744994,-0.29674526720352634,0.05897327800840335,-0.042675880311784375,-0.02321826424169826,-0.02480415603282693,0.08192763082831434,0.05400594918622259,-0.16428930312913304,-0.02477726712185324,-0.04442365866326792,-0.12374139365792547,-0.28204394818893874,-0.18520215442162413,-0.36900303060892836,0.01009222811537458,-0.017630554307367596,-0.2920461794938787,0.9583242317287683,0.7438252798503888,0.6514285859607516,2.187619163876488,0.07070086318863011
DLTH,2016-05-18,2016,123,180.0,3.189261440536928,12.0,80000004.0,-0.0981346346824048,-0.07407561638886784,0.16446512301268656,-0.008093538985083026,-0.008386424300221296,-0.0037094101222385767,0.13871266760523904,0.11738625581914808,0.06064206058417776,-0.036624205635258256,-0.03227594652107002,0.09980002140234356,0.001239618940128917,-0.03456211302071166,0.0009363527600705357,0.08812954190613942,0.07094629119198914,0.1639767197981319,0.2891566265060241,0.40114931269794624,0.8533333142598469,0.19833334287007642,0.6293040580694755
DNLI,2018-06-06,2018,123,180.0,5.334522605409447,18.0,249999984.0,0.0908147357772866,0.060168878350803645,-0.12683975820604731,-0.0575642704790893,-0.06592482206738448,0.006916398338212559,-0.04492677504502396,-0.047197881377663675,0.009354196404943504,-0.17864693978917745,-0.16095095932183257,-0.04981771690465153,-0.09909909688760343,-0.13307818880886446,0.08392691454975698,-0.26070410925641174,-0.2534703007947561,-0.03556852935933574,4.8256257955027575,5.686324423702447,0.16777780320909286,0.23111110263400603,-0.02004663356090508
DNUT,2021-12-28,2021,125,180.0,4.562247454377525,17.0,500000005.0,0.050518118793357436,0.010668001146721062,-0.13211116046594007,0.10049328835502469,0.1013104836792863,-0.013434537639674282,0.035294069876917744,0.03386812007352491,-0.028211557125184195,-0.2326839471631389,-0.14019104790814985,0.06293076701449651,0.016925230321085616,0.028647084196686934,0.18596103008535703,-0.12577059769041488,-0.03382908994841638,0.018820433573252915,2.5849716898595223,1.3675531124647156,-0.045882393332088656,-0.10529411540311928,-0.22761908031645273
DOCN,2021-09-20,2021,125,180.0,5.382020606060606,47.0,775500000.0,0.6003504145188108,0.5968492809849408,-0.010172603725104201,-0.0315046389336332,-0.014830453493366647,0.030393642585541225,0.02650088592771538,0.006687030213477607,0.10578343702667636,0.12149761283881522,0.11121840706799802,-0.0346473048233632,0.29838530854681955,0.2531249267764848,0.414080114672017,0.1149495764855395,0.10183220307143892,0.10117743963582049,1.1683104312807386,1.088888500636249,0.7491489166909076,-0.12255315577730219,0.9343529196346507
DOCS,2021-12-21,2021,126,180.0,,26.0,605800000.0,-0.20944289963363705,-0.179777086271118,-0.27969937545108925,0.007646185917578485,-0.01011280651540658,0.0069135845171617305,0.03835116511388814,0.007210463036918746,-0.0973398420684658,-0.12285208551220506,-0.0584933473885938,0.062355954238252354,0.2920513682789152,0.31374135695581784,-0.23984440431273335,-0.08224839000695927,-0.06415965910098675,-0.035618785879341086,1.2765880789929969,0.7064784165371885,0.861153822678786,2.6523076570951023,-0.08698114359153897
DOCU,2018-10-24,2018,126,180.0,6.009632857142857,29.0,629300000.0,-0.22602995037321882,-0.16707891116965046,0.08294540742985812,-0.05226236550723751,-0.021963843994245447,0.018562875980765448,0.0707174007467728,0.05070384197996258,0.04829736972066567,-0.02813543976666477,-0.007405972346487655,-0.22424266879090482,-0.06795870356066813,0.02380792942404253,-0.0444017805897613,-0.013791519096744698,0.017603520550120932,-0.17444269310143978,1.7629912804076606,1.0725623770805603,0.42517247693292015,0.865172419054755,0.04027189295880618
DOLE,2022-01-26,2022,125,180.0,2.72394576,16.0,400000000.0,0.011494223474170395,0.10115186850907576,-0.1405730968015052,0.0030303001841676114,0.005539095578160569,-0.01921101898310773,0.0951661820742935,0.03985675166532787,-0.027832961911863796,0.01862072122508085,0.08213885377753061,0.05450010226975743,-0.10020314489108229,-0.15201263140484889,-0.050107334609463816,0.1189394447866996,0.1331406863232817,0.006057036362021595,0.6589731722974486,0.9961731583635648,-0.17500001192092896,-0.06000000238418579,-0.08965518556792162
DOMO,2018-12-26,2018,124,180.0,1.3576246739130435,21.0,193200000.0,0.1236772420444987,0.2334968191085418,-0.09296804585034546,0.014714538161735735,-0.03581032538233764,-0.02355374480665018,0.026102132767619413,0.034104350740338796,-0.01602608329098243,0.48841148269126977,0.40008589621887536,-0.058990873500215035,0.34599311543486944,0.29429625977424223,0.2819385935844909,0.549735154703489,0.41557110702605615,-0.09384504253061976,1.9728354755376643,2.325467137898791,-0.19095239185151602,0.046666644868396556,-0.37765566864728173
DRVN,2021-07-14,2021,123,180.0,4.176586047562365,22.0,700000004.0,-0.04049118311769151,-0.06478217294755773,0.07951296070200731,0.004496750909767755,0.003004535978412548,0.013458513583506582,0.04028919187532565,0.04416321186257677,0.041226198876643694,-0.021516042311446437,-0.042756431784717996,-0.0036062066826874073,0.024695583990995473,0.012978038762875954,-0.06568017831101758,0.02248355662265622,0.003681466330726746,0.05189688637644041,1.2085358948827583,1.0030132047352218,0.31409090215509594,0.16545451771129271,0.009779975370352467
DSGN,2021-09-22,2021,124,180.0,3.484776833333333,20.0,240000000.0,-0.084358500651873,-0.05388404600533536,-0.3259322543801205,-0.03902748894503549,-0.048782303928129434,-0.02657982026511896,-0.06857527664808505,-0.060787460317270336,-0.15260303497653105,0.03716944004796874,-0.004170163935099946,0.021094489319564813,0.4651964089266021,0.4304270385347033,-0.022519192680851896,-0.07165706189114407,-0.1149658702481029,-0.16180025034154877,1.0560110072808577,1.1513692216552964,-0.21849999427795408,0.37849998474121094,-0.5404292594585374
DSP,2021-08-09,2021,125,180.0,,25.0,250000000.0,-0.23513983208495637,-0.2511436927492813,0.019323483882416337,0.013142830984933074,0.013956375606296922,-0.031388394189151625,-0.16976871702884777,-0.18071571516161078,-0.09379397705246983,-0.06385873077482995,-0.07390412581725458,-0.07455647253689768,-0.1081277068208546,-0.06745968374224831,-0.42619161892902946,-0.21257144383021764,-0.23284309159325967,-0.19231162247817035,1.196602190154539,1.4790024903626378,-0.30000000000000004,0.32679992675781255,-0.6332774611831381
DT,2020-01-28,2020,124,180.0,6.737740557240556,16.0,569753792.0,0.05037594486357122,0.048641884188646456,0.1962586215048574,0.02648531699976653,0.016006137251891817,0.05604437826689668,0.1297071541534045,0.12306888803050087,0.12594048118194578,0.0055555647129217345,0.0589196858120441,-0.09576486672741769,-0.19152858587377175,0.01620819330397205,0.02903015260436881,0.16607019356857622,0.20316447486687605,0.07768357476147836,1.7277699269137665,1.6242418605772668,0.7462500333786011,0.078125,0.17148847325661332
DUOL,2022-01-24,2022,125,180.0,1.2117910434022905,102.0,520823526.0,-0.18394744281985564,-0.12042247692366814,-0.20286984194995406,0.038385263687668925,0.03413852798077266,0.01934425750070079,0.12370788917112896,0.10081318335069045,-0.1547446545272938,-0.14818517526513897,-0.10297614196441185,-0.1346039351226177,0.10951982549921091,0.06291510758983954,-0.0962716898191931,-0.006066930913788959,0.013134867001988182,-0.25316476608959426,1.5837891832754603,0.8680017124102174,-0.1597058913286995,0.7647058823529411,-0.36158805283060724
DV,2021-10-18,2021,126,180.0,10.64971479378565,27.0,360000045.0,-0.14738254419109154,-0.15750941614966119,-0.045820555219238335,0.11335013713872599,0.11038961649666779,-0.023713266440283598,0.036764683671413056,0.018070201894267557,-0.0332789869059823,-0.07965079599288216,-0.10572917421953576,0.10573696437976832,-0.08180207465703626,-0.07309487274874571,-0.07886193030167044,0.06234261446208644,0.013987717755195028,0.04285133054964119,7.340281978502629,3.4463263691777954,0.1762963047734014,0.4892592253508392,-0.11777777141994894
DYN,2021-03-16,2021,124,180.0,2.557518957966068,19.0,232779982.0,-0.09887157937890723,-0.10847322178167529,0.09114972813305755,-0.008348318018814194,-0.007086997680323948,0.16269160330092092,-0.0859891415313544,-0.06979858407431172,0.06913542867265887,0.12894737254879818,0.07259304082342899,-0.32952812955504895,0.004662000257425358,0.019341811572834322,-0.2213830465815091,0.0232557769232431,-0.014684760414310327,-0.15542060330396934,0.408680892022138,0.3376841849686422,-0.11736839695980672,0.08315789072137103,-0.29832632947987736
EBC,2021-04-13,2021,123,180.0,,10.0,1793000000.0,0.026109661094519288,-0.01850287810956397,-0.0542702475663992,-0.010178059006282325,-0.01314174246685873,-0.011297756014102767,0.016452425823753947,0.018123626589894082,0.020658724872625545,0.10824478199787091,0.10329542139208914,0.11513240617047993,-0.0031948742725567136,-0.021156783919569877,0.00236044026307769,0.11501273652700794,0.10876947368766632,0.12691211085983856,0.5752479864593348,0.8361207222455703,0.964999961853028,0.6459999084472656,0.6172839699979553
ECBK,2023-01-24,2023,124,180.0,,10.0,89152470.0,-0.009163195979770666,-0.04644666305088374,-0.012250524777454919,-0.01664608603694917,-0.015572794794305067,-0.00849068655193852,-0.012539173144626603,-0.028231323538785102,-0.007309953594351493,-0.00952378530350928,0.010009776561291317,0.004755775837180898,-0.10833336491869994,-0.0921994183750755,-0.01718790356872346,-0.03822435006974978,-0.0330075757083238,-0.01060187846444105,1.029113067027759,0.8282554728052359,0.6219999313354492,0.5039999961853028,0.15117098209366508
EDIT,2016-08-01,2016,125,180.0,5.050769152542373,16.0,94400000.0,0.05409834899430699,0.0176270889911061,-0.009288870989451525,-0.0007775486372059159,5.145228315661665e-05,-0.01777699819076739,-0.07782100936292924,-0.08293763422630063,-0.05196136105557947,-0.2649789233958917,-0.26640060445186586,-0.19315982868485515,-0.18943743836291238,-0.17666040374881475,-0.05140486493900731,-0.32270604427080873,-0.3284171971864802,-0.24737461807778338,0.5307340532881035,0.7092198581560283,0.6074999570846555,1.5143749713897705,0.4131867162186038
EDTK,2021-01-19,2021,124,180.0,3.0,5.0,15000000.0,0.19861832520623812,0.18367924700244265,-0.08377456188182497,-0.05763690087455631,-0.06548886146439914,-0.01810469937997805,-0.02140670753856222,-0.034981287576302034,0.10181290395915321,0.13437501885928183,0.11196691569859474,-0.042402780931795725,-0.01928379323816032,-0.03169490191927904,0.03692391244739812,0.04610953444135002,0.0016857870388371499,0.03888969762732164,4.596126594237128,3.9462289403243584,-0.3059999942779542,-0.4139999866485595,-0.26947367818732015
EE,2022-10-10,2022,124,180.0,0.4908854375,24.0,384000000.0,-0.09536272471530827,0.012384439330331842,0.008357943081475971,-0.04009926412930187,-0.03246393937942793,-0.011578358876726313,0.021533161704808235,0.0026452707041542123,0.09836633994166166,0.13996634478415326,0.10417220972977126,0.1632367267995195,0.002958576959962933,-0.03357247691370091,-0.03062799809350658,0.11781729303631683,0.0705171930943842,0.2603796005405342,0.7981851962102626,0.7931212640669534,0.007916688919067383,-0.16999999682108557,-0.09906889421304754
EGG,2025-12-15,2025,125,180.0,3.251089554337129,5.0,14226000.0,-0.07397958066551857,-0.08844305316132561,-0.07890714795327647,-0.00826452034781,-0.006753681809144263,-0.017220022486965414,0.2777777851363761,0.2717547852116915,-0.34518917205420574,0.2021739835775207,0.1940990334092758,0.08651494828222472,-0.009041625467966496,0.004125368583236311,-0.06434564277559307,0.5234159877320181,0.5108016139600893,-0.2952921341441124,0.03185884082832986,0.48033329248866563,-0.27399997711181645,0.22200002670288077,-0.44410413509811275
EH,2020-06-09,2020,122,180.0,,12.5,40000000.0,0.12342571669706781,0.01824171482034731,0.21628291184188275,-0.05306427743454778,-0.045607583217080916,0.004284711099050598,-0.013417527645640637,0.010991016514946161,-0.08893478672688948,-0.06319999694824219,-0.073488855935399,-0.06506146647951017,-0.15456877999319985,-0.2049514513980799,-0.06469447895615499,-0.1248131585956811,-0.10309280195549253,-0.15146117164986306,0.9390596270028894,0.8736100166360214,0.07040000915527345,-0.11599998474121098,0.0372093418685957
ELAN,2019-03-19,2019,123,180.0,4.662798092209857,24.0,1509600000.0,0.06891888452325157,0.05103666387071648,-0.021688927167661687,0.03761069735657374,0.037362734591198654,0.011326230473167387,-0.0027413995604093078,0.0017911741186328323,-0.04264962898750535,-0.029321959151049293,-0.061479076047531334,-0.07303601422416539,0.030522318829341755,0.04809884915450202,0.03218473512311415,0.004424819838740879,-0.023308745358874283,-0.10486169544230184,3.625240423609019,2.3971590196418138,0.3183333079020183,0.37791665395100904,-0.1211111280653211
ELF,2017-03-21,2017,124,180.0,4.325580173023207,17.0,141666661.0,-0.02746843936334209,-0.03461467255378203,-0.03791968561940284,-0.004961872684336899,0.007877627632703277,-0.005406483297535125,0.013041816515839466,0.006239045687343792,-0.08410822845542687,0.04733055688080534,0.05531969857848629,-0.004177601387581831,-0.09616774627932545,-0.10636310636295077,-0.054092923997387854,0.05572515427319602,0.06978944354534,-0.095641488965157,1.2041151598394872,1.1170360794663938,0.5411765154670267,0.8164705388686235,-0.011320725926813102
ELOG,2026-02-24,2026,123,180.0,6.510625,4.0,6400000.0,-0.28965521550490225,-0.279731146595914,-0.24055038633881953,0.05825248898587154,0.05098397562690149,-0.029458921217235035,0.1559632586044224,0.1661763359964883,-0.03429334869817058,-0.1904761994867189,-0.15056906069810794,-0.14730855874283488,0.0,-0.08884232515933688,-0.21421284350374414,-0.009708728874782357,0.033096736248714564,-0.20381122570950083,0.012059928568115405,0.13935646203034838,-0.7425000071525574,-0.4599999785423279,-0.6520270411771434
ELWT,2026-05-04,2026,123,180.0,2.9994001199760048,9.0,15003000.0,0.08307691720815802,-0.015759680134319165,0.4278480130579493,0.017045438382004896,0.020708818051746847,0.030305333597513417,0.22905033216104198,0.19939896555364145,-0.04429617853048318,-0.17499999187209403,-0.20241784641820593,-0.01857753776024107,-0.00826452034781,0.009916815704732462,-0.07189243315483185,0.03125003809956017,-0.02275673577351478,-0.0326559431560991,0.5324563464098347,0.4116096364158379,-0.21777778201633025,-0.30888891220092773,-0.02222220161814692
ENGS,2025-09-29,2025,125,180.0,5.333333333333333,4.5,10125000.0,0.5505882711971508,0.5307090491762618,0.8113210367557757,-0.02731415796782577,-0.030124567642629163,-0.026804943775321166,0.13884561068781798,0.1268970921799606,0.05054326118561148,0.13287674543624384,0.11258222156063802,0.24823050631860277,-0.8500604666384677,-0.8259667038678827,0.8316361543689483,0.25493175512538424,0.21954451591990187,0.27315731196126736,0.38202046378624727,0.25080797700430424,0.4644444783528645,-0.5800000031789143,0.33131321343752207
EOLS,2018-08-07,2018,125,180.0,3.718575,12.0,60000000.0,-0.23702028800390362,-0.26127369174619997,2.605249404883042,0.012820523672518735,0.00951820539169268,0.11291716791277451,-0.032132508536638404,-0.026249769007353763,-0.060542563367439794,0.32042259095285397,0.3023528304981109,0.050558353394040245,-0.27885713123139877,-0.28816413207133706,-0.37554504278695144,0.29437865439944333,0.27895572050070294,0.09946819052688949,1.1724730720674743,1.0046379614458263,0.690000057220459,-0.4116666714350382,0.7634783205778704
EPRT,2018-12-18,2018,125,180.0,0.2608277230769231,14.0,455000000.0,-0.03945475277018795,0.025229113298079753,0.004809850459822629,0.013442819035566878,0.014539305480694042,-0.029295566108040627,0.024318344224570465,0.059209394449543096,0.03542554121199881,0.04532375048421278,-0.02283775442490521,0.0038797040231892677,0.14039917407733316,0.0855999493649644,0.07542442468079336,0.08513811504246349,0.05537624620411252,0.009542073407614815,1.9483728875285058,0.9972223908249298,-0.04357140404837467,0.019999980926513672,-0.018328445286468265
EPSM,2025-09-22,2025,124,180.0,9.6004272,4.0,5000000.0,0.5995402719782688,0.555247887500665,-0.05205565244579158,0.04886463691297904,0.04413356174244254,-0.08696071172524056,-0.3261167711291514,-0.3213779521434512,-0.22379846805881853,0.08011383900488367,0.06863240939832638,0.3703108870773413,-0.9465361451190725,-0.9381494253437269,0.9088491679653461,-0.23656226596739693,-0.2480131857295722,-0.02800854846785028,1.7753673973282154,1.4867327245086095,7.697500228881836,3.820000171661377,6.21784225653581
EQ,2019-04-10,2019,123,180.0,2.587292933618844,14.0,65380000.0,-0.11125486822669939,-0.13923442956147558,-0.009385016766818355,0.05240176703221411,0.0489907789195283,0.016689859309195754,-0.24204702564084635,-0.24607076433357544,-0.1866162189740963,0.10218977022453024,0.11182876980047873,0.01325079752817837,-0.004966843238520147,-0.00842037781511884,-0.058557132806405954,-0.12081512918955584,-0.11855278572080219,-0.16475713633581834,0.4041916167664671,0.9911427145708582,-0.5092857224600655,-0.44214286123003277,-0.5092857224600655
EQBK,2016-05-09,2016,123,180.0,2.5355757731958763,22.5,43650000.0,0.02755344155475825,0.021587665414400714,-0.08999035839919911,-0.011558021715204703,-0.012384378743867774,-0.008995124198588722,-0.016370368936373003,-0.020693062570288134,0.018211312951659897,0.10223488104285083,0.07853822795545873,-0.03590406679321512,-0.09318377131038302,-0.08364111690956844,-0.008339399857954621,0.07165978754269386,0.0426884117906392,-0.027600923160040036,0.673561389551843,0.6488111022717228,-0.03866670396592886,-0.05733337402343752,-0.09460026314865033
EQH,2018-11-06,2018,126,180.0,3.087431693989071,20.0,2745000000.0,-0.04894783462711927,0.0011876400048662639,0.021421991538687513,0.015392000035229447,0.009064115415980734,0.00520813220928984,-0.011369008251021717,-0.0002465976196519559,-0.02256209633502826,-0.14614283765027458,-0.13798286837649354,-0.07015363157642907,-0.023569028254020297,0.03372415164848497,0.04030470005360609,-0.14285719528203256,-0.12987201615940813,-0.08622299732064909,0.8491727238569078,0.9229819083280428,0.03950004577636723,0.10100002288818355,0.02212393114865341
ERAS,2022-01-12,2022,126,180.0,5.194291626666667,16.0,300000000.0,-0.10357141494750977,-0.11038709667985791,0.07042673950453127,0.06533862010851532,0.06263507776967159,-0.018521585250141803,-0.14659686274672046,-0.09507041040975306,-0.02249496021686559,0.05258548549462172,0.04683281101399772,-0.2681686507785509,-0.05245629495708781,0.012642074853304153,-0.05485052937174595,-0.04302788475267805,0.0004633183889529713,-0.2972957841108518,4.71056672499375,3.963444392862669,-0.21562498807907104,0.3831249475479126,-0.279977052725112
ESQ,2017-12-26,2017,127,180.0,1.9007607430686844,14.0,33094222.0,0.08522727088002147,0.05776519983862127,0.025619441223317496,0.044502636884466984,0.045698881183882656,0.0048457921847451235,-0.035087756198978415,-0.04736366004764947,-0.005429583455959008,0.06467536827186482,0.01723947329511888,0.03979062023083624,0.12222488695737477,0.15254608959776483,0.10019914513321315,0.07303667172263828,0.01401092520504843,0.03943717592694562,1.7027027027027026,1.072072072072072,0.36428574153355187,0.04642854418073372,0.2524590414078509
ESTA,2019-01-15,2019,124,180.0,3.975849714570408,18.0,66874986.0,0.12233593142520394,0.15236947465673456,0.11223083522978017,0.01329283640273049,0.0018320272458443032,-0.010380902328481767,0.011993991422936334,0.00024059220320626906,0.11248471831428042,-0.057407379150390625,-0.10136921207728244,-0.017900038547034258,0.09469547250157939,0.07225824334107189,0.00496636184900523,-0.03342192036902725,-0.10175912609936077,0.08176108779198432,1.1230283911671923,2.1780581843673326,0.4627777735392251,0.31722217135959196,0.06383838075580006
ESTC,2019-04-03,2019,123,180.0,8.927532714285714,36.0,252000000.0,-0.05554276304557304,-0.080451416477893,0.11037495238670592,0.005467763445393681,0.0038941291302196923,-0.006329258011773864,0.0013293125118014615,-0.005199543816386987,0.08304893704247629,0.0206372082051256,0.010612635569237527,0.07856396029598756,-0.029797761051909233,0.024841994639769105,-0.17744693224988883,0.027581975199184594,0.009363310888807375,0.16485036450641766,3.933509438824818,2.245903399695037,1.2861111958821616,0.8094444274902344,0.17571432931082587
ETON,2019-05-13,2019,123,180.0,3.699542777777778,6.0,21600000.0,0.08072921565811564,0.08111083099007277,0.21475387689460912,-0.02168678325775364,0.0034434513780337017,-0.004289278553543996,-0.024630518729541362,-0.03563253758815821,-0.07559104540922235,-0.0037879052423428483,-0.02122048660051523,-0.0058078498865694606,0.1051965037501219,0.07158628685770729,-0.047407533463044604,-0.04939762829245997,-0.052174399469206545,-0.08704310126226011,3.9256788947117673,6.152135937748134,0.3833333651224773,0.016666650772094727,0.3280000305175781
ETOR,2025-11-10,2025,125,180.0,2.8104793601754188,52.0,619996936.0,-0.09730844671132421,-0.1247960437757446,-0.20057604567292797,0.08170866934767251,0.0661043469555549,-0.01237048167239807,0.02093826994731307,0.0440804680494945,-0.07499594899811646,0.09293868052475251,0.0668446766442563,-0.06578607610055609,-0.22731591547935326,-0.23678832111652703,-0.13227136755123758,0.20699533213620946,0.18900643866669942,-0.1497211559595475,5.382939500586559,4.147490685952224,-0.3292307486900916,0.11711538754976702,-0.4794029691326085
ETS,2026-02-17,2026,123,180.0,2.302632894736842,4.0,15200000.0,-0.07766988886684734,-0.0625161988426357,0.16368981074110778,-0.01052630588288439,-0.012139764754813154,-0.04708519611328976,0.07446807768615793,0.06787805035820993,-0.11644870128797513,0.061386175074305216,0.08547870165725446,-0.00239262674069729,0.1753730961542994,0.1319168350757025,-0.07587277867429565,0.12842109489969333,0.14449740142357492,-0.16501567564028974,0.390888638920135,0.6482002249718786,-0.8812500014901161,-0.8275000005960464,-0.8642857159887041
ETSY,2015-10-13,2015,126,180.0,5.657751166310047,16.0,266666656.0,-0.14394990809113073,-0.172060769373935,-0.18919819303542162,-0.0576766867542543,-0.05137456167716359,0.050644845399596905,-0.022413812097555774,-0.036695962461358866,0.21404086109415532,-0.2513227815803275,-0.2781555172007534,-0.10984321701405098,0.11071855823310739,0.1261577664149084,-0.022018418147404684,-0.3103168576997888,-0.3452513214595976,0.11904149396863506,2.345386792905465,2.3860625543098712,-0.2306249737739563,-0.16250002384185802,-0.5896666526794434
EVCM,2021-12-28,2021,125,180.0,9.068374205864654,17.0,325000016.0,0.012635323337465199,-0.027214794309171175,0.13340942696300173,0.019607838692930146,0.020425034017191757,0.0020915131790618657,-0.1392773549475802,-0.14070330475097304,0.0766139494782252,-0.24644551323689579,-0.15395261398190674,-0.1297915497664116,0.06828393720281767,0.08000579107841899,-0.13799561373578173,-0.338680917118505,-0.2467394093765065,-0.06117159929413929,1.909909040461312,1.5213002951560628,-0.010000004487879188,-0.0397058374741498,-0.04375002506104331
EVER,2018-12-26,2018,125,180.0,0.035072,18.0,84375000.0,-0.2866666316986084,-0.1768470546345653,-0.16987226423345658,-0.007009394471429897,-0.05753425801550327,-0.00681621848609848,0.037647022920496376,0.04564924089321576,0.0271735651525703,0.27210891782830404,0.18378333135590963,-0.572109130246486,0.07843138088212842,0.026734525221501215,-0.057094003102868274,0.3107476304926653,0.17658358281523245,-0.5398086329022026,0.8905436152009176,0.5627949831706812,-0.7622222105662028,-0.1933333079020182,-0.7624861209165857
EVH,2015-12-02,2015,126,180.0,2.4544998260869564,17.0,195500000.0,0.26716988041715806,0.2657915198155416,-0.01566535823283388,0.010720571054923855,0.020925592752418565,-0.024439448089841997,-0.1467295151366722,-0.1314319442352191,-0.061049690088712305,-0.1636740304201041,-0.1565151658690196,-0.17051625937451087,-0.18744835412424776,-0.13731836214171744,0.20660010415627994,-0.2787374034340907,-0.2464135103481736,-0.25393115607581074,0.680848291363977,0.6749845261751962,-0.012352887321920969,0.08058828466078816,-0.10975607782791208
EVMN,2026-05-05,2026,123,180.0,2.2082730666666666,16.0,150000000.0,-0.03864933953979499,-0.12830987669326677,0.2125225465827797,0.02242914538589913,0.014406959500906868,-0.015568519293770011,-0.0608443428244454,-0.08075394498489952,-0.027231655321102277,-0.13045398511023998,-0.1522101932409683,-0.03779249995534195,-0.3431322686853949,-0.3305898934997986,0.036581984777596555,-0.1650444247584032,-0.21550330412775398,-0.07509862064556949,2.512895285577662,1.553496490705465,0.4768749475479126,0.1793750524520874,0.1680672118371398
EWTX,2021-09-22,2021,125,180.0,3.324277090909091,16.0,176000000.0,0.12750005722045898,0.15797451186699663,-0.2083821285089903,0.10476714488532446,0.09501232990223052,0.0047127731810485685,-0.1470145639894881,-0.13922674765867338,-0.13330166023202938,0.011176502003389155,-0.03016310197967953,-0.16799729111542772,0.21349621653721118,0.17872684614531242,-0.03978334962977448,-0.047117535384275766,-0.0904263437412346,-0.28407495086744017,2.627599243856333,2.3331614824998566,0.12750005722045898,0.6268750429153442,-0.3986666361490886
EXFY,2022-05-09,2022,124,180.0,5.921103311801649,27.0,262730952.0,-0.06638246939849624,0.017023269826728415,-0.21490445573045236,-0.06784083281336428,-0.03582356479321791,-0.04118196048572198,0.40027993578014565,0.3954579179349853,-0.013600905132804653,-0.03748125894159027,-0.07659744289952997,-0.04888895054298903,0.07061269959447536,0.13495580015817044,-0.07175503412653272,0.2563600994608288,0.24566336698731073,-0.10164564819682587,1.9745707868590354,1.6758029109089294,-0.43222222504792385,-0.06851853264702668,-0.6266439500492074
EYE,2018-04-24,2018,122,180.0,3.5749260759493677,22.0,347600000.0,-0.013141369867853414,-0.04615830431578505,-0.14402410904550866,0.012682295717161951,0.026149663535193546,0.026248144991074973,0.04696299522762759,0.039357854469975084,-0.047007792014952976,0.0681818985534608,0.039387370480065576,-0.04007871555079978,0.08706608354058565,0.0747407247874663,-0.00410893248565769,0.1325301263107428,0.10987199575820261,-0.060902413155856205,0.3020655047818859,0.3054190616993127,0.4336364052512429,0.8099999861283735,0.1204263354506594
FA,2021-12-20,2021,126,180.0,4.877450980392157,15.0,382500000.0,-0.11093672273799027,-0.08994590750683906,-0.12927462099421927,-0.014714538161735735,-0.004081132671531318,-0.013880827970415899,0.1344086039882728,0.08629663510549657,0.026416625050531328,-0.09162716124749637,-0.03895034078406079,-0.1000651056684877,0.031304400900135976,0.04270449806999621,-0.15484568205395222,0.01530313315976728,0.03296028671056217,-0.09115807713274982,0.8778479524444023,0.5044875576328357,0.1326666514078776,0.6086666107177734,-0.13756349679536395
FATN,2025-10-06,2025,125,180.0,18.725433260117068,5.75,4000022.0,0.21160405168361351,0.17765987012844486,-0.29118892729446433,-0.03169012783870062,-0.03527639119415926,-0.0871526614568987,-0.14181816794655544,-0.12905777499359383,-0.009534311993847355,-0.32203390926370934,-0.3526505379751802,0.06147422209871811,-0.32999998331069946,-0.32735123234125485,-0.041381478064684396,-0.4366197107425167,-0.457734165725066,-0.043121793269101705,2.556755565351554,3.4016604217177284,0.23478259211001196,0.33043479919433594,-0.4538461611821101
FBGL,2025-08-05,2025,124,180.0,5.0,4.5,10125000.0,0.03826955322402115,0.021368750301162143,-0.044742431980157704,-0.00641026926875321,-0.0013403003322127738,-0.07616860116409241,-0.12419358281017445,-0.14763424466507102,0.11166268780997268,0.10497245453032633,0.10333871541974404,-0.12213711854880482,0.24999995032946476,0.21161485332211605,0.1284882133643117,-0.03846152009225734,-0.058376927454093286,-0.10074235921665864,0.43431053203040176,0.7261775502817848,-0.8613333304723104,-0.8451111051771376,-0.8191304335507043
FBK,2017-03-15,2017,124,180.0,2.927400468384075,19.0,111764688.0,0.021124459176479204,0.003381667802083488,0.11981514347194544,0.05187775801427885,0.043224304639123634,-0.022966235690005776,-0.06928892771685213,-0.04974509750723355,0.010805773965395171,0.1037061284239651,0.10477322762706653,-0.0826193542666025,0.1081000909122678,0.0852397476596023,0.23878093298336434,0.08052198219293971,0.09263677827200423,-0.0938145953937054,0.9161545883906353,0.681868196976622,0.6536842145417865,0.23263158296283915,0.5142168711466961
FBLA,2025-04-21,2025,122,180.0,,10.0,198375000.0,-0.0742357591226861,-0.0051275206662519945,-0.027473747158169637,0.003773581171086615,0.02757626140313174,-0.004390162795502084,0.050751874476386405,-0.02119093386766613,-0.002332543124492159,0.02593917298184456,-0.05393738497424372,0.065457769397958,-0.04620755660913334,-0.05071298456732998,-0.04381491788494152,0.08207545794809223,-0.04793728104425088,0.05839634967651253,0.3321538098608162,0.5570496186207439,0.060000038146972745,0.1729999542236329,-0.10623940233405749
FDMT,2021-06-09,2021,123,180.0,2.004015,23.0,193200000.0,-0.10996338284706975,-0.12034763970819429,-0.13783387194415042,0.07263199552804944,0.07412390820360515,0.022335005188944823,-0.07329844361015259,-0.07438937557205627,-0.17147898578831267,-0.1340866127398248,-0.15495801683332022,-0.004166907678009313,0.18268816027635726,0.15753268826273614,-0.25721581047846087,-0.13927365933595415,-0.1597340521402867,-0.15711960804382463,0.9552267121988237,1.2946626193638147,0.1613043080205503,0.8734782675038213,-0.3404938497661073
FDSB,2025-01-28,2025,123,180.0,,10.0,54594730.0,0.016627081254485754,0.019836781429044437,0.05097870241328972,0.0007788340158096929,-0.007813562093467619,-0.00244965221491511,0.012451349623524788,0.016983854992825287,-0.011511857200724007,-0.04965410431071049,-0.03762304492512303,0.003971957793217018,0.028631517500663728,0.07227862640993465,0.017731518034243665,-0.037071637577619776,-0.029013147614505463,-0.009682271914455254,0.19523123699791967,0.5323518429615405,0.28400001525878915,0.06999998092651372,0.2526829417158918
FEBO,2024-05-28,2024,123,180.0,10.0,5.0,5000000.0,0.12021864330876708,0.07854707311077336,0.062056840322512796,0.046747951247859465,0.04604910885687774,0.05103869862911414,-0.19766990883836455,-0.19498973497094108,-0.09278119487355663,0.1519844827124599,0.11958418247480651,0.24201653331340434,-0.001680630649618764,0.011334779689312069,0.16255207830298257,-0.03252037121966045,-0.06287321054066974,0.18659146784270897,0.6257067470787787,0.5917828872973991,1.4600000381469727,0.6799999237060548,1.7702702775267403
FGI,2022-07-25,2022,125,180.0,2.8,6.0,15000000.0,-0.04453442702399424,-0.08958018401831236,-0.04792531787369614,-0.004237304231073047,-0.005452245107272047,0.003947971780862591,0.06382978723404253,0.025404271123073086,0.00952373507854487,0.11199996948242164,0.10571904059557968,0.24320684746989985,-0.15107909967104394,-0.08029160884348263,-0.1524011300830579,0.17796605032636248,0.13174870760729096,0.25205230828792236,0.1367918441089173,0.4413472706155633,0.9666666984558105,1.0583333969116215,-0.3948717850905198
FHB,2017-01-31,2017,123,180.0,5.613548839692707,23.0,485000011.0,-0.05582595894367948,-0.07008937263293846,0.10788747107317431,0.00030327884685554807,0.00039119039241763964,0.018512854867972273,-0.035768479917799634,-0.041965481059073606,4.8714894784085416e-05,0.006287295157139106,-0.04106133864339112,0.09236684208305479,-0.07685095949592124,-0.05916806052707635,-0.061672352610444126,-0.029411802127555453,-0.08315821198700635,0.11260609805127797,2.3899497487437187,12.361083193746511,0.43391302357549244,0.16478264850118896,0.3276972358955639
FHTX,2021-04-21,2021,123,180.0,3.759306933333333,16.0,120000000.0,-0.3710729621303692,-0.4209469203883167,-0.14811049875438587,0.12912346181810608,0.11966136178794895,-0.022830659508473516,-0.0550918090677075,-0.058288354237638895,-0.013249938936364059,-0.17667844999275473,-0.1610100057173487,-0.24399463086979822,0.11587982393452423,0.0888389431837886,-0.08328661048308061,-0.1215834122144559,-0.11840504398412965,-0.26839927813667186,0.8102964743589743,0.8869190705128205,-0.3368750214576721,0.20375001430511497,-0.4144592072145774
FIG,2026-01-27,2026,124,180.0,10.037172239928008,33.0,1218923640.0,-0.24935667477772472,-0.2527605618679025,-0.32345525666786,-0.02434010935770603,-0.028324359849878133,-0.03161061114084307,-0.24841883071884918,-0.23984938899979358,-0.014818655715426843,0.4604955896462797,0.4552456440842585,0.028525793152803125,-0.3249039594396571,-0.27249103898920424,-0.2511678666627666,0.07096330783031024,0.07035694754974564,-0.018573360203396616,1.305177718031475,2.5416029565573606,-0.11606060374866833,0.9339393846916431,-0.7474458867853337
FIGR,2026-03-10,2026,124,180.0,4.416617174603175,25.0,787500000.0,-0.20911075775119758,-0.19122831056858758,0.15735239731497952,0.21292894892466196,0.21453601812141354,0.06917579234204996,-0.1310936753398757,-0.1216574623425184,0.3118912865014076,-0.0017442258903935803,-0.009526142599454057,-0.1012763265130906,0.10658124144289749,0.021049952720907816,-0.4340596401659619,0.05208335768163641,0.05541537841165023,0.26106976927950254,6.406002313859561,2.18602557719154,0.30559997558593754,0.34960006713867187,0.04918028766568994
FIGS,2021-11-23,2021,126,180.0,4.5933246654720845,22.0,580499986.0,-0.11788407643612231,-0.1442698076474963,0.07517094587070705,-0.06544894401975054,-0.06677493821842795,-0.026159224497210753,0.006188880195024282,0.04397269093246137,0.027386009662608624,-0.17416637316507988,-0.2123239812481127,-0.08651977050285597,-0.17836147015231207,-0.11483650425612457,-0.11970435630033427,-0.22343983519578037,-0.22369647081249633,-0.08599965249703123,2.1366842246228015,1.7245335237925186,0.49318174882368604,0.91045448996804,0.09427041882757647
FINW,2022-05-18,2022,124,180.0,2.499145714285714,10.5,36750000.0,-0.25909092731712235,-0.17658148880448,-0.06618622524361184,0.01226992698467555,0.05258150045010834,-0.010396192747738064,0.014393980060837253,0.00033281032777154884,-0.040627906813328174,-0.15683348227223481,-0.07952517616411114,-0.018933849463162344,-0.16829048936670032,-0.2100197095091847,-0.11240822129267036,-0.1342024543803234,-0.0321501114133349,-0.07018560672649032,0.45948072383949645,0.7091528979805927,0.24190475827171687,0.8076190040225075,0.02435195842609117
FLGT,2017-03-28,2017,124,180.0,3.058632380952381,9.0,37800000.0,-0.03664922119510372,-0.021930291229347865,0.2212338488093204,0.004529002799604331,-0.0027478238529194954,0.011672508935579806,-0.007213699062698975,-0.007893574969297434,-0.054130721376303925,-0.06811988959206128,-0.08052008588017368,-0.16359963807908307,-0.36647174902564417,-0.37574191165336135,0.026046272460741426,-0.07065214996977875,-0.09111272217764643,-0.20173091379079522,0.9922089825847846,0.41246562786434465,0.22666666242811417,0.039999961853027344,0.20261433495035508
FLNC,2022-04-26,2022,124,180.0,0.5965572580645161,28.0,868000000.0,-0.27798937855226424,-0.2245753589243158,-0.3662370393982506,-0.06434595845279412,-0.03538513284945044,-0.06386134485457451,0.096955994111948,0.09628308189087198,0.10713745503390926,-0.12024657529950078,-0.06623343833173345,0.02952981063360527,0.16238309830721698,0.20257202542173824,-0.23928904982830512,-0.09704632563754334,-0.016254758747138554,0.06656215358749162,1.0363003948322633,0.9425277322661223,-0.661428587777274,-0.12142855780465267,-0.7291428702218192
FLOC,2025-07-15,2025,123,180.0,0.2356174719101123,24.0,427200000.0,0.013009023657595487,-0.02187295987630722,0.06824704759145006,-0.03964260695263189,-0.03536933520507812,0.025677452254631472,0.12499997227691062,0.11419859229024909,-0.14397478056286106,-0.15452194894949445,-0.176514152956738,-0.13905539279583445,-0.02383865090298265,-0.0386514214378999,0.06656062769587168,-0.08654378840123289,-0.11516049580456744,-0.2530099175738303,1.3144743772562018,1.0697875583989587,-0.25375000635782874,0.012499968210856194,-0.39696971759809707
FLX,2025-04-02,2025,123,180.0,,16.5,66000000.0,-0.4178571363949046,-0.390311431974527,-0.0017530739905237125,-0.5695935868328588,-0.5759219983584798,-0.011086218630735,-0.006681455345312948,0.021484108078398956,0.0982825053693005,0.0,-0.01795409513616697,0.018888250198924483,0.08744391550445618,0.032078281598691305,-0.10845284178327952,-0.5724693280627713,-0.568012761525232,0.10656222023264028,62.84224250325945,17.29537882080255,-0.6838787830237186,-0.4715151353315874,-0.7103831197212327
FLY,2026-02-03,2026,124,180.0,6.444495854063018,45.0,868320000.0,-0.03787877145877605,-0.05579523520947438,-0.3096006587997372,0.09623791762256606,0.10469328075327888,-0.0017131389983582324,-0.08220269392830637,-0.08595882594615845,0.15313902306909544,-0.06956523397694436,-0.05946584328791871,0.1456527038036266,0.390654241092258,0.4342810191276909,0.24999400139080907,-0.06386705830445838,-0.049084457164537465,0.3233696107015318,1.6475863677658555,1.0550637987903193,-0.491999986436632,-0.41688889397515194,-0.6212095909140041
FLYW,2021-11-11,2021,119,169.0,8.726107183908047,24.0,250560000.0,-0.14288429232655864,-0.20823656706358828,0.2209473100228847,-0.025271544540543367,-0.025595072209893432,0.043232808950178114,-0.0070502925786831705,-0.019901538053475165,0.033816823195216617,-0.08405859326091702,-0.08620872040720284,-0.0062523572981633135,-0.18979744521178243,-0.17868731950067374,-0.17189186438352533,-0.11350030730679839,-0.12885770170776212,0.07001514308578838,7.685267335979454,3.325550626507899,0.8795833587646484,0.3195833365122478,0.2851852584441208
FMFC,2025-12-22,2025,126,180.0,6.5,4.0,8000000.0,-0.44035086013163427,-0.48335270878039205,-0.21374880224567128,-0.06896556234272033,-0.07519543652110783,-0.1832089527041828,0.17845119433061463,0.17526793334412183,-0.22667313334314365,0.09142858797190145,0.08856113236700125,-0.88860623386381,-0.0314135982692183,-0.032066755428770355,-0.5911054720350665,0.19749213928727039,0.18516466858946234,-0.9495869518272233,0.03977592677583889,1.5564962464588465,-0.9202499985694885,1.8125,-0.9275000002709302
FND,2017-10-24,2017,126,180.0,9.467340284467616,21.0,185293500.0,-0.052592239943323404,-0.08143566133502711,-0.09300227056682198,0.0313076162576964,0.029550510979612588,-0.010996055974432761,-0.03826530537770123,-0.04056494812600586,0.07354950210441591,0.04535806498321482,0.03431394129937804,0.07230250105755354,0.11951279123848924,0.09243479281795208,-0.06948720174929057,0.036832454293632244,0.02168269401588896,0.14040914067001942,0.752917804817482,0.6013575035179207,0.8099999200730097,0.8795238676525297,0.18595941423864049
FNKO,2018-05-01,2018,123,180.0,1.2404198233868686,12.0,124999992.0,0.08652655081115368,0.059183526336286096,0.03859705681687853,0.018202485563876936,0.01642561057483749,0.006171618634464693,0.03240223106516904,0.025080914886695727,0.08775122959937964,0.08658010936704308,0.06526296701132894,-0.019328762166330615,0.16633466958556875,0.17829306958270297,0.15843012973497217,0.1422070540870044,0.11158448674781507,0.07188166849371891,0.6231419508063311,0.4216837454950092,-0.2675000031789144,-0.4108333190282186,0.2432814354214461
FOFO,2026-03-11,2026,124,180.0,3.847272727272727,4.0,5500000.0,-0.2867783975181024,-0.26261236360174756,-0.3279249091699852,0.0548302982585358,0.05608546763024003,0.03801347037125602,0.3353960474920372,0.35742674853673617,-0.33647623613667066,-0.08248381338918087,-0.1104232486633362,-0.0488117782396863,-0.4707070734315766,-0.5467024933933438,-0.4401705424452894,0.2924281743784807,0.2883967787402799,-0.34493383780562903,1.7301231802911534,1.6396043299738707,-0.04250001907348622,1.5699999332427979,-0.6898785582668734
FOUR,2020-12-02,2020,126,180.0,0.4049997333333333,23.0,345000000.0,0.21455462571533546,0.10607499069890203,-0.06524738672253627,-0.038395373392382415,-0.04049913699645502,0.041638206396064414,0.06589078613638599,0.06572721145551674,0.129046241668062,0.2665883264237734,0.24742518437025196,0.028724505996811756,-0.10026531876651923,-0.10655077418757664,0.07204020983534254,0.29820935173530616,0.27673507135427755,0.2112355834840427,3.598844741956381,3.7079599438566184,1.5252174709154214,1.188695658808169,0.731663692476721
FPH,2017-11-06,2017,126,180.0,1.782190857142857,14.0,294000000.0,-0.07877461128381047,-0.0948143060912271,-0.04412312741734514,0.007125902753158719,0.005578238301264804,0.006359733404478041,0.0817610015739374,0.08376996243539492,-0.06443384240284067,0.02107557827247164,0.0022623698887787036,-0.002792394377822527,0.025622751017088552,-0.006369280716832515,-0.07069359117394036,0.11243072552868338,0.09409065971132136,-0.06191873456308783,2.4872165943077666,1.8732915259688052,-0.09785713468279156,0.044285706111363066,-0.16023935196308214
FRMI,2026-03-30,2026,124,180.0,17.23992686153846,21.0,682500000.0,-0.38014045508342353,-0.30448342784141647,0.02997615675402976,-0.13268603844681015,-0.12934257606362554,0.06485457887497792,-0.07835822123731229,-0.12147735863822684,-0.1141795085119055,0.07085018230333784,-0.008743935093191713,0.04366089764088199,0.24385632725054962,0.18938033433474089,-0.15529597793451877,-0.1440129273797821,-0.26639298746488604,-0.014348258335010855,6.271525754222991,2.6468165070949174,-0.7057142938886369,-0.5361904870896113,-0.810021516746205
FROG,2021-03-15,2021,124,180.0,6.665413549433456,44.0,509001592.0,-0.24298498989246986,-0.2515591399699726,-0.1587083201560956,0.023442235768775355,0.017478661394124018,0.02763492259491862,-0.005677386553088026,0.003959119309349335,0.0005604934580075716,0.024020424965830012,-0.027611020569593414,0.05975241125915809,-0.2932128531464726,-0.29648274161087795,-0.3165943570112443,0.04207570588141318,-0.005632734227819958,0.09108233503628971,1.1573065101983795,1.0444723852100215,0.13431817835027515,0.5740909576416016,-0.22966508501081295
FRSH,2022-03-21,2022,125,180.0,,36.0,1026000000.0,0.04207789433466913,0.025009319089280835,-0.02108443650203018,-0.0009969367371615023,-0.0007045441149021725,-0.04859147663313923,0.028443097244699622,0.002519947232462183,-0.024885329243623966,-0.04852013441948866,-0.024677720281009674,-0.11629037375049145,-0.20652728529732833,-0.12401784678468597,-0.028758174137757275,-0.02243264544223078,-0.02360249054279384,-0.1696309480755478,0.9974248746597156,1.4724391517151736,-0.44277779261271155,-0.19361109203762483,-0.578128290477288
FSBC,2021-11-01,2021,126,180.0,2.0893206077872746,20.0,105300000.0,0.13165499770220768,0.07406009550969839,-0.0332651093276255,-0.0025528699718982972,-0.004273084549844763,-0.006005956394053769,0.011700171494002154,-0.007624200225270439,-0.014228533293021761,0.07300326896255749,0.10151497716210445,0.025149312825307635,0.006062657525697901,-0.04205397594784377,0.028445539630358452,0.08278630384564467,0.09082114857380197,0.005176854280732224,0.18351630345731607,0.6838167021683326,0.3710000038146972,0.18350000381469722,0.13072165263067825
FSCT,2018-04-25,2018,123,180.0,6.010190530303031,22.0,116160000.0,0.07578200580457906,0.08381631036843706,-0.07335500587580424,-0.017985611510791366,-0.02045725904798068,0.006600741052689263,-0.014041514041514103,-0.012410468000406683,0.010899486501870337,-0.05448916408668725,-0.09309088397011756,-0.015881181031382918,0.15520628683693527,0.1519870706752109,0.18873345955599818,-0.08453237410071945,-0.12400295715493492,0.00111763179040536,2.2617813985070474,1.2035685997346635,0.5163636363636364,0.5313636363636363,0.30823529411764694
FSLY,2019-11-13,2019,126,180.0,,16.0,180000000.0,-0.18423304237141458,-0.21809276852189907,0.7528431460093232,0.09191176028635883,0.09158811593841176,0.12068231813042218,0.06301103454805479,0.057608307672672554,-0.11707244076608092,-0.10180995299378215,-0.12227530065919279,-0.06661897688922103,0.11586897697027942,0.0817504541007168,-0.30075882532335085,0.04254198671187126,0.016231291298238526,-0.07719931292896232,10.594860782755026,3.6829680407723626,0.19000005722045898,0.29624998569488525,-0.2063359275872183
FTAI,2015-11-11,2015,126,180.0,2.67514365,17.0,340000000.0,-0.20340137015669335,-0.24489948530572547,-0.10873451771250997,0.0034158706665041727,0.007347554954135749,-0.03285312919143124,-0.04680847302562441,-0.05157399824078346,-0.03574842611233886,-0.06964288545338992,-0.055940970688418745,0.2163872521219894,-0.05854130886194653,0.008296962052682377,-0.17244055025137195,-0.11016225814819336,-0.09726427927930481,0.13712052322493573,0.5238558499500919,0.3747446535172134,-0.4117647058823529,-0.14351732590619248,-0.29244709460089546
FTHM,2021-01-27,2021,124,180.0,2.980515451895044,10.0,34300000.0,0.08613219021908236,0.04605086624910437,0.07381207383426003,-0.07506230513888246,-0.05062184375643197,-0.0013557729009587849,0.04502556381976164,0.025154293371228098,0.044732817907231937,0.17853463063227615,0.17727764369741172,0.5861005617361044,-0.1223730322951534,-0.14164964122881496,0.014593760397269673,0.1391521706579566,0.14295639156040185,0.6678838296923011,2.3359686075364996,1.171446707830804,3.009999847412109,1.2409999847412108,2.998005936361301
FTRK,2025-11-19,2025,125,180.0,4.666666666666667,4.0,15000000.0,-0.25278806825773403,-0.23608893479168458,0.31288307263878434,-0.16417913656595118,-0.16804228607350813,-0.10369586465486613,0.13690477510377796,0.11117399372151304,0.09019080164774973,1.026177985554924,1.0309008286682235,-0.20174003278796082,0.07751938402372183,0.07587844438886271,-0.08620002673872873,0.9253730590867353,0.9005428064068539,-0.22079628743638546,4.466423329016052,13.488886272355012,-0.8994999974966049,-0.8924999982118607,-0.8774390202682689
FULC,2020-01-14,2020,125,180.0,4.1866697777777775,16.0,72000000.0,0.5748148317690251,0.5406963088994625,0.1642828366822453,-0.12793975936365987,-0.1264151367645171,0.01988422548477753,-0.0544768165591597,-0.0663564439399641,0.16018869793022827,-0.10553338899062759,-0.12388317216513922,0.5757457125703651,-0.33609696142825374,-0.07141197161359236,0.35301593116750585,-0.2624647160692687,-0.2913410718192567,0.8732948323935308,2.696704213600334,1.5433180364344319,0.32875001430511497,-0.5949999988079071,0.5748148317690251
FVR,2025-03-31,2025,123,180.0,0.1346446969696969,19.0,250800000.0,-0.2461988271479283,-0.18136995373234577,-0.10551783313596586,-0.007757981288303739,-0.01447079431098297,0.000549667632575912,-0.12587956696475155,-0.02754028967143518,0.03386851721119488,0.10733450594894878,0.00832185287399323,0.014620678886567484,-0.08319868525443097,-0.14347068103860983,-0.18938054649832303,-0.03956557139628203,-0.0371540861623727,0.04900187586954774,3.745416185261466,2.114666532710437,-0.3215789292988024,0.0,-0.311431580335194
FVRR,2019-12-10,2019,126,180.0,4.889088642218227,21.0,110526318.0,-0.08306853684373205,-0.0990587045214939,-0.03289346039374752,0.06633663871173523,0.06745173396492377,0.049835265554162844,0.044568200727448826,0.0253036692043469,-0.04638369253022412,0.0839999728732641,0.06184524492633692,0.026797107207434667,0.05453054354197828,0.03753982438003134,-0.013861341504572522,0.20742566675523588,0.16674136442626275,0.028890481472869434,4.561281940233868,2.629565468456763,-0.03809520176478798,0.11380949474516378,-0.49373433607921413
FWRG,2022-03-30,2022,125,180.0,5.09256750185009,18.0,170262000.0,-0.043878264723114846,-0.1173002285353919,-0.011656055341645488,-0.0014804187583146167,0.004694374138041968,-0.03053187559015169,-0.07116382909081398,-0.04461047642191962,0.054559646110414084,0.040702333579451855,0.08260413398128164,-0.015539058017306595,0.1725460127747016,0.22513945408837344,-0.15545048071171008,-0.03478906432762574,0.038312422243118927,0.00268202242526816,1.1592614912617103,1.13287313500977,-0.24944443172878694,-0.1066666709052192,-0.38951645995390816
GANX,2021-09-14,2021,124,180.0,2.1160263383973663,11.0,40000004.0,0.059999942779541016,0.058519916934865135,-0.06037355170055536,-0.10141505932799244,-0.09601854981795133,0.013589806000106508,-0.022309721633476443,0.0014199499478688704,-0.08053575663467061,-0.09261739571123051,-0.09259431205578161,-0.16064653450849198,0.06065086294825872,-0.017205347894834855,-0.021102360095959893,-0.20283011865598488,-0.17380958069020447,-0.21719745782732958,7.050970873786408,4.358818770226537,-0.22909095070578833,-0.03272724151611328,-0.304918059441583
GAUZ,2024-12-03,2024,125,180.0,3.318999085400061,17.0,75000005.0,-0.14413407702172298,-0.20120543473655572,-0.1605870086881902,0.07571800721406086,0.07525419948506462,-0.04067756188656346,-0.05461162885494497,-0.052773630807350425,0.01795575688026696,0.3119384232445812,0.34206445760470183,0.10933875530157477,0.0880625826824879,0.06560430997820177,-0.22776189471011488,0.33420371679009664,0.3656633693599878,0.08264187179037652,2.872395384880317,5.0335801618736005,-0.5494117736816406,-0.29382352267994605,-0.5343465354318109
GCT,2023-02-14,2023,124,180.0,9.5159231292517,12.25,36015000.0,-0.20476189250758658,-0.24072170824727446,0.17888848913707434,0.01796400631518913,0.018424176191426667,0.04094658789613659,0.011764694882648863,0.045934929476908026,-0.15482989696384197,0.12403107795511525,0.14726590900616454,0.07471827909377937,0.017241362300696395,-0.044899005859140306,-0.1802996958504025,0.15768461592053562,0.21472986107945613,-0.05664139436112281,1.039187688402348,0.8001480776349886,-0.5910203894790338,-0.6514285729855906,-0.6806883133925843
GDDY,2015-09-28,2015,125,180.0,1.6880831304347823,20.0,460000000.0,-0.024649279681168368,0.007568304658154834,-0.1431078543131844,-0.04354583832757841,-0.018448553165546056,-0.003377468318365162,0.05853660616779166,0.0029012302862887474,0.05957080513836677,0.0844853601475486,0.041506578836355335,-0.057250213140706774,0.13916425034275193,0.1291642149600527,-0.012198374449289728,0.09797824747433892,0.02460519355341173,-0.008502104404961575,2.8207099253900068,1.2825382470419775,0.28599996566772434,0.5675000190734862,-0.016443606556349133
GDRX,2021-03-22,2021,124,180.0,0.0875420882229704,33.0,1142307672.0,-0.2862062168252888,-0.28479610018120993,-0.07881567894263475,0.008308698664794667,0.000323730851718107,0.02496508777330253,-0.011695870260540198,-0.01982140191229609,-0.006708289132055345,0.03926839893730216,-0.002143533699488831,0.23035430974502202,-0.21842646894477025,-0.21786842013278795,-0.3108906085173848,0.03564722507111795,-0.022609942951306472,0.25534154728671044,2.168330955777461,2.2261636411814454,0.13060610222093993,0.14515154289476806,-0.2611880916179997
GDS,2017-05-01,2017,123,180.0,,10.0,192500000.0,-0.03333330305795679,-0.040908776399116276,-0.04828529694952588,-0.003694548447536805,-0.006214671263867766,0.014940537004955345,-0.009888741927954525,-0.013994703954102627,-0.03163621661076221,-0.01747819467194911,-0.02515572246037734,0.07698754356932258,0.15374841877281886,0.1544523449382239,-0.05220366168468604,-0.030788177773821146,-0.04515308932725859,0.05954021692546696,1.2943041558147435,1.1174649907522742,-0.18800001144409184,-0.21900000572204592,-0.21998078726411452
GDTC,2023-10-11,2023,125,180.0,3.5348862466728765,4.0,9649476.0,-0.047619003096436185,-0.021945822217564914,0.24420789216834704,0.05558820175877166,0.051491918921070745,-0.03176867303916331,-0.06101981106274179,-0.0470162912456904,-0.10403755607944509,0.22255193634096382,0.20618781490084848,-0.10035693788512501,-0.16165046307602104,-0.2096321920327463,0.08632862689430731,0.21176463823417646,0.20552817806528978,-0.2180288851345884,0.29731689630166785,0.28402223833695917,-0.14999997615814198,-0.20749998092651367,-0.14999997615814198
GELS,2025-04-28,2025,123,180.0,6.260057692307693,4.0,5200000.0,0.7511519901907784,0.7801426122299282,-0.28196867730142683,0.22631576470721093,0.22593446125683592,0.017104102948802602,-0.2832617975247035,-0.30624452374924604,-0.1362323453571923,0.07784431052236163,0.02879457907227878,-0.3028321957494071,0.06666667108182578,0.03965158177525896,-0.062110475759623474,-0.052631592156154094,-0.12620054589717322,-0.3718984265797671,24.8593783040812,7.026855572002537,-0.5250000059604645,-0.48500001430511475,-0.3537415172860765
GEMI,2026-03-11,2026,124,180.0,1.7641960653479127,28.0,425000016.0,0.17341776529845987,0.19758379921481473,-0.03612192630275146,-0.0679611740378383,-0.06670600466613408,0.06669898706607014,-0.3101852081808034,-0.28815450713610447,-0.06747304745216332,-0.18288593047170232,-0.21082536574585764,-0.272168112513992,-0.02464063416406137,-0.10063605412582854,0.15737448614355076,-0.47464944497597816,-0.4786808406141789,-0.2805450890870569,1.5825323954326656,1.424709716349738,-0.6689285550798689,-0.6153571265084403,-0.7103124856948853
GENK,2023-12-26,2023,126,180.0,,12.0,43200000.0,-0.02937063431412179,-0.06967374565938189,-0.14944989210204285,-0.03170032639984166,-0.03592285363677239,0.0093668471142484,0.16517859645390676,0.1796009352315573,-0.14594530923054938,0.01660282448373085,-0.024438985033699012,-0.16362727183693748,0.07663312233089514,0.03602084977839981,-0.1440837875709654,0.14697405944043096,0.1166140782979943,-0.2849736273585205,3.475995534052847,1.418351734689658,-0.42166666189829505,0.037499984105427986,-0.5475880059851456
GFL,2020-08-31,2020,127,180.0,3.1914372133333333,19.0,1425000000.0,-0.13564815988102386,-0.20933429968297734,-0.03332484956957016,-0.022495986854720873,-0.018873449738187165,0.013601982900192544,0.058082162517390845,0.10417304516043613,-0.033451700904428616,0.08959096309848258,0.09211188491785083,0.0934085761741652,-0.033745292819703177,-0.051346177946090754,-0.16047531885545563,0.1269416620004562,0.17888413490977173,0.07550188689468751,1.8534754455332072,2.5487078104406624,-0.017368417037160744,-0.09210526315789469,0.11130957881880166
GFS,2022-04-26,2022,124,180.0,8.669922618181818,47.0,2585000000.0,-0.3321510059511982,-0.2787369863232497,-0.06386947556371259,-0.06107741172507086,-0.032116586121727186,0.022001065281185617,0.09454546071062175,0.09387254848954574,0.21716459865528215,0.023994079544816138,0.07800721651258347,0.17456054142884092,-0.21304974391403486,-0.1728608167995136,-0.2716434505650377,0.05235201550885682,0.1331435823992616,0.46371910618566825,0.8220889650117539,0.6238171734702532,0.12170215363198134,0.2627659249812997,0.1362068854954528
GH,2019-04-02,2019,123,180.0,5.68458248,19.0,237500000.0,0.008672702893899098,-0.014340871967392754,0.02726445334175165,-0.023608316551149144,-0.024098169453276697,0.055753080291158885,-0.012238801415286882,-0.016924594792811054,-0.06122972863012721,-0.017679029367635213,-0.03334155429972463,0.34887697269239815,0.19273955341579407,0.23653517003695068,0.4106778784636713,-0.05260857571929167,-0.07353014192038076,0.34778173104416443,10.415366235401983,3.867644652719252,2.61157909192537,0.906842081170333,1.1310559354259437
GHG,2018-09-24,2018,126,180.0,,14.0,142800000.0,-0.053129516331638205,-0.07482370263654048,-0.20195560973547977,0.01537277523032965,0.01869481109849258,0.016822353017965308,-0.013626063940650135,-0.016065834401307044,-0.05767942509179691,-0.07904833108820974,-0.021735059943518653,-0.13469447000333545,0.07000001271565748,0.09149015290054063,-0.17081393620504837,-0.07763260654213244,-0.019479995025825092,-0.17196222845831688,1.3617946437394999,0.8907336034522515,-0.07071426936558312,0.5578571047101701,0.0007692483755259438
GHRS,2021-12-22,2021,126,180.0,4.052085,16.0,160000000.0,-0.000405688804730131,0.009239946490473439,-0.2058152521828861,-0.019480501384995352,-0.02947921625396155,-0.08133443395983064,-0.0815397071935623,-0.0996499964374814,0.023956205551487697,-0.22532671832638795,-0.14514360260448378,0.4426538991533957,0.05061075653610847,0.05917279111744711,0.033677179337702645,-0.3023538571482537,-0.2481924380999756,0.3628726934122115,3.057472422303934,1.2930035762857,0.5399999618530276,0.4568749666213989,0.27999996829342555
GKOS,2015-12-22,2015,126,180.0,4.060555166666667,18.0,108000000.0,-0.05712078544779109,-0.020619904081578988,-0.2910741094489664,0.03192790706317039,0.02285366772330777,0.005189953612844578,-0.013883319588721021,-0.02582431553850595,-0.07434648905354224,-0.3427192376743543,-0.26788803798805116,0.12458476861755763,0.02386777148142616,0.0015079435824945087,-0.04327818797734928,-0.3311502272422784,-0.2758619146637078,0.049190874440461,0.39688520472243155,0.3819658529530421,0.35722223917643237,0.7166666454739046,-0.21748876225228664
GLBE,2021-11-08,2021,126,180.0,8.482460866666667,25.0,375000000.0,-0.13876221899070573,-0.20880747193408455,0.0012785978362253037,0.07923597848101038,0.07838225748656691,0.027451018357490753,-0.028386173831216777,-0.02518740210957704,-0.09888502842476132,0.17042381664411899,0.1686053494579427,-0.02933539370182836,-0.20955318904569442,-0.20976674953039665,-0.1481066213944734,0.22730711450403707,0.22784069826740616,-0.09824627273454911,2.0086752213988794,1.5416490953270279,1.1152000427246094,1.7855999755859373,1.0737255320829502
GLOO,2026-05-18,2026,123,180.0,,8.0,72800000.0,-0.25031289828436487,-0.2911921159920029,0.13943366700999493,0.020033450247334494,0.020736885868524957,-0.0009513836527328401,-0.09328971509097483,-0.10945434251500785,-0.08577328076680957,-0.14801447243820953,-0.1476680652700857,0.1004210473775855,-0.3093220052175282,-0.3098417146845619,-0.11290948017489144,-0.2120200383061852,-0.2271181002374203,-0.001988240174273015,0.1767051705170517,0.6481481481481481,-0.2512500286102295,-0.3837500214576721,-0.2604938902445715
GLUE,2021-12-21,2021,126,180.0,2.8025824786324787,19.0,222300000.0,-0.06387327641760743,-0.03420746305508837,-0.3202472403692014,0.030567656947100952,0.012808664514115886,0.025813002049001943,0.035487293754028926,0.00434659167705953,0.050539826606941896,-0.286444994697473,-0.22208625657386172,-0.03980049224946125,0.018638009493674224,0.04032799817057686,-0.22042325277708652,-0.23853711563072233,-0.2204483847247498,0.036550724627198106,1.400869274490137,1.4123853040603291,-0.03578948974609375,0.6968421936035156,-0.13503307691892052
GNLX,2023-07-25,2023,124,180.0,8.4589768,6.0,15000000.0,-0.4066159090074093,-0.4550682096606129,-0.124565776374295,0.2323630477604981,0.22963299447769492,0.021945681900259473,-0.17934345974112287,-0.18162698455086035,-0.015762779406466976,0.2326829491592035,0.27283808552593647,0.3514567764064285,0.13850415261566407,0.1373857667688554,-0.2080898806178374,0.24666995002878433,0.2820068454034834,0.35865085155541254,1.5424902855212028,1.571774511460269,2.378333409627279,3.916666666666667,2.2959349826729785
GNTA,2022-06-13,2022,124,180.0,6.5500475,11.5,27600000.0,0.16048393435582597,0.16695793284853722,-0.01326462237703252,0.02293258622882388,0.060900744916477345,0.03002201067979371,0.0733695587034151,0.07318287250549838,-0.02707954479157526,-0.18354433779723323,-0.19356907764479092,-0.0638065093396748,-0.010852666185147353,-0.11950299778781126,0.3269201600562812,-0.10354417576396169,-0.07540153450115694,-0.061456865347673584,0.8913043478260869,0.8333333333333334,-0.37434781115988025,-0.3999999917071798,-0.3459090753035112
GO,2019-12-17,2019,126,180.0,3.986393541818182,22.0,378125000.0,-0.007921419652423767,-0.03264957399918922,-0.09684934671169498,-0.003193880011991168,-0.0034129952677618425,0.024596548384848482,0.038449240568432685,0.03325474914538362,-0.03778679572131538,0.058006821257833074,0.027841512569353633,-0.08130276389641522,-0.0402449994537718,-0.06043112421119756,0.008362244616921366,0.09517730758272513,0.059433916572601886,-0.0953283558698339,0.9696683304291326,0.70439174222511,0.4231817939064719,0.6831817626953127,0.09821112643219232
GOLF,2017-04-26,2017,123,180.0,2.832427548834958,17.0,328666661.0,0.03612380398362447,0.015021124257527552,-0.12378281853468287,0.003873807194599621,0.004502644559321256,-0.0070889098543412965,0.0,-0.00033557815898843657,-0.006158351894956948,0.029217238394613654,0.020285651171482177,0.02643578745743813,0.033208400465977395,0.023940308026418444,0.009681890506705648,0.03320422753751262,0.024568731699154522,0.013154696508130281,1.0152372659991293,0.926280655928022,0.06294115851907178,0.1100000493666704,0.006685176979631224
GOSS,2019-08-07,2019,125,180.0,2.6682266666666665,16.0,276000000.0,-0.08678696571338618,-0.05519096796346579,0.1502316832475774,0.06086499331867867,0.060274258659382296,-0.0027192620284237634,-0.08253654895468754,-0.0684031069052865,-0.062445016588541735,0.14042794501227807,0.09139654759417914,0.160131418367917,-0.19528625274175615,-0.17043905069186682,-0.10801938158323565,0.10998405892353036,0.0751681452465014,0.08968851480575335,0.6715506715506715,0.8520094003964971,0.1706249713897705,0.078125,0.04403561787408883
GPCR,2023-08-02,2023,124,180.0,,15.0,161100000.0,-0.12451924267252545,-0.15311385317989945,0.21173430567953155,-0.12520587006734074,-0.11129506137761302,0.08670567326063838,-0.11770244595606183,-0.10797191292049402,-0.02654386461405056,0.0213446624366187,0.009544304016820604,0.16304894372720313,0.3051202513262419,0.3549861528915762,-0.09922985820239483,-0.21169685535697902,-0.19971385262070596,0.2377914228378324,7.779449699054171,5.345586127830323,1.4279998779296874,0.6666666666666667,0.4007691603440504
GPMT,2017-12-20,2017,125,180.0,3.3235103,19.5,195000000.0,0.014656157397765712,-0.019683858296989598,-0.02177733380566771,0.006111145019531028,0.00663521075071527,-0.00017767333821638864,-0.018774165716678448,-0.021919865981557374,-0.035368380193170235,-0.018570619876482786,-0.07389599261087687,-0.037204486071263254,-0.02809631629088949,0.01184145457973751,-0.032185716401783804,-0.031111081441243527,-0.08920139185652454,-0.07179403285132469,0.3528287694903539,0.3865747799394198,-0.07692307692307687,-0.01384617732121396,-0.054621894197453
GRAN,2025-12-29,2025,126,180.0,9.466666666666669,5.0,9375000.0,1.081447884720196,1.065808164561649,-0.15815092696385447,-0.013043466092057199,-0.00947981790304564,-0.15219861587607897,-0.00660787075402236,-0.012364972030769361,-0.06795723437883672,-0.3481153197303999,-0.35333349432212624,-0.1302133023574662,-0.4455782437049792,-0.43677781336419885,0.5641409590769835,-0.3608695395276762,-0.3682719896872202,-0.30847719584916977,3.0969845150774247,3.9812550937245312,-0.0800000190734863,-0.24000000953674316,0.0
GRDN,2025-03-25,2025,123,180.0,,14.0,112000000.0,0.0716074288605264,0.11033753055307893,-0.06068282807920722,-0.04999998663073413,-0.05240384121847619,0.004673258220974086,0.03344812138355513,0.05862806563035072,0.04002054113920095,0.11946693010652165,0.16501301835959548,-0.09158355117134576,-0.062074870893098155,-0.15067821771544987,0.1404202750308603,0.0990654615431712,0.16640804973438705,-0.05071596860375638,2.9110119318699335,3.6178158302213315,0.5285714013235914,0.7364285332815987,0.33749997615814253
GRO,2025-05-27,2025,122,180.0,18.1689835,15.0,30000000.0,-0.4206008291645894,-0.4723042469071267,0.22248057362531437,0.4222221653157312,0.4014315739478569,-0.0405396408992833,-0.031249970896168988,-0.039606567762256684,-0.007828314643103962,-0.20430107113391294,-0.2228049342498667,-0.0997276731371588,0.3243243330320884,0.2793579540418869,-0.5175659006636152,0.09629629106351545,0.04792895070653502,-0.13712910661246658,8.180866965620329,2.230318883906328,-0.9099999984105428,-0.8019999980926514,-0.9000740191731594
GROY,2021-09-07,2021,127,180.0,1.2680555555555555,5.0,90000000.0,-0.14257813191215984,-0.16651086840701568,0.22660673303401224,-0.05922545784786548,-0.05564994101816967,-0.007643539253548326,0.23970938103767603,0.25585694264960934,-0.1496500611640954,-0.003906246362021082,0.0210166592587111,-0.016731044721247423,-0.04117647883801323,-0.10767379443972491,-0.21132164203306192,0.16173122089759007,0.2058293516049442,-0.1718932789357398,3.429627698651563,15.088276417754816,-0.1220000267028809,0.0,0.22625697207865314
GSHD,2018-10-24,2018,126,180.0,0.4365494724501758,10.0,85300000.0,-0.08558984799031477,-0.026638808786746404,0.00042556139686755756,0.040844138775262495,0.07114266028825456,-0.0023453035973821645,0.12099407667828443,0.10098051791147422,-0.005122647639726585,-0.29900812303534186,-0.27827865561516474,0.28672487402107194,-0.013732830390198458,0.0780338025945122,-0.16018082997793437,-0.18209661766312657,-0.15070157801626094,0.2813100213730737,2.330575121384121,1.4730219517198933,1.9379999160766603,1.8239999771118165,0.8653967721121651
GTES,2018-07-24,2018,125,180.0,6.375963766233766,19.0,731500000.0,-0.05782527247752245,-0.07769868794935963,-0.07437249798582057,0.021347608631395287,0.01631558478019901,0.020884805813498386,0.01698231666110117,0.017976595251568472,-0.015272372731264472,0.16184974355531745,0.1440414401225154,0.0242656543070785,0.08126032619984258,0.06421763239099754,-0.05617056267231979,0.2068045649635446,0.18489170320991,0.029891239269033143,1.0318481140683575,0.9363147653441509,-0.2110526436253598,-0.1705263037430612,-0.1897297421017209
GTLB,2022-04-12,2022,125,180.0,0.1106523076923076,77.0,800800000.0,0.40030213325717745,0.3453380722793973,0.07628935247353674,0.014670988728413104,0.018376218845388093,0.000584933523712361,0.14841589886047357,0.1337681022304067,0.009421789883284126,-0.3615996923945557,-0.24475952137643542,-0.3961501374413475,0.4257540748280315,0.40362803423883653,0.36682421739041504,-0.25609491526762873,-0.1488708472826359,-0.382099840104824,1.409626319194793,1.2295631035374202,-0.39805196786855734,0.1298701298701299,-0.5538550510498955
GUTS,2024-07-31,2024,124,180.0,5.491891340540516,15.0,109999995.0,-0.1008968173578988,-0.09477214891071373,0.08037146958900432,-0.2044888091914222,-0.22074341723310809,-0.01984393603757162,-0.39184952275178386,-0.3334808937207858,-0.10011951486708648,0.7371132918353929,0.6606855420553046,-0.3850314044212503,-0.24925814323283157,-0.27433426772881053,-0.09500895544779364,-0.15960107401320878,-0.18967485222901836,-0.46312592524600993,3.862412803485766,2.854459503809065,-0.7326666514078777,-0.5633333206176758,-0.6879377346428383
GWRS,2016-10-25,2016,126,180.0,15.66083962912088,6.25,7280000.0,-0.021518996739460006,-0.024552948755042214,-0.054651555996937495,0.0,0.00335055713503718,0.001263787748617906,0.00517463929551476,0.01992929068985516,-0.039368115972150175,0.0476190943763839,0.002265757693989734,0.03909982999527617,0.12039305907894993,0.09686416979468326,-0.03003722746462889,0.05304014530887535,0.026561470370220386,0.0002857258224995274,0.17094017094017094,0.8004778972520907,0.23680000305175786,0.44960006713867195,0.23680000305175786
HAYW,2021-09-08,2021,125,180.0,4.750420442756301,17.0,684722226.0,-0.008620713528362911,-0.029723073624322804,0.021578651975498575,-0.0343249421924976,-0.03310669959430834,-0.024741040200994324,-0.0521327185584205,-0.0454129768035505,-0.06272524200903529,0.08500003814697266,0.11398103940806792,0.006801811731167451,0.07880179835721912,0.01023429377519669,-0.14958818946753938,-0.0068649709799311065,0.02981601487048735,-0.08080276668027986,1.1189131867816915,1.0093815979287877,0.2852941400864546,0.4982352537267347,0.2852941400864546
HBT,2020-04-08,2020,124,180.0,2.171989397590361,16.0,132800000.0,-0.17629845164313118,-0.09554813106679105,0.010842025726554905,0.04351685267832561,0.009948438192691755,-0.01934173377123538,-0.1353191619223737,-0.15382081264238168,-0.0641324275934263,0.07283462423541764,0.042093003366074466,-0.12671707506124208,0.3486238829104884,0.23857103089380138,-0.1484046590201641,-0.03197163437245454,-0.11702420246234624,-0.19847349326093155,0.7028360049321825,0.8292231812577066,-0.29624998569488525,0.171875,-0.2754182589110402
HCAT,2020-01-21,2020,124,180.0,4.011167571428572,26.0,182000000.0,0.09569684009778556,0.057022238230483024,0.13711933789754815,0.0844080058110408,0.08636620551026863,0.05372226391958024,-0.08432429545634501,-0.07101317771707405,0.05068791292717001,-0.09061397595592335,-0.12564099169932963,-0.10147394628802675,-0.35410581098750427,-0.06345144732285124,0.06337127036515033,-0.09701053838103213,-0.11626037689850766,-0.003318858910934308,1.5046471927162368,1.9952895801719779,0.3123076512263372,0.016923097463754422,-0.1289251844046364
HCC,2017-10-10,2017,125,180.0,2.206551855868963,19.0,316666673.0,-0.08166470277898508,-0.10068476660739012,0.3393775781769255,-0.00427526621336094,-0.006913573663633876,0.02393107661587579,0.03220266082084944,0.02886432871883038,-0.009638288536884532,0.10066547740363219,0.08813949708601854,0.1040465352353146,-0.12358271593191217,-0.14124992345273035,-0.12027654610354455,0.13125266245978984,0.1126662614508771,0.11901726298262316,1.2394579453402983,2.2745098039215685,0.23105259945518108,-0.09842109680175781,0.29944441053602455
HCHL,2025-12-22,2025,127,180.0,5.454545454545454,5.0,5500000.0,0.11607146341683205,0.07306961476807428,0.10958907420398023,0.007999992370605558,0.001770118192218062,0.011918976943225967,0.03968256521237001,0.036499304225877216,0.09879956474692064,0.21628502000319716,0.21341756439829696,-0.13647463137847116,-0.7887029401398808,-0.7893560972994329,0.15557817246428507,0.2746667226155599,0.26233925191775187,-0.04348246130150002,1.5438050182645668,2.6079405952452244,-0.25,-0.35399999618530276,-0.25
HCM,2016-09-13,2016,125,180.0,,13.5,101250000.0,-0.04870626534252542,-0.03900192445255524,-0.00558617551606122,0.0,0.014375523079395158,-0.03296011122067377,-0.02480003356933591,-0.025691101642371317,-0.018972073087032193,-0.049220627436358244,-0.04926745766277407,-0.027894194914244497,0.016393406202059202,0.0132073125980392,-0.04212882531222395,-0.0727999877929687,-0.059348921363419516,-0.07917293566374839,1.9033886085075702,1.9234158455499477,-0.07407407407407407,-0.0029629601372612724,-0.06716415254860919
HCWC,2025-03-17,2025,125,180.0,5.875,10.0,4000000.0,-0.2572944345309782,-0.1803423665449413,0.343031300554384,-0.04107143180254769,-0.04878278532202185,-0.24521098218519144,-0.013035435904750203,-0.025254412149952277,0.004617192713055385,-0.15471690941128147,-0.0938194370521539,-0.3842841787502782,-0.04017858508955263,-0.12869326117369306,-0.22011545369550634,-0.19999997871262698,-0.15790761620277316,-0.5393742049945188,0.39097485359972445,6.850671718911471,-0.9439999997615814,-0.8480000019073486,-0.8931297658693051
HDL,2024-11-13,2024,125,180.0,,19.56,52669212.0,-0.0035928964401109598,-0.03312132834893278,-0.01065055768930212,-0.0006009753154232467,-0.0010867820091462477,-0.003987221585843859,-0.013229063406900998,-0.002026594487367084,-0.01882244034804914,0.5752590263153674,0.5518381675688073,0.21238100070886978,-0.038297862921032544,-0.0016622267250134826,-0.08644369395058249,0.5534856568294546,0.541038023437121,0.1887588589515523,0.28176100628930817,0.35136268343815513,-0.14928428478279965,-0.2714723926380368,-0.25347695351340616
HEPS,2021-12-28,2021,125,180.0,,12.0,680880000.0,-0.2444444719165434,-0.28429458956317977,-0.27604408661328195,-0.06372548905027609,-0.06290829372601447,-0.0009168958690580764,-0.01047119438535471,-0.011897144188747544,-0.12311746309780602,-0.05291006592526071,0.03958283332972834,-0.3089028933442459,0.0782122841779036,0.08993413805350492,-0.3653959050393847,-0.12254902189944838,-0.03060751415744989,-0.4009184269900342,0.7685415629666501,0.7380312403707128,-0.8300000031789143,-0.44666667779286706,-0.848101272114876
HESM,2017-10-02,2017,125,180.0,0.8457140730717185,23.0,339940000.0,0.043209870393573935,0.028098188501925803,0.11919968997169628,0.016841185744074894,0.012502485687486686,-0.01751420965624284,-0.020143274837324476,-0.02660328425674785,-0.06379929228175463,-0.08177245582862769,-0.09279826045712114,-0.009272717334220193,-0.05472638609916747,-0.07856278382920634,0.09436573591523478,-0.08511602140779684,-0.10708793704818653,-0.08777070038745904,0.3660724967101328,1.2722813733700202,-0.0447826385498048,-0.15695654827615468,-0.14179691461031285
HG,2024-05-08,2024,123,180.0,6.3323402,15.0,225000000.0,0.1295296312192229,0.13372741417585032,-0.05393740313656448,0.03344714932092541,0.03335048731150292,0.010684281694860798,0.07133414435542296,0.046991007798186324,-0.03961793197993635,0.0702836834313838,0.061072419174909465,-0.0684693529694047,-0.09677420772520129,-0.1353408803546664,0.0652668566205018,0.1849830076714476,0.15110444867422101,-0.09600413470571123,0.8256072117905635,0.9844808157891801,-0.023333358764648593,-0.008666674296061161,-0.023333358764648593
HKPD,2025-07-14,2025,123,180.0,6.836516027456303,4.0,5614740.0,-0.2852631278447494,-0.32227924183279855,-0.2761018655248998,0.0382915500981853,0.036383332833306525,-0.02642770747432166,-0.03546095992902232,-0.041798921850454196,0.1687916282934343,-0.2058823297386766,-0.21725367881196178,0.523418065237687,0.15740736141617107,0.13474722402947825,-0.2661018785550807,-0.2047128048154231,-0.22443633499289495,0.7609301988588342,0.025596663805616347,0.0221424323721103,-0.6604999899864197,-0.7224999964237213,-0.5184396907085318
HLI,2016-02-09,2016,124,180.0,0.0009070476190476,21.0,220500000.0,-0.0008488349265011186,0.033019443845980545,0.12994174711974882,-0.004672922942794089,-0.004726824932518192,-0.003077344188500808,0.03499785250293308,-0.005179101071440151,-0.04636173735445115,0.014020624848985141,-0.01967908396193696,0.12061222903192259,-0.013013407598150839,-0.035934422511937014,-0.02180491074875679,0.044604893637363974,-0.030683677453805736,0.06570082242890973,2.7091633466135456,0.985753953881444,0.12095242454892108,0.0619047255743117,0.05089291591121303
HLNE,2017-08-28,2017,126,180.0,0.4375162105263158,16.0,190000000.0,0.012814888479099729,0.022332551063283912,0.04341436886795291,-0.0017452406367448603,-0.0017861703297648024,0.0001831172287887206,0.011800719740700849,0.005708434547285091,0.013723441044216078,0.10410366683043182,0.09183022010026254,-0.003025670206447062,0.06298907057869152,0.032958575667211054,0.02347814482861632,0.11518321906023798,0.09670102934162683,0.011158700758614248,1.5709362435381964,1.2647185525560023,0.4325000047683716,0.19000005722045898,0.27192006071338226
HLP,2023-09-25,2023,124,180.0,4.848484848484849,4.0,8250000.0,-0.5833333222954359,-0.5685241002858427,0.1276486310260383,-0.02666664123535145,-0.030871830357900643,-0.025477757787232713,-0.05479454851034127,-0.04341168914685756,-0.03335839286449416,0.2536232065588606,0.2696537374208874,0.2052256876346762,1.7052021830872754,1.6248139915887794,-0.5955852029318073,0.15333334604899096,0.17647358502937116,0.13977195423527988,2.4494545454545453,1.1694545454545455,-0.625,-0.29250001907348633,-0.5714285714285714
HNGE,2025-11-18,2025,125,180.0,0.8110303673349919,32.0,437312000.0,-0.2035881215918418,-0.19520140181649626,-0.0440799603656683,-0.005386905481908677,0.003010597731131548,0.015153312462405921,0.18833091400881408,0.16569729072890693,0.00821600542063261,-0.005593545788339593,-0.0002307491120256966,-0.1527811768171704,-0.09729162851969397,-0.12746730321995903,-0.15289423619269815,0.1753183109858143,0.16671037965194846,-0.13339042267124857,7.772110029589631,3.5124651715766855,0.2762500047683716,0.7412500381469727,0.087326907863994
HNST,2021-11-01,2021,126,180.0,2.494781338396559,16.0,412912000.0,-0.10469673390816958,-0.16229163610067887,-0.3471998762485713,0.009836082660115819,0.008115868082169353,0.014600451438185447,-0.003246724427955372,-0.022571096147227965,0.05071460230359781,-0.07274702209759676,-0.0442353138980498,0.0466940725799031,-0.09484776889902768,-0.14296440237256935,-0.15116213035135107,-0.06666663192443134,-0.05863178719627404,0.11558362140487033,3.2409827496079457,3.324444562079134,-0.428125023841858,-0.11124998331069946,-0.6021739296291186
HOME,2017-01-31,2017,124,180.0,5.865550594207915,15.0,130005000.0,0.026387009472259804,0.012123595783000818,-0.0019634109208195305,0.004614370468029039,0.00470228201359113,0.004402415680625937,-0.014435695538057791,-0.020632696679331763,0.02726932826059658,-0.007323568575232975,-0.0546722023757632,0.13164514124196502,0.03822937625754519,0.055912275226390085,0.1031090766976559,-0.01713909030982197,-0.07088550016927286,0.16785170485691014,0.3817622621732915,0.49689186096592364,0.011333333333333417,-0.15466666666666673,0.011333333333333417
HOOD,2022-01-25,2022,125,180.0,11.919941836363636,38.0,2090000000.0,-0.3058200978641431,-0.24045671204459662,-0.24873065107955472,-0.0053353426398475845,0.006873631445951989,-0.07486844069025067,0.12260531834561683,0.08007071081366735,-0.06258290386158583,-0.25870307580480667,-0.19026285245885666,-0.3178634661773999,0.20441992055348246,0.15263659325447354,-0.23872341952978549,-0.17225611650876405,-0.13158227083803975,-0.40143406721850705,1.0749194960226873,2.249600269831206,-0.6547368451168663,0.07710527118883626,-0.6232050545506096
HOUR,2022-07-06,2022,123,180.0,22.205168666666665,4.0,6000000.0,-0.18387095186390268,-0.11425528348814562,0.083316944863281,0.007905130890387913,0.004527791447040519,-0.007069536907571949,0.16078435039117012,0.17231732737155991,0.14962828396857997,0.1621621665160442,0.06813575124447802,-0.16425764441008817,0.23546509572852337,0.2819604967749202,-0.038688531354160505,0.3596838324590219,0.27462251326644815,-0.042991624216901725,0.02878000274865195,0.0809774421907295,-0.3675000071525574,-0.13749998807907104,-0.6833541872510331
HOWL,2021-10-27,2021,126,180.0,2.671914533333333,16.0,120000000.0,-0.09853369071417628,-0.14981098982830665,-0.08458612397219945,0.0058555727558886606,0.010285761920568515,-0.05413171461275279,0.027166887144735474,0.0034192581159668833,0.031098752896767223,-0.05793451320301424,-0.06809116927184045,0.014047215701871507,-0.17780747597789393,-0.1802785130775798,-0.10518873517976224,-0.026675331845468997,-0.056239353336280495,-0.010509619596179132,0.39358159249167424,1.5218488243011403,-0.03937500715255737,0.23874998092651367,-0.04534164463442114
HRMY,2021-02-16,2021,124,180.0,10.90505786585009,24.0,128372088.0,-0.03936805060179538,-0.07683574471350563,-0.15265524368242023,-0.04125097797256605,-0.0403849764373605,0.006899426930198516,0.03712034993945945,0.0493558532336934,-0.14061692271086546,-0.15916487714823657,-0.1808681124052931,-0.05357287225221574,-0.06223799712772138,-0.10148936335029513,0.07274920519448025,-0.16392558368004828,-0.1722537949974806,-0.18378771346606393,0.6043956043956044,0.34106850596212296,0.5454166730244954,0.6237500508626301,0.0021616275245313066
HSAI,2023-08-08,2023,124,180.0,,19.0,190000000.0,0.0018536105499891153,-0.023279418838467514,-0.20255899181780634,0.09065675339456436,0.09500542880056206,0.05154141958247749,-0.010178107374669065,0.0028803558043002386,0.04677483031567231,-0.07626395351364823,-0.08378271993900777,0.22769014292387424,-0.12430428439524266,-0.07598731630861932,0.057825101049039374,-0.0027752715523550187,0.007186766830418523,0.3601204708711423,2.658174268840828,1.5660545959056429,-0.43105260949385793,-0.5047368501362048,-0.4864607690538699
HSHP,2023-09-27,2023,124,180.0,4.1648778497409324,5.8,44776000.0,-0.02822577931630399,0.00989872269495018,-0.14782140148575829,0.016597493953715015,0.016198360610502283,0.03054491273315474,-0.04285714980812172,-0.03959465908946247,-0.0090631792515119,0.01918979775902807,0.03593264099320703,-0.09807010669205207,0.1192467928462857,0.029509031341951486,-0.06448475407952181,-0.008298746976857507,0.01126079325592666,-0.08024976714768761,0.8434461951055984,1.1464968152866242,-0.16896548764459018,0.024137940900079258,-0.16896551497342616
HTFL,2026-02-04,2026,123,180.0,3.8369970432600593,19.0,316666673.0,-0.06642553330810264,-0.0690575036897384,-0.1510970631270785,-0.008805917765928317,-0.003961999860170651,0.020631229808834917,-0.04228850932906347,-0.050697287525657275,-0.14972212448345523,-0.07755102387462554,-0.062159926013652056,0.09783062902552131,-0.0012067854347925788,0.03619172707794749,0.015058718515407632,-0.1243395158572631,-0.11241830664370156,-0.047655107740058655,8.001399545147827,4.1021667957913674,0.4942104941920231,1.1005263077585319,-0.05335113016608295
HTLM,2025-03-31,2025,124,180.0,10.6,4.0,5000000.0,-0.045454503972407356,0.019374369443175166,-0.4051692309712438,0.0,-0.0067128130226792315,0.06398798091902846,-0.010025053072035384,0.08831422422128099,0.06047529141467167,-0.05316456597769337,-0.15217721905264892,-0.5243034201650374,-0.005347588469389097,-0.06561958425356795,0.014339880483137613,-0.06265664145425054,-0.06024515622034121,-0.45780575264366197,0.03263218238744102,0.13993620555335068,-0.002499997615814209,0.872499942779541,-0.007462679485599422
HUHU,2025-04-21,2025,123,180.0,19.047619047619047,4.0,4200000.0,-0.06118142950555805,0.007926808950876052,-0.1660330277258597,0.03370788804420255,0.057510568276247676,-0.03959794275046569,0.08695654427396815,0.015013735929915617,0.115145926773353,0.060000038146972745,-0.019876519809115534,0.10069692270589947,-0.05660380753557426,-0.0611092354937709,-0.19585641538731424,0.19101132986567326,0.06099859087333015,0.17579276986829406,1.0795208543801413,0.8587097705296579,0.11249995231628418,0.12000000476837158,0.0827249792471425
HUYA,2018-11-07,2018,126,180.0,,12.0,180000000.0,-0.10450533805117879,-0.06177743603278185,-0.14803756744382868,-0.012448120465286205,-0.033857013868067165,-0.016567861887298196,-0.07300426628989853,-0.034535894406598766,0.01970375832465865,-0.16940508984368707,-0.1448676931624001,-0.20521648860613206,0.23738059880339257,0.2631802653875428,-0.1299156042524624,-0.23962659101114503,-0.1976449539147609,-0.20251649735271882,1.3220041903899615,2.3704625873239737,0.6066667238871257,1.683333396911621,0.20049821468124063
HXHX,2025-10-13,2025,125,180.0,4.114285714285714,4.0,7000000.0,-0.10294116486933824,-0.09626351501215225,-0.28360781908727395,0.02868849655788064,0.013344466977767144,0.07477118921348547,0.035856539645922725,0.023398754234249752,-0.23016348906659945,-0.4253846104469523,-0.440489652652859,0.035101346448422444,-0.33868808337947975,-0.34103601655071303,0.48572410622660067,-0.3877049495891286,-0.43122579437204445,-0.14548993260739362,0.21165175649138118,0.5026547385264383,-0.6949999928474426,-0.6274999976158142,-0.6077170193690187
HYNE,2026-06-02,2026,123,180.0,0.0204080655324511,10.0,79350000.0,0.029224968139158314,-0.02335249988228294,0.07661144256360841,0.0,-0.0013579103629497435,0.0016515116490837256,0.0037036705627595534,0.03335204966422323,-0.004763358022789266,0.030135286852444265,0.018317876748771944,-0.030242972644558552,-0.02507463142053401,-0.019617101825325722,-0.04634202303044099,0.03395056859001966,0.05079868290425038,-0.034029485486523736,0.504969110932044,1.6590563165905632,0.6200000762939453,0.46899995803833017,0.15714291163853233
IBEX,2021-02-03,2021,124,180.0,2.7150705442464727,19.0,90476195.0,0.033426097416100475,-0.0011734821614266533,0.21847890763504507,0.014555281340618453,0.013768966781201986,-0.0032847661222716873,0.0892667551762929,0.06771384084553089,0.07100660410337567,-0.006341422476419556,0.027959169263258365,-0.11794563997002872,0.11634751272665911,0.05287532698276687,-0.011192053910627386,0.09811329795295731,0.11082454350689275,-0.060205958530525905,0.24636058230683092,0.3418119767503866,-0.023684250681023866,-0.1805263318513568,0.2045454348414395
IBO,2025-03-17,2025,125,180.0,6.665135333333334,3.0,4500000.0,-0.7209302338475856,-0.6439781658615487,-0.10395814799695857,0.0166666501098216,0.008955296590347439,-0.028488060099234436,4.90163904952286,4.889420073277658,-0.10920278586829002,-0.8666666661147718,-0.8057691937556443,0.4007173486711011,0.14375007722216537,0.05523540113802494,-0.5572253217745958,-0.20000004967053542,-0.1579076871606816,0.21180821518207593,0.8365482233502538,1218.7925549915399,-0.799999992052714,-0.1566666762034098,-0.7761193996655913
IBTA,2024-10-15,2024,124,180.0,3.1312359961589467,88.0,577341600.0,0.19168060840170287,0.15351704603255767,-0.20582740348725348,-0.029042191444958454,-0.02127251392162033,0.07971802209566503,0.02904798125499264,0.02294225520637938,-0.21573726249644876,0.06903301579016041,0.04575245465847999,0.09703761568324243,-0.029542511584711995,-0.04723391236654273,0.1746188707769658,0.06813735082760597,0.04660802283582366,-0.05911733032034694,0.5641635087561944,1.020696459403099,-0.18613633242520422,-0.1921591325239702,-0.2691836454430405
ICG,2023-09-12,2023,124,180.0,,8.0,8000000.0,-0.027536239796289608,-0.03381923844746282,-0.36767818517351936,-0.09538000936619029,-0.0898943991405391,0.010889417023078218,0.01400330078140799,0.021357723192487632,0.159630729331941,0.11941504981689222,0.13786953032975247,0.08624823295616169,0.16981140432559827,0.16431137191463008,-0.1115141881691567,0.02682560764758679,0.05784356568855509,0.2764704945775984,2.0258620689655173,0.5100574712643677,-0.16124999523162842,0.03125,-0.16124999523162842
ICHR,2017-06-07,2017,123,180.0,3.036863420156392,9.0,52900002.0,0.283776979499307,0.26896431573600776,0.06940500027078933,0.026604081353047482,0.024753841084062422,-0.0022950679436546384,-0.13948170271863347,-0.14186207628153902,-0.06029566177487433,-0.13950396940538434,-0.12439586934636448,0.04738649624229141,-0.010808079697525952,-0.03745536126388782,0.18009119588909095,-0.23982782820220971,-0.22889076316097223,-0.018904617376804933,0.9423419920372609,2.300487738903306,1.839999940660265,1.0433332655164933,1.6161717777230282
IDYA,2019-11-19,2019,126,180.0,2.8957308,10.0,50000000.0,0.27627120137180383,0.23616986742430068,0.42641363260441034,0.0889773679666126,0.08926579928851319,-0.027046803194311964,-0.10365852736632486,-0.11055108001264591,-0.02510294679913183,-0.03265303050778223,-0.05019636342039113,-0.2997908768573223,0.4106891061355662,0.37201450426826366,-0.14693666976808517,-0.05577690100816546,-0.08003819063947515,-0.33179281043344677,1.3418643917177642,0.808673242690838,-0.24699997901916504,-0.3050000190734863,-0.32707770400556013
IE,2022-12-27,2022,127,180.0,5.455929802613289,11.75,169059000.0,0.23660253970500889,0.2848713328805036,-0.07803780160181195,0.021259218202251295,0.025202729082571595,0.043537708161333954,-0.055244162772432825,-0.061431933896994306,0.11946911616325084,0.15084743255926525,0.09615181628805902,0.08959449010610898,0.04344625595747953,0.06412567564169813,0.24115957910547936,0.11038433622237664,0.05334744470997088,0.28680671991340434,1.65074939003137,1.1418612757058209,0.040851024871176866,-0.25531914893617025,0.1324073450228489
IFRX,2018-05-07,2018,123,180.0,2.5114702264886755,15.0,100005000.0,0.32007294425230537,0.29581609932947184,0.19400491457884472,0.024606116931181976,0.0212228207458105,0.0025121398587963917,-0.0688074192462278,-0.0915108406973677,-0.014281863347071821,0.08171555046880097,0.07394943195511372,0.09339904700744917,-0.18430218940926457,-0.1690349698024033,0.33771977570974876,0.03207087975761436,-0.002061957866768438,0.08531197373055721,3.094738478277765,1.4087717934768529,1.4113332112630208,0.44933331807454424,1.4129418759989245
IH,2021-04-07,2021,123,180.0,,12.0,84000000.0,-0.0698181845925071,-0.13373936718303303,0.0029969347163631976,-0.04691167969188936,-0.04806897612238781,0.0245692526945116,0.0008203633491448148,-0.01113274890869298,-0.037955501587606744,-0.042622910837625594,-0.053073725433312346,-0.0606671665089239,-0.22945207492744557,-0.23671602925978918,-0.38385615451991884,-0.08678652540953014,-0.11049874100737012,-0.07704307674785138,0.21128956806486823,0.3821664327667758,0.06583333015441895,0.8233332633972168,-0.2006250023841858
IHS,2022-04-12,2022,125,180.0,17.225214944444446,21.0,378000000.0,0.1484134842709146,0.09344942329313444,-0.0879648686657919,0.03565058903837248,0.03935581915534747,0.010183986419900815,-0.018932897521128145,-0.03358069415119502,0.0747003567832848,-0.1175437933116642,-0.0007036222935439262,-0.11288862476878991,0.13220674634492013,0.11008070575572515,0.05579676678516132,-0.10338679320898903,0.0038372747760038184,-0.03927546280422789,0.9422947384177831,0.7531871366913654,-0.4657142729986281,-0.3285714104062034,-0.33999998429242306
IIIV,2018-12-18,2018,125,180.0,0.2172034586466165,13.0,86450000.0,0.1274878382157969,0.1921717042840646,-0.055159697400045116,0.09971375209344258,0.10081023853856974,0.05124971752720908,-0.03644252409506854,-0.0015514738700959096,0.011633058235807514,0.06888792209429462,0.000726417185176631,-0.038799456603746285,-0.002948597114536655,-0.05774782182690541,0.1485214186936239,0.13263362633946651,0.10287175750111555,0.02219195228280868,0.9683720930232558,1.0762790697674418,0.6123076218825121,0.5200000176062953,0.1422342587871861
IIPR,2017-05-30,2017,123,180.0,,20.0,67000000.0,-0.0422222349378798,-0.057469231136193066,-0.07567966138749493,0.03248256806131389,0.03335140554438831,-0.008364491193802448,-0.027528078209012374,-0.034608851351319636,0.03538600089471622,-0.013864805229507171,-0.006134840051617574,0.02207010276166388,0.000995910876870898,-0.024280643212731823,-0.020683962044550475,-0.009860793419425806,-0.008288641368384142,0.049613277774909204,0.22429906542056074,0.24477080551846908,-0.1380000114440918,-0.12004995346069336,-0.099738897413028
ILPT,2018-07-11,2018,124,180.0,2.25,24.0,480000000.0,0.045580101400347184,0.04435955164133465,0.006197407802661203,0.0052840530194226965,0.01259853344095696,0.031015977691418062,0.0,-0.015170166976993471,-0.03441302311545569,0.03241348110342179,0.016758482403127717,-0.00492254198014952,0.008909673081896718,-0.0005487879559127329,0.07906686002296626,0.03786880867553899,0.014347841654548166,-0.008939016251284126,0.7680553765717336,0.3589904085126751,-0.053750038146972656,-0.16458336512247718,-0.027409048674147618
IMCR,2021-08-04,2021,125,180.0,3.256858566152464,26.0,258333296.0,-0.2017453513271642,-0.22073225766252402,0.009291199506245906,-0.019292616530873885,-0.014373693397746856,-0.02594837422996521,0.0275409886094391,0.016606577764207486,-0.013738010293187997,0.10880663148722203,0.09073463852734887,-0.12192602314836487,0.06676258114602063,0.11691745887238947,-0.09234938981013607,0.11736333034597157,0.09322189536051972,-0.15774859168474464,1.039331567148971,1.3344881461857212,0.1961538608257587,0.5250000586876502,-0.28009259647629714
IMMX,2022-06-14,2022,124,180.0,0.8035714285714286,5.0,21000000.0,0.8160919393232913,0.8826059320035394,-0.022652594185952113,0.01265831698606723,0.015671663340233843,-0.05950223516658926,-0.11666674945089239,-0.11805765949460167,-0.02827453898094001,0.24528313557335846,0.2358812047633787,-0.04284716308078884,-0.0681818407593342,-0.17953106720079526,0.6001685027514267,0.11392414868467382,0.10616413891904886,-0.11522666535050397,5.880760845049244,6.659148434954766,-0.5260000228881836,-0.5780000209808349,-0.3542234778500698
IMNM,2021-03-31,2021,124,180.0,2.086946769230769,12.0,39000000.0,-0.19182389214083395,-0.2130118733597417,0.7008153238485169,0.09857331065130515,0.09451996902182125,-0.09927946757699468,-0.10891382578881648,-0.13967103027600092,0.26689581483947367,-0.10467041376323538,-0.13291874641590196,1.1095782591165786,-0.145763982018847,-0.1439309366964,-0.24423972962462714,-0.12354083810283878,-0.18771124792035565,1.403209822508413,0.10217446362024675,0.08138258740668379,1.5700000127156577,-0.10583337148030603,1.2929368468350102
IMRX,2022-01-26,2022,125,180.0,2.251921333333333,15.0,112500000.0,-0.32950814375364146,-0.2398504987187361,-0.03634854190177095,-0.06275472119289649,-0.06024592579890353,-0.045721315576660704,-0.15217391304347827,-0.2074833434524439,-0.005331832966437244,-0.20820514972393334,-0.14468701717148358,-0.12255934260445223,0.022020735869699326,-0.029788750644067274,-0.40595460617081014,-0.3708231864566127,-0.35662194492003063,-0.16438444426517007,0.5556742893780723,1.8848400655410702,-0.18199996948242192,0.6573333740234373,-0.30244455080584665
INGM,2025-04-22,2025,122,180.0,11.66049188172043,22.0,409200000.0,-0.17762814326075238,-0.08879524613504752,0.09646637187476781,0.011334971675332595,-0.014682765909605155,0.01507062614584076,0.12017436920023772,0.06883248712490575,-0.019260855196891025,0.13173990380134892,0.06223137487830255,-0.10290239832185855,-0.04371322545759504,-0.0514555330303198,-0.13258468374175925,0.28211589821316374,0.128441947188092,-0.10484398514314386,0.5548201030684129,0.716475186358407,-0.27818181297995825,-0.10954544760964136,-0.35447155007352205
INMB,2019-08-05,2019,127,180.0,9.993416359645686,8.0,8164480.0,-0.07740593015812336,-0.057838830697257704,0.008545141310042359,0.009070286448309206,0.0391433776239295,-0.0009477521579355219,-0.3134831016404699,-0.3284573807269512,-0.04302278086339828,-0.021276614009850037,-0.03054513500221845,-0.06923196715198898,-0.0685618471746482,-0.07716059548575827,-0.10579676789603965,-0.3219954392308324,-0.3155707077901132,-0.11256627132111918,16.517467248908297,8.342430858806406,0.10249996185302734,0.32500004768371604,0.10387984323933219
INMD,2020-02-04,2020,124,180.0,5.3947144,14.0,70000000.0,0.20759842178151855,0.2022946426318175,0.6424423589407762,0.09820222318842164,0.08296094676047372,0.056719340123510875,-0.06588904187401168,-0.08473062776421791,-0.19163134137532523,-0.2836801824770613,-0.21686629545927472,-0.13917098887168766,-0.3908256999531854,-0.17759935405242822,0.19894775166748646,-0.26516852218113585,-0.23042827185639458,-0.2701376224995288,0.9056480681095364,0.9623733955278652,0.5892857142857142,0.10035712378365647,2.2792926308592993
INNV,2021-08-31,2021,126,180.0,6.9912365801752685,21.0,350000007.0,-0.10160428080206563,-0.13506028932821357,-0.014600910806334078,-0.005952391089225406,-0.004470814432530168,0.01317873775267664,0.0006653512348306911,0.002104792062181726,-0.026804576428937965,-0.5738032005538413,-0.5372992611393314,-0.22609318457562932,-0.018720731422096515,-0.06358202659243095,-0.12576780943594035,-0.5760582079412435,-0.5367419344800505,-0.24036741425440966,0.542243840541398,0.8967607768495999,-0.2800000054495675,-0.016666684831891376,-0.3752066359967118
INR,2025-07-30,2025,124,180.0,,20.0,265000000.0,-0.1829601051614772,-0.2111385220387728,0.09145020860220021,0.002673794234694604,0.003933101889309731,-0.01978800258151603,-0.04066664377848306,-0.038018734347471383,-0.03162872108704051,0.01806805205033668,-0.003819452208176477,0.07362226591717014,-0.04641633919507793,-0.06407710783235421,-0.2921325585331881,-0.02072195313009495,-0.03862012858959274,0.018827977228932147,0.7745782564383394,0.9299908222921959,-0.2519999980926514,-0.19250001907348635,-0.28998574965229584
INSP,2018-10-30,2018,126,180.0,1.998625037037037,16.0,108000000.0,-0.11889598933936552,-0.02336236377736689,0.2637966082215786,0.04685408491281562,0.03203560587401877,0.009665089954753014,0.17979546977852334,0.1523465158065367,0.05742110764411046,-0.007370477882405635,-0.005407666910808073,-0.2534628796570104,-0.08386110670038771,0.013851719741186708,0.032739971010653734,0.22597062345943963,0.18534301102923356,-0.20443378616083596,0.9568715378528093,1.1125032972830389,1.334374904632568,1.6218750476837158,0.49519612324129514
INTA,2021-12-27,2021,125,180.0,4.597825047619048,26.0,273000000.0,-0.11539823819050743,-0.11786927529019331,-0.09864387079263726,0.0004001692266277779,-0.013751984567956788,0.0029762605920340413,-0.01959999084472641,-0.02054283474584051,-0.023756363166126504,-0.23867810391026711,-0.1481629566288205,0.07491710116928707,0.08092177069825923,0.1097384645516788,-0.16256426012864367,-0.2533013197952031,-0.17652697977348797,0.052929782548732485,1.4828950107556726,1.1581430851432932,-0.03884616264930141,0.2603846329909105,-0.10750000817435124
INVH,2017-07-31,2017,125,180.0,2.9235942857142856,20.0,1540000000.0,0.0014084829915534947,-0.021628589384607988,-0.011115223281050746,-0.0004688339858228696,9.817175542681245e-05,-0.025112147647378902,-0.009849863390178237,-0.014307418302371255,0.024465360193128838,0.08195165761331169,0.09526503905509764,-0.005316668433081317,-0.016637524762545985,-0.03507803002391763,-0.012874996959394647,0.07079232228236587,0.08026944472853781,-0.006776543639334109,0.7561120189688871,0.6035385091907249,0.06649999618530256,0.07449998855590811,0.06649999618530256
IOT,2022-06-13,2022,124,180.0,,23.0,805000000.0,0.09262951281965304,0.09910351131236428,-0.2150093078415578,-0.08295349364276539,-0.04498533495511192,-0.015405282548062837,0.232604284424347,0.23241759822643027,-0.04606384394075558,0.15080652393238103,0.14078178408482334,-0.10938003518862593,0.15487028826760096,0.046219956664937056,-0.017383635293488187,0.3008204293898944,0.32896307065269914,-0.1575640221478808,1.7400343390099038,2.169690148384191,-0.5230434666509214,-0.2686956654424253,-0.5558704482516255
IPHA,2020-04-14,2020,123,180.0,5.1235124,5.5,68750000.0,0.3437499068677463,0.32020915176053943,-0.060910262597348,0.06821706515222203,0.0387241943156611,0.041964661393508185,0.05950657941861448,0.09738670090392865,-0.0476688320966302,0.050684914505712664,0.0007654724596579676,0.06108567100891127,-0.1574967628539008,-0.2702744691291181,-0.018902829642836516,0.1891473338148526,0.14920679249816393,0.05583642597083127,0.5035780545984627,0.43731778425655976,0.17272723804820678,0.3272727619517932,0.06611563734210191
IPSC,2021-12-15,2021,126,180.0,4.196645308056872,20.0,211000000.0,-0.33792777095862403,-0.3292205690503335,-0.383187838962622,0.06101934021348088,0.045394294933707835,0.0825348551419477,0.16644114225923912,0.17262474537094252,0.08808346210196949,-0.16473318969213036,-0.15797656961127815,0.03664800037665983,-0.15625000413921153,-0.10443417440276714,-0.2991088084048579,0.033740079185774485,0.031215015596507856,0.2322541031914147,2.8876860622462788,2.173658096526838,-0.303499984741211,0.3079999923706054,-0.3898379171385259
IQ,2018-09-25,2018,125,180.0,,18.0,2250000000.0,-0.09633508780561106,-0.10854328622940912,-0.1630249341660468,0.023561244678725446,0.02448897824983487,-0.026806792370590915,-0.0011321013828494708,-0.0039179915241863705,-0.05151218610087349,-0.12466941150979349,-0.06310399664720123,-0.10663910829283452,-0.17608976738331772,-0.14140539640840144,-0.0809985652783195,-0.10505984463027951,-0.04523576271372265,-0.17711323794829503,0.5271352421724927,0.6289489066532794,0.4383332994249134,1.231111102634006,0.664951708815698
IREN,2022-05-16,2022,124,180.0,5.655529153799186,28.0,231538468.0,-0.37520259782735377,-0.2928114819494372,0.31516848029878974,-0.36446172877774696,-0.3604041641111647,-0.012594318750574485,0.1714285019187829,0.1793516765524198,-0.2982506953215587,-0.3257839651785913,-0.26771176541347796,0.031103696979105422,-0.19121441679610274,-0.20202033488978532,-0.2663635702838566,-0.4980544920348404,-0.42872758269776967,-0.28307645460339337,16.734648554613763,6.0019000382475225,-0.7246428557804653,-0.5535714285714286,-0.6846625849667232
IRTC,2017-04-18,2017,123,180.0,2.356008260410752,17.0,107000006.0,-0.06775142176070503,-0.05737302464748284,0.1270329626227591,-0.03319026672646486,-0.030206030953884966,0.003074322899559112,-0.011245962054431735,-0.031257113686881444,0.04002982250361975,0.08380722088741432,0.07739347634864391,-0.07867696980987093,0.07787903248065753,0.06055145987826793,0.0630626510676836,0.03605145333413806,0.012561687657402842,-0.039690802304935824,3.7215528781793843,5.153805184897296,1.0558823978199676,0.7417647417853859,0.34165074036613197
ISPR,2023-10-02,2023,125,180.0,18.51851851851852,7.0,18900000.0,-0.08040203076083774,-0.029619317743774576,0.03320506568701376,0.002185842469672572,0.002583553294424612,-0.006719726191770858,0.009814629426291743,-0.0018396988477507037,-0.03756743457565914,-0.14686826132817787,-0.10823675961190393,0.09832526507999928,0.42025318121302657,0.32559258619257814,-0.08260831908967503,-0.1366119754400189,-0.10879777514325284,0.049163371883885865,0.24246097893620244,0.5495782189220588,0.30714280264718163,0.07285717555454796,0.21192044865891257
IVA,2021-01-06,2021,125,180.0,4.103594405169865,14.4,107686958.0,0.1849757625754629,0.18097419317076802,-0.04103640829780064,0.007498272399807382,0.0015197592148208372,0.14698868612914895,0.13937756812141577,0.1226729209366555,-0.04287677946300539,0.013657929937784585,-0.0031934715011434633,-0.07012899102872305,-0.16813122067186048,-0.16150236559428188,-0.020493804884706757,0.1635991551498739,0.12358079841463421,0.030535313582594314,1.3490011750881317,0.7794751273012142,0.018750005298190597,-0.21666668521033394,0.09314455982813974
JANX,2021-12-08,2021,126,180.0,2.500132456140351,17.0,193800000.0,-0.26853378391170324,-0.267147662514828,-0.21555943426767477,0.015202728281759281,0.012554760746081195,-0.00033935626306336175,0.09151411845216395,0.0892138604969861,-0.13248314697020647,-0.049796723934937726,-0.04414435753542645,0.29737516093316585,-0.18074871284571703,-0.1396323514874377,-0.41016562159457615,0.05292795731663125,0.053654010829010335,0.11802939854793326,1.9100369251426654,2.004028197381672,0.04470589581657869,0.9247059541590072,-0.2938369583196162
JCAP,2025-12-23,2025,126,180.0,5.4685082,15.0,150000000.0,0.07282249738114022,0.033674072201645755,0.005649273476826089,0.011091392628461705,0.006520908267812153,-0.008185586934337019,-0.01974553509705468,-0.010965898389123874,0.05492486457905832,-0.00581920623219756,-0.016538935440597813,0.16107090496532372,-0.0995046904805007,-0.08958062157151248,-0.01756203849155602,-0.014640719505355282,-0.021065618048213608,0.21900369496275363,1.4129065718307772,1.283001160751772,0.5026667277018229,0.18333333333333335,0.21574971965885825
JELD,2017-07-26,2017,125,180.0,3.19526548,23.0,575000000.0,-0.04446402715669129,-0.061439673491455404,-0.060519408889869064,0.0018489231797576,0.001808528276718624,-0.016924996816709115,-0.007997488002359887,-0.00803794294283322,0.0011307306234902281,-0.11255811351214273,-0.10091890863663133,0.11316956505640219,0.1813417324203208,0.16159197007459003,-0.10069109879084681,-0.11802772985078713,-0.10646843540604811,0.09683237914315468,0.45109741231389633,0.3086273535579962,0.4108695983886719,0.3852174178413721,0.24234302145190267
JFB,2025-09-02,2025,124,180.0,3.2,4.125,5162500.0,-0.11301859624047661,-0.1505435563337787,-0.039470707396753735,0.1129032754253041,0.12031350463571511,0.019031675494454836,-0.2652173765815876,-0.28092949373796927,0.0765539348289963,1.5483234001667143,1.5239511965632817,0.12488207806111418,0.2782507192047714,0.24690783122798643,-0.11118210806005568,1.0838710441549684,1.0511138853569215,0.23902723205210075,0.48032564450474896,0.6490275893260968,-0.24848487160422583,-0.4048485033439867,0.7714285169328963
JFIN,2019-11-06,2019,126,180.0,,10.5,36750000.0,-0.37379910954303175,-0.4379172257814443,-0.0631538424450726,0.14365407559431742,0.14342606098826227,-0.008829344564298625,-0.04878044241882984,-0.055292978922413694,0.20268598704785212,-0.06000005135169273,-0.06944677685314216,-0.16008543861822655,-0.2948717631880402,-0.33211304914378226,-0.3017514865595876,0.022594100520198168,0.006341648791655663,-0.010109860246610647,0.12067015029898184,0.25148593079423226,-0.3171428498767671,0.5885714576357888,-0.5560371364921153
JILL,2017-09-05,2017,125,180.0,2.7498236642907523,13.0,151666671.0,-0.1183074142649404,-0.12004539037510853,-0.04465067977534132,-0.01273264410974595,-0.005550595991611673,-0.021018533979819565,-0.022817395123357453,-0.03903297478991408,0.0017110588299951157,0.06497460177592007,0.05373685922723426,-0.026257823529410973,-0.5128694185029513,-0.5298353018999996,-0.032751532126729654,0.027424115468460908,0.007169094702494716,-0.04560145987820563,3.4087847850121653,1.5056483589678975,2.2971646235539365,2.626558157113882,-0.1928853647052401
JLHL,2025-12-23,2025,126,180.0,8.0089056,4.0,5000000.0,0.15955770000870784,0.12040927482921338,-0.11839910177759239,-0.016348822874878377,-0.02091930723552793,-0.04364144361241906,0.11634358086356,0.1251232175714908,0.15659827010622496,0.039702193320659385,0.028982464112259132,0.06774157402561098,0.30310261660688376,0.313026685515872,-0.24231211192493884,0.1416893651543525,0.13526446661149416,0.1808989823979772,0.332576939441214,0.2564648040467073,-0.08249998092651378,0.04400002956390381,-0.1323876927315477
JMIA,2019-10-09,2019,125,180.0,4.658018296296296,14.5,195750000.0,-0.3069853049132546,-0.27478456716030975,-0.39538640286501037,0.0,-0.009496379045393022,-0.06618483114029428,-0.03978782390618674,-0.06426684732688603,-0.06574421971807398,-0.14226516098523512,-0.17142069846842045,-0.14370705455328092,-0.0740740797618793,-0.09009486391158017,-0.3094592659148486,-0.17639256371815615,-0.24075331442963888,-0.25975612246345003,0.636471405796509,1.0953617027074902,-0.48000000263082565,0.7931034482758621,-0.7038491660256396
JUNS,2025-06-02,2025,123,180.0,10.955059272727272,4.0,11000000.0,0.22626572862289418,0.1709000947171293,0.11517788409197749,0.056774233441944544,0.0511412786213592,-0.005355027593284878,0.09768007661998723,0.08592058134449387,-0.10120517084197056,0.12347052590060525,0.09350449075226108,0.04090542584952095,0.40594056484430685,0.3787245089969187,-0.12633029934769924,0.3032258342381704,0.25527794054594066,-0.0739046178030387,0.8395300743608923,1.046332555990672,-0.8062500059604645,-0.7907499969005585,-0.8588342425376284
KAPA,2025-03-17,2025,125,180.0,7.285120645161291,4.0,6200000.0,-0.31931037510476035,-0.24235830711872342,0.05895313536130409,-0.0374873362774526,-0.04519868979692676,-0.3147943471648659,0.0021052988216161417,-0.010113677423585932,0.7147993692022503,0.0,0.06089747235912757,-0.2357706666420648,-0.348739505794861,-0.43725418187900145,-0.26643583548181793,-0.03546095950072692,0.006631403009126902,-0.10062418908132076,0.05200704551775285,0.10812397639133524,-0.753250002861023,-0.6175000071525574,-0.6203846058619795
KARO,2021-09-28,2021,125,180.0,19.36466095238095,28.0,29400000.0,-0.15558826222139244,-0.13868657348943791,-0.007131646180868367,-0.002786482976564142,0.01736536306658898,0.02657221281782718,0.08257074361616112,0.08400022603671475,0.007672307598585393,0.14777059778401958,0.09498836497541796,-0.07647185695346226,-0.09141515140564416,-0.11823770429520641,-0.08063665646457352,0.23908054499017695,0.20898842415645635,-0.04366567612371508,4.337349397590361,2.916666666666667,0.025357110159737628,0.2703571319580078,-0.15533987447076547
KC,2020-11-04,2020,126,180.0,5.842147766666667,17.0,510000000.0,0.04025286138784545,0.036968574738186044,-0.18461019926453426,0.12152219959808441,0.09917297544278059,0.023063975499072464,0.04020529967726816,0.0019855740085601425,-0.06928782334485895,0.13678732842881214,0.10869416489825334,-0.05812958086940989,0.03954664435432176,0.033819719459904585,0.02626843287687819,0.3261912572312422,0.23494939259567804,-0.10228011897177303,0.8589557718739997,0.6791088126404727,0.8394117916331572,0.9782353569479549,0.3116610846317145
KGS,2023-12-26,2023,125,180.0,3.6875,16.0,256000000.0,0.07232191233539087,0.03201880099013077,0.015560430993163843,0.02535497045689028,0.02113244321995955,0.007085722158535757,0.017309613914703315,0.03173195269235385,0.024372172062304243,0.12396699962279567,0.08292519010536581,-0.033713927091297835,0.09948093224795951,0.058868659695464176,-0.001628977205836435,0.17241387648408346,0.1420538953416468,0.0006779957964428984,2.6703194692870245,3.022014928189221,0.23249995708465554,0.11374998092651367,0.25605092693803755
KIDS,2018-04-10,2018,122,180.0,2.01110875,13.0,52000000.0,-0.11314283098493305,-0.04906281007885416,-0.18018158891080804,0.11533498423856603,0.09943462448192086,-0.0160831879495561,0.16117856739491532,0.1421704261128547,0.02715639107320733,-0.016417906340453703,-0.004315352640743786,-0.002996140949762971,0.3176529405102124,0.2783903152234528,-0.11447500575321534,0.27384019810862803,0.2511581543242052,0.008488697957082514,1.2590462972142362,2.402762631770265,0.19384618905874396,0.45307687612680314,-0.17226664225260413
KLAR,2026-03-09,2026,123,180.0,9.995075408741744,40.0,1372450960.0,-0.3243243369901627,-0.3165914036763091,-0.04286392953283957,0.050181787664240085,0.04142183851991055,0.0025896996611968204,0.03254849589243092,0.04617137464027932,0.0518236074029681,-0.12810193608040998,-0.11343882954682138,-0.2528355095222359,0.1023076864389274,0.0043888555526667705,-0.4171492148977073,-0.054545454545454564,-0.034973138170607654,-0.21307160315843487,2.754764067853581,2.6810853148272344,-0.65625,-0.26774997711181636,-0.6782873313051949
KLC,2025-04-07,2025,123,180.0,3.765253708333333,24.0,576000000.0,-0.38560266841478574,-0.26294676789556515,0.1514498048729218,0.042688401778736784,0.04446958033054704,-0.01498986231333399,-0.014808286532955073,-0.08368490713262866,-0.0016304184477505812,0.13969936914994396,0.10319545007066089,-0.05878567345437047,-0.1148177235446941,-0.18126368935342807,-0.34403455142279293,0.17075386697170392,0.06483241917450133,-0.07348963835736388,2.1986899563318776,2.5802856622998545,-0.5412499904632568,-0.22458330790201841,-0.5786452130693898
KLTR,2022-01-18,2022,126,180.0,7.272440133333333,10.0,150000000.0,-0.1641025869882392,-0.16039369870213427,-0.44336578674803817,-0.0429448175808983,-0.025235205417208473,-0.053811868815666575,0.04487183014081664,0.09310944648453134,-0.0775523068494749,0.061349708057911734,0.034581450525432045,-0.2771063725355377,-0.4537572355903533,-0.43026472081128764,-0.2231893480748829,0.061349708057911734,0.1014168346465617,-0.3734969310039461,2.366787606032641,1.2852019940246684,-0.6740000009536743,-0.01499996185302721,-0.728333334128062
KMRK,2026-01-12,2026,125,180.0,9.375,4.0,6400000.0,0.1038461503192516,0.09439256751203207,-0.24272301404177765,-0.04529612585577325,-0.046866523378804925,-0.09870353983738167,0.05839419170576576,0.08368327153463628,0.10722957083626095,0.22068960187551556,0.19923091410341764,0.22493715343170573,0.26553674218923207,0.2883506734999006,0.12590371178818827,0.23344951324394492,0.23625904569233425,0.22454447504021902,0.34538937764744215,0.9362441620506137,-0.6412500143051147,-0.6074999868869781,-0.7101010104902252
KMTS,2025-09-02,2025,124,180.0,3.1686880678168765,17.0,201999984.0,0.04941477695399521,0.011889816860693125,-0.2580462242217636,-0.0012390676066484918,0.0061711616037625205,-0.017817476475948002,0.10856078839281391,0.09284867123643226,-0.17463536206676156,0.3296026364317235,0.3052304328282909,0.09244697757701514,0.17634682212521158,0.1450039341484266,0.06525726572213109,0.47211902895861146,0.4393618701605646,-0.11918503880632869,1.5397455126034156,0.7905962230070799,-0.0505882711971507,0.35823530309340534,-0.2609890440987035
KNRX,2026-03-30,2026,126,180.0,7.547512666666667,4.0,12000000.0,0.20000002167441577,0.27565704891642284,-0.16272652065436033,-0.06060609070941536,-0.05726262832623075,0.21544742538253292,0.2983870983247827,0.25526796092386816,-0.19773355154762184,-0.17391302416268617,-0.2535071415592157,0.10255415618435182,-0.5308270731279056,-0.5853030660437143,0.0766184855292289,0.00757575004991895,-0.11480431003518499,0.07675852146877804,0.018741299217116654,0.016289695112925145,-0.6699999868869781,-0.6024999916553497,-0.5874999897554518
KNSA,2018-11-20,2018,125,180.0,0.7396477873857734,18.0,152599986.0,-0.28734119526345925,-0.2658510550785761,0.7409455025183975,0.004302378171773036,0.022808550127831784,-0.020074250908340807,0.2515300227644508,0.21192684372290516,0.055299838022290104,0.02053790027504987,0.12036305048171425,-0.22875441454684575,0.1806419932349903,0.11716346712401471,-0.2109109805187307,0.28272896447736184,0.364222860564954,-0.20454332198001623,0.5051071949713772,0.677779024956037,-0.09611108567979598,-0.18444442749023449,-0.1617722521552254
KNSL,2017-01-24,2017,124,180.0,2.1770768181818183,16.0,105600000.0,-0.017043729055072343,-0.018726811912992303,0.17677464616570715,-0.019545994492620844,-0.02595772231117177,-0.04495666692092992,-0.05627009577281872,-0.05596250648309398,0.08835421677193822,0.022146494380989923,-0.01630997310436988,0.02982667069117695,0.05799999237060538,0.06646452601853448,0.034439988794468634,-0.05422444358724654,-0.09901774518445672,0.0710571482980562,0.2854472427817213,0.24065139229208243,0.9824999570846555,0.35749995708465554,0.7286102808687738
KOD,2019-04-02,2019,123,180.0,3.063705888888889,10.0,90000000.0,-0.07725321595634982,-0.10026679081764167,-0.106380589787615,-0.038759691068654956,-0.03924954397078251,0.02385024390459367,0.13870970322115816,0.134023909843634,-0.10857958598952544,0.05524077473746436,0.03957824980537494,-0.09639619334495497,0.2845637503134646,0.3283593669346212,-0.003578851037100872,0.15503876427461982,0.13411719807353073,-0.17844442009722705,1.9814166767225776,1.6612364747998873,-0.35500001907348633,-0.3320000171661377,-0.3651574895536992
KREF,2017-11-01,2017,126,180.0,4.09017931707317,20.5,210125000.0,-0.054256309305230066,-0.07122219270227836,0.007939539572404009,0.006429330985653348,0.005107159700564745,-0.0035862305265469407,-0.02260447091883855,-0.028895958660606458,0.012675070941716049,0.030668709354964907,0.007898361828383438,0.007855389502533061,-0.023902427859422426,-0.030883204123585584,-0.06839589096738774,0.01384770999772389,-0.016718170055552317,0.01714419439337811,0.4758999389871873,0.5623347569656294,-0.013658570080268828,0.01853654442763908,-0.0863081753205972
KRMN,2025-08-12,2025,124,180.0,4.746721434782609,22.0,506000000.0,-0.05484717856388732,-0.0726285607360262,0.1507640753806283,0.049892890327455586,0.0392468661212837,-0.0007058022907315831,0.01713237147667601,0.021613544160041465,0.02423917482346627,0.24764392527232015,0.2282631333788223,-0.08929592472859871,0.2311153483011048,0.19907051201402548,0.10673215782645395,0.3323340514820752,0.3067175596273106,-0.06731613121995128,1.1180585754273675,1.0234726719778882,1.1227273074063389,0.6499999653209338,0.5540766039469487
KRNT,2015-09-29,2015,125,180.0,3.0425302816901407,10.0,71000000.0,0.014867021754893628,0.07142063647536756,0.021957442958094098,-0.01696224074783359,-0.01754731927326003,0.012620087097538923,0.010196087407130738,-0.041207263751375844,-0.01112908059642903,-0.07841616614191138,-0.12295842366976206,-0.015068828383376531,-0.06908169357455696,-0.08239243858306444,-0.07293060091898229,-0.08481113020992381,-0.1836889140503125,-0.013778797646082253,4.523736911660059,1.4719934939514079,0.29700002670288095,0.4560000419616699,-0.07357140949794228
KROS,2020-10-05,2020,125,180.0,2.1982318333333333,16.0,96000000.0,-0.2759504039769628,-0.2425098937690945,-0.20290922976121284,-0.01686613058199149,-0.0345992167690119,0.039747898795663206,0.35279469328524615,0.31550371569522206,0.10618716832246622,0.0595213721362462,0.12259767361663843,0.4138556532611992,0.5038610554678347,0.39538142045140123,-0.2029662399999398,0.40914041355429664,0.4200437929300118,0.6495526914686836,4.4357253484770265,3.0,1.2974998950958252,1.5243749618530273,0.8306772142033265
KRP,2017-08-02,2017,125,180.0,2.2665416,18.0,90000000.0,-0.028364473265578893,-0.04946187002337765,0.033907353771327475,-0.019254683992026123,-0.019739865593327743,-0.008199187792321205,-0.031665611222795875,-0.03089773844745014,-0.04165120031761316,0.013734469501039959,0.018749658553270487,-0.14972131481978823,0.016129032258064502,-0.0015125745611210828,-0.02402652547937323,-0.03726710355611518,-0.031970270390226485,-0.19238252338885198,4.8803452334248725,1.2527788675297502,-0.10555553436279297,0.02711115943060971,-0.21996119876125853
KRT,2021-10-12,2021,126,180.0,3.839746835443038,16.0,63200000.0,-0.1630901013514343,-0.1364655671394981,0.13141628399236693,0.030769250331780906,0.03323079147192487,0.026937685650801124,0.15870649121969627,0.11945548867621292,-0.026389358150403552,-0.012451734827283789,-0.04959888042072291,-0.03505599905987167,-0.09391303684400476,-0.0984917182349555,-0.16498413093166886,0.17948717948717952,0.10428415605023589,-0.03526095721707878,3.4519774011299433,1.1629001883239172,0.21875,0.27437496185302757,0.05064658195613192
KRUS,2020-01-28,2020,124,180.0,1.3793103448275863,14.0,40600000.0,-0.1635197792123323,-0.16525383988725706,0.25231143927259136,0.023850144131547957,0.013370964383673245,0.002820705199748752,-0.045757085672956,-0.052395351795859635,0.11248448197692684,-0.054925902334273746,-0.0015617812351513827,0.0438003821727071,-0.39160519397066695,-0.18386841479292315,-0.1526192247203252,-0.07666095707636922,-0.03956667577806938,0.16657359717075493,0.45860351470726435,1.2151113617141247,0.677142824445452,0.2442857197352819,0.19734823107766286
KRYS,2018-03-19,2018,124,180.0,1.435163383838384,10.0,39600000.0,0.3325765280302837,0.32829123545084027,-0.08649631749931741,-0.06303234970571758,-0.04950200029838403,0.036441456175160925,-0.09818181124600511,-0.07829196290762186,-0.03934627819451919,0.011088674982988822,-0.008073247881241086,0.0030467504611922935,0.019142611586316027,0.015774597766830878,-0.043188186203937384,-0.14565588343142744,-0.13103148668779308,-0.0006814920645518141,9.69315499606609,6.031995803829006,0.17399997711181636,0.050000000000000044,0.10338340153209935
KSPI,2024-07-17,2024,124,180.0,15.749429292035398,92.0,1039600000.0,0.09452951093521444,0.05385012911770315,0.04740427999998653,-0.013090061356498706,0.0009310821401979918,-0.016768503762152775,-0.038877464248781135,-0.010669718524305094,-0.03799513802171295,-0.040526168323511524,-0.04518226577226614,0.058922148536231456,-0.010460414210999858,-0.03867195785324129,-0.02606611895182165,-0.08989936495352546,-0.05252729771738751,0.001673532436047287,0.7943576826196473,1.030193115029387,0.5071195519488791,0.44304341855256446,0.4447743775727444
KVUE,2023-10-31,2023,125,180.0,9.930759662376392,22.0,3801876320.0,-0.08267718161451043,-0.05524978396955815,-0.02151033577268613,-0.002145869607749429,-0.008426135957131597,-0.006341360859106304,0.053763439757573916,0.008976304602069218,-0.030307984449953196,0.024489772086439654,-0.015974359404072214,-0.03513074026304719,0.06922307743673994,0.020653935092080022,-0.02669355943928753,0.07725325006487394,-0.016637337671860486,-0.06941175384231413,2.5784593359083408,0.8401291357782111,-0.1527273004705254,0.09818181124600489,-0.3070632098891136
KVYO,2024-03-18,2024,124,180.0,,30.0,576000000.0,-0.20127902142419307,-0.2168563538568502,-0.15119280232297083,0.05478302442001093,0.04883986913471983,-0.022526178977776756,0.02477023231627662,0.011296702742799258,-0.039353310974300726,-0.07095515484957005,-0.039710527145573105,0.15943005937771004,-0.01636589974389646,-0.05562868261999143,-0.19421148580033654,0.004214091167247469,0.016571127745902636,0.0879798662975535,1.8594454747349864,1.263517793499248,-0.20900001525878908,0.01633332570393886,-0.2756410025015612
KYMR,2021-02-17,2021,123,180.0,3.967138218496684,20.0,173696000.0,-0.21623018545107675,-0.26041430854551517,0.1649397889438946,-0.02534980930909203,-0.025579294035755318,0.09321250724441366,-0.1346055992102848,-0.13302547328551795,0.07785720351189185,0.12080402857032468,0.10679065106334695,0.13369519152908826,-0.32857389572718043,-0.37541975207839484,-0.06293605443236794,-0.05465020073784721,-0.06729364230551249,0.34250060447817954,0.7729103250080354,0.9789945359323893,2.0375,1.0219999313354489,0.8265184325240693
KYTX,2024-08-06,2024,123,180.0,1.8153465517241376,22.0,319000000.0,-0.07973857855031907,-0.011484684272771384,-0.3027670071056814,-0.004261325729225551,-0.013480892558698332,0.007937308776710728,-0.0014265661277205188,-0.03951897766327683,0.03529429872373879,0.06428568703787674,0.047847722052131614,-0.42639585173918915,-0.36510065232605016,-0.39760808992966556,0.12648319138027453,0.058238615004791994,-0.006646009463489033,-0.40956473402252513,0.3755924112184561,0.7838157282609947,-0.6800000017339534,-0.27545456452803174,-0.7661129610421196
LASE,2023-03-29,2023,124,180.0,1.626139,5.0,15000000.0,0.2593984197509529,0.2610640020601538,1.3798019197270872,-0.0850745837389415,-0.09960946723562025,-0.06337576207697038,-0.38336053820212324,-0.3989329809701645,0.1443078029817637,-0.14814813413177075,-0.15994891304876657,0.0233649759893938,-0.04037270598939291,-0.04580417034400208,-0.13844620196021706,-0.5194029671228599,-0.5618953768782711,0.09461382913355987,1.2979821119101214,0.993008107408219,0.3399999618530274,-0.6359999895095824,1.5968992276716372
LASR,2018-10-23,2018,126,180.0,4.6035245,16.0,96000000.0,-0.26495051620030163,-0.20993718429032504,-0.20992586220913578,-0.03017238588664739,-0.025081573318567973,-0.0541239214229996,-0.015000025431315067,0.006344211440693748,-0.002381959283750179,0.04963345125976426,0.06326453034345503,-0.20588737668042445,-0.09081141744388632,-0.026636052982283775,-0.17962121406915754,0.0026940272547382182,0.042292639166058965,-0.2549114148432856,1.6087495501259648,1.0166153477026432,0.15999996662139893,1.3381249904632568,-0.31131729348722914
LAUR,2017-07-31,2017,125,180.0,,14.0,490000000.0,-0.06896550626741194,-0.09200257864357342,0.14795365359194612,0.016726445070124774,0.017293450811374456,-0.0017195645441798746,-0.0017626724934559634,-0.0062202274056489815,0.07544945480680232,-0.1642142436397107,-0.15090086219792476,0.039672404513048654,-0.004929556039750538,-0.02337006130112218,-0.08195229467569842,-0.1517323773346363,-0.14225525488846436,0.1168215778932915,0.8952326089971304,0.8468368518933374,0.19571426936558312,0.03357144764491493,0.2633962091409936
LAW,2022-01-18,2022,126,180.0,7.054123285714286,32.0,224000000.0,-0.14627123497448047,-0.14256234668837553,-0.028057198440347264,-0.011129845799384808,0.0065797663643050175,-0.04911842016489387,0.010914041546893793,0.0591516578906085,-0.02905067578166165,0.36605946397582056,0.3392912064433409,-0.19531031117624098,-0.27290690754121993,-0.24941439276215427,-0.13017719384433435,0.3655987251062853,0.4056658516949353,-0.2603198197828235,1.3194557380603893,1.093655698306861,-0.07343751192092873,0.46437501907348633,-0.2768292775968224
LB,2024-12-26,2024,126,180.0,,17.0,246500000.0,-0.17072510797237972,-0.17703434484961234,0.2894536936913976,0.04494753477062807,0.044880947271355165,-0.03704054341909979,0.09890108573948209,0.11451623561989144,0.03804180095204146,-0.08542861938476565,-0.1066635329163198,0.1666157319755337,0.011246505130535711,0.02775553904416006,-0.1523094574866004,0.050196811098266236,0.04484169417883943,0.165695374311863,0.8333781965006729,0.8544638851502916,2.585882299086627,1.2529411315917969,1.6332613429365925
LBRT,2018-07-11,2018,124,180.0,4.417848131173665,17.0,216428564.0,0.04098360826601155,0.039763058506999016,0.10188465203662211,-0.05091860116547531,-0.043604120743941044,0.0006714390179820562,0.006084104580516891,-0.00908606239647658,0.03736727850538868,0.05662445019550044,0.040969451495206366,-0.10300421375178248,-0.11498434773288968,-0.12444280877069913,-0.01999594230334656,0.008923888876762653,-0.01459707814422817,-0.07113230843904783,1.3375077695158728,0.8608751480364547,0.12058819041532631,-0.03294114505543433,-0.12413796611215877
LBRX,2026-03-10,2026,124,180.0,0.181209947368421,15.0,285000000.0,0.021830414123668485,0.03971286130627849,0.20332185025596217,-0.013147070370506775,-0.011540001173755199,-0.08359405138139397,0.01665277314351532,0.026088986140872628,-0.0017672512564821385,0.06388204181279966,0.056100125103739185,0.10323102685135832,0.23171672686047629,0.1461854381384866,0.06533404858766279,0.06737877483020749,0.0707107955602213,0.009417976612083656,1.0204710961406172,1.4635766302156226,0.6226666768391926,0.08000005086263018,0.40693648705174823
LDI,2021-08-10,2021,125,180.0,0.5763205194805194,14.0,53900000.0,-0.20722891270938415,-0.21878290389106902,-0.19713593243860061,0.009118556598928684,0.00787460620674807,0.001694847480134043,-0.18975906988795377,-0.19283130240725044,0.0173481570632108,-0.05080543530566273,-0.06627700314861407,-0.14595114447116475,-0.18015661424196838,-0.1446506160702753,-0.24183941573531165,-0.22391084739326605,-0.24376925709704556,-0.13024098922329952,0.6508393545933612,1.5252047832044573,-0.29500000817435124,0.4171428680419922,-0.5513636415654963
LEGH,2019-06-12,2019,123,180.0,5.0,12.0,48000000.0,0.10949535779226593,0.08086896398661958,-0.23595945776492022,-0.0015420553085504496,0.00022318961640999113,-0.0814641480014916,0.01544400094292242,-0.0007492882590256489,0.06747890004610602,-0.029657749122583232,-0.050984440080295346,0.07560162369549883,-0.0015674339659024206,0.017442964910908576,0.05892781120571278,-0.01619121309355842,-0.05222445602204151,0.05484949763821734,0.17143577461237866,0.5975040968107904,0.08083335558573412,0.17833336194356275,0.07813803449066703
LEGN,2020-12-02,2020,126,180.0,,23.0,423775000.0,0.15716494510568157,0.048685310089248146,-0.05001367810422486,0.013648463212935003,0.011544699608862397,0.010656112248312088,-0.0712643685360771,-0.07142794321694634,-0.0332934701160289,-0.004243311043838349,-0.02340645309735978,-0.0826288428091384,-0.033735822730366904,-0.04002127815142431,-0.06495259901812145,-0.0625832560192594,-0.08405753640028801,-0.10388576393348714,1.6638635556081962,2.3800386908286946,0.3060869963272759,0.5243478857952615,-0.18810808336412588
LEVI,2019-09-17,2019,125,180.0,,17.0,623333339.0,0.09877304820303179,0.05961778658070527,-0.08827499364350866,0.01954217668629976,0.01701016124002952,-0.0003326329803621242,-0.003833499120854511,0.012948429914116821,-0.07451971737563612,-0.04453003570694947,-0.05470345584180569,-0.03862473129197397,-0.021864164506083972,-0.055723890656568464,0.048070345412454474,-0.029592445067613382,-0.025328056862388815,-0.10775976042860502,1.1061086667348818,0.6240833589140148,0.05352940278894769,0.23352937137379337,-0.20080321421865854
LFST,2021-12-07,2021,126,180.0,8.3412162,18.0,720000000.0,-0.3435399748711454,-0.3227515722933991,-0.05440080370898004,0.06257112549735644,0.041886302250065066,-0.05239850144572089,0.03104924594382097,0.04155580919777113,-0.09839681298034364,-0.0010384453544127759,-0.011872396688042075,0.006359157199023802,-0.27130973884887544,-0.2248090373837346,-0.3718816332591084,0.09442547523414113,0.07352267404126889,-0.14812959239369028,6.407271646522687,3.319436188714968,-0.5116666687859429,-0.19166665607028532,-0.5986301317368274
LGCY,2025-03-25,2025,123,180.0,3.7468648,4.0,10000000.0,-0.05999997456868489,-0.021269872876132356,-0.07859601522705051,-0.0014184721434444825,-0.0038223267311865428,0.07443207412946573,0.025568157573007122,0.050748101819802716,-0.049959853232301454,-0.08587256282214162,-0.040326474569067794,-0.026230748217657585,0.33484856771481497,0.24624522089246326,-0.028709472511902145,-0.06382982608903853,0.0035127621021773248,-0.006221540757656463,0.2881314962533237,0.25429054870679235,0.7625000476837158,0.9874999523162842,0.7537313990509042
LGN,2026-03-11,2026,124,180.0,1.116266923076923,28.0,728000000.0,-0.012113002763876946,0.012053031152477911,-0.026797431332426624,0.006033428418632747,0.00728859779033697,-0.010017351749192716,-0.0030953734119354426,0.01893532763276351,0.005350542453413931,0.15951875442321284,0.13157931914905752,0.10555733464040273,0.6307950199398533,0.5547995999780861,0.12156446432433266,0.16290382946447468,0.15887243382627392,0.1021496444711465,0.7569460460606517,0.6589036002240433,0.8350000381469727,0.6342856543404716,0.6845901989545979
LGPS,2025-09-22,2025,125,180.0,10.826055,5.0,10000000.0,0.13829793102766086,0.0940055465500571,0.2652663565590194,-0.009345896432088385,-0.014076971602624888,-0.0922908870086645,0.02830197379104904,0.033040792776749206,-0.15192142748919657,0.0009173646698454885,-0.010564064936711803,-0.009951384552538745,-0.12190647238720487,-0.11351975261185931,0.05205707096061585,0.019626081698912667,0.008175161936737396,-0.24157501870091969,8.270207646377328,2.5802810207052254,-0.7859999895095825,-0.8,-0.7108108003614941
LHAI,2026-01-20,2026,124,180.0,9.67,4.0,6000000.0,-0.5166846297572463,-0.5468603044575113,0.10456880383684841,-0.4476614375292315,-0.4273046775584687,0.007792432315071984,-0.3467741966495652,-0.37320645954517606,0.03128376408502653,-0.09259257760285577,-0.07936447606838093,0.1272268974143771,-0.14965988049552792,-0.11343614687345249,-0.48191993463607175,-0.672605767584672,-0.6648418440880244,0.16907396822659337,12.868033067160127,5.104826652184698,0.12249994277954102,1.2149999141693115,-0.20248673537299933
LI,2021-01-26,2021,124,180.0,,11.5,1092500000.0,0.04679320452114033,0.0010331942127299598,0.6603837749816197,0.01594248929449149,0.01750341980946435,0.024588383849034057,-0.07076920729417069,-0.06493262816996226,0.1294581574738225,-0.050331139714041684,-0.07711662404813768,-0.27273220543277776,-0.20188287496225854,-0.19103467290701714,0.13755339366719888,-0.10346981836901359,-0.1226690017088411,-0.1566159596967316,1.280568892282728,0.8159213477783611,1.7817391105320142,0.8069565814474355,0.9434994866613053
LICN,2023-08-07,2023,126,180.0,3.375,4.0,16000000.0,-0.210526377115976,-0.22936119639665598,-0.30991975137119876,-0.07999993869236255,-0.08872846741328255,-0.07515758250983617,-0.11801244305550684,-0.11224375331530001,0.00969734030995717,-0.16666668998616785,-0.16918840322566642,-0.3382367979285099,0.9014085417488154,0.9629569223416895,-0.3130363511969382,-0.3238095135375211,-0.32924805047505357,-0.39419245483275933,1.0536352800953517,2.4537147397695667,-0.737500011920929,-0.4700000286102295,-0.7000000136239188
LIF,2024-12-03,2024,125,180.0,11.76917652173913,27.0,155250000.0,0.17514124293785316,0.11806988522302042,-0.03822229756514839,0.00923076042762161,0.008766952698625374,0.009906586475129542,-0.16863564312721735,-0.1667976450796228,0.06705864630281166,-0.03988085344646919,-0.009754819086348565,0.03356924403609174,0.06731916294849793,0.044860890244211804,-0.04058900234343399,-0.19442308866060698,-0.16296343609071584,0.11554583492292103,3.8966794778574148,5.1563311519684225,0.9259259259259258,0.49037043253580737,0.9259259259259258
LINE,2025-01-21,2025,123,180.0,2.8657275912923743,78.0,4436799978.0,-0.039379152573470355,-0.028275276650516767,-0.1483832056216221,0.03317291672485756,0.02401937988176961,-0.013972247122305603,-0.0036599770166236834,-0.006097638517391202,-0.021254941561008267,-0.0874937037430531,-0.10140552282731174,-0.03993791429956639,0.10375110723940861,0.17847413978840543,-0.07173327854694767,-0.06067374975559847,-0.08636064547994082,-0.07370609026858921,0.9132269418446525,0.7589059541903314,-0.25410256019005406,-0.032948714036207916,-0.27977220618519316
LMND,2020-12-29,2020,125,180.0,3.9905678181818174,29.0,319000000.0,0.4331159604035122,0.4097431232540203,0.029576186758930367,0.09909908377822174,0.10100687308697576,-0.030808062848527884,0.00845022841765819,0.002823791153973909,0.03998366124471664,0.25079611909680843,0.2398738403572227,0.16755007918903497,-0.15729887241160523,-0.16452811911724552,0.6918945219367814,0.38636581044833784,0.3716951189415427,0.17106261166935965,5.1170305315050335,3.126940309093671,2.7127585575498387,0.904827644085062,0.5512172956089603
LNTH,2015-12-22,2015,126,180.0,1.7102139562945258,6.0,65000004.0,-0.030985886358689374,0.005514995007522727,-0.36528907438418967,0.005813947847045586,-0.0032602914928170357,0.024301452542546675,-0.008670511866767816,-0.020611507816552743,-0.1388170185623171,-0.24198254984564305,-0.1671513501593399,-0.0697859095791844,-0.21538460127700643,-0.23774442917593808,0.17836603331836454,-0.24418608680681708,-0.1888977742282465,-0.17960504134456923,1.0414452709883104,0.5307592395796434,-0.42666665712992347,0.16666666666666674,-0.49187591330691927
LOAR,2024-10-22,2024,125,180.0,7.0,28.0,308000000.0,0.05626903308205722,0.03176357836011179,0.3349451777639445,0.01579345895599893,0.016324613207836958,-0.016232529108936466,0.10118456139690224,0.10384174402994584,-0.0523436287724236,-0.016584443780448876,-0.031246540442961046,0.08418199808209992,-0.14904286135670908,-0.14223283496466443,-0.06515416175173738,0.1000251125474374,0.08859666840585234,0.0108810084105333,1.2944112944112944,1.1713661713661714,1.849285670689174,1.1574999945504323,0.6348360661183978
LOB,2016-01-19,2016,124,180.0,5.9697625,17.0,81600000.0,-0.09964416748747151,-0.0024466414606845177,-0.267218477683697,-0.003952508977731695,-0.005283641522590088,0.010134313589369892,0.03888886954628856,0.027509525627166465,-0.01846420725035247,0.038961055992120075,0.0248705829239233,-0.07935358762471145,0.04264705201746266,-0.011583512013439767,0.023193505969417383,0.07509887680532845,0.04810346979757818,-0.08703308842213353,0.6280388978930308,0.42628984332793085,-0.25588237538057224,0.0929411719827089,-0.336654440431711
LOBO,2024-09-17,2024,124,180.0,4.63768115942029,4.0,5520000.0,-0.27419357319652204,-0.2895821271364559,0.2057613163239982,-0.1322221791008361,-0.13263078626766267,-0.03091910698345579,0.20358511627026643,0.1889688512202774,-0.1254288675029661,0.36170210067693764,0.34685868796015096,0.06795857368416125,-0.05859369543031667,-0.08812212733913849,-0.23318500582148693,0.4222222281091008,0.3921248618360438,-0.08960881451443581,1.186161449752883,1.1455244371224602,-0.550000011920929,-0.33249998092651367,-0.4812680295460393
LOMA,2018-04-30,2018,123,180.0,1.5914195217391305,19.0,874000000.0,-0.040337740274937306,-0.053296143243590666,0.010927683689376577,0.013685273664455044,0.021375804170699064,-0.040286362725125646,-0.13789781301416915,-0.14700901324528626,-0.015349602298425635,-0.2846755837708519,-0.2925430177596713,0.020756215713648052,-0.045347922238932026,-0.05493835118550605,0.0010849388579452501,-0.37487778425368967,-0.38410644375852576,-0.0326801728606132,1.3904523373745992,2.5173737735148003,0.07684205707750813,0.27736844514545633,-0.04168624267424026
LOVE,2018-12-24,2018,125,180.0,2.693406,16.0,56000000.0,0.12014499010815971,0.21191162309287037,0.10121596922480458,0.049930650282456135,0.07635358626495692,0.0025526998512218624,0.012769745804420696,-0.054824333675939085,-0.15066532843991165,-0.00652172254479455,-0.05996322669622456,0.10725534767893241,0.4113785322364034,0.3522245668500894,0.16182961472937507,0.05640320240585184,-0.03852821069940049,-0.06038384931512897,0.4876814893509384,1.3982900794253048,0.3518749475479126,0.25,-0.09837434901490894
LQDA,2019-01-22,2019,123,180.0,2.3252561074743894,11.0,50000005.0,-0.3758636221948971,-0.4363587160441035,-0.3332602526201103,0.036162344222933074,0.04967283817685386,0.036132323502785946,-0.029202268413539012,-0.03129470675028789,0.11614128680479607,0.22303741279005296,0.16609196731926779,0.016695910412706017,-0.17876427608110457,-0.1900425494533149,-0.1443255031759939,0.2302582908959998,0.1854109870220677,0.17470223684385533,2.931432973805855,1.5434001027221365,0.23181819915771484,2.380000027743253,0.2207206959519703
LSE,2025-06-17,2025,122,180.0,11.272727272727272,4.0,5500000.0,0.29263571192529114,0.27836445596006,-0.02645990850576385,-0.16791602290076557,-0.15937091863068453,0.08080316820038869,-0.02702704328151928,-0.04307638867023089,-0.05574005531404935,0.03888889526634043,0.0044311553164015915,-0.11895265531596011,-0.0409982198929828,-0.06792331187964495,-0.07843738791579324,-0.15892052933356327,-0.2009992206121124,-0.09974076038964208,44.353035143769965,241.50958466453673,0.6675000190734863,0.2999999523162842,0.5333333844882786
LSF,2021-03-22,2021,124,180.0,2.1607433962264158,22.0,58300000.0,-0.23345093008084805,-0.2320408134367692,0.030889744709676314,-0.008662688324867496,-0.016647656137944056,0.010572943216342612,-0.03358819164697946,-0.04171372329873535,-0.0984874946043861,-0.03221247271289551,-0.0736244053496865,0.21542230031086107,-0.03824821527856981,-0.037690166466587516,-0.35132146068680026,-0.07282075600197802,-0.13107792402440244,0.10736970572010351,0.7960549489256781,0.6751203475402137,0.6790908466685899,1.0795454545454546,-0.09460785986597153
LSH,2024-12-26,2024,126,180.0,4.0,4.5,6750000.0,-0.1632653094324389,-0.1695745463096715,0.12065579218414091,0.03658533039580969,0.03651874289653678,-0.04524345136478336,-0.003921564960882806,0.011693584919526545,-0.07483360526028981,-0.11811021922119369,-0.13934513275274785,-0.09066211955069581,-0.18303569860528335,-0.166526664691659,0.1107061369901946,-0.08943090455232161,-0.09478602147174842,-0.19804815801745446,0.570264765784114,1.522968997510749,-0.45333332485622835,-0.36666668785942924,-0.3865336913377363
LTH,2022-04-05,2022,125,180.0,3.909711743589744,18.0,702000000.0,0.11624437086986905,0.027147272975693415,-0.07175302183344046,-0.012683550479931194,-5.2225681632322996e-05,-0.0065632511036144425,-0.017579461092118942,0.010666975439498683,0.00988469137837722,0.003441169418703094,0.024500310184815466,0.0008368537033316414,0.0733881824707332,0.1005871359424153,-0.048611512330637874,-0.026702245043630835,0.034024530297150024,0.004188881253837318,0.48588855577380335,0.5047621319718911,-0.16777780320909286,0.004444440205891631,-0.15605636381767163
LTRN,2020-12-08,2020,126,180.0,2.552910857142857,15.0,26250000.0,-0.06972479001375276,-0.1237857692169857,0.42232937755939726,0.009204493292020555,0.006278331378775315,-0.052367187868613385,0.11856675241658565,0.12013364619188871,-0.06659879993578333,0.1141525379011945,0.08842129555195455,-0.14566911581891318,-0.0987976723765156,-0.12150931894191164,-0.095979599724209,0.25772512247128176,0.23060433928846935,-0.24763321529427818,0.39885179030064966,1.318426751271592,0.014000002543131496,0.1379999796549478,0.017391319879529465
LU,2021-04-28,2021,123,180.0,,13.5,2362500000.0,-0.03812947823859214,-0.0930589600250078,-0.017311344014091845,-0.03141361854068425,-0.031126218846430187,0.038525011022487954,-0.12123549945544831,-0.11728247137540104,-0.0012820274756007999,0.10632689156228703,0.09834130569525446,-0.12778343813782844,-0.02462274947256282,-0.0390117505318337,-0.10467030730096161,-0.05833954672009145,-0.062051987684196175,-0.09498132348583743,3.303970808476133,2.7474011986617795,2.9614814475730613,3.151111178927952,0.04046688627645634
LUCD,2022-04-12,2022,125,180.0,6.3984154,14.0,70000000.0,-0.09822868434255672,-0.1531927453203369,-0.23958539027585524,-0.09285714103251064,-0.08915191091553565,0.04284345815945001,-0.1377952401137953,-0.15244303674386217,0.0888045671599974,-0.15068494716579106,-0.033844776147670785,0.04912577158543152,0.09677416460405786,0.07464812401486287,-0.1852039354015952,-0.3357142692925976,-0.22849020130760478,0.18207620012035652,1.236146240515061,3.0797884571165786,-0.8000000034059798,-0.6164285796029227,-0.7619047705934855
LUD,2025-08-26,2025,125,180.0,8.0,4.0,10000000.0,-0.057142803620318094,-0.06582489022270166,0.44723723631464773,-0.01893946543486147,-0.023126435354190567,0.010223073803047766,0.9305019944773418,0.9327029724816579,-0.18384394554282923,0.47200002670288077,0.44503263984651653,0.5977140157096321,-0.3586956923140914,-0.3688303352644151,-0.48616245180395345,1.7878787276720782,1.758881255833163,0.33544685604552793,0.28197130380536495,4.88043252235392,0.3200000524520874,-0.012499988079071045,0.3200000524520874
LUNG,2021-03-30,2021,124,180.0,2.3925419,19.0,190000000.0,-0.26342029178092163,-0.2793348983334356,0.04636705038655298,-0.0072202097704795465,-0.004567251570956499,0.021564839263697122,0.053409056230024676,0.023363240048155376,-0.1496332742337222,0.03171523773671514,0.005128263989308213,-0.06031220707398588,-0.07988288831456591,-0.08388387885638315,-0.04015204055973465,0.07897111967734816,0.024344824301457457,-0.1875902885578713,16.445407508955025,6.347970931175283,1.332631562885485,1.6084211249100533,0.12744843923961868
LVGO,2020-01-21,2020,124,180.0,6.166423189091196,28.0,355236000.0,0.13575009641342084,0.0970754945461183,0.28165928721025546,-0.018675721561969505,-0.01671752186274167,0.043035730652052795,-0.10484429065743939,-0.09153317291816843,0.04139622482809968,0.06687282566679542,0.031845809923389146,-0.05336949644938782,-0.16666666666666674,0.12398769699798629,0.02172467239670972,-0.06281833616298804,-0.08206817468046357,0.029939304586367177,1.4389367236374038,1.5526043882633205,0.051785714285714324,-0.31714285714285706,-0.22703412073490814
LXEO,2024-05-01,2024,123,180.0,1.7686258031374198,11.0,100000010.0,-0.14726030931707135,-0.11476471337910177,-0.04114836705903868,-0.012048162315524302,-0.008801011339114373,-0.007932990864106593,0.11544715888407708,0.08179072612207428,-0.20220466031966466,0.1698249945104644,0.1593453199526209,0.10417492549662866,-0.0006229484117430406,-0.041973067922041585,-0.12498690651170863,0.28915658497571495,0.24805938207176048,-0.1310472321945132,0.47384836852207296,0.7509596928982726,0.1318181644786487,0.5318182164972478,0.2388059276598664
LYFT,2019-09-25,2019,125,180.0,7.4030028,72.0,2340000000.0,-0.18219094284628412,-0.20951731478096292,0.013812178159841038,-0.0023878291850017996,-0.008302589143364236,-0.023362183477984133,-0.08113928886298294,-0.049017799327881084,-0.040340763986502104,0.12216729658690406,0.08113415271272029,-0.10570172211990492,0.020194960420303776,-0.016119511880425152,-0.16898830002033238,0.02865331261543491,0.015100029647228785,-0.16090434536770026,1.4283815167890836,1.0082893898570295,-0.4183333184983995,-0.11666668785942935,-0.4650657736828673
LZ,2021-12-27,2021,125,180.0,9.135287432665656,28.0,535388000.0,-0.16675277798866595,-0.16922381508835183,-0.11294726482352402,0.01115243568665969,-0.002999718107924876,0.009453163086337923,0.003063795670599001,0.0021209517694849023,-0.010066794326674122,-0.025656750668067163,0.06485839661337944,-0.3295884289551574,-0.0827586025460294,-0.05394190869260984,-0.12646505802107744,-0.011771969489983936,0.06500237053173119,-0.33433651235943485,0.9202142570326765,1.692514388607304,-0.4235714503696987,0.29321425301688064,-0.5735799196746671
MAGH,2026-02-09,2026,125,180.0,14.909090909090908,4.0,8800000.0,0.0,-0.0016098176035759248,2.867513424263503,0.0,-0.004821779145387506,0.07870510656522955,0.0,0.01599544120734475,0.08670306184603982,0.0,0.008303409405984064,0.006399383869558073,0.0,0.001727728111891258,-0.01791646375069833,0.0,0.019460778049331884,0.1794119829299421,,,0.690000057220459,-0.5825000107288361,0.6650247103830822
MAIA,2023-01-24,2023,124,180.0,4.317952,5.0,10000000.0,0.33836855133555455,0.30108508426444147,0.12373142805429471,-0.027088011333870732,-0.02601472009122663,0.004969171823847707,0.08816708108721083,0.07247493069305233,-0.06295884616934033,-0.052238780931760154,-0.03270521906695956,-0.02128984146522095,-0.3115860912023709,-0.2954521446587465,0.20329720667822726,0.003386082145375502,0.008602856506801482,-0.07617032824986669,0.9717607973421927,0.9523809523809523,-0.11400003433227535,-0.3460000038146973,-0.0067265043838012906
MAMK,2026-01-05,2026,127,180.0,4.661538461538462,4.0,6500000.0,0.0,0.0010528472749399276,0.39839903392115583,0.0,-0.006660110816910869,0.13419016266347672,0.0,-0.010818360318662235,1.0875036833669498,0.0,0.008098774476599124,0.5803355992871002,0.0,0.006381193315901368,-0.015639720158546977,0.0,-0.009309610412955083,2.735669783691783,0.0,0.0,2.25,-0.38999998569488525,2.5230351757209513
MASS,2021-06-16,2021,123,180.0,3.0308864615384614,20.0,130000000.0,0.05476834549722809,0.033204949729133126,-0.1094495330962113,0.041591336823290304,0.047174698992120345,0.02736920804310783,-0.01438487154631285,-0.015545755602502709,-0.0239453183967151,-0.19954710310999568,-0.22829767982794358,-0.13306398563235078,0.00345805131085708,-0.02037170222925222,-0.06251635616867257,-0.17824850895690147,-0.2024427907790498,-0.13092322687284053,4.4525800227576315,2.4767888652517356,0.9354999542236329,0.996999931335449,-0.21000001868423146
MAX,2021-04-26,2021,123,180.0,2.5027067027027026,19.0,175750000.0,0.030056880616813775,-0.03932976855008041,0.4689165591096405,0.12933748818436652,0.12724986727546783,0.018477206662845136,0.049581031506238826,0.04816816573155647,-0.11212353290517774,-0.1614548404227284,-0.16377430764508427,-0.1026289885986007,0.12589257203507187,0.11649311167861831,-0.3486171996836539,-0.006046254908013027,-0.011877284447541325,-0.18833707622944706,0.8191540464692944,0.41407169564325785,1.0021053113435445,1.1247367858886719,0.1939736405142396
MAZE,2025-07-30,2025,124,180.0,4.0030832,16.0,140000000.0,0.2828035194700338,0.2546251025927382,0.254196695126951,-0.015247762046257884,-0.013988454391642757,0.017641867322427784,-0.08064516129032262,-0.07799725185931095,0.1535584932737033,-0.026666674697608306,-0.04855417895612146,-0.17001945825785514,0.8997837490182208,0.8821229803809445,0.6624417553801165,-0.11880558530822882,-0.1367037607677266,-0.024895847139982052,0.999520718051501,1.792659724340261,-0.016250014305114746,-0.47437500953674316,-0.013166146749731378
MB,2025-10-07,2025,124,180.0,7.5,4.0,8000000.0,-0.2100909784777244,-0.24520027931416266,0.789935337330915,-0.005235621961910741,-0.0015281275995814303,-0.03365504886158577,-0.058947412591231485,-0.04865028397645921,-0.01518584983767568,-0.020469756095115255,-0.04011551383688361,-0.16613881858884816,-0.25773666522187055,-0.27054696161894876,-0.28921514416100136,-0.08303667072402654,-0.08844160061188744,-0.2109713548411839,0.0057984460164675865,0.007967494341146202,1.3875000476837158,1.1675000190734863,1.3292683933832214
MBIN,2018-04-25,2018,123,180.0,3.43962672,16.0,100000000.0,-0.08699438591142228,-0.07896008134756427,-0.012250757138312474,0.020962411895585786,0.018490764358396472,-0.0028515532176619507,0.0825945138851063,0.08422555992621372,-0.018424694268120545,0.08577580827595255,0.04717408839252224,0.10531847873325018,0.12107987887616645,0.11786066271444207,-0.043002299029491375,0.2000953038262674,0.16062472077205192,0.08272894646134465,0.5243736647892795,0.6812541809628623,-0.12541669607162476,-0.11916667222976685,0.24940474117491496
MBLY,2023-04-24,2023,123,180.0,0.1161440243902439,21.0,861000000.0,0.033728701829022434,-0.014672748254593193,0.34697333907145333,0.03127820088433353,0.03023503576291864,-0.0342958880813069,-0.18263151673955347,-0.1896111470348113,-0.12478542516062185,0.09636947940684615,0.0884755690263308,0.16689999238054976,-0.10859506008310782,-0.1471585252254528,-0.07173771852421829,-0.0758325615667177,-0.091819936973637,-0.015210619382124535,1.0616602036308396,2.9327973448591522,1.1161904107956655,0.5785715012323289,0.5340006793242547
MBX,2025-03-12,2025,123,180.0,2.122911568627451,16.0,163200000.0,-0.10428855990533903,-0.02339247880955786,-0.044975528490077465,0.021762869648696004,0.016456328603726922,0.006126728927881242,-0.10543138323700618,-0.12021122441257859,-0.3119078393034723,-0.23809519214154162,-0.20545715570146683,-0.15786406255909446,0.8296874786959965,0.7997213772273568,0.06038495493452489,-0.30359081745458605,-0.29045945319825117,-0.4304130846546971,0.4456265806226563,0.6915496642539462,-0.4256250262260437,0.2393749952316282,-0.6114165019612626
MCB,2018-05-07,2018,123,180.0,1.49452,35.0,108500000.0,0.1131470142916593,0.08889016936882577,-0.009640271668958422,0.0022633871153339147,-0.0011199090700375613,0.009630014733977843,-0.004516473211677585,-0.02721989466281749,-0.003491395488524729,0.09197770530194127,0.08421158678825402,-0.01494803092161534,-0.0022662687470395015,0.01300095085982178,0.08630407743230162,0.08950622274473297,0.05537338512035017,-0.009724596660044882,0.9233547804492607,1.179215110810099,0.3885713849748882,0.24714290073939726,0.30610050174393466
MCFE,2021-04-20,2021,123,180.0,3.407362189189189,20.0,740000000.0,0.0036659877800406804,-0.062396402440167975,0.09286175890674686,0.0028409090909091717,0.010162452622870743,-0.030507966404113795,0.03642250101173605,0.023442479633069002,-0.039647922864328056,-0.06520890277235447,-0.05184430534206752,0.2346239242406294,0.20342522974101906,0.17873721000541987,-0.005185683439073774,-0.02840909090909083,-0.020533584343816802,0.14592250660252315,0.9544004991018237,0.6550914197762958,0.23199999999999998,-0.15000000000000002,0.3176470588235294
MCFT,2016-01-13,2016,125,180.0,1.83465819990648,15.0,91071435.0,-0.07555235111311742,-0.03483508827435966,-0.03111756505779195,-0.00848115713853892,0.016459469422027695,0.05161831586082455,-0.0622083404679693,-0.050875398833180374,-0.008042457448794171,-0.045605321028035606,-0.02509001875705985,-0.02795959219658828,0.17028670713913452,0.06146031629333959,0.013810029589157669,-0.11256746400063355,-0.05679960875159018,0.014404663224833025,1.0147365587780095,1.4673754570127626,-0.1353333155314128,-0.1486666361490886,-0.18530149466882873
MCRP,2025-09-03,2025,124,180.0,7.741935483870968,4.0,15500000.0,-0.11602205832956825,-0.13043978551478064,0.1553988678642988,0.04999995157122683,0.04458040888255721,0.022710190235984307,-0.10119045380494418,-0.11434798924902534,0.23008354004152753,-0.06622518177048375,-0.09112512149428009,-0.5254063103383219,0.36170212945841707,0.33336792032455564,-0.010149335046923058,-0.11875003399327344,-0.16276270336113208,-0.40079193664057566,0.2290448343079922,0.5902777777777778,-0.5999999940395355,-0.4399999976158142,-0.549295761877997
MDB,2018-04-17,2018,123,180.0,0.008524875,24.0,192000000.0,0.004582492636701518,0.029637289605778605,-0.02193606240462387,-0.028129767767489655,-0.03882821542692394,-0.01879512258545568,-0.0933506690690804,-0.06666577551295527,0.09045081703957347,0.20966352659048026,0.1787866736816497,0.29861572368398615,0.3601996485145673,0.3346371530525232,0.07509231825390261,0.06588956789513589,0.0517870738966526,0.40948082353356097,6.612626825884721,2.3531207403579084,0.6441666285196941,0.2104166348775227,0.23043341003963613
MDBH,2024-03-19,2024,124,180.0,1.5773802309520923,12.0,19999992.0,-0.2818153633328746,-0.3085415056021785,0.09575806952407429,-0.046688415135153094,-0.05224555880496007,-0.00807280638373753,0.08542141489863075,0.07941033220902227,0.09685700770484118,-0.13955928236856285,-0.1043633342342698,-0.12450783085016481,0.09756100113940813,0.03916515213981531,-0.1563088360858853,-0.10966343373490861,-0.08566078601390292,-0.04617068218029963,0.9355390758699372,0.7815173987450086,-0.23249999682108557,-0.1508333683013916,-0.26319999694824214
MDLA,2020-01-15,2020,125,180.0,6.909933935483871,21.0,325500000.0,0.027505532722099213,-0.004418092164440779,-0.06270436241763588,-0.04092307692307684,-0.04318293402122575,0.009430055811130655,-0.0012832852101379855,-0.012039245943363253,0.06416284674040695,-0.052682300032123375,-0.06878020283641562,-0.050845268920668985,-0.307900983384198,-0.10692789038879091,0.05938024282524923,-0.09261538461538465,-0.12196333084629363,0.0197162438868963,8.848762183432687,4.228404529709723,0.5476190476190477,0.4190476190476191,-0.12280701754385959
MDV,2022-08-10,2022,124,180.0,188.030275,25.0,1000000.0,-0.038605243120044874,-0.11874604244614673,0.11559446791965766,0.0038860203273387572,-0.01711795196550514,-0.012660124085257851,-0.012903169919745827,-0.028760699425134262,-0.10375433626828434,0.0,0.061572692814910956,0.054203192588483384,-0.10653600003996322,-0.038650510394353854,-0.08886246876433734,-0.009067291573002456,0.01760099834539497,-0.07348380766794826,0.17014786385871594,0.48419330176911624,-0.4297322463989258,-0.3266851043701172,-0.7729411885143067
MDXH,2022-05-03,2022,124,180.0,3.1591794666666666,12.0,45000000.0,-0.06617148263113837,0.018700020728780076,-0.05682531201035523,0.0035491719454701087,-0.0010348703391336311,0.045984299843717547,-0.0914634167616174,-0.04993882782323156,-0.04731250273893106,0.009395996436714293,-0.016913858724651787,-0.07431699269103986,0.11037239396920207,0.18932939152050898,0.0629448382488903,-0.07967195982592734,-0.06787400933658805,-0.07646677562687443,2.2527472527472527,1.5567765567765568,-0.3190833727518717,-0.21666669845581066,-0.3190833727518717
MEC,2019-11-05,2019,126,180.0,2.15095744,17.0,106250000.0,-0.1389802303939146,-0.1877382800719275,0.015162675590733143,-0.06494749645013642,-0.06384134964566057,-0.007768528297623312,-0.03268638366405574,-0.039102698775072775,-0.03615417306979052,-0.05174241932162238,-0.05970355671669714,0.016402289499037992,0.0523385624707684,0.01718151980896443,-0.12237150798938223,-0.1423114314031737,-0.15561785819454377,-0.026907038649344295,1.7406917406917406,1.143136143136143,-0.38411763135124655,-0.17764708575080423,-0.36429868223859974
MEDP,2017-02-07,2017,124,180.0,4.663159,23.0,161000000.0,-0.07816860024890315,-0.08573862758524353,0.18213280463763049,-0.008176876257437793,-0.008220600391213417,-0.009497221356031704,0.05068701824159105,0.029895568708632414,0.012644129561998563,-0.17029935008245223,-0.18253726470675125,-0.0059375009822674185,0.057092858552491466,0.06461737156258285,-0.050608865483675713,-0.13537253660613247,-0.16870152418714524,-0.0033629889715531824,0.6170774081461939,0.7252858031443709,0.4356521938158118,0.29000000331712816,0.1881971705626726
MENS,2025-12-15,2025,126,180.0,27.51037156120356,7.5,20000003.0,-0.3512029713138569,-0.36566644380966395,-0.1813934065797702,-0.09754131916108932,-0.09603048062242359,0.04885536843154348,-0.7865118204505943,-0.7925348203752789,0.05065518234195898,-0.282426795773148,-0.2905017459413929,-0.35109021397000195,-0.5714285714285714,-0.5582615773773686,-0.27253429747463,-0.8617492889725495,-0.8743636627444784,-0.2807010341639824,0.5931207004377737,12.257119032728788,2.307999928792318,5.974666849772135,1.454005965228335
METC,2017-08-02,2017,125,180.0,5.510429333333334,13.5,81000000.0,0.0713100651843348,0.050212668426536045,-0.16859740031574155,0.010835883238255573,0.010350701636953952,-0.017396119455339143,0.16385908923016057,0.1646269620055063,-0.10010395324339005,0.0315789622488325,0.03659415130106303,-0.005945364225341643,-0.1403061294406347,-0.15794773625982028,0.16536470019804228,0.21362224889405423,0.21891908205994293,-0.120193583345236,0.9509861304518797,1.3136185110730136,-0.5327606554384585,-0.45102991881193943,-0.5232472396804135
MGIH,2023-10-02,2023,125,180.0,8.0,4.0,5000000.0,-0.010989065691980437,0.039793647325082726,-0.07621935298548022,0.0600000238418581,0.06039773466661014,0.025297361976564403,-0.02201254521580831,-0.03366687348985076,0.04303043467796419,-0.14255092411792325,-0.10391942240164931,0.00036658146008727854,-0.40625001629814483,-0.5009106113185933,0.1209628830586339,-0.11111107431811951,-0.08329687402135344,0.0686047286391126,0.022417211683584386,0.12635267773470255,-0.550000011920929,-0.5300000011920929,-0.4392523579671467
MGN,2026-03-25,2026,124,180.0,12.0,4.0,5000000.0,1.5611112531320588,1.6108238946157916,-0.04160423522970147,-0.08026037997403979,-0.08583313892142574,0.017466589348506867,-0.9632075444245812,-0.9608019887590642,0.05182860005938772,0.2820512747035697,0.20084435393302358,0.11537860505592357,-0.17499997951090374,-0.22337312921180186,0.9337848045425328,-0.9566160526707483,-1.041232881341256,0.19273498113523424,594.8655804480652,694.3170400543108,0.15250003337860107,-0.45499998331069946,-0.049484489863375836
MGP,2016-10-17,2016,126,180.0,,21.0,1050000000.0,-0.006319115323854652,-0.005147441678444942,-0.03398742075801242,0.008744038155802825,0.012216214635387024,0.01593264124543614,0.004728132387706863,-0.007090280123493997,-0.01254269840706912,-0.0607843137254902,-0.06869532379143428,-0.02652796783420941,0.022964509394572064,-0.028607577764613312,-0.0039660909422877255,-0.04809220985691576,-0.06437412286463295,-0.02342513874705443,0.5587462347793329,1.0370193437448547,0.1980952380952381,0.2752380952380953,0.14311676510676952
MGRT,2026-01-12,2026,125,180.0,2.6666666666666665,4.0,15000000.0,0.3495575067197645,0.34010392391254496,0.05584317185087806,-0.004917989088558561,-0.0064883866115902356,0.19141646716668426,0.11532121737544276,0.14061029720431328,0.0029722179865248055,-0.2895125618418001,-0.310971249613898,-0.09594049247206438,0.729729686860737,0.7525436181714056,0.2811056709432247,-0.21147540688867106,-0.20866587444028173,0.08093742028241802,0.2897894498528413,0.4120443740095087,0.5249999761581421,0.14250004291534424,0.6010498677809388
MGTX,2018-12-06,2018,126,180.0,4.4368264,15.0,75000000.0,0.03264099028186007,0.044126467000808134,0.1454522688146176,-0.06321839867943502,-0.0617012713450803,-0.0009109095146978552,-0.06518407852425623,-0.04861870170329807,0.012772238627506316,-0.13453645989353424,-0.09312262096452562,0.05556794878534976,0.15545017630319147,0.08185948182495584,-0.02694975127178001,-0.24209769160118477,-0.18337430541362698,0.06644746132386892,3.1918088737201367,1.4480091012514222,-0.0719999949137371,-0.22266667683919272,-0.0719999949137371
MGX,2024-08-07,2024,124,180.0,5.0044312,15.0,93750000.0,-0.17286655811752627,-0.11228942439352196,-0.010199326632747141,-0.05820106621041676,-0.05151706524068078,0.047773978912886816,-0.12921349593837872,-0.17758820799366404,-0.05226118459100648,-0.06451606948963484,-0.07529305404423259,-0.368090299836082,-0.2931034879650417,-0.32623611375059414,-0.08602090037791688,-0.23280420176796823,-0.285394376341482,-0.37802444195073837,0.7429834678969627,0.9818339100346021,-0.7480000019073486,-0.49799998601277673,-0.6333656821004958
MH,2026-01-20,2026,124,180.0,6.831140590405904,17.0,414630000.0,-0.13017396918791002,-0.16034964388817508,-0.12898284003357585,-0.03448275862068961,-0.014125998649926808,0.23866968320498194,0.057857172829764325,0.03142490993415348,0.22908622174362248,-0.08372725791081181,-0.07049915637633697,-0.021698346916132705,-0.0007368662809429383,0.03548686734113249,-0.08834280864649613,-0.06413795208108819,-0.056374028584440516,0.5037192907848349,0.7158098225521128,1.1120736296269278,-0.1470588235294118,-0.2647058823529411,-0.1470588235294118
MIAX,2026-02-10,2026,124,180.0,4.2956884,23.0,345000000.0,-0.023623906372391534,-0.023451020185232818,-0.003787113571458889,-0.016452946408166857,-0.013815844228395213,0.015589021300961514,-0.011070129054065903,-0.0026467095155845444,-0.08793456958979418,-0.01766166843278294,-0.0031489096043229026,0.10933232900941547,0.04710044863504059,0.04180723975146683,-0.11504003646281591,-0.04451972105177471,-0.01912885022932298,0.028604952985458176,1.1086617329191657,1.4171521684154273,0.7969566013502039,0.8760870228643003,0.3445023467399757
MIRA,2024-01-30,2024,124,180.0,10.564839215686275,7.0,8925000.0,0.009090900224102638,-0.0214949868253278,0.49003336017509813,-0.1540540555053479,-0.15328060226429552,-0.18463010151164116,0.19275824521388651,0.1864635636239511,0.10807827487668331,-0.1071428609441738,-0.13200216396491227,-0.7385312385033289,0.09000003337860107,0.056598277722728074,-0.16316519410576824,-0.09909911070945099,-0.1296119062947232,-0.7723535345488026,0.4770755885997522,3.3061980816008076,-0.8414285693849837,-0.5657142911638532,-0.8504043122787238
MIRM,2020-01-14,2020,125,180.0,3.6031538,15.0,75000000.0,1.2583333541476542,1.2242148312780916,-0.3168482972416804,-0.05113333413099441,-0.049608711531851646,-0.03176528692270508,0.06722217135959196,0.05534254397878757,0.04061269225136277,-0.14627795938906063,-0.16462774256357227,0.1900460374483226,-0.3347560913913097,-0.07007110157664831,1.5844841351177648,-0.13547705787290087,-0.1643534136228889,0.20068758833813494,3.7227866473149493,2.7513304305757136,0.26466662089029924,-0.2826666514078776,0.43603325197382037
MIST,2019-11-05,2019,126,180.0,3.299561636363636,15.0,82500000.0,0.11719602206048196,0.06843797238246907,0.3870840556307126,-0.0318627269943601,-0.030756580189884253,0.02951978746894901,-0.09959488880785206,-0.10601120391886909,-0.05079075728010918,-0.060900867429034,-0.06886200482410876,-0.1755438235887674,0.04790414374326857,0.012747101081464596,0.02308072445608267,-0.18137249631269325,-0.19467892310406332,-0.19650659494353762,1.2484993997599039,0.8203281312525009,0.35999997456868527,0.1981333414713542,0.32726088291628064
MITQ,2022-01-04,2022,126,180.0,1.3492064285714285,3.0,12600000.0,0.04433493371317443,-0.009235657147423026,-0.0006205302333850415,-0.014150930664724504,-0.013815991758334922,-0.08508561259436986,-0.11961717275480133,-0.10328382966538574,-0.03469959620311713,-0.2826086801594735,-0.25621167346126306,-0.21220036443837442,-0.03787884055965873,0.009437250748186465,0.0113261366668016,-0.37735843221332077,-0.3347384625335008,-0.3093833128209932,0.03628606459202982,0.04853103647584197,-0.293333371480306,-0.08666666348775232,-0.9116666714350382
MLYS,2023-08-09,2023,124,180.0,2.254721083333333,16.0,192000000.0,-0.12327869602891262,-0.13749468994112257,-0.0514753672704642,-0.010471229956700912,-0.0037859931878986286,-0.005556604332471293,-0.07634159562765896,-0.06263439349291411,0.008953549840574393,-0.04091652938413326,-0.05276711459359007,0.031264560406137676,-0.16040956242380067,-0.11466379233431967,-0.14968000413625016,-0.12341059331738935,-0.11471979911909547,0.03510816420278973,3.9089839152608867,1.537531057931215,-0.16437500715255737,-0.15937501192092896,-0.2749457972701539
MMA,2024-09-24,2024,124,180.0,6.89822,5.0,6500000.0,-0.21176470835728634,-0.22517793654622753,0.07457835990314177,-0.11380599222381815,-0.11666730654915014,-0.027259040256369826,-0.1578947368421053,-0.15320369407465395,-0.1545826971728459,0.039999961853027344,0.014147877274113263,0.07690699713401639,-0.09903845095775499,-0.11100440511860798,0.2277792957588316,-0.22388064481548586,-0.2478419291091244,-0.12103950355241166,0.8752025931928687,3.817756167837205,-0.46399998664855957,-0.4159999847412109,-0.35885163234028383
MNDY,2021-12-07,2021,126,180.0,10.77293945945946,155.0,573500000.0,-0.17916404769213523,-0.15837564511438895,-0.1177157071957936,0.10107678610781301,0.08039196286052164,0.0014214438115166539,-0.13529973075216872,-0.12479316749821856,0.013233762749560674,-0.09160551126715588,-0.10243946260078518,0.035503741179801596,-0.274056246960498,-0.22755554549535717,-0.01732967307208555,-0.13511634151152863,-0.15601914270440087,0.051426555861139533,2.5364276358873608,2.2501910063304953,0.8574193154611895,1.3044516286542338,0.6095488441639716
MNR,2024-04-22,2024,123,180.0,8.5,19.0,190000000.0,0.07932311010596216,0.13110405210678622,-0.04740851638113286,-0.007839287045972032,-0.01704842656626626,-0.00048196590482207924,0.03555552164713527,0.014863941737121023,0.12112044938592836,-0.01812108598995521,-0.05733215938471292,-0.025393123926358063,-0.08353566297270332,-0.11830529803414547,0.070698908040432,0.008819221289636747,-0.06166303422044206,0.09293479191750142,0.4966010276705071,0.4856434642921733,0.07421051828484782,-0.12210524709601156,0.1128680304035945
MNSO,2021-04-13,2021,123,180.0,,20.0,608000000.0,-0.0019999694824218706,-0.04661250868650513,0.015472810011594396,0.09659317730330108,0.09362949384272468,-0.008207992967178446,-0.1235380479792979,-0.12186684721315777,0.09751528125033304,0.0012510711934197172,-0.0036982894123620547,-0.2905591963789771,-0.026655534508432832,-0.044617444155445996,0.022428556436272062,-0.03767537095445239,-0.043918633793794015,-0.23489268291291965,0.5531085498549702,0.4719736848836436,0.24750003814697275,0.3185000419616699,0.19492345621451745
MNTK,2021-07-21,2021,125,180.0,45.16410257251769,8.5,25899628.0,-0.22106484355933753,-0.24530096141813262,-0.08372429796092862,0.02080235751691273,0.012706059428151617,-0.020785302593807176,0.010189253686673228,0.00033998686000846767,0.05527658674210523,0.15706047071522478,0.15626288141133604,-0.0259332026207435,0.4321295619451868,0.4139365183521204,-0.3069185273826214,0.1931648900762819,0.17432761646430905,0.006486660476524797,0.5277874868926948,0.3454503087498544,-0.20823529187370748,0.21294122583725872,-0.42625743548917394
MNTN,2025-11-18,2025,125,180.0,3.0229077777777777,16.0,187200000.0,-0.09847982550218393,-0.09009310572683837,-0.09958076525160253,0.026392936042225035,0.03479043925526526,0.018505319696135114,-0.03071430751255566,-0.053347930792462805,-0.10788496082377907,-0.1400147134310521,-0.1346519167547382,-0.12165868776158495,-0.04370181881299484,-0.0738774935132599,-0.14534363048131071,-0.14442816843426198,-0.15303609976812782,-0.2019972669931065,1.492431280397836,1.468234451184339,-0.14749997854232788,0.4137500524520874,-0.4825493161041
MOB,2023-02-21,2023,123,180.0,0.4096147655703289,4.13,11803540.0,0.3247863326238851,0.2960402359722465,-0.13081167734541388,0.4129033061889926,0.4329642334389727,0.016793539310295258,-0.2511415786096517,-0.2440504798644213,-0.11983631475167078,-0.24390242661414285,-0.25058993943697805,0.08038092574862032,-0.02419352512826034,-0.06237259019685282,0.10269560772174091,-0.19999996923631147,-0.17949708188353408,-0.03936746620172715,837.7550742405667,151.18921127911727,-0.6246973481074372,-0.6513317052734966,-0.7166361952891451
MOLN,2021-12-13,2021,126,180.0,9.719264333333332,21.25,63750000.0,-0.026639367088582833,-0.041668371521419556,0.01697347858911391,0.02385965983072924,0.03271801687849141,-0.007752862097983648,0.3536668809764789,0.3785077326299304,-0.010659972870071366,0.30025318000890033,0.2677902395345424,-0.15385225415025072,0.01985982176094625,0.045852352798898655,-0.22527014636598963,0.8021052845737391,0.8042083356314622,-0.1729324333524218,1.1274509803921569,3.8419117647058822,-0.3294117647058824,-0.0117647058823529,-0.2748091462270559
MPLT,2026-04-27,2026,125,180.0,1.8087404745762712,17.0,250750000.0,0.5475819520181298,0.44085270072036753,0.05856944150483023,0.029569864045651872,0.027847057556949828,-0.009463979158637281,-0.06625322518716192,-0.07022434663148225,-0.02912662745041672,0.0297098376787015,-0.015665598104538603,0.07134094319059914,0.04039377362658625,0.0635089710050809,0.5211528366584863,-0.010080683538370216,-0.061415563624558356,0.03237382630432051,2.258484744600617,1.3336380604121434,0.7505882487577553,0.10352942522834341,0.6226826598298862
MQ,2021-12-06,2021,126,180.0,,27.0,1227272742.0,-0.3662770216172939,-0.3373849650569951,-0.1928293331211708,-0.010620381955905644,-0.022463694906720955,-0.022282071443476603,-0.038983079339880655,-0.05594072583260101,-0.010620505998103269,0.012345625023337359,-0.011187778959743877,0.35224764270052256,-0.3536585041667595,-0.31135930574606885,-0.34138800467348196,-0.03745109553674009,-0.09066880461583049,0.31319989028116746,1.3753787904816221,1.285156223158271,1.6503702799479165,2.6311111450195312,-0.4138270274796937
MRAM,2017-04-05,2017,124,180.0,1.498403,8.0,40000000.0,-0.09444448682996964,-0.08803096669300359,0.1022677032946595,-0.024539855046177728,-0.021567216346744078,-0.01568880181025356,0.0805031897707571,0.08369766972603232,-0.019760461231766002,0.08381842307789666,0.06360735717946131,0.1751513328208687,0.7873253103820506,0.7646665577158687,-0.182726059602196,0.14233139329834898,0.12840240213643273,0.1331467945858753,0.6995201181247693,0.5075673680324843,0.01874995231628418,-0.08125001192092896,0.01620937074146389
MRM,2021-06-28,2021,125,180.0,5.028125,15.0,12000000.0,0.02345418596425275,0.005996157732090834,-0.2133037729013162,-0.014583368516629336,-0.016599298519842764,0.0112570136216803,-0.029598280321575965,-0.04237108645881693,0.2797373646502823,-0.1535948014570645,-0.16763868197517162,-0.18843746800305716,-0.20205922464805026,-0.2224687625988172,-0.03678018622067891,-0.1906250341484932,-0.2196914527505891,0.048772246555326415,0.16049754238138228,0.47346775002507774,-0.3599999745686848,-0.28400001525878904,-0.3646591264330439
MRNA,2019-06-05,2019,123,180.0,11.51895934056612,23.0,604347839.0,-0.2815498509488005,-0.23957864598494694,-0.09356075479449444,-0.09090901966293297,-0.09957116876055228,-6.555945824948672e-05,-0.07909612799623444,-0.09828620206089755,0.3121307287106865,-0.06073612661238248,-0.09683298370093851,-0.06217897740618561,-0.1502286170931696,-0.13697563310100858,-0.11277872941729117,-0.21366199488689464,-0.2787886804220324,0.23826311852240267,5.684465472569562,4.362678832939056,-0.15347829072371788,-0.05869566875955301,0.04677413516354001
MRVI,2021-05-19,2021,123,180.0,0.4827610666666667,27.0,1620000000.0,0.08340374597019551,0.0839617947821778,0.10572735065748917,0.0026007404977084203,0.005222522998662327,-0.024459688632539556,-0.022049247495287583,-0.04203177746989972,-0.01394280435936357,0.19071614008498994,0.1837960698203558,-0.04040707167345281,-0.18021831727744309,-0.20242367569174113,-0.006159172226263276,0.16749020803443693,0.14314200509261776,-0.07795095168858468,0.6546823330753535,0.5873730622200333,0.4240741023310908,0.29555553860134554,0.28810721177774035
MRX,2024-10-22,2024,125,180.0,3.603175575079389,19.0,292307685.0,0.10804994741038221,0.08354449268843678,0.1417366118929151,-0.04817403971034684,-0.04764288545850881,-0.024687411170632445,0.06571431062659427,0.06837149325963787,0.025195129283779316,0.07085401880027709,0.056191922137764916,0.033724946015819324,0.04256082163888486,0.049370848030929504,-0.02687552475937216,0.08624706033779628,0.07481861619621122,0.03419657506202323,2.43449829894402,5.200223861912547,0.3547368300588507,0.06631580152009686,0.3554502412509797
MSBI,2016-11-21,2016,127,180.0,3.080799888973014,22.0,80052610.0,0.10003760181074028,0.07891411193920916,0.039382289139620275,0.00683763292100692,-0.0007138265594708315,0.028419399412293656,0.1015279384145964,0.09807570227244011,-0.003486163307184542,0.08970406814432486,0.06485236318137422,0.04292844588776035,-0.08203671389985101,-0.08353853194687422,0.07328184937446358,0.20854695638020826,0.17239137790659553,0.0689017712176414,1.8464566929133859,2.622047244094488,0.3295454545454546,0.04318185286088427,0.3356164616208783
MSC,2019-04-16,2019,123,180.0,0.9527653565217392,12.5,359375000.0,-0.027058215198328517,-0.054118800370998255,-0.17754484651532798,0.005917182469050486,0.005261933855033929,0.03392819103165068,0.005882375380572125,-0.001251644808610397,0.13995019664678776,0.053801172852071755,0.07833668651657999,-0.0767595378934729,0.07658152750889946,0.06072525496142345,0.035981016373667574,0.06627224050380187,0.08320503921208033,0.08803001207290939,1.2193190815518606,0.7970440749538136,0.35199996948242185,0.33759994506835933,0.09032255603421113
MSGY,2026-01-05,2026,126,180.0,8.333333333333334,4.0,6000000.0,-0.00738006665866664,-0.006327219383726712,-0.9579932574614465,-0.02230481096775072,-0.02896492178466159,0.019519648654199084,0.08365010669910844,0.0728317463804462,-0.038016162338620485,-0.717894720375152,-0.7097959458985529,0.8900040781737755,-0.38805969983279565,-0.3816785065168943,-0.03931907225755127,-0.7011152405483876,-0.7104248509613427,0.8407413508143664,0.010411500703854411,0.37980415289504404,-0.32749998569488525,3.179999828338623,-0.3700234029891548
MTEK,2022-08-01,2022,124,180.0,0.9686585230039368,4.2,15500003.0,0.23423422262388227,0.14214677336112547,-0.09538381021321563,0.07299271787868733,0.0759539578350491,0.017378756544615737,0.04761900127918839,0.042214513901632555,0.028142762971400836,-0.18831166820555012,-0.16322634992535856,0.2671848830008329,-0.08800001144409175,0.009484029794772031,-0.03597187903823873,-0.08759124405160879,-0.06487228103447884,0.33976995114936426,2.176434898677345,1.6463212393317963,-0.6738095226741972,-0.661904772122701,-0.5650793767329814
MWYN,2025-09-09,2025,124,180.0,7.502002,4.0,8000000.0,-0.2654867373335118,-0.2837704633575183,-0.8823474476195678,0.036144616382703276,0.03383276279934444,-0.0713358765573745,0.4302325565277274,0.4153632091870827,-0.0198118826944379,-0.06504068428844845,-0.07885885870842946,-0.3035124425201642,-0.17391303671780955,-0.18305937095060398,-0.22668185584848033,0.3855421678094839,0.3542705288702914,-0.36689864062438937,0.03291162228724656,3.154524637697274,-0.7925000041723251,1.3575000762939449,-0.8069767566292005
MXCT,2022-01-26,2022,125,180.0,6.273300666666667,13.0,175500000.0,-0.3446602063103055,-0.2550025612754001,0.13265911433084332,-0.03555552164713538,-0.03304672625314242,0.0365779231734884,-0.043010783404602515,-0.09832021381356815,-0.2973401664013685,0.0016050966314706816,0.06512322918392044,0.15373870345765128,0.2259615987127841,0.1741521121990175,-0.28145798081559503,-0.07555558946397567,-0.06135434792739358,-0.1554921489948341,0.4312222217924269,0.47138659270749117,-0.4807692307692307,-0.15153848207913911,-0.6029411764705883
MYFW,2019-01-15,2019,124,180.0,2.819338734177215,19.0,37525000.0,0.05691055271628542,0.08694409594781605,-0.14789710990253202,0.023846186124361513,0.012385376967475326,-0.04843587664219384,0.07062355753181637,0.05887015831208631,0.06227783442123258,-0.058245608681126715,-0.10220744160801853,-0.028175732900877826,0.008196695681959021,-0.014240533478548478,-0.020026880664597013,0.03230769817645718,-0.03602950755387635,-0.014388984755984269,1.7835780315388798,1.4328439369222403,-0.3157894736842105,-0.13263160304019328,-0.3401015483991149
NAVN,2026-04-28,2026,123,180.0,5.307938819652238,25.0,923110150.0,0.30384930602424576,0.17598109706222642,-0.3306730674016728,0.014447207357669356,0.01931315608581552,-0.08326048083939208,0.14984520950187963,0.13287150318535978,0.08198710352862326,0.0640818822624587,0.0272055241360305,-0.063160478547723,0.09261133109863362,0.11414483549132504,0.6624747347580979,0.24120603857948097,0.19186107178026157,-0.07128392936029848,0.6644773794934641,0.9907481872957516,-0.36319999694824223,-0.40959999084472654,-0.20399999618530285
NBBK,2024-06-25,2024,123,180.0,,10.0,409975000.0,-0.038334429565038186,-0.07023793469986594,0.02851445380979889,-0.013058455777794853,-0.016909336297150412,0.01988080916913948,0.0598886233226108,0.05221651909805236,0.0411909554056471,0.16819976180699858,0.18237077719558203,0.05679353633658479,0.00562421092571741,-0.030201621618969332,-0.12424549135525398,0.2219931583208803,0.22477535567651075,0.1259560400147417,1.2358349369253796,4.938469579264961,0.4550000190734864,0.39399995803833,0.0566448588991455
NBTX,2021-06-09,2021,123,180.0,3.5667290410958903,13.5,98550000.0,0.12344874536391903,0.11306448850279449,-0.05634651558797743,-0.04941862463757607,-0.04792671196202036,-0.01517010201661717,-0.09235475190527787,-0.09344568386718155,0.0069333329022438495,-0.0060647002467986155,-0.02693610434029403,-0.010516482293118967,-0.07118645360914322,-0.09634192562276434,0.10341107662827853,-0.14244189850377376,-0.1629022913081063,-0.01924956604179573,1.896551724137931,1.3026819923371646,0.2740741305881076,0.24288883915653936,0.012956491556780803
NCNO,2021-01-11,2021,126,180.0,10.12197605459057,31.0,249860000.0,-0.1477896337597091,-0.18707000290884634,0.017393745372120684,-0.023679110119756208,-0.01693828428334454,0.019547151503646276,-0.01472035643914249,-0.014614706581306258,-0.09258481420450304,0.12407514758340987,0.09343997977541352,0.1394827731726782,-0.15240507488009292,-0.15068819229781394,-0.14733468243560788,0.08130307473172849,0.05772339156511075,0.05911651503912241,6.59736497850869,5.684490437924375,1.356774114793347,1.5703225904895413,-0.20231465793422077
NET,2020-03-11,2020,124,180.0,1.3245922285714289,15.0,525000000.0,0.1510360106170885,0.28925753643402274,-0.12956627760974426,-0.024632896386970193,0.024115551784414158,0.02647035582851265,-0.04322483647658337,0.08201203182086136,0.024557250587882384,0.15939082578897912,0.017599164208575546,-0.026805112649445406,0.29246936342156293,0.24265732110032046,0.3152657806390843,0.08195165761331169,0.13184422393497242,0.02363737104626762,2.472331172962505,4.041851067251155,0.4073333740234373,0.3073333740234372,0.17277781168619777
NEXA,2018-04-25,2018,123,180.0,3.30066170967742,16.0,496000000.0,-0.03848301853393932,-0.03044871397008131,0.015590758438605912,-0.004060307178280098,-0.006531954715469412,0.03892448051854991,-0.022714000461007355,-0.021082954419899935,-0.04230785260783154,-0.030393337783813257,-0.06899505766724356,-0.0430701515145131,-0.17639832565978208,-0.17961754182150647,-0.05591194098418739,-0.05626446207844582,-0.09573504513266129,-0.04736759887100772,0.13954809135532026,1.0280403319225273,0.07749998569488525,0.265625,-0.00919539373102718
NFE,2019-07-30,2019,125,180.0,,14.0,280000000.0,0.0034158805911803647,-0.02545781038178241,0.14707718112408374,0.04765961018014453,0.050114298216202724,-0.014226456018733957,-0.06417546181347944,-0.02121186319919177,-0.20697289744303993,0.31597215668471024,0.3192035420746576,-0.019949131629376282,0.21503959509856685,0.1775661744446968,0.17446511554664235,0.29021275297124327,0.3386105395812278,-0.24853267779554022,1.4040816326530612,0.9836734693877551,-0.1607142857142857,-0.23071425301688053,-0.10099462323223662
NIO,2019-03-11,2019,123,180.0,,6.26,1001600000.0,-0.12189055021433359,-0.13788217149362725,-0.10344978595438636,-0.0665722087820032,-0.08107345162336477,-0.00033072424685887114,-0.12746587756269212,-0.14143651431298443,0.04075514535053659,-0.07826083639393677,-0.1011419410583283,0.14300022465049222,-0.08679245690426896,-0.08381445959240263,0.20338974098858142,-0.2492917516018791,-0.30150343103053356,0.19473079433079143,4.739339904583508,4.6368813436711305,0.12779551801590117,0.17731627564841568,0.06969697648390816
NIQ,2026-01-20,2026,125,180.0,4.9,21.0,1050000000.0,0.11868681456164332,0.08851113986137826,-0.08421788019652432,-0.003950321531415835,0.01640643843934697,0.05971151413645548,-0.0033994032430114673,-0.029831666138622315,0.08159181786925429,-0.3524729821195013,-0.33924488058502644,0.014019641250758497,-0.04828798719547833,-0.012064253573402905,0.11100443156897488,-0.3572234320156661,-0.3494595085190184,0.1658175743768051,1.022209927654806,0.9711510059404641,-0.15619050888788133,-0.2985714503696987,-0.06785906891087001
NIU,2019-04-17,2019,123,180.0,,9.0,63000000.0,0.3291139080058001,0.3016351192899991,-0.0682012849218806,0.09428569248744423,0.09673258884158442,-0.004922900389345619,-0.1314186474291712,-0.14040111582194448,-0.01178714352828547,-0.12224442578292083,-0.10734979894588381,0.009083834536472102,-0.33105023054749394,-0.3364725367428484,0.512476170451114,-0.16571426391601562,-0.157236212413291,-0.00786668155386372,3.82303318127851,4.578308233872815,0.16666666666666674,-0.22555557886759436,0.21387288590239972
NKTX,2021-01-06,2021,125,180.0,1.1733955,18.0,252000000.0,0.4226699863180168,0.4186684169133219,-0.04276207448693836,-0.026203958113164783,-0.03218247129815133,0.03322500229122838,-0.0043636668812144785,-0.021068314065974758,-0.08696313934728817,-0.1683710315670388,-0.18522243300596686,0.14240288836908244,-0.04018449262768309,-0.03355563755010449,0.9040256214688147,-0.1936968611079386,-0.23371521784317828,0.08838941016477819,1.83910682878336,1.485687339094084,2.1377777523464627,0.7005555894639754,0.17912312615944104
NMRA,2024-03-13,2024,124,180.0,9.329646227056424,17.0,250070000.0,-0.03931335024741145,-0.07085157126233743,0.32420256332559894,-0.14639768910701678,-0.14483017769437156,-0.03435119223538141,-0.05536803681736546,-0.06410887450503,-0.10120743916640906,0.0014296253102850098,0.006194420425971292,0.1072197915593911,-0.30264094945390063,-0.30683010565111357,0.10951477640855845,-0.19250720917303854,-0.19486792482372828,-0.04440084851676129,19.51102978550371,7.138863474636576,0.02058825773351325,-0.27941176470588236,0.06769233116736784
NMRK,2018-06-13,2018,123,180.0,5.7796893,14.0,280000000.0,-0.028159394867463994,-0.0499192388206674,0.09727783686270397,0.004240312454717454,0.007431243924639008,0.0004930828663056719,0.09148488298698054,0.09889414661910034,-0.008685570481279381,-0.07930370585167423,-0.09162386341026807,-0.06388720313160667,-0.07773106984829714,-0.09813416361876537,-0.10629788783883021,0.009187287487320894,0.007573987373344915,-0.07382956725794354,0.7342204732563559,1.1457452378075792,0.010714258466447912,0.03928572790963303,0.014336904085998636
NNE,2024-11-04,2024,125,180.0,10.14907824390244,4.0,10250000.0,-0.00670444377816759,-0.003318631869313249,0.06099963091931748,-0.12772590667638384,-0.12557197610045645,-0.06727412448245085,0.2857143668090443,0.23490793601444548,-0.23813670020676359,0.23240742449570728,0.22380637683903082,0.8972431933371434,-0.10105185759772817,-0.0691431967823487,0.4984342290416288,0.38213917564313826,0.32457754006249684,0.3141139974212075,0.9017732291094519,0.9309312910697338,3.81500005722046,3.0174999237060547,2.710982662145994
NNNN,2025-08-18,2025,125,180.0,26.432,5.0,8000000.0,0.0834219627351418,0.05815030825336431,0.19881168459953935,0.014928271927147518,0.015145875196926006,0.010434872265903561,-0.04915806446373494,-0.047867815582040785,0.8452307099221519,-0.11093019834018358,-0.13821556590014894,1.9088753334010122,-0.3573718063482221,-0.36075056463420685,-0.03100003660210604,-0.14201531258900302,-0.16775197412039689,4.454953022377113,0.5459220405224725,0.37471288011244813,9.181999969482423,0.30600004196166997,7.823223572911914
NNOX,2021-02-17,2021,123,180.0,3.875936838417108,18.0,165217392.0,0.21779387335665867,0.17360975026222025,0.19616324529692175,-0.018512379039417604,-0.01874186376608089,0.09695629219557733,-0.09649712763836771,-0.09491700171360085,0.08067214293688019,-0.09058714766312292,-0.10460052517010066,-0.05192644636049604,-0.2990366853619928,-0.3458825417132072,0.5574241819755896,-0.19355370387558113,-0.2061971454432464,0.12772521481190902,1.916646461380964,2.868414199376779,2.361111111111111,0.6088888380262587,1.7880183351571803
NP,2026-03-30,2026,124,180.0,4.1354284687200025,20.0,368421060.0,0.10614798387200208,0.18180501111400915,-0.15375214170989815,0.01736863250560927,0.020712094888793886,-0.017611162502361388,0.0832265825946259,0.040107445193711344,0.0368408897213901,0.04925138066719481,-0.03034273672933474,-0.17870454571313088,0.06383780760474167,0.009361814688932935,0.10563299492277589,0.1563177753706555,0.03393771528555156,-0.16452263417127555,0.944282837323786,0.7699741536705356,0.15150003433227544,0.4189999580383301,-0.07137091148656138
NPB,2025-08-13,2025,123,180.0,2.2926641074856047,14.5,151090000.0,0.07201647436414826,0.03898534421801658,-0.09048144026556781,0.029430584438829843,0.026007453226777333,0.0028923135771847797,0.032939756471056514,0.043453222554991955,-0.02541079463838647,0.11010829309864612,0.07951792469923058,0.13427818379558776,-0.0569106287799358,-0.07748445929445091,-0.03837939147819536,0.18042230504483947,0.15717625736298158,0.1086346590383176,0.8807947019867549,0.9887417218543046,0.07793104237523574,-0.033793087663321675,0.07128169643429083
NPCE,2021-10-19,2021,126,180.0,2.821379,17.0,102000000.0,-0.04820006330675375,-0.07849679549180866,-0.15144880757087742,-0.00897438076277568,-0.01668924958407325,-0.023279152029885064,0.018758082867882386,0.006952702445127468,0.011776614562704513,-0.20952382163395955,-0.23873692711216477,-0.10452968283353326,-0.28353411944185003,-0.2863469546951155,-0.08122014493333751,-0.2019231086651948,-0.25132044808980536,-0.11529688929050497,0.7836839569616187,0.9394572025052192,-0.08235291873707484,0.3811764436609604,-0.3749999617918929
NPT,2026-04-20,2026,123,180.0,10.526315789473683,5.0,9500000.0,-0.37341773250205734,-0.4497136218424864,0.10278780810981936,0.12373731474695959,0.1257369822998653,-0.013819468936591695,-0.570786505957893,-0.5798874378825744,-0.09070452604862222,-0.2879580952502212,-0.3207895088511692,2.3466386989904793,0.7500000657404164,0.7341874450273169,-0.6002720737732916,-0.6565656562615823,-0.696712682450128,2.000601881408262,1.045411744564287,1.591426268333048,-0.2079999923706055,0.07799997329711905,-0.19348265555768773
NRDS,2022-05-03,2022,124,180.0,3.5602329655172413,18.0,130500000.0,-0.13025204090317255,-0.04538053754325411,-0.16725402902451691,0.016425127538961748,0.011841085254358008,-0.009520881414142535,-0.2794677192136358,-0.23794313027524994,-0.11431916467196557,0.5765171411007717,0.5502072859394056,0.1307751221006883,-0.33640167741339255,-0.25744467986208563,-0.11352758497568116,0.1545893109975136,0.1663872614868529,-0.023365802941699876,1.4876869447880354,4.004741557029874,-0.4249999788072373,-0.2711111174689399,-0.6342755950355016
NREF,2020-08-05,2020,125,180.0,,19.0,95000000.0,0.0006451760568926268,-0.05123830549907371,0.39240518638353206,-0.012250195438669786,-0.018461150441191343,0.002582877165047792,0.01109661094519332,-0.004952340682086165,-0.11289737082428264,0.0012911851555326148,-0.058749146811756914,0.1159185667137792,-0.032237265804092585,0.025520640142389972,-0.15584461621619183,0.0,-0.08374239487634605,0.001666500825715067,0.41947277275351164,0.48874350586877047,-0.18368419847990336,-0.42105263157894735,-0.17499995434537663
NRIX,2021-01-20,2021,124,180.0,2.3670905454545457,19.0,209000000.0,0.1425642984123614,0.125344215051427,0.1038860439952618,-0.13294794523381048,-0.1467866375259479,0.05461646402981801,-0.09632180751055142,-0.07162720586791738,0.17413167058796009,-0.09870264392184636,-0.14226450765162246,0.12682384574661643,0.07592431847413827,0.07397916654116687,-0.0015658711087176425,-0.29380104448346245,-0.3256774673509575,0.40023716782430885,5.71816535908268,2.4033142224904442,1.6405262194181742,0.35736846923828125,1.6391371680639004
NRSN,2022-06-07,2022,124,180.0,4.471767,6.0,12000000.0,-0.06451606948963506,-0.06561008468640084,0.7598190031336434,0.02068963476083585,0.011097411522077438,-0.0582497368083128,0.10135133393582363,0.20206330800784666,-0.23352109998037296,0.6319018979215969,0.5914600456342844,-0.3677635230434778,-0.25939850938199494,-0.3241303118075224,-0.1038553124407735,0.8344827574867131,0.8898508281961306,-0.5197371795008295,0.09779132892094891,0.170267221933021,-0.7583333253860474,-0.7483333349227905,-0.6410890937190394
NRXS,2024-02-05,2024,124,180.0,4.588565962206929,6.0,6592002.0,-0.03571425192480426,-0.09364527271519829,0.3137900335314845,-0.0658436549115845,-0.062202472979101864,0.0873700845181763,0.3634361474078016,0.34632108619110613,-0.14112751408464463,0.1793215061798945,0.16694579945809007,-0.13783413021641955,-0.05753425552330926,-0.08164794424400779,-0.12078197464722296,0.5020576111499047,0.4761043666594431,-0.19783157265265283,0.7415329768270945,1.1063576945929887,-0.5949999888737996,-0.6083333492279053,-0.5949999888737996
NSTS,2022-07-18,2022,124,180.0,,10.0,52900000.0,-0.025261321726197106,-0.0408994875618659,0.03160477563844544,0.0,0.008256933075751371,-0.006140299037427965,-0.025915993988187003,-0.06157509775018655,-0.0049410902238428145,0.009174347244905068,-0.0749826348592979,0.012757514989136576,-0.004545471884987551,0.07883833744553848,0.021873205878549573,-0.016979409071326557,-0.13052543226953517,0.0011600397422046882,0.0,1.0163111668757843,0.11899995803833008,0.21499996185302717,-0.11119940867648181
NTB,2017-03-15,2017,124,180.0,4.005565739933211,23.5,250000003.0,0.032659383739542136,0.01491659236514642,0.12603259294665814,-0.0033132713199920394,-0.011966724695147257,-0.008706459586266813,-0.0447264894352255,-0.025182659225606918,-0.01184921539078132,-0.010439731646129213,-0.009372632443027773,0.004524642152456737,0.09878510797343054,0.07592476472076504,0.023548427044711717,-0.05783132627024534,-0.045716530191180826,-0.01623473465644909,1.6122926891861546,1.3974700328275538,0.41276598991231706,0.22255317201005642,0.34141417223997794
NTLA,2016-11-02,2016,126,180.0,4.8493775,18.0,108000000.0,-0.17586413940463197,-0.15876893587307683,0.06619151148384339,-0.044150137949444446,-0.03813151775735324,0.011191626531438015,0.10854502480801331,0.07688678500757229,-0.017568336849681843,0.07847223224831246,0.06372963880427451,-0.13131567864340954,-0.15582743837117585,-0.17386264957026631,-0.15406384187491673,0.14275199106704006,0.10218513148586772,-0.1372762537094534,0.9877491455125005,0.9508173636980427,-0.24499999152289498,-0.023888905843098995,-0.3850678770131266
NTNX,2017-03-29,2017,124,180.0,,16.0,237920000.0,-0.33577858525101156,-0.33091541490996246,0.05122505565274427,-0.05773090432358208,-0.058665741800494775,-0.002085569035994217,-0.06979229309230894,-0.06656568814835495,0.003289701671362333,-0.10481094306924532,-0.12108152550420692,-0.019625952579370498,0.12412025375424607,0.11087637981256027,-0.35372742552936787,-0.21536144304328575,-0.2292999041906958,-0.01850375299206286,16.220786125609365,6.703983545627684,0.24500000476837158,0.7899999618530276,-0.4616216195596231
NTRB,2022-03-30,2022,125,180.0,6.019194128787879,6.25,6600000.0,0.019276982530460618,-0.05414498128181644,0.30359044560086434,0.04964536769811767,0.055820160594474255,0.014446251629861795,0.2229731455782844,0.24952649824717876,-0.011284751028784568,-0.21178639746410277,-0.169884597062273,-0.050607381374928706,0.08878485976333184,0.14137830107700367,-0.12303651921635872,0.01182041952828472,0.08492190609902939,-0.048811596663935086,0.3388305085702141,0.46841036463300023,-0.4195540618896485,-0.436020622253418,-0.3677130123106138
NTSK,2026-03-17,2026,124,180.0,,19.0,908200000.0,-0.18755260147347086,-0.16889477865993952,-0.27826610511754635,-0.019668693932143433,-0.022299291444064395,-0.012590697761692526,-0.07074974206987605,-0.044497135548607125,-0.10897500423392303,0.10000001083720766,0.02841176519289368,-0.19233531661878522,0.09090909986546114,0.030375347016073917,0.027507718207140264,0.0020704407949889703,-0.04413073372779963,-0.2909581518478326,1.5123276063639506,2.0535751757161043,-0.4915789553993627,-0.03526316191020784,-0.5704757694209692
NTST,2021-02-09,2021,124,180.0,0.9438116,18.0,225000000.0,-0.02737428947266074,-0.05163594756181178,-0.06006516961096886,0.03561176592000703,0.0362775869210642,0.001343340501659962,0.02384905055193043,0.018365348698150763,-0.011873877950111966,-0.03900321500882997,-0.031841901083220714,0.008993209996023932,0.1364148876841509,0.087798420991263,-0.09539954702544384,0.018954619563371633,0.02133618001022819,-0.0017054042914770307,0.9009852531228055,0.8711935820228545,-0.03277778625488281,-0.039999961853027344,-0.01915493817396563
NU,2022-06-07,2022,124,180.0,10.960687210162886,9.0,2602354995.0,-0.17973232386086746,-0.18082633905763323,0.01092874210424477,0.0069930559615649646,-0.002599167277193448,0.04120742063327065,-0.20601853461545128,-0.10530656054342824,-0.08496196084296437,0.21574343881466906,0.1753015865273566,-0.10738613985798284,0.11990407454485497,0.055172272119327515,-0.3569985990929576,-0.02797200154455226,0.027396069164865255,-0.14570132278117565,3.0621391263114788,2.437984208370952,-0.5233333375718858,-0.13555553224351669,-0.5847047440912352
NVCR,2016-03-30,2016,123,180.0,10.023574666666669,22.0,165000000.0,0.10692900298282249,0.04720593156103026,-0.42511334358963115,0.032457503084517336,0.028069782839305724,0.06508031093832378,0.05988025533631114,0.05793872593048022,-0.25340870183935593,-0.028954791795922308,-0.04314919137232476,0.05381216672340583,-0.1636363636363637,-0.16330196037781253,0.05479949429386077,0.06259663414863148,0.04197450521424151,-0.1535463702734754,0.3576870333688862,0.696264411600386,-0.4118182008916681,0.23272731087424536,-0.2921225878379401
NVST,2020-03-16,2020,124,180.0,4.776897788404065,22.0,588896000.0,-0.34005565399210524,-0.13908256099669813,0.1143116284691168,-0.10221278574806558,0.007210949656879406,0.001118245130953932,-0.3010563845357912,-0.23059564355094575,-0.011818208341715097,0.48782531825177333,0.214938965125679,-0.09090621716704184,-0.09875841501905791,-0.1089067810506148,-0.13516749854038035,-0.06638568278560542,-0.12011359317914538,-0.10255955588449595,1.065988212940002,1.6920598858378642,-0.13727274808016687,0.2681818008422854,-0.32093026747237074
NXGL,2022-06-21,2022,124,180.0,1.1528243713733075,5.5,14217500.0,-0.0135135004518675,0.04708324021806021,0.044144755715163964,-0.0205480067227507,-0.04572163144644448,0.001869757892325019,0.293706357831788,0.2788291710045243,-0.11219807602371379,0.016216200542241266,-0.020878230939681552,-0.02987265414208473,-0.04787235830152903,-0.1286282560901737,0.059711278211792784,0.2876711959663494,0.20865188579410088,-0.12840524113148122,0.42715886618325644,1.131619424302351,-0.7345454476096414,-0.6472727168690074,-0.5852272596425753
NXL,2023-03-15,2023,124,180.0,2.144691576673866,4.15,9607250.0,-0.20836825234301115,-0.15725768316868605,-0.6318903001224296,0.05602540594481353,0.062279744745311394,0.023143203988890915,0.09109111044167761,0.08382131342888499,0.17574827978047658,-0.22935784582477137,-0.28383239803488514,0.09134088158938058,0.011904821881092875,0.015145676922412643,-0.017955953636920374,-0.11205074888260191,-0.16754813132628144,0.3245654346996991,0.18779342723004694,0.6034820031298905,-0.7720481975969062,-0.4240963602640543,-0.5795555644565158
NXT,2023-08-08,2023,124,180.0,0.5744056390977443,24.0,638400000.0,0.057083567998907236,0.03195053861045061,0.29696515954009195,0.012027438477709262,0.016376113883706966,0.003008288890922861,-0.008003832646647724,0.00505463053232158,-0.016400338709409712,0.06845963649387365,0.06094087006851412,-0.053655135653800534,-0.18375291656297,-0.13543594847634666,0.07056845865696637,0.07265584100447331,0.08261787938724685,-0.06805586301833821,0.6757186950684438,0.7092370367294588,0.6975000699361165,0.3395833969116211,0.33749188781934314
ODD,2024-01-16,2024,125,180.0,2.7052298996279385,35.0,423684135.0,0.04038699021204928,0.027252042973406665,-0.023647715149414772,0.017433751557867527,0.02110497759396901,-0.05235760588505123,-0.0038839840499117484,-0.024792313338266703,0.1547040243617146,-0.008715533640293871,-0.027731335107222255,0.05170503362204815,0.08838499738390504,0.04408046223621853,0.1539307015079261,0.004649018149960549,-0.0318534450619139,0.15265295313930483,1.9418610945704542,1.2012486692289648,0.22914287022181923,-0.22571427481515072,-0.09488740663502127
OFAL,2025-11-17,2025,125,180.0,2.562962933333333,4.0,15000000.0,-0.4593495844344847,-0.47069830711408966,-0.24659198110496827,-0.01203009917943676,-0.002713637890521592,-0.08620628549258968,0.11263318167867542,0.1080363129041273,0.11502741813722106,-0.138166908496271,-0.1533300011414217,-0.13309139952049587,-0.23650792088968742,-0.25620240615689904,-0.29221384792063554,-0.05263161668675442,-0.06296007726606212,-0.11885801662214901,0.03982819045271093,0.05311842262796631,-0.833749994635582,-0.6550000011920929,-0.8579059731090324
OKTA,2017-10-04,2017,125,180.0,,17.0,187000000.0,0.06299809576395621,0.03536254703914321,-0.057834817872142175,-0.03463046431375261,-0.03581690365185908,0.03148416408233157,0.05658279317654524,0.0492356586235132,0.03858548684745555,0.014000686832444487,0.004315227180129666,0.04922047657847062,0.00828442446691846,-0.020920670163770083,0.16822758529011494,0.034273440793576526,0.015962954307585875,0.12349800747585937,30.59468244707451,11.602697671834195,0.647647072287167,0.48705886392032394,0.19140790966355614
OLLI,2016-01-12,2016,125,180.0,5.400503081232493,16.0,142800000.0,0.06967216272676713,0.13651043364139603,-0.06274808418095024,-0.042145617869235874,-0.05021392793551671,0.0058586993889518935,0.06857147216796866,0.10993267021689812,0.05186974711006109,0.05828877583513825,0.060335582387878395,-0.03629165976247062,0.07427990123037964,-0.002742761287003681,0.1121969324797657,0.08319651996055422,0.11880110231524355,0.021743878118971827,4.607845851443758,3.2740880189732655,0.1418750286102295,0.004999995231628418,-0.13617017554191047
OLMA,2021-05-18,2021,123,180.0,2.5017943636363635,19.0,209000000.0,-0.3097778607150198,-0.31052446499953457,-0.1154733079447341,0.023401565348967424,0.03201724369638814,-0.03758492194563556,0.016741521079785437,0.001448061460347816,-0.1545099219951015,0.17389558192939547,0.16464253294424513,-0.20003207317015503,-0.14813547695918872,-0.17808031381944445,-0.3360900737567506,0.2214792799611549,0.20561964261005317,-0.35840452927535504,1.270515543541224,1.3261890969942718,0.25947370027240946,1.4947369224146794,-0.5116326468331474
OMDA,2025-12-03,2025,125,180.0,6.056245569620253,19.0,150100000.0,-0.2812621461587804,-0.2786133951893358,-0.08671183244071112,-0.12574533909142394,-0.12920811439128455,-0.013175436905198845,-0.05083687438399909,-0.056217845880816464,0.04940851112782463,-0.026779934020190743,-0.02038055015063267,0.12254495214631445,-0.0026845612669197383,-0.02060102501761807,-0.30547837849685167,-0.19241197819027056,-0.19481826044165296,0.16459300731660753,19.885509942178196,7.485592613420619,-0.028947328266344607,0.10526315789473695,-0.1978260537852412
OMSE,2025-11-10,2025,126,180.0,10.461149163108066,9.0,33333336.0,0.41823054552343875,0.39074294845901836,-0.2508595040122994,-0.0075614295163465295,-0.02316575190846415,-0.016369656622608253,-0.08285713195800781,-0.05971493385582638,-0.10503785544924171,-0.015576383221392986,-0.041670387101889195,-0.1841434694681997,0.012658316986067009,0.0031859113488932334,0.33984302503441666,-0.10396979105878945,-0.1219586845282995,-0.2880869702451496,0.39255303795641505,0.2956976315325283,-0.4122222264607748,-0.24222220314873588,-0.2956058854021293
ONEG,2025-06-30,2025,123,180.0,6.428571428571429,4.0,7000000.0,0.6499999364217122,0.6078679376658964,-0.12445065425913115,0.575757675007432,0.5709764833374196,-0.04882679390586975,-0.046153862142468416,-0.050184049676537335,-0.16440492924865013,-0.23817201913168085,-0.26222331723312087,0.6948041641740408,0.9971770029894025,0.9815928906153861,0.7087612105807868,0.145050593869396,0.11195625891004002,0.36004107581226985,38.09453032104637,9.942528735632184,0.23749995231628418,-0.4150000214576721,0.6499999364217122
ONEW,2020-08-05,2020,125,180.0,0.169046135912822,12.0,55384620.0,0.1598073377471807,0.10792385619121436,0.4388213721822054,0.04454512326807669,0.038334168265555135,-0.0012915438374405674,0.04806649512247452,0.03201754349519503,0.21489578853228908,-0.003103453537513512,-0.06314378550480304,0.25823590037911615,-0.2770667682863668,-0.21930886233988423,0.10915693776122803,0.09135523205751217,0.007612837181166121,0.5333702518537156,0.2910488742449204,0.72647812557203,1.2074999809265137,-0.2624999682108561,0.7496696942151087
ONFO,2023-02-22,2023,123,180.0,0.8557221970040854,5.0,13768750.0,-0.026455001425780944,-0.022611034358530624,0.3577164082330213,-0.021739174096029212,-0.020361069412836108,0.04210870690453983,-0.08333332229543589,-0.07379847452840538,-0.14476217580775375,-0.030303001841675226,-0.023640375941393454,0.2885497147792473,-0.18125004796311184,-0.23166962479057873,-0.06863344889972078,-0.13043478542555031,-0.11294496846602298,0.13349284175267684,0.7405455264198182,0.8819783019282293,-0.6319999933242798,-0.729200005531311,-0.23333334989017862
ONON,2022-03-14,2022,125,180.0,7.719691028938906,24.0,746400000.0,-0.2502553684524026,-0.18515699864201063,-0.22503070878652753,-0.09536786275266951,-0.08805953968582103,0.01615548126086286,0.3624497633384425,0.296766274972885,-0.10991896145530944,-0.15327929038195898,-0.14322055577191284,-0.022628857140147285,-0.12532633673352678,-0.03251397120437616,-0.18854679576295474,0.043596687761838115,-0.003657355034402121,-0.11257809791947226,1.9574806220086893,1.7085312212211843,-0.08249998092651367,0.6270833015441895,-0.37085712977818075
OOMA,2016-01-13,2016,124,180.0,2.390517,13.0,65000000.0,-0.1011235676635287,-0.06040630482477094,-0.07970924769367194,-0.004687532712704945,0.02025309384786167,-0.016354249223028194,0.07535322255839527,0.0866861641931842,-0.05155999334690753,-0.04671528456632634,-0.026199982295350588,0.08730166691031327,-0.019908133271673067,-0.128734524117468,-0.1087540375374928,0.02031251757871333,0.0760803728277567,0.009971687514365501,1.801179686376061,1.3803769241835706,-0.5076923003563514,-0.45230770111083984,-0.38461535287326487
OPRA,2019-01-23,2019,123,180.0,,12.0,115200000.0,0.3446429175077663,0.2811643913967907,-0.137775959038288,0.025232347289421364,0.023139908952672483,0.04370299640354891,0.04922287585562768,0.033392106894000406,0.05324514632737587,0.04691347442846072,0.010139323336218142,-0.16477995060433515,-0.14504712365962646,-0.17139705230490776,0.2719143086819532,0.12616192642206547,0.07077111424995586,-0.0802870060189359,0.8955890563930765,1.4250263663999008,-0.37249998251597083,-0.3208333651224772,-0.42562925957262443
OPRT,2020-03-24,2020,124,180.0,3.27356512,15.0,93750000.0,-0.4952571487719504,-0.1867464722106552,0.06105813704534113,0.1374876746315925,0.04688441280274547,-0.07556372970307479,-0.08260867906653357,-0.14265394523968922,-0.0100914865531605,-0.43981045113133344,-0.5226426765571943,-0.03750173166372561,0.30626057352135305,0.24237671045309983,-0.10261066993091295,-0.4154302623038376,-0.66728049744113,-0.11994316966842133,2.5089605734767026,2.2520908004778972,-0.32600002288818364,0.33266665140787754,-0.3747681132358789
ORIC,2020-10-21,2020,126,180.0,2.8389876,16.0,120000000.0,0.23122233139043447,0.19162191488045188,-0.09063952099247286,-0.14194575266235965,-0.14005282387430684,-0.010130048034448835,-0.04739778978005049,-0.0005095488642008483,-0.09728403897703863,0.2682926829268293,0.17761737898657137,-0.07327457718813235,0.4076922490046573,0.3628960451488108,-0.033282975771772194,0.03668261878359691,-0.0008850721507860371,-0.17195303281748253,6.053467937932324,2.7683263746079225,0.5674999952316282,0.4456249475479126,-0.026775340388080826
ORKT,2025-01-21,2025,123,180.0,1.8287316363636363,4.75,13062500.0,-0.48148149987797606,-0.4703776239550225,-0.5573211865336989,-0.36874998736062226,-0.3779035242037102,-0.07828894374711981,1.1216406839881525,1.119203022487385,-0.05223396321407703,-0.24000000953674316,-0.2539118286210018,0.2547137282014187,-0.3421052549024036,-0.2673822223534068,-0.09392568543768243,0.017857125751218117,-0.007829769973124234,0.09012108167830846,8.275645260981692,16.54004774185298,-0.05684210124768707,3.3115788509971216,-0.803508764518228
OSCR,2021-08-30,2021,126,180.0,3.536225022492628,39.0,1444600014.0,-0.17011223050955615,-0.19688468717628038,-0.03994411580182866,0.08612099798723816,0.08172341667390537,-0.047404182388921634,0.06094366259678141,0.06264637916256299,-0.06432816074101166,0.06547247875085271,0.10476719050858374,-0.13061768938217977,-0.017391260119452023,-0.0686685592335824,-0.32208729391822466,0.22775799045008882,0.2644709249960008,-0.23048521293699953,5.893076955728172,4.889568034862826,-0.6397435848529522,-0.36666664710411656,-0.5962643534838874
OSS,2018-07-31,2018,125,180.0,2.2484073684210526,5.0,19000000.0,0.00478468462867454,-0.02717496395119734,0.03310120707245123,-0.01190469432579655,-0.016834054229570627,0.0023826756802410864,-0.0120482384544226,-0.02715505323724099,-0.010104721887467694,0.004878044241882984,-0.010319193168065954,-0.03146522795743911,-0.10922325770989005,-0.10908525914798028,-0.06648606415865521,-0.01904760174740394,-0.05466110696607851,-0.03905398713505015,0.49480455220188024,0.6003628566716147,-0.1600000381469726,-0.011999988555908225,-0.13934432156333798
OVID,2017-11-01,2017,126,180.0,3.9203874,15.0,75000000.0,-0.2500000275947418,-0.2669659109917901,-0.11562689871388165,0.004629661993834189,0.0033074907087455863,0.2136389523976885,0.2043010563663985,0.1980095686246306,-0.060037153911411956,0.5701530841875448,0.5473827366609634,0.050195694277962444,-0.19821287172089241,-0.20519364798505557,-0.3239170369892327,0.8996914171887285,0.8691255371354523,0.20214001738622756,0.8015974896591072,1.5518470974183427,-0.5679999987284343,-0.4093333562215169,-0.471020406606246
PACS,2024-10-08,2024,125,180.0,6.0070911864775685,21.0,450000012.0,0.006013059927747033,-0.033133397310835644,0.23642255938559764,-0.0038980694637743563,-0.0133556165448524,-0.05112496521577625,0.06783194234064949,0.05629950591898347,-0.03685688058095005,-0.278279973240267,-0.272967584171642,0.1866745368791034,-0.48612052015216434,-0.5398052093877623,-0.04640253574028774,-0.23232844940385933,-0.24800302602485713,0.08099045523376724,0.6010667517232825,0.7824814873881909,0.8323809305826824,0.40476190476190466,0.6730434583581013
PAGS,2018-07-23,2018,125,180.0,0.0182740509361078,21.5,2265789433.0,-0.08766564379723496,-0.10750229284596435,-0.13488908861915205,0.03351953838896038,0.03166020077143972,0.013440772825147551,0.030991012985641664,0.031883232789741034,0.06050597645991851,-0.0950716939068843,-0.11550391741567645,-0.06437465999711423,0.05561995241426554,0.03727714432075668,-0.19837932634490663,-0.0357542263754983,-0.05717163523140123,0.006615403378817941,0.7424842172782823,0.7787690039724069,0.24883722704510358,0.6186046156772347,-0.08047946301605369
PAL,2024-11-05,2024,125,180.0,0.6822999228441843,15.0,214999995.0,-0.4004283025482368,-0.40396829868919804,-0.06350943047059499,0.045238110916415275,0.03314633527548505,0.00480607844826908,0.053530783749780264,0.018503886265027747,-0.0720320551115301,0.06918922630516255,0.0511628428399733,-0.2539788109971176,-0.10616786190950667,-0.08031465183841413,-0.4134966125144901,0.17738104672118804,0.11095543862706991,-0.2989846793553197,1.4177222363909434,1.1892279936146297,-0.4400000254313151,0.2860000610351563,-0.43050850043862554
PARK,2026-06-01,2026,123,180.0,1.665560912052117,13.0,19955000.0,0.1023890355444943,0.04976330329627188,-0.15329575907479753,0.020123906805249003,0.017400771214380883,0.001130149715779405,-0.09104709674917177,-0.0655771045485467,0.10590950395601717,0.1992209271285592,0.1890073924198803,-0.08102735773606318,-0.18051041890333908,-0.15733059498718982,-0.009304062477103914,0.11197111301671026,0.1248068273623606,0.02517937483578403,0.495785820525533,1.8459758717567345,0.4907691662128155,0.42846151498647833,0.8907316254406441
PATH,2021-09-09,2021,99,141.0,17.279061539103562,56.0,1337883512.0,-0.12926115735664023,-0.14785248997274003,-0.14901750402021474,-0.03631530928882487,-0.032035092260800146,0.025191822288195054,-0.009191176212782648,-0.005159821777609652,-0.07345597571550722,-0.02931357674073687,-0.010282761815575858,-0.006119704718186458,0.09919722203710957,0.034796547792460775,-0.028558834344027284,-0.07316210827806868,-0.04599482456178283,-0.0564456305404758,8.980783656498819,5.137625169366543,0.008035727909633028,0.44303567068917404,-0.18188404691392102
PAX,2021-07-21,2021,125,180.0,0.7193362770585322,17.0,511680008.0,-0.0715552956277613,-0.0957914134865564,-0.07062832224945237,0.02802545132030132,0.01992915323154021,0.0011536710770782,-0.028500563932343348,-0.03834983075900811,0.07338849213158682,-0.021045913092050283,-0.02184350239593902,0.11410175918530774,0.11986971380203393,0.10167667020896753,-0.12422074153515894,-0.022292957455251727,-0.041130231067224576,0.19869942392706896,0.8126446621643045,0.4218586511937601,-0.0764705994549919,-0.06117646834429569,-0.253198911968465
PAY,2021-11-22,2021,126,180.0,0.238095,21.0,210000000.0,0.19361119199778476,0.15880800586345512,-0.10312939907963048,-0.07669707966492423,-0.07388190492675373,-0.03658754225381411,0.044892135359316354,0.0705781493839438,0.07482199458726146,-0.032814591707691965,-0.04927784581295469,-0.030199524193167848,-0.08884228408433326,-0.05362007174773442,0.1571786208724284,-0.06690598165459272,-0.05447232577003536,0.0025721839305898886,5.3089173220644055,3.5255833365940186,0.4590475899832591,0.3328571319580078,0.07095416763334139
PCB,2019-02-05,2019,122,180.0,5.633632704402515,20.0,47700000.0,0.15229482357124757,0.07475612507782259,-0.048474833232409975,0.010863024048938685,0.006671177144039087,-0.00812774418404194,0.0,-0.003661662312892666,-0.049403980634467715,0.013134287364447328,0.0013503384522748352,0.0707230732118529,0.05067770448728237,0.01790076980445421,-0.019471330702182987,0.024139989492891534,0.0043944560103517105,0.01362264848914585,0.7943541769243394,1.0252201980414684,-0.1715000152587891,-0.1699999809265137,-0.17067066694389088
PCOR,2021-11-16,2021,126,180.0,12.530599155227032,67.0,634490000.0,-0.10597825415245021,-0.15123863592278497,-0.049406757361881826,0.016600399272237443,0.012642574287740294,-0.018246068897305512,-0.09924099981917911,-0.09691830049100425,0.06879976194958592,0.012000444147047817,0.006852953492522573,-0.005409265350623804,-0.11441907504631588,-0.10152063211071682,-0.030035444381065313,-0.07329909054657024,-0.08008088349397546,0.04383951461715818,3.192781876516669,2.8462620044190374,0.276716431575035,0.4683581679614619,-0.02795453505082568
PCVX,2020-12-09,2020,126,180.0,2.096689344,16.0,250000000.0,-0.10136988391614943,-0.14539632789354995,0.27306759462850416,-0.1414633993163551,-0.13249452770658898,0.06712606715384406,0.1548295679679219,0.14577952770901037,-0.08152495632417212,-0.19403447984222266,-0.22399367679391102,-0.2288288547140468,-0.0057229921316226395,-0.02998465022077368,-0.23310325413602762,-0.20091464347175603,-0.2308738404234444,-0.24726336383268,3.9894334532374103,4.402915167865707,1.0499999523162842,1.8299999237060551,0.2543020923724213
PD,2019-10-08,2019,125,180.0,7.115886218302095,24.0,217680000.0,-0.05345133553564019,-0.03628156549816963,-0.1536347994569328,-0.01308901961352138,0.0024357108403844085,-0.016084648635132814,0.03940890259873542,0.0035373947926005123,-0.04289236523433293,-0.15348162395123655,-0.180750072035209,0.018357252628938392,0.10465117902816767,0.09022264535590696,-0.256669011034806,-0.13163801375816098,-0.1792359830708543,-0.04074748757920832,6.606415125724266,2.4032232726197407,0.11416665712992358,0.9604166348775227,-0.3009150386635774
PDD,2019-01-22,2019,123,180.0,,19.0,1626400000.0,0.11962366096775034,0.05912856711854397,-0.17760386515483917,0.0072028934303478565,0.020713387384268644,-0.0021939083237705326,0.19944379986282557,0.19735136152607669,0.3784558793455094,-0.028486273439491727,-0.0854317189102769,-0.028933193487767572,-0.16092735511872747,-0.1722056284909378,0.10930727757942504,0.1736694754837005,0.1288221716097684,0.3376812945179686,1.766836597799839,1.2449527033781047,0.3152631458483244,0.17578948171515218,-0.06404497913703544
PEN,2016-03-16,2016,124,180.0,6.50965925,30.0,120000000.0,0.07168697606143826,0.0064008580861858455,0.21937806400645,-0.05444182421578547,-0.06022902399588148,0.0010020343195622505,-0.014728851309643187,-0.01408957902497443,-0.1039861191021223,0.1900339546926304,0.16641313074508002,-0.08103673393077981,-0.06966120638818751,-0.06269040216466903,-0.09029566370719944,0.10867274936078264,0.07978618661268166,-0.17281182363986036,5.440841204112967,3.038973929496425,0.5796666463216147,0.6303333282470702,0.14745763353726726
PEPG,2022-11-02,2022,125,180.0,1.4881081111111112,12.0,108000000.0,0.24759149002790193,0.23026210470151431,-0.05913097602596773,-0.1675675759270212,-0.1424713672195429,-0.03289972726183277,0.026901666886507414,0.028875658520977066,0.12274473994646207,0.2646793483242553,0.17580649780157453,0.10846715148923769,-0.045000008174351236,0.016245050267356897,-0.07584041473380476,0.0810810970038498,0.021630310250790208,0.19503194892099573,0.23450712165056936,0.1154997682488381,0.07916665077209473,0.0625,0.004654729584508077
PFAI,2025-10-20,2025,126,180.0,1.225,4.0,7200000.0,0.8282827528724019,0.8272431228758441,-0.31405376979983024,0.052486205311333745,0.04208572819370637,-0.025436551105031957,-0.254593187185871,-0.2753588697344983,0.19709373668436792,-0.14788727132698332,-0.1193279233567559,0.13653996028389437,-0.08677687253157962,-0.1066065366983846,0.017289963800162234,-0.33149167049760986,-0.33341820195277627,0.3294206026565176,1.197929053621412,0.4074812633016837,-0.09500002861022949,-0.5724999904632568,0.080597011526222
PFGC,2016-03-29,2016,123,180.0,5.8728465517241375,19.0,275500000.0,-0.03571431117426693,-0.0774899496399003,-0.045687753271898446,0.0198105514825202,0.010560455176620298,-0.004341531876271176,0.010557432296373515,0.015091328054560926,0.04732392780486849,0.08566649439687457,0.06250181605325023,-0.012309402781695122,-0.03810622742732139,-0.03308036556172478,-0.056368998511622026,0.11886306246764122,0.09091584478282244,0.03060332433498525,1.111235202144293,1.0242163651254559,0.2221052270186572,0.22052634389776937,0.20937491618097148
PGNY,2020-04-22,2020,123,180.0,7.2174794,13.0,130000000.0,0.2981177930852066,0.07344852965252713,0.024103583693993125,0.09354537317616463,0.0713508325632759,0.08103808072241758,0.02865697606261053,-0.021898326850314564,-0.15348861422227122,0.06070690387263977,0.04801974678688592,0.05949625244177581,-0.09564878526716392,-0.14566059434611534,-0.24695971537137273,0.19317124556739929,0.10567496889288086,-0.02327738553077696,2.117307345244541,1.2116946399566866,0.6446153200589693,1.250769248375526,0.3412797819065243
PHAT,2020-04-22,2020,123,180.0,1.880596125317194,19.0,181699983.0,0.20559997558593768,-0.019069287846741778,-0.09092119524361497,0.1045123287879286,0.08231778817503987,0.12586061368170154,0.16942022332651208,0.11886492041358698,0.03723016626700837,-0.015669165311320676,-0.02835632239707453,0.012561826639299167,0.12186852872739817,0.07185671964844675,-0.11280927209022962,0.27140014833527815,0.18390387166075972,0.1419311118331642,0.40991697149161005,0.3924984032979156,0.586315757349918,0.6457894977770353,0.2252032082223785
PHOE,2025-10-22,2025,125,180.0,12.5,4.0,6400000.0,1.0231214765039995,1.0109383734340935,-0.05495569182156523,0.14971433367047982,0.15491326460734667,0.004109379620193532,-0.09840961068570209,-0.12774478171529802,0.08544580637514398,-0.16758539748978618,-0.13156507534663087,0.0021185944915971255,0.13245032777974886,0.11156391195443449,0.5473835015506672,-0.13714283534458693,-0.12424234013686841,0.09373584175662453,1.0957910014513788,0.9470246734397678,3.375,0.7675000429153442,3.7945204226736706
PHR,2020-01-14,2020,125,180.0,2.8227910614270115,18.0,167187492.0,-0.08580401064788845,-0.11992253351745108,0.1138834001933251,-0.012590611798287021,-0.011065989199144255,-0.0001678153353499301,0.10123651175403636,0.08935688437323197,-0.01612763063420819,0.13543861790707235,0.11708883473256071,-0.033397050662908434,-0.3529048164677979,-0.08821982665313655,-0.08984428011121925,0.23464333234266666,0.20576697659267862,-0.049748637887719105,3.0920518449463206,3.307771729868984,0.4561110602484808,0.31111113230387377,0.04505578804641508
PHVS,2021-08-04,2021,125,180.0,2.8498006166495373,20.0,165410000.0,0.05419355823147676,0.035206651896116936,-0.15594367639647833,0.015911886563884536,0.020830809697011565,0.008197911408611813,-0.006024119227211244,-0.016958530072442857,-0.018809947451024267,0.21151513764352514,0.19344314468365198,-0.10209454616774138,-0.11305654100842544,-0.0629016632820566,-0.1041057216904484,0.22337818754256222,0.19923675255711037,-0.11238272313958453,0.10466988727858294,0.7219538378958669,-0.1829999923706055,0.2749999999999999,-0.43655171887627964
PI,2017-01-17,2017,124,180.0,2.7104166666666667,14.0,67200000.0,0.04552538504415038,0.040345651806795724,-0.01736544955977548,-0.054279742352629556,-0.05075627597515742,0.10230702741670195,0.05266483859535409,0.046697960789760184,0.03156307760888222,0.04044333226252106,0.013641967231132535,0.030680213541075307,-0.18139934696511884,-0.20386404558966664,-0.06283596530845648,0.03578886986659824,0.006500194213207244,0.178211264267091,0.7018941633041199,1.089893512212256,1.3949999128069197,1.3221427372523715,0.865887593795226
PINE,2020-05-20,2020,123,180.0,,19.0,142500000.0,0.1932938828190125,0.1239634107879628,-0.25981674113289466,-0.009504191831976927,-0.02649220921164197,-0.0029137682766113837,0.0004171977124864945,-0.019924326195194242,0.41290244229329054,0.4170141864426167,0.3879354079394739,-0.2994493846429881,-0.13360797732017626,-0.1654894401475676,-0.015688757882851956,0.4041321682218386,0.33628274028140037,0.059876925472570175,0.7335490830636462,0.5285868392664509,-0.363157874659488,0.007368388928865377,-0.363157874659488
PINS,2019-10-15,2019,125,180.0,,19.0,1425000000.0,-0.11414901320783521,-0.10012318896838279,0.29584334565571513,-0.013503101097203762,-0.02340339694085314,0.01785681132299144,0.012123561581626863,0.011688588078252238,-0.02341373193570573,-0.20710969384916156,-0.24051991393579175,-0.155754316380734,-0.1130604114556174,-0.13060090798550206,-0.07786871225643954,-0.20833331800292065,-0.2524285613031293,-0.1608219910904044,9.848544697243069,3.9489783644496854,0.3642105303312604,0.4089473925138776,0.06229510170194108
PLAN,2019-04-10,2019,123,180.0,6.847970709677419,17.0,263500000.0,-0.08652373660030632,-0.11450329793508252,0.2075235421704753,-0.015646828723107076,-0.019057816835792885,0.03035771718938518,0.00028384899233624417,-0.003739889700392851,0.01787391821145179,0.1311010215664017,0.14074002114235018,0.12784330437227598,0.20446562970396376,0.20101209512736506,0.008241832073204058,0.11371891589829564,0.11598125936704928,0.1846458129817805,15.8198305331886,5.275386268759889,1.105294117647059,0.5982352941176472,0.47283950617283943
PLMR,2019-10-14,2019,125,180.0,3.022222222222222,15.0,84375000.0,0.12471457813085496,0.1406898599970643,0.1789944677079408,0.0378077057659425,0.03892147170905447,0.02426533222491456,0.1024449503762932,0.08879407063070421,0.2382237963955922,-0.005100899123042679,-0.03296854851564113,-0.0635769737984484,0.20619705470680572,0.1893979868512914,0.1188934872147972,0.13828979406345598,0.09755127855802748,0.19555829858716445,3.307759641625045,2.2727974872560632,1.6273333231608071,0.6133333841959636,1.0753028079205489
PLNT,2016-02-02,2016,124,180.0,1.609599037037037,16.0,216000000.0,-0.056941800179544644,-0.006811808197014324,-0.06224041914120926,0.0027137016603897557,0.02073585680820067,0.016220465078327417,-0.0548037537602547,-0.02992990597293188,0.015825373057996805,0.05297063399953328,-0.020210662771294352,0.004732506511066603,0.10401085853184844,0.07124701796671817,-0.047765910676183077,-0.002035260070354483,-0.02966245486580299,0.03682313155708161,0.9234085609959967,0.9374862522546302,-0.07875001430511475,0.023125052452087402,-0.07875001430511475
PLRX,2020-11-30,2020,126,180.0,2.800149555555556,16.0,144000000.0,0.532280567874279,0.43018346708109756,-0.01788127095909453,-0.16580784911791924,-0.16138071515115193,-0.055417589706243775,-0.01235465650190326,-0.031771324531237655,-0.08286127963886969,-0.09161146957912292,-0.0980326544952751,0.1474100791689208,0.015795843710512125,-0.0008143258088626482,0.1764200344700575,-0.2515914132198044,-0.2730118706117134,-0.008657600468852777,3.9913194444444446,2.761574074074074,1.0618751049041748,0.5868749618530276,0.5488264253581026
PLTK,2021-07-14,2021,123,180.0,4.893319424460431,27.0,1876500000.0,-0.1088461509117713,-0.13313714074163752,-0.008055200208504809,0.012516141874139297,0.01102392694278409,-0.014115081910260452,0.005541392719033755,0.009415412706284876,-0.05088380457809227,0.03603223297887426,0.014791843505602698,-0.000458458123898442,0.09001631781984143,0.07829877259172191,-0.14985509747390247,0.05481227680543066,0.036010186513501186,-0.06515338584146457,1.1160908877538476,0.9321061474783827,-0.14185184902615022,-0.0077777438693575895,-0.2848765745338828
PLUT,2025-08-04,2025,124,180.0,5.714285714285714,4.0,8400000.0,0.17391308854793652,0.17970202895935916,-0.09044438167082625,0.10740739138201616,0.09220760264699468,0.2493859002617056,0.10702338870305805,0.09949768227117262,-0.15402043124124465,-0.13504532762242794,-0.1418858684734745,-0.11186029935093611,0.19105839531550362,0.15059113563731308,0.3110204034799362,0.06037032056083813,0.03053365823334997,-0.05957903477046367,0.9470899470899471,1.2182539682539681,-0.32499998807907104,-0.36250001192092896,-0.32499998807907104
PMEC,2024-04-08,2024,124,180.0,10.655737704918034,4.0,12200000.0,-0.6622222264607747,-0.6692539374499837,-0.20425262686705214,-0.028947388234231153,-0.02950672706770996,0.002869278755711413,-0.177506757010512,-0.1499968107928047,0.044184557242099576,0.21252060877258616,0.18849445192076852,0.46394551285874885,-0.22282605218597196,-0.24570776648728265,-0.6750323712707669,-0.031578933334086234,-0.027991206200548846,0.5501689448261973,12.06126631431345,10.275410779132061,-0.8100000023841858,-0.512499988079071,-0.4864864995481324
PMI,2026-02-25,2026,123,180.0,16.01744588235294,4.0,17000000.0,-0.38378379945775887,-0.37601741856693616,-0.13919667048360884,0.017543843138140724,0.009105567100986978,0.09558771623156459,-0.017241363363798556,-0.005670968429412504,-0.2196461814686964,-0.10526316339839759,-0.06394254197351046,-0.03232047063355503,-0.1735294014524834,-0.25213541878917367,-0.24814866035001792,-0.10526316339839759,-0.06084624429442409,-0.17063961837522312,0.05647583941422804,0.8836589015104023,-0.7150000035762787,-0.3149999976158142,-0.7516339983012547
PMVP,2021-03-24,2021,124,180.0,2.6548499787505317,18.0,211770000.0,0.09464235787088637,0.08948106754830576,-0.027650935761434736,-0.1798758180985539,-0.17479234958423262,0.04432787562892804,-0.0036352298693237417,-0.02636953470097192,-0.12714265018754656,0.05107936565375959,0.010860348719748725,-0.14301840666793575,0.03181945281549381,0.02451838835328002,0.08783673631967925,-0.14111802000436724,-0.19957755534113708,-0.2242294623825023,11.4255298558018,4.134488209297074,1.2361111111111112,1.48944452073839,0.07304723543252889
POAS,2026-05-12,2026,123,180.0,2.6948381846009406,4.0,14400360.0,0.25806446030782526,0.18052472251436757,-0.735037232125411,0.004273500354724069,0.005788440346175983,-0.04426294320192303,0.08085109146000868,0.08687944802776215,0.03816273271719972,-0.8755905435868593,-0.864278496902238,0.18831585414717222,-0.10759496118200551,-0.14828809467427284,0.07044847385014341,-0.8649572537887413,-0.8461962699578156,0.17933561328892078,8.610074626865671,18.11608623548922,-0.4150000214576721,-0.03250002861022949,-0.3922077994460018
PONY,2025-05-27,2025,122,180.0,12.3936781,13.0,260000000.0,1.4835947616208816,1.4318913438783443,-0.22735044894001033,0.22630675293447955,0.20551616156660524,0.01947027094633047,-0.3517564447165059,-0.3601130415825936,-0.27950416238256337,-0.05924853220979842,-0.07775239532575218,-0.45881245184269004,0.10983097551650034,0.06486459652629883,2.8878887648858687,-0.2521539016728357,-0.3005212420298161,-0.5743340563458094,3.145520772074746,3.994596327751869,0.33923075749323917,0.14307689666748047,0.4508333206176758
PPD,2020-08-04,2020,125,180.0,4.657085116666667,27.0,1620000000.0,0.13926358002187378,0.10223465334164539,0.09210369160074183,-0.012480000000000047,-0.01634261437594242,0.02642816337997922,0.0187945560596241,0.01049306465005495,-0.10229629716249988,0.09255725190839703,0.03306200239875978,0.03859421925232498,0.0768558951965066,0.12708275608283015,0.0473972380926686,0.09919999999999995,0.026782964993473435,-0.034968066261984454,0.5452339063482452,0.6662717403353385,0.15740740740740744,-0.16629629629629628,0.04166666666666674
PRCT,2022-03-14,2022,125,180.0,5.4474583587553385,25.0,163900000.0,0.1933940178825122,0.25849238769290417,-0.2974195904471173,-0.007621361080295319,-0.00031303801344684246,0.03326793197969602,0.30476956661014265,0.23908607824458517,-0.11035974450448327,0.05762083893090142,0.06767957354094756,-0.054171980368329486,-0.1051552494660094,-0.012342883936858784,0.30300255295134326,0.3694343751195439,0.3221803323233037,-0.12748915302602892,1.8718084542854116,2.279478758343045,-0.00279998779296875,0.3536000061035156,-0.40557937240132824
PRLD,2021-03-24,2021,124,180.0,4.099655375375376,19.0,158175000.0,-0.18778447806361465,-0.19294576838619526,0.02139166711077478,-0.10629069234549149,-0.1012072238311702,-0.0065086952088495575,-0.12358408101478957,-0.14631838584643775,-0.07554644532893906,-0.13916460510445738,-0.17938362203846825,0.18394110665202557,0.03994642651323055,0.03264536205101676,-0.3447961337244524,-0.3257411525157625,-0.38420068785253236,0.08868577668516209,4.115497316695749,2.0714669827368604,1.9115789313065377,2.1315789473684212,1.111450308546392
PRME,2023-04-18,2023,123,180.0,8.29950006401714,17.0,175000006.0,0.08462164077144729,0.023209776860176445,0.1303603647334719,0.022505640844104002,0.02185339894411986,0.025820608961498737,-0.05429198568634919,-0.03466424842619131,-0.047277033601927476,-0.02560123467157238,-0.03587018060740532,-0.1899592565334859,0.18073243855501664,0.11508955573775559,-0.15348169157321467,-0.05776440423829188,-0.04885006298196781,-0.2073093255654822,1.1260219904144346,1.4105817122450897,-0.21588235742905548,0.047647027408375564,-0.1327260882916279
PRNB,2019-03-13,2019,123,180.0,2.6364976,17.0,106250000.0,0.19781818181818167,0.16504161217355318,0.03841230471338519,0.10989678202792974,0.10327756070281446,0.03272625420566988,-0.004102844638949832,-0.004849242086207739,0.019482277058046504,-0.15407854984894254,-0.17801753420048594,-0.11080056070611988,-0.005844155844155874,-0.0001901101453833931,0.09989585531792144,-0.06496660595021242,-0.09645259334878553,-0.06227077880610943,1.1299961745252458,7.725614415770043,0.9376470588235293,0.5388235294117647,0.008882082695252702
PRT,2018-10-29,2018,126,180.0,0.94651712,17.0,106250000.0,0.036734678307358104,0.12406962100764518,-0.14772383572445347,-0.004724367467990875,0.0008159080195019319,-0.04461740640399203,0.0,-0.036117751178441626,0.010335634855877407,-0.1487341822292001,-0.13048179375638047,-0.04690631714136051,-0.44888478604104454,-0.37313967786452784,-0.03957093991238014,-0.15275587476528907,-0.16432640007183075,-0.08120216369022148,0.9373715225435111,0.4759947010186835,-0.25294118769028606,-0.06764703638413361,-0.18064517359579768
PRVA,2021-10-26,2021,126,180.0,4.271067538461539,23.0,448500000.0,-0.06366457201385001,-0.09283042398677877,-0.3553569635479462,-0.06674960838860111,-0.06764962742733649,-0.03876035572475989,0.1363838144650571,0.12335635031748948,0.09445478702867138,-0.006645820046949913,-0.02026350488790607,-0.157826556134669,0.00747739217625254,0.008545334672659388,-0.16532900195696998,0.053482544083514716,0.025735831346949123,-0.11898256159380838,2.0583777267610377,0.9401360906010028,0.04869568866232177,0.8965216926906421,-0.3058992564249382
PRZO,2024-01-23,2024,124,180.0,2.1038041025641028,4.0,7800000.0,-0.4471544743025482,-0.4795937219953188,-0.5967176415132216,-0.026470597774099658,-0.029387079538355843,-0.09140278033411997,0.16314196430798233,0.150705323877647,-0.1550123294966832,-0.10129871557405934,-0.11417324269428775,-0.23642375820310813,-0.09971090884769829,-0.1465120379753987,-0.11047200909393706,0.017647006746807525,-0.0108150449661093,-0.4268797588293759,0.03347282826786303,0.7630529264280238,-0.8299999982118607,-0.5900000035762787,-0.8111111041204427
PSN,2019-11-04,2019,126,180.0,4.219501093501093,27.0,499999500.0,0.07000004161487916,0.029945656357704742,-0.08070316407193812,0.03936559998833222,0.03534789433112673,-0.006271079777436683,0.028065361250264376,0.02487698567068164,-0.011724958488853465,0.05486349642032162,0.050971874348972435,-0.03340808003385498,0.07989950668679069,0.03040828417553354,0.008014675663407855,0.12715937947161415,0.11602077301258218,-0.05140118384359338,0.6778935992975662,0.5614216778860946,0.30777782864040804,0.37740735654477686,0.17426011744751468
PSNL,2019-12-17,2019,126,180.0,2.7557534557848893,17.0,134665500.0,-0.011293599513567343,-0.036021753860332795,-0.33010960278878854,0.06542057185401129,0.06520145659824061,0.03310648942523331,-0.040935679037476747,-0.04613017046052581,0.042150724910706705,0.26117882672474524,0.2310135180362658,-0.1310556097984732,-0.16277192013911201,-0.18295804489653777,-0.0944417204547855,0.28868117340957977,0.2529377823994565,-0.06359043594318425,4.217750279789683,3.233312921004287,-0.43352940503288717,-0.06352940727682688,-0.6619866552542635
PSTL,2019-11-11,2019,126,180.0,0.1745751111111111,17.0,76500000.0,0.01439296300531323,-0.028336899672794846,0.023007763730992226,0.011721193386100559,0.01363093745688504,-0.004435228603856367,-0.02256091100555302,-0.0344629146945824,-0.02992797436392214,-0.016843446425339637,-0.02168291126346833,0.08050895181053785,0.043147226859147514,0.0013011669341989052,0.020075660090256298,-0.027760572548203744,-0.04261781441270185,0.04485326015494173,0.12496094970321775,0.3613454128918046,-0.04647064208984375,-0.12411762686336747,-0.04647064208984375
PTGX,2017-02-07,2017,124,180.0,1.1764734666666667,12.0,90000000.0,-0.08578316562147048,-0.09335319295781086,0.3517891881691164,-0.05640483571715038,-0.056448559850926006,-0.023979872696949678,-0.17374300128239895,-0.19453445081535758,-0.08106041683779774,-0.08113588994998144,-0.09337380457428046,-0.03296195851319206,-0.08903605773076884,-0.08151154472067745,-0.19752174290466473,-0.2836056592252584,-0.31693464680627115,-0.13293077571901568,0.6334110891799749,0.4345355583467911,0.580833276112874,0.838333288828532,0.6213674891116063
PTLO,2022-04-19,2022,124,180.0,0.6559821847464291,20.0,405405400.0,-0.16231338052076028,-0.14757841256689552,-0.021861904102090657,0.052561174063525895,0.036418499212478306,0.002212476812298081,-0.11087596381445508,-0.04584809691316938,-0.11858299924158011,-0.08710137571490406,-0.06840395042007885,-0.01692433181851638,-0.1465067477180434,-0.07519014653551714,-0.046075138180471154,-0.1456570310305646,-0.07795834433091775,-0.12421053956676797,1.1877920964072597,0.9367920939844797,0.12250003814697275,0.6875,-0.2285223206651521
PTON,2020-03-24,2020,124,180.0,0.086206875,29.0,1160000000.0,-0.11924527726083434,0.18926539930046082,-0.09928814134739261,0.052699208834407374,-0.03790405299443966,0.025106763302446877,0.08058606295601312,0.020540796782857473,0.0112600694253282,0.1743879925108367,0.09155576708497581,-0.1743364815336108,0.44676074948156574,0.3828768864133125,0.18905816368163864,0.3359040317623394,0.08405379662504697,-0.139191877039341,0.8663894216110676,1.0185106382392708,-0.195172408531452,0.10448271652747843,-0.09394410150589483
PTRN,2026-03-18,2026,124,180.0,6.201467507960866,14.0,300000008.0,0.11406841797041434,0.1317296876339965,0.13194470905938416,-0.015358387463707324,-0.00140471245638496,-0.07865229058168055,0.10571926092388884,0.11268898622000523,0.02901765487016794,0.05564263522032786,-0.012625635112945677,-0.12844231156869523,0.20712694183698344,0.1408412599600657,0.05609176852338793,0.1493174027412929,0.10329704446466836,-0.1699364635141487,0.43557119284321344,0.6000960662827045,-0.16285712378365658,-0.04642854418073372,-0.2501599372222377
PUBM,2021-06-07,2021,123,180.0,,20.0,118000000.0,-0.29564771847122895,-0.30407112916061707,-0.1866883580642461,0.05265084146153254,0.05362103468488255,0.16519444017729823,0.22403614302981034,0.21676451815365105,-0.04233102855107029,0.009648130998689552,-0.008387853420309677,-0.11303394167761205,-0.18071955822419938,-0.1997064645595592,-0.432056666161186,0.3009141255866665,0.2764702391146552,-0.009317564138664025,5.29724048433629,6.252328196108293,0.3675000190734863,2.271500015258789,-0.07130731161516346
PUMP,2017-09-13,2017,125,180.0,2.32159416,14.0,350000000.0,0.03964755895513572,0.02541047831422194,-0.013483020440850813,0.012711831873363,0.012231947387368214,1.9553614713840872e-05,0.08368200970385575,0.08412171315013928,-0.04110038429750773,0.15907339381911512,0.13923812723392293,-0.11431970827278348,0.12058623839722737,0.10454835505246862,-0.014377338572549081,0.2720338971407308,0.25215786770643267,-0.15249679864362053,0.7140167560952649,0.8937956948758983,-0.15714284351893837,-0.0535714285714286,-0.1862068833975956
PVTL,2018-10-17,2018,126,180.0,1.0222194594594594,15.0,555000000.0,-0.014836795252225365,0.021291249962171355,-0.08477375430464074,-0.049196787148594434,-0.049375169144441844,0.009978387754601581,-0.08236536430834229,-0.028416338727115464,0.04629604710954216,0.029919447640966546,0.011526545680696554,0.11626935704170172,-0.028491620111731786,0.007518781615685088,-0.34200622684016,-0.10140562248995999,-0.06502908214945391,0.18233001195714982,3.165987397369474,0.9695352795135618,0.32800000000000007,0.6419999999999999,0.26636999364272107
PXED,2026-04-07,2026,123,180.0,7.375589411764706,32.0,136000000.0,0.039260988288526866,0.059264575708374956,-0.006535201853049122,-0.014603145538814477,-0.015043219644663264,0.02475078629871308,-0.0873067304088142,-0.14076392654312442,-0.05278523773979982,0.05753615125860456,0.015330701511710787,0.04254713721054648,0.01535383864746831,-0.026745129092116793,0.12610946651199573,-0.04888891795324901,-0.14729091448730647,0.01204143714867656,2.0702267739575713,3.9252621311875155,-0.015625,0.02187502384185791,-0.17431195963040536
PYXS,2022-04-06,2022,125,180.0,2.1175334285714285,16.0,168000000.0,-0.24557519906632752,-0.329130751689263,-0.07761428096287992,0.07917887804414536,0.08917823457881324,-0.00780516789980612,0.2309782955520876,0.2381672042998656,-0.03438715565099815,-0.47019867898218737,-0.4036538228714228,-0.4252089412510667,0.029166637692187303,0.03706878851735884,-0.22952331293043637,-0.29618767303262894,-0.21366544319993874,-0.4491745534636443,2.0783072968162943,1.8159646694351064,-0.786874994635582,-0.3993750214576721,-0.7416666564315255
QFIN,2019-06-12,2019,123,180.0,,16.5,51150000.0,-0.31359222905441897,-0.3422186228600653,0.04438585822523522,0.01697310928507134,0.018738354210031782,0.06653319568276173,-0.036161366733333256,-0.052354655935281325,0.009467426797667322,-0.1839826334939373,-0.2053093244516494,0.2552909586411285,-0.08930152001851699,-0.07029112114170599,-0.30970670495328545,-0.20014143246060445,-0.23617467538908754,0.35253233808745577,0.7681985910768199,0.9753438443475344,-0.1430302822228634,0.039999990752249026,-0.1430302822228634
QTRX,2018-06-05,2018,123,180.0,3.95405127245509,15.0,64128000.0,0.02513666726770758,-0.00824430126678899,-0.15420945397090402,-0.070895517456256,-0.07162309916404808,0.00045782496016411045,-0.06597817546731677,-0.07986406147046488,-0.040089258796242255,-0.11732191158033556,-0.08856807841974768,0.030270960233309552,0.0431454342725599,0.006379130546159573,0.11392308893579317,-0.23400854423040784,-0.21945779818162392,-0.010449914280824313,3.7919056466596657,2.405687050650295,0.25066668192545594,0.47466672261555987,0.07384092537091513
RACE,2016-04-18,2016,123,180.0,9.999802037845706,52.0,893100000.0,0.029501338404114952,0.014107731301929105,-0.19465190402056998,-0.0011372083322633841,-0.008163903502369951,-0.025164479253678707,-0.02185790356319839,-0.0188469837282097,0.15345385704621273,0.015363125267166433,0.0241354843376832,0.054579040258379674,-0.0566253431106889,-0.06271874921511955,-0.03871369263209423,-0.007960024541767807,-0.0031472417625061366,0.19113981823266868,0.5498201857186309,0.7446637204558874,-0.15442305344801688,-0.09480769817645729,-0.20054543235085232
RANI,2022-01-26,2022,125,180.0,1.810802159459892,11.0,73333337.0,-0.06476559294341866,0.024892052091486705,0.6919591074569993,0.19586557795668869,0.19837437335068164,-0.02506885011666049,-0.1257562629285931,-0.18106569333755873,-0.12208973520918487,-0.36381610594261204,-0.3002979733901623,-0.4064653459796058,0.050505095414486334,-0.0013043910992802665,0.301494490609198,-0.3348837399567254,-0.3206824984201433,-0.4843132470445828,3.9710074110269566,1.2229551809322148,0.7590909437699751,0.7918180985884233,0.7590909437699751
RAPP,2024-12-04,2024,125,180.0,3.422057125,17.0,136000000.0,-0.1524132198797401,-0.2122576868635455,-0.07627334271218078,0.0769230256226845,0.0707134908132594,0.0006576897432307716,-0.060760644637851025,-0.06043159355548289,-0.03754392463847733,-0.03802471396363816,-0.012492153458243838,0.2721596397595454,-0.08752566549138219,-0.1041318262940375,-0.15188511837916485,-0.026973072086915684,-0.007168860417376521,0.2248090421413158,1.548493215061975,1.8502418296814116,0.17764708575080412,0.2876470229204966,-0.037499942687839405
RBB,2018-01-22,2018,124,180.0,3.1828157333333333,23.0,86250000.0,-0.011037569574716022,-0.06059399270959087,0.024221038640477754,0.0033482200668832895,-0.004782726580955465,0.015190904105693792,-0.004078557871837307,-0.01111803651341925,-0.01737530574139834,-0.019173540033301184,0.02747532578433043,0.07486702975074966,0.007781359994271986,0.00943936183499694,-0.03248655591395111,-0.019903268754300596,0.012228287352670342,0.07284387658739377,0.22873618452666988,1.0017619734102194,0.1686956156855044,0.001739170240319332,0.1511776754444183
RBRK,2024-10-22,2024,125,180.0,,32.0,752000000.0,0.15433028740549704,0.1298248326835516,-0.0229805761223153,0.002336452531628952,0.0028676067834669805,0.06376994633209687,0.10334104637905095,0.10599822901209455,-0.009637891494018502,0.03779344291126252,0.02313134624875035,-0.09819326608670664,0.5392446157199355,0.5460546421119802,0.18403301434049268,0.14771543507503182,0.13628699093344676,-0.050822849587455976,0.6565238643230199,0.5815754058211424,0.20375001430511475,0.07156252861022949,0.041081093453072315
RCT,2025-09-17,2025,124,180.0,8.950991631126046,4.5,20000003.0,-0.5906976947918519,-0.6166576085551423,0.2043818120708727,0.06022731044198881,0.06146974578171416,0.009223762122642754,0.8006429763019476,0.7977302924652272,-0.01080137998666153,0.011904821881092875,0.00574840458488679,0.022342729705930875,0.09411762478442398,0.06674113089486755,-0.411039166532004,0.9318182464719806,0.92398493903235,0.02088819634755623,8.007115814441454,119.19658197631104,-0.8044444455040826,-0.6244444317287869,-0.8044444455040826
RCUS,2018-09-11,2018,125,180.0,4.318809,15.0,120000000.0,0.09805577809747845,0.08060980275662111,-0.19812950983946487,0.031562729379233545,0.028265326847725758,-0.03296104108852338,-0.005970143730110511,-0.012405071762257247,-0.07960774046556007,-0.0015014643053729015,0.01056415640701025,-0.08826330823938378,-0.16165417604297028,-0.11892627402457334,0.31180001283758707,0.023864543885978362,0.026294298110904446,-0.1926724027856931,0.8397665223121823,1.7620661520115484,-0.13400001525878902,0.03400001525878915,-0.23588236640481386
RDDT,2024-09-17,2024,124,180.0,0.6763539545454545,34.0,748000000.0,0.07702118532344504,0.06163263138351116,0.08571404018471873,0.046322870550912,0.04591426338408544,-0.014530689462307844,0.08191953053520651,0.06730326548521748,-0.05420439654426612,0.12261050174321864,0.10776708902643195,-0.19072073181490068,0.6994812173984708,0.669952785489649,0.05392844060321056,0.2708367917126333,0.24073942543957627,-0.2412490382033584,0.9313062980793817,1.2268100819272256,0.7397059272317326,0.8664705613080192,0.172680474550168
REAL,2019-12-26,2019,126,180.0,4.513378066666666,20.0,300000000.0,0.05760090882216695,0.032518686555796705,0.22009337072991664,0.015160048616507993,0.009836786789795049,-0.02954285988896277,0.019911538267184614,0.02155270620949623,0.10874394558508071,-0.17245120461371488,-0.17583198165384972,-0.28195047260866946,-0.019003929063130642,0.014535502477875939,-0.016009708041384352,-0.14317795134900746,-0.15024450470964124,-0.22880319695563123,2.371928151234846,1.4543258628995597,-0.10950002670288084,-0.13149995803833003,-0.38373703456650365
RECT,2024-12-18,2024,126,180.0,6.25,4.0,8000000.0,0.8057575558205576,0.778315656741559,-0.013441707549258552,-0.0193236529503934,0.010479834423765544,0.02103864934392996,0.2183907865980732,0.19270340717862555,-0.05818904681648285,-0.14555254886809654,-0.1483961329655027,0.07562055751184427,-0.4006309367728985,-0.417014329663712,0.7280229230794277,0.020933995755611834,0.02298597457283935,0.03395921727524942,1.3704819277108433,2.143574297188755,0.5525000095367432,-0.19499999284744274,0.5923076631519693
REFI,2022-06-06,2022,124,180.0,1.792568,16.0,100000000.0,0.05705523611690011,0.06495738694207165,-0.15135396089252495,0.012768498348698865,0.009723728109543917,0.012579104835142796,-0.08194843797444618,0.007393235649255869,-0.011129784619379413,-0.07303371054068442,-0.09503371054068444,0.10317504664485666,-0.012794648429417355,-0.09420368223771824,-0.052319664447891046,-0.13813112153209572,-0.07165767685700564,0.10237192797210826,0.9176658673061551,1.8497202238209431,0.07687497138977051,0.18250000476837158,0.04487566897449291
RELY,2022-03-22,2022,125,180.0,12.2681598125165,43.0,522999411.0,-0.08133965964686285,-0.10473740601412007,-0.22141330103258006,0.00624994412064761,-0.005451447715455915,-0.009001229245006681,0.10144932830130271,0.0748473319212728,-0.06512902445120905,0.0065789184742035545,0.043064666027606946,-0.042008582197537225,-0.11764707977534605,0.0011944284412603867,-0.30854680047212857,0.11562495964268993,0.11490492364707072,-0.109657935840348,1.882825577502511,3.063242303952046,-0.7767441771751226,-0.534418594005496,-0.8018575803859843
REPL,2019-01-16,2019,124,180.0,3.6027741791044776,15.0,100500000.0,-0.28201636629824167,-0.2815556793990781,0.34062720368927524,-0.001897486163352835,-0.004317324335209816,0.0085716347286805,0.007604555154464565,-0.0022428534532976663,-0.04715876100917937,0.26698111526989043,0.2258882767517143,0.04727415506411736,-0.14370813561575113,-0.16896505139844809,-0.24297149772358528,0.2741935819527901,0.22030459232196775,0.006228492570454547,1.2789115646258504,2.105820105820106,-0.2973333358764648,-0.13733336130777996,-0.304749335887872
RERE,2021-12-15,2021,126,180.0,,14.0,227262000.0,-0.3252480604766228,-0.31654085856833225,0.01808665537702292,0.026143844320456466,0.010518799040683424,-0.01260846358511225,-0.0971337759768992,-0.0909501728651958,-0.042529662021286496,0.05114637706364533,0.05790299714449754,-0.07004190376222963,-0.15604023865539607,-0.10422440891895168,-0.2789550627049886,-0.02614376640588656,-0.02866882999515319,-0.12579508683400953,0.6830634963925322,0.8981479185778395,-0.5628571510314941,-0.3449999945504326,-0.6443927826189881
REYN,2020-07-29,2020,125,180.0,3.29563281746873,26.0,1226420000.0,-0.04140128162338663,-0.09628541235201071,0.03278095355051991,0.03020235522699921,0.017903630176997254,-0.013509994136796766,-0.07563763932983003,-0.09713736355274494,-0.04110743559381047,0.03552175118434975,-0.011029158618288903,0.021430389234591507,-0.030934214059068932,0.03831804251370796,-0.09402617686829418,-0.013893055753337546,-0.09609249154351784,-0.03451438421128894,1.253816075307748,1.3596717354573982,0.27346156193659854,0.16846150618333078,0.15971984221182423
RGNX,2016-03-15,2016,124,180.0,3.0239219047619046,22.0,138600000.0,-0.0030395108143480565,-0.0880740427865917,-0.27326395183279895,-0.05487806961197461,-0.05324843094009957,-0.04969147565575305,-0.043548385360114183,-0.055370116632284194,-0.06421612800750343,-0.03709945979092677,-0.05391605385849829,0.013519217125421257,-0.030648019188394438,-0.023436480726856,-0.0961729147904119,-0.12957315732420804,-0.1567336511513686,-0.09594956068036165,0.4487054066392748,1.3456814278571274,-0.4036363688382235,0.06818181818181812,-0.5691297354078437
RITR,2025-02-19,2025,122,180.0,18.823529411764707,4.0,8500000.0,-0.20786517455923703,-0.2311423470662286,-0.31455977803676893,-0.0070921919858044635,-0.009447099612099885,-0.0935093499926517,-0.14321429632756189,-0.11321084590387676,0.007705954434202855,0.3547311778265745,0.4008340038055377,-0.10967959244534742,0.24615390484149646,0.31927652466629364,-0.18071106704793005,0.15248229678599068,0.2250263875479016,-0.1800580711256684,0.5193678339014565,0.9463898357607685,-0.29500001668930054,0.6375000476837158,-0.3204819594123114
RIVN,2022-05-09,2022,124,180.0,4.623870209150327,78.0,11934000000.0,-0.2798899138277243,-0.19648417460249967,-0.16117271327918592,-0.20875304056140043,-0.17673577254125405,-0.06101701186137021,0.09130815895565036,0.08648614111049002,-0.16908974431991486,0.19549471374426486,0.15637852978632516,0.14229806601170458,0.0642664835646165,0.12860958412831158,-0.23166594905801552,0.03230282626790637,0.02160609379438827,-0.12730082814867927,4.58558342181538,2.8936463913272017,-0.6308974241599059,-0.30846155606783365,-0.7141864394314484
RKT,2021-02-02,2021,124,180.0,0.00372565,18.0,1800000000.0,0.06528198056372081,0.0589965251426634,-0.03811333770548608,-0.027855169729227303,-0.04199539419641907,-0.018141383456042992,0.014804176601532992,-0.007997585907634885,-0.016499238627561308,0.31811765782973356,0.340744144882304,0.01930358195261994,-0.1756515543052659,-0.21474224860454694,0.04969308054671173,0.30037135739815723,0.286576598102374,-0.01591321722336758,0.9362366840688183,0.914443508247861,0.19666671752929688,0.11166667938232444,0.0013947320467817548
RLAY,2021-01-12,2021,125,180.0,3.3437871,20.0,400000000.0,-0.26781856092512657,-0.3004310853894089,-0.12583220859707112,0.07267361270951933,0.07246239358107687,0.04744061257342702,0.406999969482422,0.39348246338829274,0.15129635810086506,-0.15547264018809415,-0.17159697707530608,0.04326454557604564,-0.16557961569552548,-0.17442398691627792,-0.27400158701099,0.2746043875666857,0.2445270576730303,0.2726625437168273,9.263587798785712,6.685567730839122,0.8645000457763672,1.1299999237060545,0.06390875113338956
RNGR,2018-02-07,2018,124,180.0,0.4351891797930048,14.5,85000001.0,0.11027834219957722,0.12776523001394857,-0.25878021869016243,-0.026036596631533793,-0.020611740879333817,0.006317239764396021,-0.026732717580787102,-0.033905664918329026,0.036156302847400124,-0.11393691701442321,-0.1306660606283886,-0.08334424288029707,-0.19058551551571168,-0.13812289398121302,0.13147574029978926,-0.16007713266455958,-0.1785440487665646,-0.04388060770633717,0.6693690884523439,0.5474136437653744,-0.28482759409937364,-0.2144827349432583,-0.27074545071539324
RNXT,2022-02-22,2022,124,180.0,3.5320897297297296,9.0,16650000.0,0.0,0.00856203458133864,-0.22218604978848477,-0.01388887601134181,-0.0031572279349585397,-0.02950265825821685,-0.06478873863742374,-0.0657431899611165,-0.04305253984262303,-0.08734938785669522,-0.13295612503170784,-0.18986290115765725,-0.3003300641660728,-0.2894757192683609,-0.04814609386160218,-0.15833331898406666,-0.19370624338575226,-0.24662940276512135,0.2097365000590807,0.2327779747134586,-0.6000000105963813,-0.09333335028754342,-0.504132260173905
ROAD,2018-10-31,2018,126,180.0,,12.0,135000000.0,-0.25845616749796796,-0.17686058256131754,-0.05621720140972575,0.05730991347218306,0.046629045613632236,-0.007945874641547612,0.14712388598654713,0.10876891907403774,0.034815903344121546,-0.04532307350198883,-0.02030617540230828,-0.018325550472444108,-0.108080781419572,-0.020264109207731584,-0.17103185009753885,0.1578946663952503,0.13470303840314113,0.007946715786339098,1.6222205806308636,1.223313880475733,-0.2874999841054281,0.031666676203409905,-0.2933884362657899
ROKU,2018-03-27,2018,124,180.0,,14.0,219352000.0,-0.14465872088970355,-0.09863493958049607,-0.3387045334372001,-0.04596704670638552,-0.02895531762320447,0.076404051064481,-0.022121198249585694,-0.03347956887795123,-0.035925273056679585,-0.012085568375107991,-0.01235119033924259,0.2548641530636111,0.08375157297933078,0.046843860319403685,-0.31975662623374734,-0.07834637120169363,-0.07276385620593673,0.3046327682360007,1.8715201155969499,1.0510690623715697,1.4707142966134206,2.247142791748047,0.47191490011012305
ROLR,2025-04-21,2025,122,180.0,5.61268,8.0,10000000.0,-0.04362419919760152,0.02548403925883258,-0.1964024853825349,-0.03508768701010212,-0.011285006778056994,-0.016474719050592057,0.018545497547496348,-0.053397310796556186,-0.03394370290021753,-0.18957519275643364,-0.2694517507125219,-0.13861171053025356,0.14317182837643228,0.13866640041823564,-0.03647811802824208,-0.20350875196988127,-0.3335214909622244,-0.17776342793793698,0.3109959274342836,0.7491052696532148,-0.643750011920929,-0.550000011920929,-0.6341463519141493
ROMA,2024-07-08,2024,124,180.0,2.389831114695037,4.0,12301840.0,-0.06957926352381716,-0.10692946528675573,-0.2722662590858167,0.13043476458082548,0.12928083657070322,-0.06798578658209242,-0.0738461228094146,-0.08510170498461733,0.07548811571609182,-0.10298999473657322,-0.024365482937363958,-0.14877751485638668,-0.009259250061012025,-0.07632796527912489,-0.0691279075083514,-0.06086950842960004,0.006309217918232135,-0.15342599060756557,0.5286776507582954,0.4097743129483442,-0.8562500029802322,-0.7425000071525574,-0.8017241485620648
RPD,2016-01-13,2016,125,180.0,4.858126666666666,16.0,103200000.0,-0.04376225068129158,-0.0030449878425338195,-0.1479534532705029,0.015710350877227164,0.04065097743779378,0.029751932977323037,-0.14727636834147584,-0.1359434267066869,-0.034590478306491645,-0.15141956073220508,-0.13090425846122933,-0.21897115242999832,0.34200736739983184,0.2331809765540369,-0.01733947180341766,-0.2650273240062163,-0.20925946875717294,-0.21663841643752524,1.7930775175986464,1.6569534671596378,-0.08499997854232788,0.388124942779541,-0.42088607809822864
RPID,2022-01-11,2022,126,180.0,3.177680808080808,20.0,158400000.0,-0.2348565434626182,-0.2237464177515095,0.1528709863320714,0.10972221983067776,0.1006139511674331,-0.01838149036569947,-0.07259073095378654,-0.03427247656315324,-0.20694373785012388,0.1133603468131319,0.10054350443367,-0.40495133005666484,-0.23878785335656372,-0.16871748364058714,-0.012721037268628388,0.1458333636875513,0.16295437301819027,-0.5334450499232076,2.569414359418692,2.8674202145117036,-0.6400000095367432,-0.0784999847412109,-0.6635514047845753
RPRX,2020-12-14,2020,127,180.0,3.559319528017356,28.0,2175086760.0,0.04329639004841712,0.006236293633914869,0.08853367357910202,0.016741313063597607,0.021218474367207474,-0.009383589704775486,0.06655850690339027,0.05778325966673914,-0.05276585283530666,0.08654053918201576,0.05410965876984508,-0.04581478923561688,-0.053231934809520154,-0.08198462093729286,0.00831472201042649,0.1782598773989934,0.14143208269107332,-0.10608666966755298,0.8597740386452508,2.4248387658315185,0.5146428516932897,0.45500005994524284,-0.04696629556377285
RR,2024-05-15,2024,123,180.0,8.482380952380952,5.0,10500000.0,-0.11764702674105953,-0.1569098096171545,-0.20828375894431184,-0.014814800424667651,-0.02719783435370704,-0.010757374688447952,-0.10526314374246704,-0.10535749949429685,0.015315548184970829,0.1092436882190373,0.0854247374043886,0.25144919465765514,-0.1363636815186685,-0.17153746096465683,-0.33057872086713314,-0.02222220063700142,-0.058816935704411266,0.2593459690071751,0.6500711650739245,1.120147945895179,-0.7299999952316284,-0.6359999895095824,-0.7428571383158367
RRBI,2019-10-30,2019,126,180.0,11.017076666666666,45.0,27000000.0,-0.007085745675223354,-0.041085205342148434,-0.009517288905906973,-0.001841575020405939,-0.004908832761142845,-0.00797066482846942,0.06065500532966683,0.050922673796442997,-0.04862304541250961,0.07740807629195179,0.050120532442187615,-0.028156921093303477,0.10373359170112773,0.08034074870558783,0.001687169553654222,0.14065379381929466,0.10018672519676253,-0.0840636192917501,3.1277533039647576,1.8722466960352422,-0.03466669718424498,0.06777776082356768,-0.1355224153888761
RRR,2016-10-24,2016,126,180.0,0.4301305688073394,19.5,531375000.0,-0.023840452723713712,-0.014534421358810223,0.027480067881255232,0.0066607289290068206,0.002407977829468999,-0.0033371731677436234,-0.03396561337328163,-0.023076338188131484,-0.01970766447840777,0.037899540555414335,0.0021432915052748136,0.0021117669325445565,0.015838126599281965,-0.012551608459892227,0.021279795323692063,0.009325003561456935,-0.01950945896840328,-0.020473508272299323,0.5976340196777886,0.6584703533484871,0.15487181834685493,0.1492307614057491,0.20427805021242973
RSKD,2022-01-25,2022,125,180.0,2.661438057142857,21.0,367500000.0,-0.1837499737739563,-0.11838658795440982,-0.4414491561692986,-0.013782565037701922,-0.0015735909519023483,-0.09445604674817443,0.1381987358040062,0.09566412827205673,-0.07545385640271496,-0.1773533052426587,-0.10891308189670867,-0.21610226184214965,0.066334926138085,0.014551598839076085,-0.17131336445593626,-0.07656967594717345,-0.03589583027644916,-0.33829454672353776,1.8645969790448824,1.0660205935796487,-0.6890476090567452,-0.06523813520159039,-0.7488461457766019
RUN,2016-02-01,2016,124,180.0,4.4175360335195535,14.0,250600000.0,-0.18771329002903414,-0.1284213369899172,-0.2933876708554488,-0.060924458980185614,-0.06056307490121815,0.019872842813600577,-0.14988811394253776,-0.10738878016027886,0.1003561070334934,-0.28026317646959176,-0.34870240938255836,0.619614463520732,0.18281536350204575,0.1428880320309458,-0.20287290054508045,-0.4254202177342542,-0.4480817878456801,0.8145884727978646,0.5985882933144284,0.43724121279372025,-0.31999996730259483,-0.3214285714285714,-0.11606313341416097
RVLV,2019-12-04,2019,126,180.0,,18.0,211764708.0,-0.19903843949532285,-0.20613084509903223,0.01610616970465517,0.05582234776072004,0.04965208855403325,0.01446210077271104,-0.04434341557016708,-0.05384711445241386,-0.02107001734667513,0.12373587089756954,0.0983240335680371,-0.14174732897072806,-0.07781891799107432,-0.08312269714077536,-0.1977219667597092,0.13385351516571165,0.09230928523105697,-0.14407945591488813,1.3009333677889563,0.8793191802481681,-0.07444445292154944,0.2738889058430989,-0.5100000044878792
RVMD,2020-08-11,2020,125,180.0,3.064450642857143,17.0,238000000.0,0.017857142857142794,-0.04798586066036581,-0.24444026140506392,-0.0164912039773506,-0.008236534397855988,0.06858228084647022,-0.07706028521223729,-0.09460844347449582,0.14461703757414768,0.09779662532751021,0.09440070681008916,-0.350791180506253,0.3961268330443315,0.3932721251473661,-0.15004297056790472,-0.003508785314726981,-0.016084406283814023,-0.18867734294988325,0.8015267175572519,0.5351039643464776,0.6764705882352942,0.7347058688893038,-0.013840817432876573
RXRX,2021-10-13,2021,126,180.0,5.298348877983488,18.0,436363632.0,-0.30694604993804264,-0.2831938424688112,-0.3199468131665836,0.10526310730790023,0.10166549286170246,-0.06530092975066393,-0.0653494945864247,-0.10494233266794184,-0.24641823267855634,-0.1252033212882635,-0.14998171116544778,0.3292520875265559,0.16728629894937463,0.1613978320689975,-0.27353736457230027,-0.09630465632270035,-0.16548965779361358,-0.06754524722679733,2.7081565299387083,2.3972968725443975,-0.0077777438693575895,1.1088888380262585,-0.42939293783737376
RXST,2022-01-26,2022,125,180.0,2.6082902040816327,16.0,117600000.0,0.07421500627828026,0.16387265131318562,0.025777018599572044,-0.037201069770863904,-0.034692274376870946,0.05803827352703128,0.07543695523986127,0.020127524830895638,-0.1557915741408461,0.13858005965645037,0.20209819220890013,-0.13606989162791938,-0.08790383466626805,-0.13971332118003466,0.2423933194185096,0.1789194388475559,0.193120680384138,-0.22484895844851938,1.106704196519959,1.1819771409075401,-0.2943750023841858,-0.1524999737739563,-0.2943750023841858
RXT,2021-02-01,2021,124,180.0,4.942011402985075,21.0,703500000.0,0.14689831503020034,0.15205969829469757,0.005654004932184042,-0.07053228148272361,-0.08717779054910024,-0.04128938075502964,0.032588490589258834,-0.00536701099834791,0.06224334549061261,-0.08746620862782006,-0.07730001282893173,0.11552052362709375,0.16205537172613838,0.14086739050723063,-0.047263804067718906,-0.12418869595130377,-0.1686937919999919,0.13974990690270794,1.5639127729283915,1.0901664987812552,0.10047621954055042,-0.19095239185151602,0.4100061910281294
RYAN,2022-01-18,2022,125,180.0,0.8709063896838201,23.5,1337579533.0,-0.07128153407763449,-0.06757264579152955,-0.030641471356514183,0.009697934958196264,0.02740754712188609,0.012988505922734594,-0.019484059034849954,0.028753557308864752,0.019728833848056126,0.10775265430012904,0.08098439676764935,-0.024033094755622986,-0.11445180354791884,-0.09095928876885317,-0.04352042967767222,0.09670273382408223,0.1367698604127322,0.008071711595920794,1.6739400390278516,1.3916385784400687,0.5357446873441656,0.4799999480551862,0.3123636419122868
RYDE,2024-09-03,2024,125,180.0,4.190347666666667,4.0,12000000.0,0.04637676672483848,-0.01138260060782792,-0.4281684746332388,0.06232691124362888,0.08290592014347042,0.1293963282143591,1.6597130919961245,1.6656724438303798,0.03213627296652799,-0.9647058802904966,-1.0008399532215,0.08903885849246496,-0.1861111083516369,-0.20923731658733646,0.191826146423405,-0.9002770014497303,-0.9090408435331723,0.2704743306223052,5.142662215832948,14.075761636737246,0.8049999475479126,1.0824999809265137,0.8049999475479126
RYET,2025-10-06,2025,125,180.0,8.000001066666666,4.0,15000000.0,0.05839419170576576,0.024450010150597112,-0.8401730421736566,0.02758617968111432,0.02399991632565568,-0.03066844417157255,-0.040268497721342444,-0.027508104768380837,-0.08042211189838999,-0.18181818181818177,-0.21243481052965263,-0.1038545507203874,0.03418810472607814,0.03683685569552275,0.0214782603119279,-0.19310350440770163,-0.2142179593902509,-0.20287248010765602,1.4738419498435364,1.1064098608723758,-0.637499988079071,0.6375000476837158,-0.6784922452114345
RYOJ,2026-02-10,2026,124,180.0,8.0,4.0,5000000.0,0.016363664106889164,0.01653655029404788,-0.09726562696954189,-0.0017889496616928513,0.000848152518078793,0.06210308467662862,-0.06810037986318374,-0.05967696032470238,-0.005726384825208264,-0.14999995415027156,-0.13548719532181153,-0.28432818787430847,-0.049773815210716665,-0.05506702409429043,0.02201597813136691,-0.2093023335164479,-0.18391146269399616,-0.24624198757808635,0.013966480446927373,0.07914338919925512,-0.30124998092651367,0.252500057220459,-0.036206901938112934
RYTM,2018-04-03,2018,121,180.0,2.698437446808511,17.0,119850000.0,-0.3567648886370747,-0.31361792144914347,-0.012805242425245389,0.05522906001334471,0.04241208025910925,0.02788730477817558,0.16369714275761882,0.1469007126953279,-0.03427226777394432,0.16411485013304383,0.16475593221514495,-0.06982883253391059,0.3078503820224121,0.2790558539490169,-0.19370223431441203,0.4294946691736383,0.4003261845734172,-0.07617705291573373,2.710104716727826,2.1489304573525465,0.0011764975155101887,0.7588235069723694,-0.3072852800503285
S,2021-12-27,2021,125,180.0,0.0408162285714285,35.0,1225000000.0,-0.11704312651133064,-0.11951416361101652,-0.06119751207969948,0.031007797211870303,0.016855643417285737,0.048542668848300385,-0.10488725095924933,-0.10583009486036343,-0.037039865068410616,-0.1755565056250764,-0.0850413583436298,0.10195982108966906,-0.13168615359083413,-0.10286945973741457,-0.3139599258292194,-0.23914729685073066,-0.16237295682901554,0.11468920312502817,1.0851179772219497,1.4533540406517356,0.4742856706891738,1.0785714285714287,0.2141176111557903
SAGT,2025-09-03,2025,124,180.0,6.171428571428572,4.0,7000000.0,-0.03092786609233189,-0.04534559327754428,-0.33644641736254377,0.00531914387692578,-0.00010039881174384035,0.05683024003814596,0.026455064499479652,0.013297529055398494,-0.17367304182593857,0.056700975181118274,0.031801035457321936,0.08078743896971985,-0.07804876602100197,-0.10638297515486339,-0.09100994476518065,0.09042550931693527,0.046412839949076634,-0.0591606056101065,0.16408961817608078,0.8023561586199642,-0.5300000011920929,-0.19249999523162842,-0.4777777652681606
SAIL,2025-08-12,2025,124,180.0,8.276007733333334,23.0,1380000000.0,-0.11100334955581337,-0.12878473172795224,-0.07643391488712314,0.03326066550034823,0.02261464129417634,0.04799955248608789,0.03746696864842369,0.041948141331789146,0.1892037441061507,0.007629685640613948,-0.011751106252883892,-0.07005530760065082,0.13225648207299234,0.10021164578591302,-0.12229504523714474,0.08015263364908232,0.05453614179431776,0.16985479186803887,1.517541139349548,1.367176796241876,-0.20260868901791784,-0.24043481246284815,-0.16636362942782312
SANA,2021-08-03,2021,125,180.0,6.821905361702128,25.0,587500000.0,-0.1348667034443647,-0.14378949950241005,-0.0889210758144302,0.06404842429946145,0.05591296053569472,-0.019127109042560653,0.15445765014656554,0.15098944477318876,0.08167218705703605,0.18002950620498148,0.1599698580850446,-0.17617454720678627,-0.10170906866765217,-0.0638182336865436,-0.16288275189391999,0.4495468807875933,0.4176220165593991,-0.12635079580703723,0.4845167207768573,0.7061501205953576,-0.3380000305175781,-0.013199996948242143,-0.5284900297285566
SARO,2025-03-31,2025,123,180.0,4.5743605,24.0,1440000000.0,-0.03719444754115531,0.027634425874427215,0.0003733055889239001,-0.019867583129662858,-0.02658039615234209,-0.029050935221267338,-0.15315315379817285,-0.054813876504856474,0.04083750678482756,0.19370571554447746,0.09469306246952192,-0.014694635301307546,0.070553271333053,0.010281275548874147,0.13400449276749837,-0.009197939558241774,-0.006786454324332447,-0.003969541038114088,4.861361020150429,5.9224903233978194,0.13250001271565748,0.09125002225240064,-0.1700763265595181
SDGR,2020-08-04,2020,125,180.0,3.063421534726458,17.0,201999984.0,-0.20864625963249928,-0.24567518631272767,0.4275701405836507,-0.015724496211209638,-0.019587110587152012,0.012758873579055807,-0.04434652518435689,-0.05264801659392604,-0.12299466848211849,-0.12393714583897286,-0.1834323953486101,0.3798395325060009,-0.218457022437749,-0.16823016155142545,-0.19337254540431448,-0.17595223421714823,-0.24836926922367475,0.25593159277275945,2.3387052836891025,1.7937192856286708,3.3394115672392006,2.036470525404986,1.575768094105813
SDHC,2024-07-09,2024,123,180.0,,21.0,161538468.0,-0.16719241597287104,-0.20575908860233616,0.053350504771620844,0.005208271715529067,0.004235828985997614,-0.013107659874151523,0.23363170507627862,0.2173674866094708,-0.021756399932049808,0.15998467129698168,0.23559626008905699,-0.1375249469426887,0.1458196950263717,0.09066315677802628,-0.14574603661236363,0.4384468728017965,0.49811047158953514,-0.1737973435218263,1.1854434517324035,1.2916757463499673,0.0057143256777809626,0.4661905197870164,-0.11999996503194177
SE,2018-04-17,2018,122,180.0,,15.0,884400000.0,-0.05898122181962595,-0.033926424850548864,-0.13925523098466086,0.03228871426494839,0.021590266605514108,0.02633875286711107,0.009199667205386008,0.03588456076151114,0.043863604376166876,-0.0300820342455137,-0.06095888715434428,-0.09036848455366941,0.40413525360072544,0.3785727581386813,-0.018313927893600646,0.010446402007697309,-0.0036560919907859812,-0.02777639824591427,1.000897323303677,0.9193427265900441,-0.29800001780192054,-0.1333333333333333,-0.35239854952355576
SEDG,2015-09-22,2015,125,180.0,4.437863142857143,18.0,126000000.0,0.15418890383809747,0.16111401683666815,-0.19884518657812822,-0.027413092468337008,-0.014433335954983084,0.021810813202307155,-0.1036125666937866,-0.0737533101542891,-0.09939447593048034,-0.00575727020397887,-0.08544048242087376,-0.022306142557455,-0.2819598979326381,-0.2935792204832741,0.07696878422785025,-0.1332045909808628,-0.16705368835043455,-0.10179089088809068,0.7360345093205978,0.6778821958609356,0.43888886769612667,1.0611110263400603,0.2512076649243762
SEER,2021-06-02,2021,123,180.0,4.6423681294240815,19.0,175000013.0,-0.38897107632650385,-0.3924861437052568,-0.20797497606497084,0.1275933791259687,0.1260207789319716,0.022157643544017724,-0.04139835498933375,-0.04453876220839326,0.31248587674131545,0.048624393451241144,0.03342220264157403,-0.06701498968425057,-0.003660736313405688,-0.033072492631904704,-0.43762675982349997,0.13347160071991193,0.11347974077658973,0.25993888478666394,4.817018208040382,2.291829417302646,0.5221052671733655,2.0221051667865955,-0.4877789488975146
SEND,2018-05-14,2018,123,180.0,3.974592804878049,16.0,131200000.0,0.008046817849304944,-0.020993394801189558,0.31442596088361907,-0.04934687953555872,-0.04982334968364133,-0.0006974869659055472,0.021755725190839792,0.02032710728782816,0.0016043405554100332,-0.0026148673888681806,-0.022917089321336404,-0.14420535056339456,-0.05393258426966285,-0.046546853676667554,0.054677210974589,-0.031204644412191618,-0.05345132642954842,-0.1434944608720813,1.3791047985388987,1.1542572621641407,0.7224999999999999,0.4175,0.5311111111111111
SEPN,2025-04-23,2025,122,180.0,1.625174625,18.0,288000000.0,-0.0627943646081125,0.018779659388118763,-0.2672744083534504,0.028475725673097196,0.012980262590771341,-0.47284325180081854,0.13355051946128582,0.09784024392531299,-0.16829675649749887,0.301724191086187,0.2506548210743782,0.18633803538628158,0.15562911502290655,0.13603599792391008,0.04974047848935104,0.5175880633198235,0.4121163035254898,-0.43867600569355925,0.5068022775676968,0.4533765085988322,-0.6683333449893527,-0.0005555682712130583,-0.7210280422144391
SERA,2022-01-11,2022,126,180.0,5.208785493333333,16.0,75000000.0,-0.24387758130681603,-0.23276745559570733,-0.06071064091531553,0.01079621124877539,0.0016879425855307328,0.011236259245830604,-0.07743657428970363,-0.03911831989907033,-0.016332459641006603,0.007235917776986511,-0.00558092460247539,-0.0575676526839185,-0.45114943788709616,-0.3810790681711196,-0.2956353895961721,-0.0607287204496092,-0.043607711118970216,-0.06257230265744063,0.42337002540220153,2.7998871013265596,-0.5368750095367432,-0.28687500953674316,-0.3773109172311643
SFD,2025-07-28,2025,125,180.0,14.069319734405216,20.0,521739160.0,0.027526855468750222,-0.013707362044919291,0.05220030987591784,-0.007115951470790471,-0.0068648556449208975,0.0060981014809404765,0.06281618103923337,0.0718751497162412,0.0015773018665694583,0.018246767494117577,0.000343527322797188,-0.005882475619854777,-0.060771307413552966,-0.09305305164329991,-0.0494713351014211,0.07450819305658007,0.0660793823157717,0.001888923724985725,1.0520234924098977,1.6851204039496346,0.1944999694824221,-0.005000019073486017,0.20962022226068067
SFIX,2018-05-16,2018,123,180.0,,15.0,120000000.0,-0.01579192483717773,-0.019159938656662878,0.16804291087794687,-0.012741880649305037,-0.016946912391075153,-0.029606997272434876,-0.03585086028990425,-0.03996485954557316,-0.10775077834785618,0.3445711817873456,0.3249266620239306,0.17066262860974113,0.2164454519758534,0.21336008148230912,0.015338804699009723,0.27984899271922115,0.25170437925175015,0.014022498134171335,2.8817911954941544,1.50833239026287,0.4126667022705077,0.29199994405110674,0.3986799384562161
SFWL,2023-09-27,2023,124,180.0,15.883333333333333,4.0,9600000.0,1.5980392642683006,1.6361637662795547,-0.34040317224388295,-0.0800000316691849,-0.08039916501239763,0.16875354145192234,-0.03363411497338353,-0.030371624254724283,-0.05984929932034411,0.03480474165585545,0.051547584890034415,0.020957905450808667,0.048400342321368583,-0.04133741918296563,1.0504830319037857,-0.0800000316691849,-0.060440491436400734,0.11818849915077156,0.5860390095283611,1.4274619910988977,2.3125,0.9175000190734863,2.296019916135968
SG,2022-05-17,2022,124,180.0,6.194003769230769,28.0,364000000.0,-0.37154746808312256,-0.2850575149419623,0.15707877712517093,0.13907281041896913,0.11850241110466686,-0.0034830619380983308,0.058139554811523775,0.09347946570725274,-0.05083495265444249,-0.31368634081175306,-0.2763916598218894,-0.1502876544642241,0.11644835575856183,0.10081018992289303,-0.17745791024075996,-0.17278752159977506,-0.12057430876748776,-0.204328373589034,5.8594765849311905,3.0938692892423796,-0.40678569248744423,-0.04285717010498047,-0.6644444321141099
SGHT,2022-01-11,2022,126,180.0,3.5266436,24.0,240000000.0,-0.1636173182477637,-0.152507192536655,-0.01176909529728043,0.08749997615814209,0.07839170749489743,0.0033303941239528623,-0.14482756088141868,-0.10650930649078538,-0.09385423299308315,0.17741937654695672,0.16460253416749482,-0.09882656427825054,-0.17123287223834538,-0.1011625025223688,-0.19328053385084132,0.09500002861022949,0.11212103794086847,-0.1794090817746381,2.712122553794386,1.6073083621122228,-0.33333333333333337,0.024166663487752205,-0.5223880597014925
SGMT,2024-01-10,2024,125,180.0,2.8877319529411767,16.0,85000000.0,0.5316803767197336,0.501954187426138,-0.4862349727632371,-0.059352504874502165,-0.06500792955620815,0.06456081134441893,0.23518164714870982,0.23532854853484675,-0.38004040886447654,-0.07120743582517408,-0.11702165550921417,0.5341046684402622,-0.04166666666666663,-0.06855700560456512,0.2690715672681756,0.07913670175336285,0.027562458929063505,0.008225136578190462,0.3666105922617321,2.019838737745809,-0.6525000035762787,-0.44999998807907104,-0.6514106577261642
SGRY,2016-03-29,2016,123,180.0,2.3711578578928947,19.0,271415000.0,0.06564882684230566,0.023873188376672294,-0.04811872945144513,0.0315185944972034,0.0222684981913035,-0.047053943583869384,-0.13055550073399802,-0.1260216049758106,-0.08234131630406383,0.3226836150531849,0.29951893670956053,-0.13582563859853936,-0.14251206115862913,-0.13748619929303252,0.004899267450308331,0.1862463768403062,0.15829915915548742,-0.2522553082482425,1.0320752286487183,1.3685430890119799,-0.26526315588700144,0.08631575734991803,-0.22915518676639213
SHAK,2015-07-29,2015,125,180.0,1.2616294,21.0,105000000.0,-0.12934171044062337,-0.14837590232535725,0.34869576636341626,0.18066113690154406,0.17378203486738641,-0.06570745061246441,0.109895441083951,0.11321658229974407,-0.08277331075911687,-0.30878518433149393,-0.23447662020477722,-0.19439928623690306,0.06837244758111538,0.07639472858246399,-0.08706576476435679,-0.09422490771244252,-0.02318876866349373,-0.3080531035015056,2.6024059836757134,2.120672057536316,1.5066666376023066,2.0309524536132812,0.14684090718318266
SHC,2021-05-19,2021,123,180.0,4.953471137339056,23.0,1071800000.0,-0.10579538740618677,-0.10523733859420448,0.015560139431100461,0.001739926747524212,0.004361709248478118,-0.05203462753551824,0.04906639718086758,0.029083867206255443,-0.04936501505272295,-0.009519848662621788,-0.016439918927255937,-0.028609552667105076,-0.05474297740226297,-0.07694833581656102,-0.0678500523352783,0.04088736595980835,0.01653916301798919,-0.12875400546577165,0.8860292325583015,0.6596242987226714,-0.000434792560079833,0.21739130434782616,-0.08406376805911475
SHIM,2024-05-13,2024,124,180.0,6.131154405594406,7.0,25025000.0,0.025352155999091686,0.005796473053814699,0.07300993148959689,0.0,-0.0001342951490974631,0.007483722714049401,-0.535714283375014,-0.5532797455197055,0.009610608629393669,-0.047337301897445005,-0.06033585806122321,-0.4703783418847056,0.05590064135337647,0.019528599603261698,-0.001231591268689769,-0.5576923165095626,-0.5886230908757828,-0.4564838675820465,0.8766052484645449,6.520565791922576,-0.47999998501368935,-0.11428574153355187,-0.43124999208375825
SHLS,2021-07-26,2021,124,180.0,0.1815292337662337,25.0,1925000000.0,-0.1359223335768145,-0.17083175753546054,-0.35344675393607816,-0.0195723418825966,-0.022027191558171122,0.07993975443192758,0.05951943274533411,0.06729684139171388,0.14940564982934168,0.10083738328803205,0.07873904121289121,0.14397642034213365,0.013629170065737384,0.044103624712275025,-0.1608654259015394,0.14353023061151426,0.12689158151482616,0.42314145075470844,0.6306663264072636,0.7272261247587963,0.10360000610351561,0.2939999389648438,-0.16393938931551844
SI,2026-01-27,2026,124,180.0,3.045702,15.0,75000000.0,-0.06671023588189329,-0.07011412297207109,0.2171842198730295,0.0,-0.003984250492172103,-0.05167459865963464,-0.0616678406595389,-0.05309839894048329,0.11146861983977363,0.004480915937564056,-0.0007690296244571293,-0.06181942678104069,0.07063195708082604,0.1230448775312789,-0.06493206520307682,-0.057463253132021386,-0.058069613412585985,-0.014055852457524498,0.30924191553277963,1.0953054132061024,-0.048666636149088505,-0.19266668955485022,-0.051827224125311155
SIBN,2019-04-15,2019,123,180.0,2.1938247222222222,15.0,108000000.0,-0.08337811857654953,-0.1148380957558971,-0.2132102362472783,-0.01173713334470583,-0.011082313800288124,-0.0029280627403681647,-0.01959619481685937,-0.029631728319838957,0.00012994564733292968,-0.0066626655861053985,0.02570557679398222,0.052809002574763175,0.06707319555220237,0.04946550021196949,-0.11077811294677375,-0.037558759542899,-0.014261235141510342,0.05118653102856552,1.7062558795860772,2.2991141423643775,0.13600006103515616,0.2533332824707031,-0.15054828668078257
SION,2025-08-06,2025,124,180.0,3.0158447589885866,18.0,190588194.0,-0.18729712866653958,-0.19959674422791618,0.005874675025580256,-0.03137485013495611,-0.03903454537223683,0.014819981280795425,0.2314487874631701,0.21231103849688449,0.1664795004187729,0.10282159895837428,0.09626237122547798,0.07331469738481422,0.270598435196588,0.23963347380711664,-0.04979314014568659,0.3154591307865533,0.281779137473527,0.2785678407153862,0.5837155963302753,0.7661187563710499,-0.026111072964138504,-0.32555553648206925,-0.29879997253417967
SITE,2016-11-08,2016,126,180.0,2.9542239,21.0,210000000.0,-0.1675307241845967,-0.15360580877642516,0.0089747818748791,-0.019665695738073086,-0.02416959787908557,0.0025111625784683955,0.1782013326060199,0.15872537091783112,0.021501405223071424,-0.06299662641785975,-0.09195029766379414,-0.0362971973363877,0.10539065699552741,0.09376999564457145,-0.15495360264931035,0.08226811570147996,0.028550017953882234,-0.012087629877875372,5.7219279021208305,1.99945929466715,0.452857153756278,0.8447619846888952,0.14398200755916535
SITM,2020-05-19,2020,123,180.0,2.3255813953488373,13.0,55900000.0,0.4864721427437426,0.4388496993455113,-0.11437542574768078,0.10385438257927726,0.11412556488197856,0.007612678496683345,0.03491749129328969,-0.004675609060384778,0.12441168106863376,0.457669549955078,0.430884701948262,-0.1963610413081267,0.048006894251866106,0.01871213465637145,0.21127337642397226,0.6652390822671717,0.6087644935820551,-0.0346383663982992,4.191716513969864,2.2962570354105147,1.1553846505972056,1.3846153846153846,0.5024129239082418
SKWD,2023-07-12,2023,123,180.0,3.200008757444805,15.0,134285745.0,-0.022323311434700344,-0.05153940293717674,0.05532816936241047,0.052431280808418856,0.04438536111546232,-0.01665302193058671,-0.01084767203840642,-0.03142976122606844,0.15286854953845708,-0.009342056935206844,0.01141807477307899,-0.10383891315617899,-0.02870024079983846,-0.026681185507669403,0.06570760807660125,0.03128963141878249,0.02385391156058181,0.02201406950017626,2.1423738304673465,1.157827605248217,0.576666641235352,0.4346666971842448,0.23821985058570117
SKYT,2021-10-18,2021,126,180.0,4.462032040229885,14.0,97440000.0,-0.13201426224119694,-0.1421411341997666,-0.06894565418050791,0.12070252296747785,0.11774200232541965,0.0003475284724161476,0.07969327493289136,0.060998793155745856,-0.12963966125352622,-0.27022858612456346,-0.29630696435121706,0.483482627556455,-0.35886584187086457,-0.350158639962574,-0.1408251268240408,-0.11696565924304647,-0.1653205559499379,0.28841827632887784,0.8706055996865157,0.5559886186741921,0.9114285877772743,0.7885714939662389,0.5084555002333655
SKYX,2022-08-09,2022,124,180.0,45.36966303030303,14.0,23100000.0,1.1543859901557383,1.0795350456024504,-0.6400787582413967,-0.4136807845415913,-0.409709782411664,0.0053921850959873785,0.011111167036458314,-0.033498060704498345,-0.39237804425777467,0.09615381718286575,0.170438230775936,0.0801128124137358,-0.17293234475469865,-0.1209186625562485,1.5543098440211305,-0.3501628507655761,-0.3133338916751963,-0.33109331851801316,19.941389632897433,6.615408854576965,-0.5614285809653146,-0.13500002452305382,-0.48185656803126065
SLDE,2025-12-15,2025,125,180.0,4.205586875,17.0,408000000.0,0.0831825887928841,0.06871911629707705,0.1198024775098745,-0.027824152426562554,-0.026313313887896816,0.020682562599031784,0.11390955062012842,0.10788655069544384,-0.07999119617619799,-0.14645419363843337,-0.15452914380667826,0.12088643802550503,0.003612249472464857,0.016779243523667664,-0.020675527734881016,-0.07568162242456178,-0.08829599619649064,0.05358259690280098,2.6969913146722675,2.200732008667036,0.057058783138499436,-0.19352940952076636,-0.11259262650101276
SLGB,2026-04-13,2026,123,180.0,40.0,5.0,5000000.0,-0.18571428875533902,-0.20583263314350153,0.3492089364880733,0.032894705454040496,0.023122307669688702,-0.12045872356074816,-0.04352436327273035,-0.0764933122919601,-0.09005318537663076,-0.36736961335440377,-0.41051785011074227,-0.14208560227997702,0.27894733594945453,0.2819907554505382,-0.15413431615113826,-0.3750000081694963,-0.4630698929091178,-0.309354177918577,1.390570021111893,1.0394870591914926,-0.8175999999046326,-0.7880000114440918,-0.8272727340459821
SLQT,2020-11-17,2020,126,180.0,4.677798736842106,20.0,570000000.0,0.07464266241240725,0.014527469957416494,0.18325932446161297,0.05467983507728902,0.06005814041871116,-0.049733179337635436,-0.02195232679608372,-0.029162149154022377,-0.027109751365491985,0.10649472231910262,0.08736027987740402,-0.14356637103083114,0.015968961502592194,0.0010298832987967188,0.05731880158187996,0.14137935699986648,0.1204178710799364,-0.20809676075403316,1.4268988819936061,1.639216970888157,0.014999961853027433,0.05850000381469722,-0.24814817640516496
SMA,2025-09-29,2025,124,180.0,,30.0,810000000.0,0.0024449918291280515,-0.017434230191760935,-0.04825402095964715,0.009485053106993213,0.00667464343218982,-0.008897271038647236,-0.05771816176856126,-0.06966668027641865,-0.014798870388525565,0.06866096729858784,0.04836644342298202,0.012056878821830486,-0.16875495333529744,-0.1446611905647125,-0.021869652693190078,0.016531077789427417,-0.01885616141605495,-0.012767291811781822,1.4024431169877174,2.1320502494574582,0.2300000508626303,0.21033337910970062,0.12671760384363062
SMJF,2026-06-02,2026,123,180.0,4.893,4.0,10000000.0,0.5093749536667027,0.45679748564526146,0.6541375086729986,0.055900618052048046,0.0545427076890983,-0.008105399635541133,0.04313730806719662,0.0727856871686603,0.03501936267277861,-0.02255645836920439,-0.03437386847287671,-0.09736247942499898,0.07692309808448994,0.08238062767969823,0.37904463856769555,0.07660453238168619,0.09345264669591691,-0.07404477037948154,0.26694726820621706,1.2220990414868542,0.20749998092651367,-0.6725000143051147,0.07095336553975207
SMMT,2015-09-01,2015,126,180.0,,9.9,34155000.0,-0.09848486435752746,-0.040712828011365665,0.08235963380433209,0.011764735110138425,0.04161243051731789,-0.02558290990007661,-0.010797351731960503,-0.026545325588086643,-0.007023182829875241,-0.12594458599644154,-0.1097220462755304,0.20752139702305583,-0.02689718896017068,-0.11727965320955269,0.013845401846755201,-0.12521006881361452,-0.09465412536199103,0.16616704523089587,1.7181854676836612,0.9260002676301352,0.2020201634879062,0.12929296011876557,0.16781159063430007
SMWB,2021-11-08,2021,126,180.0,8.2860195,22.0,176000000.0,0.005572472726798283,-0.06447278021658054,-0.15739865865566716,-0.02670028596776608,-0.027554006962209554,0.0030823885229536163,0.021739134727132736,0.024937906448772473,0.021896976828515213,-0.16514692333743497,-0.16696539052361126,-0.0778608942121054,0.04247577563005578,0.042262215145353554,-0.04351518042252933,-0.16977333876423217,-0.16923975500086308,-0.05467843225003255,2.2387650712458895,3.794757033248082,-0.09772725538773974,0.08999997919256031,-0.09236398629395193
SMXT,2024-08-26,2024,126,180.0,8.888930222222223,4.0,18000000.0,-0.20519480036933202,-0.237686906684224,-0.6950804535237035,0.058823552327814665,0.06120739030804867,-0.01604280749193865,-0.6604938208012114,-0.644962229155907,-0.23077579714712326,-0.34909090455898584,-0.38390464551711445,0.17840327706187686,0.14525135386202703,0.12421158528495169,-0.12315571399190717,-0.7660130608193341,-0.7823259827955733,-0.11238355203557693,0.8746026139173437,4.957258919109855,-0.23500001430511475,2.117500066757202,-0.6175000071525574
SNAL,2023-05-09,2023,123,180.0,2.083806666666667,5.0,15000000.0,0.18699188252593424,0.17935045532750782,-0.028615754627069445,0.07534242459277785,0.07972774610612543,-0.025692716645550284,-0.07643310979895512,-0.07477834453990573,-0.04890679009905008,0.1310344564503636,0.09130261539498563,-0.17278848712874662,-0.04268291619191322,-0.07081560953013077,-0.0076688268975712015,0.1232876157554832,0.08982830024124921,-0.22922480785806765,3.6555360281195077,2.133567662565905,0.46000003814697266,0.7100000381469727,-0.351111094156901
SNAP,2017-08-29,2017,126,180.0,2.30917208,17.0,3400000000.0,0.11119235520161341,0.12010752686005022,-0.20584918793943796,-0.013166544752471254,-0.014311406227352275,-0.014911171387738564,-0.03268844420279893,-0.04106086708157208,0.021790116565397533,-0.026206904444201262,-0.03896514354158298,-0.23185699909641033,0.002832858511134795,-0.018122911016651866,0.05407883830007498,-0.07044106151299967,-0.09284771630887734,-0.2257406562033205,1.2033036623787332,1.323753436234832,-0.10647061291862936,0.17647058823529416,-0.37949346959033303
SND,2017-05-03,2017,123,180.0,1.926385641025641,11.0,128700000.0,-0.24921532900027143,-0.2638331100508824,-0.008447091241616134,-0.04849497674382264,-0.04728038303551518,-0.05337562329354795,0.07205621147434438,0.06622763291618083,-0.060482411904627664,-0.18196723784723812,-0.1965168087156539,-0.04547792779002946,-0.0991983784095769,-0.0909390321661725,-0.15408066273976329,-0.16555188040094826,-0.18477538526235893,-0.1502298305398333,0.5007308113395244,0.684906383901032,0.0872727307406338,0.6754545731977983,0.08826208255053647
SNDR,2017-10-03,2017,125,180.0,2.1267105399523265,19.0,549993000.0,0.09003502835889066,0.07195880558401502,-0.04428486635768314,0.006816362175365409,0.004676249340638927,-0.000818619192951564,-0.02827562622712887,-0.035235977815310626,-0.014633374161186152,0.0733606944062386,0.06342432323423997,0.0633133680725192,-0.011836631041220791,-0.03345824368194261,0.07056706310162997,0.0501202876196023,0.030977982483016975,0.04735239770125188,1.5920915712799169,1.047173083593479,0.31263160705566406,0.10526315789473695,0.31263160705566406
SNDX,2016-08-30,2016,126,180.0,2.9483352272727275,12.0,52800000.0,0.18003271368176876,0.17348713355378442,-0.21375857784318475,-0.015950103654212677,-0.014301447264098543,-0.13218390032456284,0.0028188839348750605,-0.0018141183900606261,0.03753941217651824,0.004919230551678089,0.015740632207453142,0.1905950083964303,-0.10209790340373026,-0.08871166861488866,0.41015567077590376,-0.008321767331773922,-0.00044486123223430596,0.0648590317242157,0.41026742562560414,0.6193391329252139,0.20166667302449537,0.10416666666666674,0.20066609504440325
SNOW,2021-03-15,2021,124,180.0,0.2931681785714286,120.0,3360000000.0,-0.23007400816342372,-0.23864815824092644,-0.32301547902490657,0.03808693263841745,0.03212335826376611,0.12013251988896556,-0.0754313742720426,-0.06579486840960524,0.00024182273005690647,0.0785051045574392,0.026873659022015772,-0.016902382936915483,-0.15381382239392638,-0.15708371085833173,-0.28535081002123985,0.03513044274371602,-0.012577997365517124,0.10398581423062647,2.057306443288228,1.5122925462513264,0.9166666666666667,1.5470001220703127,-0.09423854355926808
SNYR,2025-04-21,2025,122,180.0,6.568457391304348,9.0,10350000.0,-0.20192304459314026,-0.13281480613670615,-0.233832652167122,0.07630524357138779,0.10010792380343292,-0.0754787304197303,-0.283582123410969,-0.35552493175502153,0.1217705047035984,0.10052081422181747,0.02064425626572919,-0.02079779352399802,0.02697594059687458,0.022470512638677942,-0.4464503081766452,-0.15140565944424345,-0.28141839843658656,0.015644017759111284,21.578434556674246,12.01472339504168,-0.7233333322736952,-0.5255555576748319,-0.7233333322736952
SONO,2019-01-29,2019,123,180.0,6.083693021356353,15.0,208333320.0,0.08489631263194819,0.021648027961645555,0.13071347505289144,0.019108284123795505,0.020435271121660104,-0.009940242503285401,0.1758928839801528,0.13910611693756114,-0.14095448975666403,-0.1883067943465433,-0.21064295680420164,-0.05138624321346097,-0.07670717745667277,-0.07831885965502261,0.03199394255012189,-0.02729756114492987,-0.08583563314123477,-0.17744120098441896,2.5175839145915795,2.4952690548438836,-0.26733334859212243,-0.1186666488647461,-0.4480160795909479
SOPH,2022-01-19,2022,125,180.0,3.8721623846153848,18.0,234000000.0,-0.1265871118565678,-0.11923719792719478,-0.03702880551575216,0.10220262629294274,0.11258618417104949,-0.03644856694009868,0.023980830155562405,0.06464490346422314,0.01835839069733125,-0.04059332090008094,-0.0710977305907815,-0.19246314697908085,-0.2961757814988579,-0.2837933392603439,0.05608760138387825,0.08281934350574693,0.1044846249849346,-0.2096341842324002,3.989201002764029,2.971224100619228,-0.3694444232516818,-0.08888891008165145,-0.3227923492560144
SPAI,2025-02-24,2025,122,180.0,12.412008823529412,5.0,5100000.0,0.14529914297690527,0.16138769985856782,1.2006025665512436,-0.07462685416409909,-0.07007643169245092,-0.06929237809100319,0.002688169458695544,0.025192819325441485,-0.07838040021708181,-0.21179623533869563,-0.19519722867989697,-0.10657344625390008,0.17517001920485953,0.2567440432010908,0.18504356181230075,-0.26865669871399867,-0.22555241287486905,-0.23031706542696195,0.22805273719547645,0.25780961847427214,-0.1960000038146973,-0.571999979019165,-0.05854800962920714
SPFI,2019-11-05,2019,126,180.0,4.16908875739645,17.5,59150000.0,0.060549268766369346,0.011791219088356453,-0.06349226727137869,0.005885837717297671,0.00699198452177352,-0.013101510243268666,0.015213588447070103,0.008797273336053069,-0.0191873967321623,0.09625360458651921,0.08829246719144446,0.02569019179460008,0.10147214819797679,0.06631510553617281,0.014466856437627573,0.11948209028798051,0.10617566349661045,-0.006368806686323225,0.847457627118644,6.049905838041432,-0.02914287022181916,0.012571389334542493,-0.040654960506788296
SPRO,2018-05-01,2018,123,180.0,1.4359425454545454,14.0,77000000.0,-0.14718311131414374,-0.17452613578901133,-0.10108376450513679,0.08257638549548729,0.08079951050644785,-0.013515247974725586,-0.08390537426407585,-0.09122669044254916,0.14256796951513095,-0.09825148065676936,-0.1195686230124835,0.24521264908110962,0.29178207476207874,0.30374047475921295,-0.08325492085723085,-0.10569775138394988,-0.1363203187231392,0.4003122906536214,1.8701791859499228,1.3381590918080772,-0.13500002452305382,-0.13857139859880718,0.05304344840671704
SPT,2020-06-10,2020,123,180.0,3.315785858947609,17.0,150000010.0,0.23300559662910558,0.13628761869774864,-0.14447065722709485,-0.020457702824767443,-0.014877701898176166,-0.0224476398382496,-0.016637143835557255,0.006372249073190783,-0.11575228276424443,0.05039595334507263,0.04166849011994844,0.3135508704369563,0.014736130934841274,-0.0487220450928918,0.7263590836349643,0.011789186920561745,0.0317711174401083,0.16686069305473827,5.948484139973502,3.2051931520016623,0.6964705972110523,0.2052941041834213,0.7373493668579338
SRAD,2022-03-14,2022,126,180.0,9.813419842105263,27.0,513000000.0,-0.1309192311551859,-0.06582086134479392,-0.07246789893127359,0.10336546176636996,0.11067378483321844,0.03333819733076915,0.10602752621184508,0.040344037846287595,-0.05728724822088227,-0.10177276977337002,-0.09171403516332388,-0.1962451351413539,-0.2770467746568026,-0.184234409127652,0.05601243321832383,0.09615391081371949,0.04889986801747925,-0.21468061549360484,1.5095486111111112,1.0452835648148149,-0.5377777947319878,-0.44296296437581384,-0.501796410286008
SRBK,2024-03-18,2024,124,180.0,0.0499999337395247,10.0,90551720.0,0.0010526556717722624,-0.01452467676088487,-0.05969187039636137,-0.009463738214701811,-0.015406893499992913,-0.005997071027632472,-0.004246280417097625,-0.017719809990574986,0.009914493504073585,-0.02132194102612328,0.00992268667787366,-0.051578822114803025,0.0021785951442814255,-0.037084187731813545,-0.002999422115054884,-0.034700306599767305,-0.022343270021112138,-0.04848495089359406,0.41129943502824856,0.5988700564971752,-0.04899997711181636,-0.02899999618530269,0.02478453691043425
SRRK,2018-11-20,2018,125,180.0,3.5598014925373134,14.0,75040000.0,-0.10118263134743766,-0.0796924911625545,0.6669550913285145,0.0765107046686353,0.09501687662469405,0.007627626458834191,0.08646445605335806,0.04686127701181242,-0.03888771677527603,-0.18166669209798159,-0.0818415418913172,-0.22049999009935117,-0.25101830472051334,-0.31449683083148894,0.23411489649222994,-0.04288504134912363,0.038608854738468534,-0.24520973037123206,0.991062879029684,0.7226832641770401,0.46571431841169075,-0.04357140404837467,0.3680000305175781
SSTI,2017-12-04,2017,126,180.0,2.2546157142857144,11.0,30800000.0,-0.21985817081885117,-0.24652844223799386,0.0684342979279875,0.025757587689451578,0.026967512884109923,0.04155100218075369,0.0014771386868552838,-0.006738136507417725,0.34437883753502696,0.08333326886420145,0.06771236202538056,-0.18134962643867691,0.14363510666772883,0.10255851665249538,-0.13823705493516203,0.11287877217030928,0.09015318055035393,0.15008843129428606,1.9426647336669316,1.6262139705996974,0.19999998266046703,0.09090909090909083,-0.08205843503372312
STAK,2025-08-25,2025,125,180.0,8.0,4.0,5000000.0,-0.005586586970037999,-0.018473138982703752,0.31822463786366706,-0.02247188904267039,-0.018070861836810503,-0.14054419805025375,-0.5045977104417334,-0.501173501883834,-0.1908117119414442,-0.13109046076742015,-0.1669190982822626,-0.054331906058369794,0.014686218156975128,0.00250311508706913,-0.07982492311275358,-0.5792134691497739,-0.6069521133390532,-0.3545238217514419,0.8615512927439533,4.132332499304977,-0.5550000071525574,-0.45749998092651367,-0.5227882138638933
STEP,2021-03-15,2021,124,180.0,0.5207142857142857,18.0,315000000.0,-0.20609696546705147,-0.2146711155445542,0.20810280870516018,0.05021334824825341,0.04424977387360207,-0.032056544162289535,0.07593750953674316,0.08557401539918053,0.054188230574498064,0.03020624183296916,-0.021425203702454265,-0.040804285396060735,-0.10290390189635723,-0.10617379036076258,-0.13212210479939723,0.16409589826138338,0.11638745815215024,-0.02043458282103705,1.5096378146101903,6.4701452834049515,0.692777739630805,0.5250000423855252,0.2187999725341796
STIM,2018-12-26,2018,125,180.0,2.044646909090909,17.0,93500000.0,0.04772601948108757,0.15754559654513067,-0.24325973135318857,0.02197212490700906,-0.028552738637064312,0.07394512106861262,-0.012585200574665278,-0.004582982601945895,-0.03327831633175826,-0.1986192132911102,-0.2869447997635046,-0.24640928255410166,0.17428755030963772,0.12259069464901051,0.15487317513727228,-0.1913183131841949,-0.32548236086162774,-0.2088202649966987,1.3474511906357503,1.192720665981623,0.09764704984777106,1.0558823978199676,-0.328293758596543
STNE,2019-04-23,2019,122,180.0,1.3666502656953412,24.0,1217391312.0,-0.3802008544848964,-0.41966366205399896,-0.02331204338985482,-0.030092618994969844,-0.0390843024893931,0.026714363000015284,0.14518701728297634,0.14129469239956371,0.32210821635160314,-0.005210195245183291,0.020332215232553574,0.1688226319588031,0.02548887797283994,0.002627590165384941,0.011956823739301292,0.10493824480510572,0.1178916309296002,0.5977298237835711,3.304498798561051,1.6824358422341672,0.08000000317891431,-0.10708332061767578,-0.17320574925368526
STOK,2019-12-16,2019,126,180.0,2.9868811865504346,18.0,142039980.0,-0.06754149017005073,-0.092642507251811,-0.22300963483424452,0.0339403849339035,0.0270703716178069,-0.0007051843115546408,0.07566058173065393,0.07027716632939218,0.06176003677583841,-0.12467436832299339,-0.1463728964165607,0.3020457759830588,0.1968537019835941,0.16982669003562645,-0.10839057448513822,-0.02649004112957354,-0.06074566594456099,0.3894553503774736,1.0595054095826892,1.7631375579598145,0.3422222137451172,0.9749999576144748,-0.055142740095437515
STTK,2021-04-07,2021,123,180.0,2.363129202030036,17.0,201999984.0,-0.2549288405420004,-0.3188500231325263,-0.05880086937037898,0.044836503555757856,0.04367920712525941,-0.05353326977067374,0.16672521325673695,0.15477210099889915,0.06083062945658857,-0.012360562859360158,-0.02281137745504691,-0.19459570896301648,-0.16117213216785553,-0.16843608650019914,-0.352445464421448,0.20396910782064848,0.1802568922228085,-0.20294090563647327,2.0705003948596454,2.072654174743341,0.6005881814395679,2.290588154512293,0.4062014753513883
STUB,2026-03-16,2026,124,180.0,9.077483994810848,23.5,799999996.0,-0.14253140383026908,-0.11467161114929136,-0.018167269402219355,-0.00797871581538867,-0.018155604328191965,0.04309514778316137,-0.07774797865150196,-0.057345270527311865,0.15634599010631045,0.002906973923522793,-0.05672257961592586,-0.34502818604209917,0.06086957543318405,-0.002085770187627567,-0.15248050856940143,-0.08244679350154649,-0.13102074903856398,-0.21169923560361104,0.9235921264596435,1.1860622800013918,-0.6800000008116377,-0.5251063894718251,-0.6581818190487949
STVN,2022-01-12,2022,126,180.0,0.03389765625,21.0,672000000.0,-0.176049989922074,-0.18286567165442214,-0.05881403247197503,0.002169143547736674,-0.0005343987911070602,0.027118320145600228,-0.006493448855910966,0.04503300348105643,-0.11764958703881123,-0.037037052427568384,-0.04278972690819238,0.044608500935924056,-0.1380090775984496,-0.07291070778805764,-0.17420225295198588,-0.04121476176088823,0.0022764413807427886,-0.05376504740992649,2.0636299562359652,1.0753058291945998,-0.1219047364734468,0.12619045802525153,-0.0625317507608304
SUPV,2016-11-15,2016,126,180.0,1.7031560961826886,11.0,280500165.0,-0.02491588078981455,-0.04473879894729904,0.05704157224937645,0.008287351037779667,0.0004845786568719035,0.006607185659719961,-0.006849341017596711,-0.01738628010784904,0.09519429914892741,-0.0655172282251818,-0.08954480555658983,-0.04160523318107223,0.0627305841941328,0.05755085095677814,0.009686506493337577,-0.06422647658163072,-0.10711861704055115,0.055823975182043406,0.6378883695353313,1.1287920447255062,0.3163635947487571,0.2390909194946289,0.259130394977072
SVCO,2024-11-05,2024,125,180.0,3.754886333333333,19.0,114000000.0,-0.46192890882227844,-0.46546890496323967,-0.08483747199746094,0.017295543139629332,0.005203767498699108,-0.026670152993258145,0.07109738068992222,0.0360704832051697,-0.023931988252413827,0.22655125693383527,0.208524873468646,-0.09705843580408757,0.0023529950310201553,0.02820620510211269,-0.5138048061907828,0.33647795936492786,0.27005235127080973,-0.14080267619589737,0.4146699946948679,0.5418192254507188,-0.665263150867663,-0.09684211329409953,-0.678787859667686
SVV,2023-12-26,2023,125,180.0,6.197875385357021,18.0,401249988.0,0.18402281308609814,0.14371970174083804,-0.2000305263884905,0.036144600462750365,0.031922073225819636,0.023689792376558105,-0.006395384039085572,0.008026954738564962,-0.010192738975168258,0.06026920289345572,0.01922739337602586,-0.2406226432556441,0.08498890379984458,0.04437663124734925,0.2553413689686581,0.09156629053216281,0.061206309389726155,-0.2207740065070306,1.0880493446414803,0.8669750706759188,-0.07777775658501518,0.09666665395100904,-0.27542555687337356
SWIM,2021-10-20,2021,126,180.0,5.02046355,19.0,380000000.0,-0.22792018348803322,-0.26714719631944905,-0.2517683185817152,0.06346860845546631,0.05954088575855332,0.016500952421670045,0.051353211585984715,0.04797132620124067,-0.02765089872810067,0.47590766820895425,0.44462597430522277,-0.18319328269376145,0.024597460735574783,0.028207497024985595,-0.2342139908044667,0.6501845236607999,0.6113508661267426,-0.19281356381163772,1.316085996304142,0.8989247958013452,-0.2868420952244809,0.5684210124768709,-0.5027522865785371
SY,2019-10-29,2019,126,180.0,,13.8,179400000.0,0.13759485598587196,0.11559128749500269,0.08602655824752059,0.07809520903087819,0.0783919328736502,0.03488747138367643,0.054770309388131766,0.04217175580522747,-0.2956895321446996,0.0008375401367908264,-0.022124345740805573,-0.10542747640896943,0.021757341676294617,-0.006452083463571956,-0.10882708255755125,0.13809521993001295,0.10255285523115498,-0.357605921714059,1.9818546284601926,1.1792946556512134,-0.23913043478260876,-0.008695630059726178,-0.42307694726139333
SYNX,2024-07-10,2024,123,180.0,3.2,4.0,5000000.0,0.428571443776695,0.3877295172963915,-0.1227911603407551,-0.04062503515742666,-0.050520324869068434,0.13046185673378785,-0.11074916011811586,-0.10294611581956725,-0.2721158109212899,0.06959709007069592,0.1383298604392641,0.08333020391185708,0.0650684293964221,0.005395399261886036,0.07050138522244942,-0.08749998975545181,-0.020643752682266592,-0.10937214808659557,1.8264014466546112,1.139240506329114,-0.19999998807907104,-0.14749997854232788,-0.11357336823446806
TARS,2021-04-14,2021,123,180.0,2.501638909090909,16.0,88000000.0,-0.0672727064652876,-0.10877009941068527,-0.13699739314484394,-0.025016258628536958,-0.021601122275880846,-0.03709051938302532,-0.01866042857951855,-0.02988899822375235,-0.1055688809616504,-0.02444825813414553,0.0011724390429108666,-0.09980002100858953,0.34319529298482077,0.298302514007857,-0.18975114955554506,-0.06660172510322948,-0.04855691099243775,-0.2248915581917249,1.2154081490752329,1.0063505307560376,0.9237500429153442,1.583125114440918,0.49562686106670495
TASK,2021-12-08,2021,126,180.0,,23.0,303600000.0,-0.33110900234027507,-0.32972288094339985,-0.10561758805369281,0.04441811910590765,0.04177015157022956,-0.007212800372065731,0.06549913971942134,0.06319888176424349,-0.05579781374130377,0.016435442536652634,0.02208780893616391,0.019103986433589126,-0.358462832375133,-0.31734647101685365,-0.3280394976127128,0.13111640517414336,0.13184245868652245,-0.049200406608052916,1.086586260416765,0.7450433461257138,0.8304347162661343,1.5586955858313516,0.3541331060629389
TBBB,2024-08-07,2024,124,180.0,,17.5,589060308.0,0.023418228892805315,0.08399536261680962,0.14011282733908814,0.04857490964404776,0.05525891061378374,-0.0874526741650612,0.07197546326042836,0.023600751205143045,-0.0896507699731649,0.048571450369698566,0.03779446581510082,-0.002333522664710763,0.01941415813946734,-0.013718467646085086,0.1500773222309928,0.1786431469369021,0.1260529723633883,-0.17686345882692422,0.8492892860877214,0.44543402446750274,0.4234285627092633,0.3205714634486605,0.3076115929155161
TBN,2024-12-24,2024,126,180.0,3.55296768,24.0,75000000.0,0.05333333775617066,0.05471032103230644,-0.0885080378745512,0.0,-0.011115010046286677,-0.023567944875871327,0.12768297661435235,0.15538956813729676,-0.005978261576890631,0.22010738307761923,0.1949124253263821,0.010273153327778006,0.014000015258789134,0.022559010411373426,-0.1318082952535765,0.3758943255381175,0.3680246915160754,-0.019745207200385417,0.07261410788381743,0.4382780082987552,-0.24291666348775232,-0.19958337148030603,-0.16459769764165766
TCBS,2022-01-11,2022,125,180.0,0.0155872058967023,10.0,32077590.0,0.02397925328847683,0.03508937899958553,-0.06652792193114476,0.0,-0.009108268663244656,-0.00023962235070973392,0.03101270372640985,0.06933095811704315,0.01363584316613009,0.07427863821169622,0.06146179583223432,0.004772125701622665,-0.02228567940848214,0.04778469030749444,-0.020877182680239192,0.10759492333816678,0.12471593266880576,0.018036930913912896,0.0,0.6465005931198102,0.5800000190734864,0.5399999618530271,0.047745376039223464
TCBX,2022-05-09,2022,125,180.0,2.661122571428572,25.0,87500000.0,0.03523635171678818,0.11864209094201283,0.023506580776994412,0.009478725953518286,0.04149599397366466,-0.029958446731343402,-0.022620600927965917,-0.02744261877312626,0.0680338257203692,0.1148472101277711,0.0757310261698314,-0.07820126533852068,-0.1374853166658112,-0.07314221610211613,0.06990150820660734,0.09995698809505416,0.08926025562153606,-0.03907097319315844,0.5496499870365569,0.8205859476276899,-0.07160003662109371,-0.0368000030517579,-0.07197125661480486
TCMD,2017-01-24,2017,124,180.0,3.16225425,10.0,40000000.0,0.04171933376383308,0.04003625090591312,-0.09968149113160363,-0.023058202143313666,-0.029469929961864594,0.028104054313543014,-0.04285717501297526,-0.042549585723250516,-0.06965609814048201,0.06619081556545026,0.027734348080090454,-0.09894489717660926,0.08703592687854678,0.09550046052647587,-0.03557793142412102,-0.0030339343719278933,-0.04782723596913807,-0.13999046426299822,3.9546191247974067,2.7598387565972655,0.6479999542236328,0.8450000762939454,0.48736458986581566
TCRX,2022-01-12,2022,126,180.0,1.8198098090095096,15.0,100000005.0,-0.2845117914041353,-0.29132747313648344,0.03622880680364604,0.10588230806238519,0.10317876572354145,-0.005483346024949487,0.004255315263436366,0.055781767600403764,-0.051452419694759555,0.11228818503545512,0.10653551055483113,-0.1973904389212876,-0.23809523809523814,-0.17299686828484617,-0.32437256628359623,0.23529411764705888,0.2787853207886899,-0.24252200628561382,1.1940298507462686,0.7740708223587942,-0.7166666666666667,-0.43400001525878906,-0.5952380952380952
TDOC,2015-12-28,2015,125,180.0,3.490466181818182,19.0,156750000.0,-0.08207791811460019,-0.06468820608960757,-0.2825972471050674,-0.013582329942383398,-0.011297295040350375,-0.08789957516804747,0.11876073772698326,0.13752203579995603,0.12157667375320624,-0.16666666666666663,-0.10096346996703887,-0.06017424997530241,-0.14769228421724745,-0.1870798790240198,0.021399900184465914,-0.08036219978284076,0.00496446502618253,-0.04018601334249927,0.7449099451840251,0.5724136430870965,-0.06999999598452922,0.16578945360685693,-0.3799999973230195
TDUP,2021-09-22,2021,125,180.0,,14.0,168000000.0,-0.110380473481136,-0.07990601883459836,-0.0035021676103748067,0.05332630413952044,0.0435714891564265,0.009798238955321503,0.05313280327845993,0.06092061960927464,-0.05097842423686716,0.000951949431022614,-0.04038765455204607,-0.194681465042841,-0.06894915433170845,-0.10371852472360721,-0.14967955355628648,0.11034847379384627,0.06703966543688744,-0.23560534445034553,1.4309560812755424,1.6091540513056657,0.35285718100411545,1.0171428407941545,-0.05299997329711914
TEAM,2016-06-07,2016,123,180.0,1.4032775909090909,21.0,462000000.0,0.11589558843278236,0.0885282695070333,-0.00573928718792982,-0.03694587452089204,-0.03850720200012592,0.020544831252498286,0.04518335100842319,0.06237911591580214,-0.025287518816636934,0.09991838539363007,0.09213137122204063,0.021104108231996266,0.10456068498216453,0.07346276978714417,-0.07518943936052291,0.1071428012154414,0.11513902734556292,0.015187254331538336,8.281200431444706,3.544445149419453,0.16000002906435995,0.10952377319335938,-0.12311015089132171
TELA,2020-05-06,2020,123,180.0,1.751689,13.0,52000000.0,0.5743072934404803,0.4937741126297537,0.11244202012334636,-0.023199996948242152,-0.01642127503323243,0.0011152848398487958,-0.01965600084916852,-0.010333243077895404,-0.07703031015668216,0.42021717800844605,0.31453543581023324,-0.32452076348913383,-0.19705884596880752,-0.1998531216487195,0.2383839417620428,0.3600000000000001,0.27205149482707913,-0.344843843825937,0.2864417568427753,0.33439422872904734,-0.038461538461538436,0.1923076923076923,-0.06367043874017853
TELO,2024-08-07,2024,124,180.0,28.609814,7.0,7000000.0,-0.2018561246193462,-0.1412789908953419,-0.15973205666630486,0.15697673048568217,0.16366073145541815,-0.07519556317356035,-0.042713586803831194,-0.09108829885911651,-0.05060622940053383,0.3438320111427209,0.33305502658812314,-0.2749225730225925,0.08984375945874512,0.05671113367319269,-0.11192064970106741,0.4883720349981835,0.4357818604246697,-0.3716123394110675,0.26503396796108364,0.5845844166736559,-0.5085714203970773,-0.019285746983119467,-0.31199998855590816
TEM,2024-12-11,2024,125,180.0,13.39538927927928,37.0,410700000.0,-0.4202525327534653,-0.4269997736537471,0.030242134839549184,-0.04022225273980051,-0.047952900175194935,-0.058320008867130624,-0.20595046864074074,-0.1710839886919835,-0.04169052102479309,-0.05700533957537002,-0.04866459043830307,-0.04036638037862028,1.2019170917899435,1.1607743437077969,0.24946141589848736,-0.2813333299424913,-0.2458157891692746,-0.1353580450358699,9.460372734361783,5.959788918641257,0.21621621621621623,0.4078378419618349,0.11801242236024834
TENB,2019-01-22,2019,123,180.0,7.355913211009175,23.0,250700000.0,0.12467641723900846,0.06418132338980209,0.023818012988256143,-0.03145376695140567,-0.017943272997484883,0.013111072964334891,0.06495047087716599,0.06285803254041711,-0.052440827190197825,0.08813688705942302,0.031191441588637847,-0.016835559992328886,0.10833903115164412,0.09706075777943379,-0.08673525640142887,0.12236289111621823,0.07751558724228613,-0.05612769928389305,1.8086965460526316,1.563270970394737,0.13347824760105298,0.47608698969301977,-0.1381818282702738
TGHL,2026-02-24,2026,123,180.0,2.964392,4.0,15000000.0,-0.18809523488523716,-0.17817116597624894,-0.36940953659083264,0.0058651146851951275,-0.0014033986737749249,-0.06909979371934072,0.1370262147487613,0.1472392921408272,0.005438591241626378,-0.2333333180500906,-0.19342617926147965,0.13945030456791918,0.21404686141172324,0.12520453625238637,-0.2372625131273285,-0.12316714619857405,-0.08036168107507713,0.06643120015970672,0.5067780580075663,0.5752154266498528,-0.9147500023245811,-0.8299999982118607,-0.899112432202364
THH,2026-02-24,2026,123,180.0,31.667213114754095,4.0,6100000.0,-0.5130434660920571,-0.5031193971830689,0.41389119359888715,0.0517856859659056,0.04451717260693555,0.047499871523072,-0.25297112463544014,-0.24275804724337424,0.2960656083151272,-0.1136363913451347,-0.07372925255652374,-0.9451331769389205,0.066666727799638,-0.022175597359698873,-0.31017920723475045,-0.3035714570813033,-0.26076599195780636,-0.940981219643739,0.023244172935260994,0.03933111129971262,-0.8599999994039536,1.0225000381469727,-0.9069767434952718
TIGR,2019-09-16,2019,125,180.0,,8.0,104000000.0,0.10849058089115471,0.05073543318725271,0.07324584174724302,0.059574515142826856,0.06266326829667657,0.020012820601956527,-0.05220888110161259,-0.04571230533122317,-0.05615425804260987,-0.12288134523042094,-0.11530286257455957,-0.07747756953462315,-0.03864730738456079,-0.0805462544533988,0.022353601849418592,-0.1191489288309352,-0.10207767374648813,-0.11104227250722987,0.9735692313720881,0.45272569342398294,-0.4125000238418579,-0.4674999713897705,-0.5695970900706959
TKNO,2021-12-22,2021,126,180.0,3.5186528333333333,16.0,96000000.0,-0.23054267718562327,-0.2208970418904197,-0.1212820588762833,0.09622735010576444,0.08622863523679825,0.08591975990203515,0.03241902995574386,0.014308740711824752,-0.030362893864294138,-0.22512075727819336,-0.1449376415562892,0.04384228008899349,-0.0579801250478621,-0.04941809046652346,-0.24630502952234312,-0.12301803648844312,-0.06885661744016502,0.10235538021872204,1.5192096597145994,0.9206000731796561,0.14312505722045898,0.610000014305115,-0.26839996337890626
TLS,2021-05-18,2021,123,180.0,3.16865440445394,17.0,254470603.0,0.014942815867933001,0.014196211583418217,-0.11367220126086675,-0.14376442349835938,-0.13514874515093867,0.020036992424955713,0.0519218113098443,0.03662835169040668,-0.04731110406998318,0.14134614549915248,0.13209309651400214,0.016907217839300603,-0.1522044364896301,-0.18214927334988584,-0.12109978810304933,0.02800234520191691,0.012142707850815171,-0.013820042127200116,2.9240719658366103,1.3964136395046507,1.0376470229204964,1.2764706331140854,0.7072448411345049
TMCI,2021-10-20,2021,126,180.0,3.4855810666666667,17.0,191250000.0,-0.12598967103389314,-0.16521668386530897,-0.167768379391113,-0.03702239658549289,-0.040950119282405884,0.04316573592061801,-0.05644175971589327,-0.05982364510063731,-0.005279102820948456,-0.13133935064492697,-0.16262104454865844,0.13345510176857356,-0.18912179353199454,-0.18551175724258373,-0.18448437329977707,-0.2107128240539582,-0.2495464815880155,0.17690278896267264,2.318261811290104,3.9128423807589914,0.493529375861673,0.6958823484532972,-0.005483795269551228
TMDX,2019-10-29,2019,126,180.0,2.5564318101933217,16.0,91040000.0,-0.2294737163342928,-0.2514772848251621,-0.04433894050088194,-0.01693986223314059,-0.016643138390368573,0.0254535307171857,0.07559758908585201,0.06299903550294772,-0.016144598991113424,-0.0222222375554868,-0.0451841234330832,-0.02473685029644479,0.010570864806181746,-0.017638560333684827,-0.2618733118288178,0.03387982869298667,-0.0016625360058712957,-0.016350282029486074,3.9989383349553216,2.6656639830133595,0.14374995231628418,0.6056250333786011,-0.1815742961747253
TME,2019-06-10,2019,123,180.0,0.0299673536585365,13.0,1066000000.0,-0.18061413867767573,-0.18406767325427442,-0.0024738293168824477,0.05069805668357197,0.04610912099009945,-0.04256934989946071,0.002097883396577238,0.0007136777877090328,-0.023280283495276444,0.08164690038542277,0.054622649577899196,-0.05088555641868597,-0.10516129770586569,-0.0735652999559453,-0.19173226916096175,0.13886850778835202,0.10570317232043269,-0.11427940508144041,7.181015220859894,4.219176123616441,0.04692305051363421,0.38615388136643625,-0.027857167380196723
TNYA,2022-01-26,2022,125,180.0,2.2770605833333333,15.0,180000000.0,-0.5277777752403301,-0.43812013020542473,-0.006057144419561844,0.043610580136743016,0.04611937553073597,0.019653751979780143,0.1904761948895104,0.13516676448054477,-0.12757122903718354,-0.04081632653061229,0.022701806021837467,0.02873163440340354,-0.028085099889877174,-0.07989458640364377,-0.4934315605794113,0.19168361147384383,0.20588485301042592,-0.08284441109652085,2.2046578469081535,1.5366949856995928,-0.34266668955485025,0.3706666310628255,-0.3576547614565484
TOPP,2025-07-21,2025,124,180.0,6.0,4.0,10000000.0,-0.04918034495519641,-0.0996289498783216,0.27733891862831705,0.1321839182832656,0.13028774184520042,0.02253154137206348,0.13705582589102305,0.12406223100517444,-0.08497340323773173,-0.09375001663076021,-0.1037352355323592,0.16928770965692053,-0.014778311237724773,-0.040738225001015205,-0.141264987890812,0.16666664382963825,0.14161809181228713,0.09023234821891934,1.840567612687813,1.2590428491930996,-0.5649999976158142,-0.6825000047683716,-0.537234038843079
TOST,2022-03-21,2022,125,180.0,,40.0,869565240.0,-0.09321644903792403,-0.11028502428331233,-0.18094320027168997,0.020356215078653817,0.020648607700913146,-0.03761173584361377,-0.04089774194646978,-0.06682089195870722,-0.1057397749493556,0.05044208236056558,0.07428449649904456,0.21729871434645842,-0.33118813274163983,-0.24867869422899747,-0.3573935498282551,0.02798988066597774,0.02682003556541468,0.0360174027021285,0.7488917882848929,0.6079145438345286,-0.508750009536743,0.00950002670288086,-0.6856502936145284
TPB,2016-11-07,2016,126,180.0,1.954908703703704,10.0,54000000.0,0.028938956792189163,0.059119343869021845,0.18727795306386663,0.008593723049853397,-0.013463293384641473,0.018148239274782485,0.1688613734269544,0.1527224921700454,0.1750715483216937,-0.049701788761836285,-0.07329475564281673,-0.1546854470477338,-0.0927475529674966,-0.11394735907006259,-0.02468886836784412,0.12031249522697185,0.05725810201643422,0.012093505471594157,0.2317953203586267,0.9133318755011298,0.2800000190734864,0.11499996185302708,0.264822167537774
TPG,2022-07-12,2022,123,180.0,1.0364676696165191,29.5,1000050000.0,-0.1102247649234297,-0.06735412086600268,-0.03650901856076327,0.01548488779909385,0.024333817650602718,-0.017950610958638036,0.05136439336784582,0.021324735660283922,0.05649728704811452,0.18015264030186784,0.13151262800365782,0.04813904474343689,0.007761958943272029,0.04075091511896223,-0.05695778585324496,0.25998365618355557,0.1894009470204432,0.08392104620754604,1.0029459380556809,1.0394826472747862,-0.16813556218551373,0.025423728813559254,-0.2782352671903723
TPTX,2019-10-14,2019,125,180.0,2.2059145945945944,18.0,166500000.0,-0.17967533911496547,-0.16370005724875614,-0.05620679362433212,-0.029273515857956123,-0.028159749914844157,0.07257172298877446,0.03657906568258662,0.022928185936997636,-0.006506942025022666,0.2386853448275863,0.21081769543498785,-0.050521577708595555,0.16267942583732076,0.14588035798180643,-0.06782422756156903,0.24640824071564094,0.20566972521021243,0.014067803691928393,2.377607537261565,1.2374108682781166,1.0494444444444446,1.3650000000000002,0.27647058823529425
TRDA,2022-04-27,2022,124,180.0,2.2933761983471075,20.0,181500000.0,-0.28633874513130986,-0.19901888542474744,0.856522421143608,-0.04287905066033182,-0.04569083362835502,0.009393888588455912,0.09279998779296883,0.06454487993632507,-0.2260047220317749,-0.08199120776500346,-0.008132067733943926,-0.08190752260042922,0.5645933731194497,0.5829390173162945,-0.3819707481475473,-0.039816266543346246,0.005196977175925821,-0.28955354240944287,0.7942562261610949,0.7142322937700994,-0.6734999895095826,-0.5679999828338623,-0.7273486429314459
TRSG,2024-10-16,2024,125,180.0,8.352,4.0,5000000.0,-0.030651312996745395,-0.06032794601803593,-0.13204399328471694,-0.003952565445193956,-0.008298969889565466,0.03559893442892381,0.03174600171093722,0.03914768065468832,-0.161477815919435,-0.18076915670428484,-0.21398774618062788,0.13774196470220035,0.12676054761498623,0.11480452923013718,-0.1381021174407706,-0.15810271204435078,-0.188131295756772,-0.006203673162039625,0.0635862653666808,0.08336865903631482,-0.3675000071525574,-0.14499998092651367,-0.5747899071441749
TRTX,2018-01-16,2018,124,180.0,4.406953363636363,20.0,220000000.0,-0.02932097115046972,-0.0711954357342911,-0.035733245136393865,-0.0037096766857216412,-0.0002913830719791788,0.0034857422850671504,0.013829799969847567,-0.008988582152275049,0.01185246161902842,-0.01626440055763434,0.04476849161434693,-0.028207936903748676,0.060799967447916936,0.025837607323974332,-0.06096333960787759,-0.006359344668596889,0.03653074187363714,-0.01257724798261628,0.4084249084249084,1.4532967032967032,-0.05649995803833008,-0.0034999847412109375,-0.03626144470067316
TRU,2015-12-22,2015,126,180.0,5.017435744347142,22.5,664772738.0,0.04504853776357698,0.08154941912978908,-0.052156065839497945,0.009661844309034384,0.0005876049691717622,-0.012786962352165476,0.023187308023465247,0.01124631207368032,-0.017434317489044115,-0.1104316467293841,-0.03560044704308096,0.08173925019381945,0.03154066724964344,0.00918083935071179,0.013671848536799258,-0.0810107884629151,-0.02572247588434451,0.05073416897535599,1.3828588051343587,1.0069330812212889,0.19599999321831607,0.12666668362087674,0.05944882880156532
TRVI,2019-11-04,2019,127,180.0,2.2312274545454547,10.0,55000000.0,-0.3597420620670221,-0.3997964473241965,-0.11597112487637828,0.07194246393597337,0.06792475827876787,0.029489849743355112,0.27516776107194274,0.27197938549236,-0.011596971398205147,-0.09999996862913396,-0.10389159070048315,-0.09520448311596119,0.09649120360946206,0.04699998109820491,-0.20200355577521167,0.23021586744269906,0.2190772609836671,-0.08071095325115507,0.8133755083596927,1.3767133604458504,-0.722000002861023,-0.3909999847412109,-0.6476552574863284
TSHA,2021-03-23,2021,124,180.0,3.550692503246049,20.0,157391320.0,-0.17491409229771326,-0.18927989747077523,0.3040892914359068,-0.06413997921061532,-0.0562691817712655,0.03795464875328325,-0.08767242427923294,-0.10109992360228326,0.04989214461613978,0.1863414485280106,0.13227918889751655,-0.09997308815406025,-0.1044407500021175,-0.09191876600677407,-0.12966756981164562,0.012911264597551986,-0.046896706072489414,-0.018450829586762252,3.986731626412356,2.0911509623026157,0.20050001144409202,0.015499973297119052,-0.0020781063246205767
TTAM,2025-08-06,2025,124,180.0,6.681769375,16.0,384000000.0,0.1236881259113165,0.1113885103499399,0.014193103052809963,-0.03468976064237572,-0.04234945587965644,-0.03150707234673833,0.09260539929921086,0.07346765033292524,-0.0031450026028336797,-0.02909551081201822,-0.03565473854491452,-0.15807992598813614,-0.03908797176279155,-0.07005293315226291,0.12543699603498593,0.024016051757731915,-0.009663941555294375,-0.19130454847486966,0.5652914513381644,0.5520750129116904,-0.06312501430511475,-0.18250000476837147,-0.10239526429340728
TTAN,2025-06-10,2025,122,180.0,7.503769886363636,71.0,624800000.0,-0.16124616472760578,-0.22386792490511542,0.0712893013821736,-0.01785200659149211,-0.023521737874157567,0.004816589249615366,0.028632856960299824,0.03783559562796479,0.1292434635529287,0.05396162065268184,0.006616756561695247,0.11183107522700109,-0.007526582531974024,-0.017801090538315356,-0.09696364009940683,0.06478548653260696,0.021195546951997768,0.25994647693736717,19.704475324621534,6.55469726151276,0.46746482311839777,0.33718313297755254,0.03158418258818063
TURB,2024-03-20,2024,124,180.0,54.0857,5.0,5000000.0,0.03418810472607814,-0.00395911291322415,-0.4177592477970934,-0.008264454667762933,-0.01751375813843825,-0.04487241833781008,-0.033333399560713795,-0.03850171062425101,-0.10356141955800646,0.021551704204748168,0.06675688544418057,0.43259706112274965,-0.0042194054625018795,-0.0626154938459359,-0.15541563610900666,-0.020661235189477933,0.010732440072165117,0.23048781231899462,0.10503501167055686,0.11587195731910636,-0.7579999923706054,-0.6119999885559082,-0.7584830373516712
TUSK,2017-04-12,2017,124,180.0,3.838709677419355,15.0,116250000.0,0.12534352459352438,0.13311049962643517,0.08118737111681162,-0.004885123472175734,-0.0005032686691692767,-0.013087190225833156,-0.044182694590049865,-0.04978025714795575,0.09704992753915609,-0.04622494351671391,-0.06339163259544311,-0.03095708580893919,-0.0716208909834688,-0.08845604303081589,0.05621925746989964,-0.09281874363770604,-0.11119706138248497,0.049279734662269314,1.3046656632982154,1.099835160897298,0.36466662089029933,0.013333320617675781,0.5437404947224984
TUYA,2021-09-14,2021,124,180.0,8.574674948382656,21.0,915390000.0,-0.40535818329764695,-0.4068382091423228,-0.13635385193617777,-0.02448579814553775,-0.019089288635496637,0.02639344613929251,-0.03413656137406462,-0.01040688979271931,0.010531054281595842,-0.11850315560128521,-0.11848007194583632,-0.07921433568559821,-0.27004712365962646,-0.34790333450272004,-0.38322354185839247,-0.1694417717381933,-0.1404212337724129,-0.04220437894491236,3.4875532354880896,2.809753225800442,-0.5138095219930012,0.2109523954845609,-0.5935509674744678
TW,2019-10-01,2019,125,180.0,,27.0,1080000000.0,-0.13172107514093734,-0.14649275107296778,0.09922666701962712,0.02271498547825823,0.03460971510044475,-0.009181481531187363,0.026705503553155596,0.04276740374389565,0.009606735661176646,0.07648718171397495,0.0256086154023647,-0.06791675458580315,0.06985650806073829,0.034006782050644224,-0.10588121171828835,0.13034071807705416,0.10864040241235418,-0.06301490470455973,4.2107527970434875,2.1530484820871094,0.3696296126754195,0.6003703364619501,0.032672385481056
TWFG,2025-01-14,2025,124,180.0,0.196534,17.0,187000000.0,-0.05769230039526896,-0.014775883871989914,0.152624934078482,0.027445485029964134,0.026069493401603472,0.009352696119133697,0.023630089338378735,-0.01802297907280659,-0.07242323608613155,0.021077319537631478,0.026156168356054055,0.05184252365449149,-0.05570120371695497,0.030383395365534915,-0.1357437842267324,0.0738916388399804,0.036102942526697435,-0.01619800943294525,0.49836566625631445,0.5539754637687312,0.671764710370232,0.6188235563390396,0.2912312485576811
TWLO,2016-12-20,2016,126,180.0,,15.0,150000000.0,-0.20959873171663113,-0.24177263917336733,-0.18631730238363764,0.026415110389030216,0.022557552095692435,-0.03252868722544566,0.009692480195161446,0.018526402694799216,-0.09550797734479033,-0.06057596753277095,-0.07100382698164032,-0.23722601761713402,0.13988722448035662,0.10306094485420436,-0.11910948674842803,-0.02641511038903066,-0.03178028008005396,-0.33551854336678344,1.5104295983415548,1.0849743784569639,0.9433333079020187,2.7800000508626304,0.012504296337440435
TWST,2019-04-29,2019,122,180.0,4.3219982,14.0,70000000.0,0.3768373628939228,0.3315948970265701,-0.037489938407510026,-0.10255581015667159,-0.10412355307387566,-0.034381846010325456,-0.12220617943832779,-0.11863321244470859,0.023945859334248087,0.0406570741523089,0.08392602132402927,0.005991410936737718,0.16022097243467281,0.12234834669740069,0.33775004794296604,-0.18020057335233397,-0.13500780691586578,-0.005232779990953729,7.679982909634694,6.971444847966958,1.2078571319580078,0.6821428026471819,1.2078571319580078
TXG,2020-03-06,2020,122,176.0,0.8095382,39.0,390000000.0,-0.21106407289923212,-0.11973439905941541,0.15167697085139187,-0.018046530165065633,-0.00151541814609768,-0.0008530101247425925,-0.19528617294236472,-0.10068526882343543,-0.026538912057441855,0.02318685498963191,0.10164372528584908,0.24004485353088922,0.3274834807485181,0.18493138543933996,-0.052163051521836756,-0.19148640876740353,-0.012057755236769108,0.20826356496411713,17.25291589932474,5.8692157034698464,0.8612819573818109,0.6374359130859375,0.3761136746519549
TXO,2023-07-26,2023,124,180.0,5.0,20.0,100000000.0,-0.012629144585438179,-0.06825680976296067,-0.010405189846176555,0.03441859400549596,0.03426488040141318,-0.01114269425883363,-0.012140308477624595,-0.00032936082011714163,-0.031500902198493,-0.02639963321953742,-0.010626398761718892,-0.0959027216394771,0.005610137571648188,0.03188371760670594,0.003621652975045686,-0.0051163074582120105,0.022132075634149317,-0.13603982579525697,0.4806151874399231,0.7316031186585495,0.07499999999999996,0.19250001907348624,-0.022727272727272707
TYRA,2022-03-14,2022,125,180.0,2.788438796296296,16.0,172800000.0,-0.1072299434202324,-0.042131573609840434,-0.3991124341561689,-0.039126420423729935,-0.03181809735688146,0.015094290399164878,0.11174235839133573,0.04605887002577824,0.0105713358736792,-0.18483817023850457,-0.17477943562845843,0.1281854121817193,-0.12121210913303149,-0.028399743603880867,-0.11502135401940372,-0.1292083808796538,-0.17646242367589404,0.15525608625656306,5.177409195884946,1.6793337532367554,-0.31312501430511475,0.3125,-0.5773077011108398
U,2021-03-17,2021,124,180.0,9.53466932,52.0,1300000000.0,-0.13172796260313158,-0.14093014455947084,-0.07743828396333341,0.0008265586168578754,-0.0025833226466320802,-0.02533853489754656,-0.1492934829445094,-0.12477548336609845,0.023990923082472193,0.09934202540635328,0.026184493131249376,-0.14720635602524978,-0.20614202202014587,-0.19270033013680754,-0.2178924971860926,-0.06400956249216128,-0.11442503891470968,-0.1480666689952519,1.1262645019093676,1.106743606511495,1.0940384498009315,1.8013461186335635,0.5931236550191985
UBER,2019-11-06,2019,126,180.0,8.34734425,45.0,8100000000.0,-0.0430327936930861,-0.10715090993149867,-0.2382099796976077,-0.03854389386374235,-0.0387719084697975,0.030669099873034344,-0.00853754435877585,-0.015050080862359705,0.04171259675274408,0.07263199552804944,0.06318527002660002,-0.10645931498184713,0.10226877292105452,0.06502748696531246,0.10797133983608598,0.022483909724278828,0.0062314579957363225,-0.046156783311320004,14.909446925259632,6.691323028700613,-0.37733332316080725,-0.05355555216471353,-0.3259562024665501
UCL,2020-12-07,2020,126,180.0,,18.0,36180000.0,0.2524483954766157,0.1964581704425814,-0.05639507105121977,0.10686355497629907,0.10891846846307152,0.009494458004693396,-0.006514928147301258,0.005487544744772865,-0.03033685931748975,-0.1554080802445722,-0.17978690995329127,-0.08544445175526028,-0.005612672431950738,-0.039450217771245244,0.10617645651164742,-0.07124245284035025,-0.0812464588654781,-0.10545579571487251,65.08474576271186,67.17514124293785,-0.360555542839898,-0.24777777989705407,-0.33236656718729685
ULCC,2021-09-28,2021,125,180.0,6.169273966666666,19.0,570000000.0,0.013741368532750986,0.03064305726470551,-0.18553229317695497,0.030190991062138295,0.050342837105291416,0.05821180681856619,0.04306227573395005,0.04449175815450368,-0.0368486155494947,-0.08027520502630092,-0.13305743783490254,0.053559591256121974,-0.05236914328658504,-0.0791916961761473,-0.1034705290208422,-0.01170663167392827,-0.04179875250764886,0.07336137633462703,1.8630865404686832,1.3039847947177026,-0.14578949777703532,-0.007368388928865266,-0.1389920841491844
ULS,2024-10-09,2024,125,180.0,,28.0,946400000.0,0.06050422605960848,0.016079207639177806,0.2196353780008269,0.014064958219316193,0.00713851081862682,-0.013050956749302567,0.060558749208500684,0.051618157647413954,0.003607942613513604,-0.07165222553046358,-0.086661654377442,-0.0001146037822399304,0.06428566995391627,0.037857685895509974,-0.09120724142022374,-0.0015847467726398667,-0.03276222579283583,-0.010236528559145697,0.962878034006836,0.7137036876793724,0.8028571265084403,0.49892861502511154,0.44476249359804476
UMAC,2024-08-12,2024,124,180.0,5.973804,4.0,5000000.0,0.40845074679165405,0.4566658943315227,0.670864030845918,-0.03500002622604359,-0.0355254193891531,0.005605308360699612,-0.17616576342464962,-0.2255590629832216,-0.24234784616777227,0.05031441636894951,0.06964932390713674,-0.16753682257096647,-0.1676646578354234,-0.21208967625585406,0.4968252942272995,-0.16500002145767212,-0.1946440824765685,-0.37374271380882484,4.6486563142593775,3.4614384646292753,-0.5,-0.6974999904632568,-0.33993398716678547
UPB,2025-04-09,2025,123,180.0,2.4227796666666666,17.0,255000000.0,-0.2908878651745229,-0.18396605313123393,-0.4132557714797216,0.07578254120890238,-0.029236760630210634,-0.1134555514296458,0.2894333546340062,0.3312838562143431,-0.20654228795886675,0.04988124376345704,-0.025072198436771886,0.23139837541913355,0.2748869076053584,0.2145746978628702,-0.20196856583429368,0.45634265281550346,0.31821023045267416,-0.12242104092878603,2.73466983704544,1.4297244824502082,-0.6429411663728601,0.1438235114602482,-0.7240909012881191
UPST,2021-06-14,2021,123,180.0,5.030521842690682,20.0,240313800.0,0.49321823553215394,0.45902207968482966,1.278803762115512,-0.006493723993842959,-0.008732681860726732,0.02483881894204054,-0.026786461639975223,-0.016439792983104606,-0.1918838296136427,-0.01623404405005624,-0.051233833764023795,-0.09459052422298031,0.13653874851213077,0.12026198275190225,0.7712210222307494,-0.048802837608390104,-0.0753871718079141,-0.25513475485835624,5.921590321673755,3.0916774737682173,5.275249862670898,1.7459999084472657,3.258737705383817
UPWK,2019-04-01,2019,123,180.0,7.341913838867399,15.0,187150395.0,-0.14743880894450456,-0.15478492355812723,-0.0804490609661983,-0.028213115224589025,-0.040072275008109504,-0.004228634321466362,0.060752641805984275,0.05039675854771075,-0.03717833577094021,0.01317791357902709,-0.004932063615479931,0.1759503314390507,-0.2476238051996862,-0.194056018693621,-0.11561614647700647,0.04440963472179793,0.0035572643645116475,0.12988049467729978,14.516709859389474,4.502104127420267,0.27599995930989607,0.29600003560384125,-0.09631732229148371
URGN,2017-10-31,2017,126,180.0,1.6764016772131454,13.0,58153849.0,-0.04693809162198992,-0.06449513247166361,-0.06491945988710102,0.034898881283410566,0.03334096932047248,0.03258652448994215,0.17081632719306916,0.1649053041818771,0.41741098542297084,0.0796769572784728,0.064058687600405,0.20190100555328638,-0.04637249020314238,-0.0660139344951145,-0.08551476448504924,0.3082192044999992,0.28500599532734827,0.766291796010228,2.764111280078719,3.3413841428869606,1.3584615267240086,0.43846159714918875,1.193133108107924
USFD,2016-11-22,2016,126,180.0,3.806657610566576,23.0,1022222212.0,0.009134449495954655,-0.015343164733539139,-0.038595000137360835,0.016379273632336266,0.014426023818609357,0.0012506925894055776,-0.03053432212400664,-0.029627635449865797,0.0011570361751753744,0.17060365329842853,0.1461459018226785,-0.012302925997810576,-0.0366218061978425,-0.03830488905576246,0.019191848544186874,0.1534482477961494,0.12792015089954423,-0.010056310802558532,1.9573552873978617,1.2911822346017445,0.008695685345193604,0.06695656154466723,-0.06864709333389685
USGO,2023-10-17,2023,125,180.0,5.0675005,10.0,20000000.0,-0.034793872396905456,-0.017685028868849706,-0.098643045916468,-0.0013350804205946032,-0.0012891682775396651,-0.033742038638008176,-0.1604277815782379,-0.13201168955711984,-0.021087220970523846,-0.07484080435136675,-0.13409063513344022,-0.12714436684309383,0.18416526371762432,0.1356505923547251,-0.07091776946731787,-0.22429904935602152,-0.2534018889870755,-0.17291719365192226,0.369290573372206,0.8503401360544217,-0.25100002288818357,0.2640000343322755,-0.17146019881366714
VALN,2021-11-02,2021,126,180.0,20.106406063959295,26.411,61241647.0,0.6939625333719832,0.6207076042393449,0.3203234181679595,-0.026833293352722,-0.030876388120600007,0.3202777433619919,-0.14902122219500302,-0.16088528597231544,0.04836940417588431,0.5456344597273459,0.5817506921430755,-0.3908289400294489,-0.12289966552876896,-0.1798586081749608,0.6808068065585011,0.2800082357454796,0.30074558112354,-0.17315719334255697,0.3781358725508149,0.546450589025209,0.8484722159260996,0.0692514395940389,0.7220458214432406
VCTR,2018-08-07,2018,125,180.0,,13.0,152100000.0,0.009989952598290941,-0.014263451144005401,0.031855343793760316,-0.034619133499599,-0.03792145178042505,0.0012519871714491426,0.02459013990675496,0.0304728794360396,-0.05593969357026851,-0.030000019073486373,-0.04806977952822944,-0.041842593770902936,-0.051546392766154026,-0.06085339360609232,-0.04818009811522628,-0.04055389330713988,-0.055976827205880264,-0.09398333620088029,0.7325042672518898,1.246525237746891,-0.22230771871713495,-0.19153844393216646,-0.1284483341201148
VEL,2020-07-15,2020,124,180.0,1.6206888275862068,13.0,94250000.0,-0.2723658184558724,-0.31102410247042545,-0.271699008986759,0.05191251758092674,0.042725283941087655,0.03268962236995043,-0.01298700092333005,-0.028553193724443537,-0.2123686911974637,0.0315789803903852,-0.0007896715217299288,1.1925761659266587,0.35204083866896285,0.362561191227297,-0.3312431886018816,0.07103824709453388,0.012967294398213314,0.7780569780657278,0.41486440741715874,0.2901794109903336,-0.7184615318591778,-0.8099999977992132,-0.7290895615230044
VERA,2021-11-10,2021,126,180.0,3.707887356321839,11.0,47850000.0,0.4231638106367117,0.34530759979361814,0.5217890133678205,-0.0658991588812291,-0.05785429233507089,-0.03610676168259208,0.05184867308766816,0.04209926715424306,0.24258404299084868,-0.010101010101010055,-0.00627734946762859,-0.4605614925024669,-0.13714288205516567,-0.13658533994683064,0.151022724395671,-0.027391842772083952,-0.025188071176088678,-0.35600951560504723,0.4833007242645797,0.34531287543335737,1.2900000485506924,0.5681818181818181,1.1904348290484883
VERI,2017-11-08,2017,126,180.0,4.5518244,15.0,37500000.0,-0.30943845466562525,-0.3253445829674615,0.8474750447271195,0.003460220857774754,0.0017593204789565497,0.005975875239620176,-0.0713792998215248,-0.06107486131625606,0.4390812442960723,-0.19792052964372453,-0.22767409698958296,0.6753980771372345,0.11157406503935108,0.07427332724135494,-0.18744776514411854,-0.2525951326442196,-0.2734711276036933,1.4447367299761547,0.22907223736807775,0.6626079490653242,0.9266666412353521,-0.3966666539510091,1.2111706421825557
VERX,2021-01-25,2021,124,180.0,0.067461891252955,19.0,401850000.0,-0.08612176271243188,-0.1287097571148278,-0.106269067952662,0.03181276659662369,0.027868946740877476,0.06545902003112969,-0.050029120630199486,-0.028800672046350395,-0.030412583449943242,0.09706068580688498,0.06710563521396073,0.11092786725051407,-0.2838403980997847,-0.2890016884223653,0.18905809876253166,0.07533019685532483,0.06326376596765937,0.14919985885934128,2.553531136318286,1.0731809646604962,0.7536841944644326,0.381052619532535,0.39239445340155266
VIA,2026-03-11,2026,124,180.0,6.047680363178691,46.0,492857110.0,-0.08817729435727306,-0.0640112604409182,-0.20094365274605996,0.011345169199132643,0.012600338570836866,-0.004820550975146443,-0.24358972399584244,-0.2215590229511435,-0.08426676405064937,0.0988700979725261,0.07093066269837078,-0.17303478785953186,0.17866321709518784,0.10266779713342067,-0.06235065986810606,-0.1593732994482705,-0.16340469508647126,-0.2491918909338311,1.8379866371334554,2.8436957836175756,-0.5976086906764817,-0.25478263523267664,-0.6261361168168056
VIK,2024-10-28,2024,125,180.0,3.741973616302436,24.0,1537000032.0,0.10872672830067631,0.09548017517925023,-0.061165450837441404,-0.0007741620463709298,-0.003865553194523197,0.061921297220135285,0.032283056833470436,0.051255939100237624,-0.06113516873377778,0.14535895374414887,0.09671110295695584,0.005766840791480599,-0.0024028093771228942,-0.00871204625435551,0.10599310721542854,0.18141932333669364,0.14948707000157402,0.002308879924132645,1.5983095181383722,0.8567060223780523,0.6145833333333333,0.5416666666666667,0.48467430780236387
VINP,2021-07-27,2021,125,180.0,1.9588360492836905,18.0,249722532.0,-0.1820597831490376,-0.2158377165235561,0.06942955220635927,0.014622205147501566,0.019179774641215785,0.011663049360537525,0.04403524426050698,0.039160676293362284,0.09728754450032762,0.074386523762763,0.058926912703992196,0.02360040518145201,-0.04068527046298476,-0.018116759532361804,-0.21009471435592708,0.13809908621579647,0.12234013564628876,0.13683446571151148,1.4367104285360417,0.5896646496101537,-0.31611108779907227,-0.3194444444444444,-0.2715975918650789
VIOT,2019-03-25,2019,124,180.0,,9.0,102600000.0,0.04797043328133288,0.04757641828602299,-0.04642978647010143,0.05633806009374043,0.057090043818281644,0.001635907901398781,-0.0541666348775226,-0.07849998428770466,0.014080092811868283,0.19823787879984578,0.17357280290948096,0.035373457502216654,-0.34632352250257603,-0.324574017548367,0.3988827878106205,0.19718316835298855,0.14837384021400024,0.05314035792185079,1.6117674673343243,2.0029731632892576,0.26222218407524966,-0.10999997456868493,0.25110129428730144
VIR,2020-04-08,2020,124,180.0,14.315605602127327,20.0,142857160.0,0.07288533320953539,0.15363565378587551,0.8887992422315347,-0.09317543648802495,-0.1267438509736588,-0.0838666003970262,0.007903764234408195,-0.010597886485599783,-0.16008452526534478,0.01841121435158577,-0.012330406517757408,1.528436808580269,0.11181781558078385,0.001764963564096833,-0.12374471320699787,-0.06918040831406669,-0.1542329764039584,1.0036067675371303,3.1045225907952756,1.501636050728652,0.6045000076293945,-0.3815000057220459,1.2888729746665475
VIRT,2015-10-13,2015,126,180.0,0.9250355909943896,19.0,314113168.0,0.028338334970699375,0.0002274736878951078,-0.12475693567466772,0.035490540586386565,0.04179266566347728,-0.004500134047046522,0.0,-0.014282150363803092,-0.007656357630401955,-0.0661290096814866,-0.09296174530191248,0.1853482541438881,-0.07210708494372253,-0.05666787676192153,-0.031085543506055857,-0.03298542339713828,-0.06791988715694708,0.17398120528962524,2.2424694303608708,1.0891241674122676,0.2605263559441817,0.2636842225727285,0.07980164262444278
VIST,2020-01-22,2020,124,180.0,7.5929002,9.25,92500000.0,-0.05952375546063715,-0.09193258716612851,-0.04332062975321105,0.02784807437162673,0.02772731208247481,-0.012733964636204353,-0.08128077053127525,-0.06703558047613378,0.12885266067163026,0.02949058834673912,-0.002136431567144159,0.31341225950893437,-0.697916668606922,-0.41170205455034237,-0.16274123328962253,-0.027848134730759977,-0.04490223863128051,0.4677674792701818,1.0983414158860914,0.38021213932992315,-0.14594593563595337,-0.43243243243243246,-0.13186815778006444
VITL,2021-01-27,2021,124,180.0,3.2106474467853907,22.0,204687494.0,-0.017254279336288425,-0.057335603306266414,-0.18032528046269414,-0.002290128684877213,0.02215033269757327,0.04842140715793475,-0.006886010305228507,-0.026757280753762047,-0.03546266149311639,0.04391376491530519,0.04265677798044076,-0.08378850052818976,-0.21180810665386673,-0.2310847155875283,-0.14819971299357682,0.03435112947795571,0.038155350380400965,-0.07445307964694425,2.1797134185078,1.4973765323168866,0.19090912558815698,0.6815908605402166,-0.25694832642861554
VKTX,2015-10-26,2015,126,180.0,2.051443,8.0,24000000.0,0.052631570425571095,-0.02338599731799129,0.1906755974792822,0.009677487332666601,0.012135173807229171,-0.08720794079660976,-0.12939303354648313,-0.14576984219212774,0.012119417870898985,-0.19449540915166907,-0.18822138439165648,-0.106675766707502,-0.4829157061583792,-0.4562738774450862,0.08779311226650677,-0.29193548362287347,-0.2994532555793049,-0.1720506451815842,0.091324200913242,1.4231354642313547,-0.2250000238418579,-0.11624997854232788,-0.3080357385191077
VNTG,2025-12-09,2025,125,180.0,2.3488061538461538,4.0,13000000.0,-0.1481481665446428,-0.1670164240412052,0.2400283976961448,-0.014130446965504695,-0.013267367739527969,0.00044595878707709424,0.04410145669939425,0.050206491608477344,-0.853370794719489,0.02006335086100086,0.004390225336281306,-0.17061661440635612,-0.10869566961158439,-0.11030548721516031,0.02474176664976291,0.05000000323938303,0.041398852264711516,-0.9055230560993608,0.0835869632732016,0.1517047185521058,-0.7699999958276749,0.39750003814697266,-0.7578947294121633
VOYG,2025-12-08,2025,125,180.0,3.097148234826136,31.0,382799997.0,-0.0033571096920762544,-0.026301724778871383,0.12858641143232807,0.02652628045333061,0.02953054995012816,-0.011217542938460667,0.013945863998840125,0.018187960444796425,0.003997021783649135,0.1917475688827175,0.1787467655171897,-0.05960712647450772,-0.1795654844730421,-0.16222156255498865,-0.29168563693500793,0.24042101408305916,0.2347478751506158,-0.0650523709155375,3.9994818921299413,2.8869143222285545,-0.2338709677419355,0.0012903521137852536,-0.5794971637306848
VTEX,2022-01-18,2022,126,180.0,2.757344421052632,19.0,361000000.0,-0.3592561308038097,-0.35554724251770475,-0.17785907572160076,0.01715041104873216,0.03486002321242199,0.03352257922668356,-0.08949417040292185,-0.04125655405920714,-0.11285121141499344,0.2364672832990773,0.2096990257665976,0.04282343835124047,-0.19930880588553268,-0.17581629110646702,-0.45597848348831127,0.14511878529570077,0.18518591188435074,-0.043049690355741355,2.457067804958135,2.5239150659442897,-0.6010526355944181,-0.037368372866981914,-0.6582506844268512
VTMX,2023-12-27,2023,125,180.0,5.5401184,31.0,387500000.0,0.06181132205456863,0.015230653161755425,-0.12941913733231125,0.012655024582157282,0.010846939056715632,0.010399884918575353,-0.05973505348442243,-0.04036502809740494,0.042977083312289555,0.029239827752521652,-0.013839278854650194,0.10816917720004526,-0.0978822519638991,-0.13600208215340404,0.01231093678567352,-0.019994865461675393,-0.04471894812020338,0.17115107140700792,0.8494511238891793,1.1352151942847186,0.27451607488816787,0.15677421323714724,0.2262568846876969
VVV,2017-03-22,2017,124,180.0,5.666666666666667,22.0,660000000.0,0.005596257885363443,0.017266982658148078,0.08236896283099293,0.016695178915176134,0.014342023300528473,0.0035234663774721398,0.012210564864309159,0.006832408327681838,-0.014016980679582458,-0.03327791655334178,-0.032428816808317995,0.04939342806170477,-0.012478442815611057,-0.018554791744065602,-0.06603406933935618,-0.005137022093236521,-0.012025314737662107,0.038242638642852045,2.252983154380517,1.440272523392644,0.06181820956143458,-0.09272731434215198,0.011255420977845487
VYGR,2016-05-09,2016,123,180.0,4.206942,14.0,70000000.0,0.32497268456301853,0.319006908422661,-0.1709544559294941,0.005761370427681101,0.004935013399018029,-0.08865570160710667,-0.096563034320022,-0.10088572795393713,0.037234898144476114,0.24909420375925628,0.22539755067186418,-0.09485224827984684,-0.1791153208021402,-0.16957266640132562,0.39233397342623433,0.13497945636323716,0.1060080806111825,-0.1475792633215799,1.6382515062171517,3.84053326496603,-0.13214288439069488,-0.25285714013235905,-0.3154929792377311
WAFU,2019-10-28,2019,127,180.0,3.402925235789347,5.0,5905165.0,-0.11790539615340634,-0.13889392809360646,-0.09624377470322454,0.06089617624456167,0.055259632295455496,-0.04846993454509141,-0.20577615060204568,-0.21919523232979343,0.11409599571550255,0.11363636117336173,0.09411591319433099,0.19307041051774054,-0.30612244302160996,-0.3312046652879802,-0.2077233423296072,-0.06166220206353035,-0.10068736378594811,0.26088926926512324,0.5604113110539846,0.2099400171379606,-0.47779998779296884,-0.3360000133514405,-0.36317070200782187
WAY,2024-12-04,2024,125,180.0,2.7035474222222224,21.5,967500000.0,0.03909252545012243,-0.020751941533682983,0.00673174058073811,0.0033590990907643725,-0.0028504357186607265,-0.02187690415020349,0.13893537000104028,0.13926442108340842,0.0056866468116081315,0.08700761448100325,0.11254017498639757,0.010908106504621484,0.11032995893887865,0.09372379813622334,0.06573301025824207,0.24219008980876144,0.2619943014783006,-0.006072381887487044,1.7821714964572108,2.2620108334394047,0.38465118408203125,0.2306976318359375,0.43816422031552893
WBI,2026-03-16,2026,124,180.0,0.2148217665615142,20.0,634000000.0,0.043209924994886295,0.07106971767586401,-0.14617481010233302,-0.055621294918906106,-0.0657981834317094,0.06726571216902832,0.07477021588333788,0.09517292400752797,0.11042625717129151,0.0054411698207477155,-0.05418838371870094,0.03013048868094914,0.12562813662808936,0.06267279100727774,0.11644329318363278,0.02051283826187955,-0.028061117275137937,0.2207733187595633,2.8417861080485114,3.8238086487810854,0.2675000190734864,0.10649995803833012,0.11038109794941242
WBTN,2024-12-24,2024,126,180.0,7.459073466666666,21.0,315000000.0,0.12236284916349471,0.12373983243963049,0.04929820820063879,0.009022547657004942,-0.002092462389281735,-0.013689928596339107,0.012667665821719964,0.04037425734466438,-0.022019105179976628,-0.06843269276922592,-0.09362765052046307,-0.0614915729037554,-0.20774092781513964,-0.19918193266255535,0.1781655633959216,-0.04812032587552861,-0.05598995989757072,-0.09467576279316525,0.345124914614618,0.6153346547071141,-0.36666665758405415,-0.4719047546386719,-0.4217391221419625
WEAV,2022-05-10,2022,124,180.0,11.5812806,24.0,120000000.0,-0.10789979510702608,0.002473985727441619,-0.20847264343782657,-0.047516255203240765,-0.049826783066040714,-0.017561774141026554,0.12018145762961097,0.09705381456407647,-0.12637210482458094,0.07085018230333784,0.06374792465133483,0.023822460907987564,-0.2967863789346502,-0.24194958177977133,-0.09348215905937374,0.1425485596325533,0.1097736460205887,-0.13134651997030355,4.038652721994671,2.4921461804589016,-0.8070833285649618,-0.6325000127156575,-0.7535923422646105
WETH,2024-08-19,2024,125,180.0,4.505994444444444,5.0,10800000.0,-0.08558561025758316,-0.09527614636726245,1.2270268400263753,-0.004926103745908295,-0.014487518507164676,-0.09725158092844322,-0.17326734017161893,-0.1753759384930731,-0.11657960339761331,0.0898204186958722,0.0857546732542449,-0.08210490754057853,0.02197800038474429,-0.007698632636546243,-0.35413749157001884,-0.10344823738786224,-0.1192516863680495,-0.2753533487105807,0.630939173218851,1.0104031000273341,-0.5940000057220459,-0.7259999990463257,-0.33442622848301606
WFF,2025-09-23,2025,124,180.0,11.475,4.0,8000000.0,-0.07187505277494377,-0.1052389079427386,-0.8653836714666812,-0.005611693781272686,-0.00016810201019967774,0.033191594227681476,0.003386082145375502,-0.0010920931003650658,-0.0553664755568668,-0.12710911932524915,-0.13477969695853664,-0.16750731650569062,-0.24871137219719908,-0.23201223873114962,-0.0774305756573116,-0.12906842179849065,-0.13574161325770617,-0.1899607646204755,0.37632042253521125,0.356037265258216,0.11374998092651367,7.512499809265137,-0.7624000040690104
WHD,2018-08-07,2018,125,180.0,,19.0,437000000.0,-0.026966267573593106,-0.05121967131588945,0.08099133494836463,-0.016166211560647348,-0.019468529841473403,-0.04423747915587317,-0.007922548217636494,-0.002039808688351852,0.047697501433884515,0.010647642148239767,-0.0074221183065033,0.043117470382407874,0.13462108678129736,0.12531408594135907,-0.04750756347493845,-0.013568164809020677,-0.028991098707761065,0.044905621040497,1.2299985409269978,0.9597457970591573,0.8231578626130756,0.5242104781301398,0.7106172538097995
WING,2015-12-09,2015,126,180.0,3.92779,19.0,110200000.0,-0.06402164367701024,-0.05859101664476918,-0.0740412799259127,0.017822684383693277,0.025602344369647256,0.012218281950355014,0.0818741844910793,0.06877394834916473,0.029245002886337357,-0.03674541251794694,0.040695344607870165,-0.16244971325886026,0.010445028948908863,0.04431330772139053,-0.1213550669091481,0.060693651974477625,0.1333198853687011,-0.1265886126898147,0.3819906674327032,0.7327326485713885,0.09263159099378093,0.44000003212376626,-0.32134684127729374
WMG,2020-11-30,2020,126,180.0,,25.0,1925000000.0,0.03884204581830075,-0.06325505497488071,0.026084328140750568,0.04867721841967243,0.053104352386439735,-0.056664272794946235,0.04103603227339159,0.021619364244057193,0.020738214106274633,0.20258482401304412,0.19616363909689194,0.018182203193807256,-0.057227323972532496,-0.07383749349190727,-0.041855972619807225,0.3128748049340788,0.2914543475421698,-0.02091432641029911,2.601803722955262,1.7760303286092969,0.13400001525878902,0.21519996643066408,-0.05876495379967328
WRD,2025-04-23,2025,122,180.0,,15.5,120007200.0,-0.4675954064206368,-0.38602138242440553,1.4655127429311783,-0.16951078243281992,-0.18500624551514577,0.2796038969774848,-0.11095895869218597,-0.1466692342281588,-0.41906746737463807,0.5808937736085833,0.5298244035967745,-0.1926412352363619,-0.2680311831045351,-0.2876243002035316,-0.39450600512228273,0.16723552598502134,0.061763766190687575,-0.38745903360051104,3.7144884558770346,3.615073399809862,-0.43290322826754657,-0.17354836002472906,-0.46888215304750536
WTF,2025-09-29,2025,125,180.0,9.875707885714286,4.0,17500000.0,0.368421052631579,0.34854183061069,-0.19932880691058508,-0.012307680570162294,-0.015118090244965687,-0.09946241919730825,-0.048286594874698774,-0.06023511338255616,0.028526606636338214,-0.15548285848495802,-0.17577738236056384,0.019262088945322553,-0.31395347547763186,-0.2898597127070469,0.288404026964205,-0.20615386962890625,-0.24154110883438862,-0.05645101387942508,4.81300054428116,2.737215872275354,0.625,0.5425000190734863,-0.6725440868974568
WVE,2016-05-09,2016,123,180.0,2.283654431372549,16.0,102000000.0,0.1665387659834685,0.16057298984311097,0.17092194184425025,0.018421035295047794,0.017594678266384722,-0.015018274087345573,-0.04780360419902563,-0.05212629783294076,-0.06784190959523995,0.03459974469478211,0.010903091607390003,-0.05575490426671714,0.34360654236840427,0.35314919676921885,0.02737486847888393,0.0032894862738344077,-0.025681889478220254,-0.13565359807703026,4.819466248037677,1.9691261119832548,-0.050000011920928955,-0.1393749713897705,-0.050000011920928955
WYFI,2026-02-03,2026,124,180.0,2.8846666666666665,17.0,159375000.0,0.15805109087762625,0.14013462712692792,-0.45588035603425436,-0.053360647531656924,-0.0449052844009441,0.10532998831769613,0.04769642950553443,0.043940297487682356,0.05664239782992864,-0.12364197615528028,-0.11354258546625462,-0.22259689426686635,-0.3134592828932339,-0.26983250485780097,0.2960568343230756,-0.13083628871249853,-0.11605368757257761,-0.09279705217976042,1.0643875019031903,0.9907974744835324,0.14647057477165681,0.6329411899342259,0.20160299606618137
WYHG,2025-05-27,2025,123,180.0,,4.0,8200000.0,-0.8293706276450707,-0.881074045387608,-0.05438526537316002,0.06557370641801308,0.044783115050138766,0.03178552728116235,0.21538469297646357,0.20702809611037587,0.047396510378259094,-0.25316461044480076,-0.2716684735607545,-0.14925694249538346,0.04237294385434165,-0.002593435135859856,-0.9428919952202925,-0.032786950921536606,-0.08115429127851703,-0.08454592592844778,6.8329321136254215,5.0810463809982345,0.2200000286102295,6.980000019073486,-0.7122641286632679
XBIT,2015-10-12,2015,126,180.0,6.92915775,19.0,76000000.0,-0.1663999938964844,-0.1897302582541831,-0.16312191729795356,-0.051823442974150646,-0.052767179325803104,-0.04742899657664523,-0.050607288491505975,-0.05978747311588373,0.20778322357081125,0.008528776699492369,-0.01463101494604091,0.14861406053603632,-0.11839319247224989,-0.11296256544000882,-0.1599756463672768,-0.09213055172835016,-0.12565759657318276,0.3093637076071386,0.6327169973585601,1.0547330917132502,-0.17736841502942535,-0.06736845719186879,-0.327741930561681
XCH,2025-03-10,2025,124,180.0,11.23738058130971,6.2,20666677.0,0.2079208318117427,0.25805941217662687,-0.8328821423508413,0.03278685320900654,0.05942243849083473,-0.047763913116849466,0.0,-0.011720016989413606,-0.032911842928966095,-0.0793650988878909,0.03131111874270753,-0.49433416187817125,0.034482829494228984,-0.07341197676955247,0.13576158427376683,-0.049180377526039876,0.07503822948573313,-0.5371393977822423,0.6990383959626271,0.3413353338334584,-0.8032258018370597,1.1451613210862681,-0.8342391295545155
XERS,2018-12-18,2018,125,180.0,2.462394912280702,15.0,85500000.0,-0.029597311610227717,0.03508655445803999,-0.187052457728918,-0.011499977111816384,-0.010403490666689219,-0.011727432969094398,-0.1279717060224942,-0.09308065579752156,0.07384557837077432,-0.005800486241145708,-0.0739619911502637,0.15852580013911544,-0.4323220601680603,-0.48712128488042905,-0.08104511543878079,-0.14300003051757815,-0.17276189935592912,0.23337811728899682,1.1143917026269967,2.0051984757867114,0.33333333333333326,0.8,-0.010880282929049745
XGN,2020-03-17,2020,124,180.0,2.1929916666666665,14.0,50400000.0,-0.3960113680155015,-0.106467534387644,0.29535683283440184,0.636792394477476,0.5828003301927114,0.000810688283780614,-0.35446686948201833,-0.31629436537291955,-0.04567019967581243,0.07440476422778874,-0.06793542387797369,-0.2358836617005634,-0.0422437447647801,-0.05606861588690748,0.38780834575386625,0.1352200689659464,-0.022837061312999785,-0.27427287046573345,1.1626721060683325,0.9572375610111459,-0.09142855235508507,0.29428577423095703,-0.25657511319238646
XMTR,2021-12-27,2021,125,180.0,4.846877236363636,44.0,302500000.0,-0.014509576705859395,-0.016980613805545275,0.02260593756560536,-0.00608554312820897,-0.020237696922793535,0.0036520766934580173,0.06498117778832091,0.06403833388720681,-0.12863359219162473,-0.0678783377540998,0.022636809527346813,0.043244309198502195,-0.16912057866819097,-0.1403038848147714,-0.2194054703556717,-0.013349044434784019,0.06342529558693111,-0.09050795818360413,0.5868906354343247,0.6146298864745466,0.15772724151611306,0.5240908536044033,-0.4170957891922935
XP,2020-06-08,2020,123,180.0,3.794370153202756,27.0,1957787307.0,0.4979525682542987,0.38789971623761166,-0.3251361609289162,0.1217878018960441,0.10970032173882505,-0.0637892544754669,0.0176678074038501,0.06763694046105229,0.20749568873578483,0.11949238216069902,0.09757409115309312,0.00698362188120405,0.023529379125584837,-0.0283541024303815,0.24159426449993493,0.2780207124077141,0.2954316149640941,0.13949116861085598,1.9701699018633003,1.1262999630125996,0.35481488263165506,0.31296299121997984,0.061520684936329006
XPEV,2021-02-23,2021,123,180.0,,15.0,1496000010.0,-0.3261216454814203,-0.3369605345421184,0.10286055138924866,-0.00236842506810242,-0.003582804372511683,-0.04380010812296464,-0.16908467088399848,-0.16660727358057104,-0.0689255968216268,0.1533333914620536,0.1456757327730589,0.06966258514217039,-0.10267005694850273,-0.17088573685663822,-0.10294617644499826,-0.04394732023540293,-0.05032925762654472,-0.050276105355028466,1.4068369834398915,0.9079933284799663,1.5333333333333332,1.1933334350585936,0.7907634886719939
XPOF,2022-01-19,2022,125,180.0,1.2994044,12.0,120000000.0,-0.2941176007442794,-0.2867676868149064,0.13270608587275445,0.10380117285207202,0.11418473073017876,0.20085046995693512,0.08807946292095381,0.12874353622961454,-0.0471110974336596,0.22398053784676453,0.19347612815606396,-0.10759085481435071,0.15713574099970495,0.169518183238219,-0.17057007884689068,0.47002925158875986,0.4916945330679475,0.019564122507013115,3.474445863209246,1.563260539785439,0.14000002543131496,0.16083335876464822,0.11673471878985953
XYF,2019-03-18,2019,123,180.0,,9.5,104500000.0,0.03809526231553817,0.012838346532841216,-0.12978608957434823,0.13394498366737984,0.13031912954728408,0.1474852705139642,-0.029126261535137754,-0.017473308665033604,-0.19656016391975495,-0.13833332061767578,-0.1775033046381631,-0.051996992963972755,-0.056092835120596485,-0.03343529366265041,0.34453281258816126,-0.05137615492290171,-0.0821607119499077,-0.12764498518051715,3.6103449148467748,2.904488363657835,0.7210526717336554,1.3021053514982524,-0.5446950584532513
XZO,2026-05-04,2026,123,180.0,10.346973625,21.0,168000000.0,0.15007008101683894,0.05123348367436176,-0.1830403046600394,-0.014634132725648952,-0.010970753055907001,0.012013558720037176,-0.11076732541799383,-0.14041869202539436,-0.058322396852393155,0.0013918203147496033,-0.026026034231362294,-0.05437994807756508,0.25017368602537116,0.2683550220779136,0.062226525005207645,-0.12256093426590275,-0.1765677081389777,-0.09478411087739025,0.602688365043277,1.5478042359698456,-0.21904763721284415,0.02047620500837044,-0.21941935079154984
YALA,2021-03-29,2021,124,180.0,,7.5,139500000.0,-0.03546746121080002,-0.0765338883753931,-0.03838253891396848,0.05014322876223365,0.05064833558955317,0.03629900254269469,0.13278763559284323,0.10666201941774034,0.40388701810555117,-0.02207945565755154,-0.05014996199446531,-0.0301367298790296,-0.39039408828424427,-0.3921185595422647,0.008809181138819566,0.16332378171297202,0.10892715201014735,0.43027354154038533,0.7338898087871708,0.6387748467046219,1.7920000712076822,1.1533332824707032,1.991428647722517
YB,2025-10-27,2025,125,180.0,,15.0,30000000.0,0.1485893105799656,0.12527482551601943,-0.16227497520259737,0.019974470872890393,0.008176773959822858,0.0627433722660713,-0.06583333015441895,-0.06306063240474968,-0.13655560870632066,-0.08786794409681986,-0.066487597837945,-0.08333185583710323,-0.028850862130876953,-0.05760692521395705,0.0710645862108612,-0.13089672051960943,-0.11831640375142927,-0.16489278230980986,1.0677440300122647,0.59471418608566,0.5686667124430338,0.8313332875569659,0.4743108164414169
YDDL,2026-04-07,2026,123,180.0,20.89802,5.0,10000000.0,1.01842109803678,1.0384246854566281,0.228403605831909,-0.1127770846611621,-0.11321715876701088,-0.0260694490093345,-0.6686259851102075,-0.7220831812445178,0.03974623163774493,0.10199546296339368,0.059790013216499904,0.11539581166534052,-0.3561367841505846,-0.3982357518901697,1.040967349670568,-0.6760104471476683,-0.7744124436817258,0.12877379033195613,5.452835259338888,6.874496103198065,2.0680000305175783,0.10200004577636723,1.830258290896
YETI,2019-04-23,2019,122,180.0,4.2279640625,18.0,288000000.0,0.08001393923928513,0.04055113167018254,0.20008364453262217,0.02361693774959539,0.014625254255172138,0.03202513962733833,0.1276865042181099,0.12379417933469727,0.026399285638954106,-0.23262334847024013,-0.20708093799250327,0.2609038509083135,0.03323600374921498,0.010374715941759982,0.04022790340032989,-0.11420254623330417,-0.10124916010880969,0.3418019526924221,1.2987227133778967,0.9176507396931298,0.7172222137451172,-0.09166664547390413,0.8182352851418888
YEXT,2017-10-10,2017,125,180.0,7.1418542857142855,11.0,115500000.0,-0.03426795395862492,-0.05328801778702996,-0.05148120227697994,-0.026612897891779563,-0.0292512053420525,0.08179985767884834,0.0049710373764488835,0.0016327052744298243,0.014745241261088227,-0.00989281817204768,-0.02241879848966133,-0.041655620987169906,0.05495419107694355,0.037286983556125364,-0.005214009997688951,-0.03145156464889154,-0.05003796565780427,0.0515863552014284,8.782508769807668,3.6296923511148744,0.12727269259366114,0.21181817488236887,-0.07531694559092406
YI,2019-03-11,2019,123,180.0,,14.0,100450000.0,-0.1194379374101533,-0.13542955868944695,-0.27602126382451686,0.0837765477661796,0.06927530492481804,0.032196128479620834,-0.08588955116925157,-0.09986018791954387,0.5663750139326438,-0.040268419003798184,-0.06314952366818971,-0.15192580773031095,0.11468527047370336,0.11766326778556968,-0.07677426894347372,-0.049202112566161915,-0.10141379199481637,0.38220393432356903,0.47745358090185674,5.358090185676392,-0.4628571442195347,-0.3078571728297642,-0.4550724726818959
YMM,2021-12-20,2021,126,180.0,,19.0,1567500000.0,-0.3317756652356034,-0.3107848500044522,-0.1493162690318478,-0.10289716914028124,-0.09226376365007682,0.003106177147842004,-0.010022183017969422,-0.05813415190074567,0.14781311207916725,-0.06411705584765925,-0.011440235384223674,-0.04641625386073611,0.1658654044542094,0.17726550162406962,-0.3334803632358405,-0.16883121832319858,-0.1511740647724037,0.1027073520520656,3.914834143657909,4.194146546615435,-0.4731578826904297,-0.09684211329409953,-0.5233333224341983
YOU,2021-12-27,2021,125,180.0,4.48790196969697,31.0,409200000.0,-0.13130738792440555,-0.13377842502409143,-0.10271903986398379,0.002310283958266046,-0.01184186983631852,0.06193183926680379,0.048732285193894276,0.04778944129278018,-0.041089958152238926,-0.35196235031580236,-0.26144720303435576,-0.08432493386159157,0.26017446695888036,0.2889911608122999,-0.28958244678305556,-0.31881188417974493,-0.2420375441580298,-0.06771015106640377,2.1516210678558516,3.707364107508738,-0.02258066977224038,0.39096770748015364,-0.24250001907348628
YRD,2016-06-15,2016,123,180.0,,10.0,75000000.0,0.2682692369413098,0.2621758308368791,0.3745026261032107,0.0909780743832731,0.09237200485573738,0.02560219890055304,0.011813764575261398,0.01012901798794208,-0.08420676413012373,0.25206037203646203,0.2135212620967799,-0.009743239313337315,0.5682940685954987,0.5565876146048578,0.5522199942421617,0.3821076665801202,0.34326897165696835,-0.07005729537153427,1.0397547639410742,0.7322487339400171,0.31899995803833003,-0.44999999999999996,0.44945044257822353
YSXT,2025-06-16,2025,122,180.0,16.65814,4.0,5000000.0,-0.14754100154721939,-0.15861707407367853,0.2773047626645909,0.04807692484037407,0.03856269925280076,0.12293291909710458,0.0018349044462047104,-0.004968103237674715,0.33668754848337623,-0.07142854647633934,-0.10017033190797098,-0.06548971527921088,-0.5956607726021981,-0.6287741699868246,0.013465177189617261,-0.024999931225407335,-0.0705945220179115,0.4270423617543855,6.066594702316698,8.528605829112347,0.2999999523162842,-0.337499976158142,0.2064964914852483
ZBAO,2024-09-30,2024,126,180.0,8.788872,4.0,6000000.0,-0.053050410794581504,-0.07654820911259752,-0.08275573202175235,0.028291336823683233,0.02428405878651474,0.009433052081789794,0.05148457942923734,0.06187223606478931,0.04815020285826532,-0.18911911929903946,-0.21206739259422303,-0.057475446576797484,-0.14281150490715688,-0.17156348348206596,0.02606048161360741,-0.12324925126881092,-0.13962814581545235,0.0013363051613088928,0.453781512605042,0.31932773109243695,-0.10750001668930054,0.02499997615814209,-0.035135165612308894
ZBIO,2025-03-12,2025,123,180.0,2.006535480058093,17.0,224999998.0,-0.04227214853433048,0.03862393256145069,-0.12838951129395626,0.1324137983650997,0.12710725732013062,0.07850653629910065,0.004872102517316845,-0.00990773865825556,-0.15611793883588398,-0.09212123986446497,-0.059483203424390174,-0.09172139876797003,0.2403204600453741,0.21035435857673446,-0.060276023922028577,0.033103416705953626,0.0462347809622885,-0.17915076781093142,1.195428680724908,0.7654728318908495,-0.5735294117647058,-0.327647040872013,-0.6005509557918615
ZETA,2021-12-07,2021,126,180.0,6.14020511627907,10.0,215000000.0,-0.14021739006493172,-0.11942898748718545,-0.09403959677186613,0.11125159689210684,0.09056677364481547,0.033965748739002266,-0.030716667265199504,-0.02021010401124934,0.2335046516392112,-0.05751181906873937,-0.06834577040236867,0.02056289523421384,0.1793275942644148,0.22582829572955565,-0.007950327887631947,0.015170655862697835,-0.00573214533017441,0.31497793687394715,1.0016427785564648,0.7353820339306617,-0.20900001525878908,-0.2889999866485595,-0.11023627199820296
ZIM,2021-07-27,2021,125,180.0,6.896551724137931,15.0,217500000.0,-0.25929707770329646,-0.293075011077815,0.42243747980569557,-0.04496554670662711,-0.04040797721291289,-0.003752730110194058,0.21374932854384232,0.20887476057669763,0.053151126102431556,0.1720609106014539,0.1566012995426831,-0.06402112626811451,0.11675126903553301,0.13931977996615597,-0.1623335919629877,0.35862068965517246,0.34286173908566475,-0.018693817494791487,1.9648182809189823,1.0287216246049213,1.4166666666666665,1.1246667226155598,2.152173913043478
ZJK,2025-03-31,2025,125,180.0,48.0,5.0,6250000.0,-0.23692307105431187,-0.17209419763872935,0.17899166928206633,-0.11693546758978235,-0.12364828061246158,0.05053836006262058,-0.12100461094987924,-0.02266533365656287,-0.14210425722146436,0.0779221293937915,-0.021090523681164042,-0.07962175293279539,0.07951805207774032,0.019246056293561464,-0.24815518959468819,-0.1633064388205433,-0.16089495358663397,-0.16880295816004254,0.6938318741360016,0.8834178131788559,-0.007999992370605447,1.2059999465942384,-0.007999992370605447
ZKH,2024-06-12,2024,123,180.0,,15.5,62000000.0,0.10728914132055234,0.07649679736585213,-0.0829581819983739,-0.5754438182861119,-0.5836568233038506,0.0476535577303836,-0.32055744758197025,-0.3309756809221659,-0.13655241586857425,-0.023076961637718107,-0.0468246585926998,-0.12269959072126047,-0.27296587335229916,-0.2247507258124305,-0.21922607360467816,-0.7181952800458893,-0.7611042613356789,-0.20683818313215474,44.62310030395137,29.220364741641337,-0.12774190595073087,0.22580645161290325,-0.12774190595073087
ZKIN,2018-02-28,2018,123,180.0,11.636355637593065,5.0,5341730.0,-0.29261082776490854,-0.25660548751019807,0.07214873887046247,0.001392789571159403,0.011522873211766593,0.012008334372064056,-0.009735767886549618,-0.013895550357382658,0.1356388376541341,-0.05898877570852179,-0.011514575748909128,-0.00238428905835808,0.001492571517391239,-0.02344685549722625,-0.24420748671604575,-0.06685237194282123,-0.013651167653301544,0.15598957443068073,0.4399789328687761,0.19081959243203825,0.4359999656677247,0.4899999618530273,-0.15029585912345256
ZLAB,2018-03-19,2018,124,180.0,,18.0,149999994.0,-0.12050205885918386,-0.12478735143862729,-0.14056930543314183,0.0023786506171117328,0.015909000024445286,0.018447374160870167,-0.013763598119555187,0.0061262502188280665,-0.03587432289603176,0.038979761269350544,0.019817838405120636,-0.038128367434671184,-0.04863359099766784,-0.05200160481715299,0.024296689623884538,0.027117016289773144,0.041741413033407504,-0.055160215084344655,0.8515394776953562,0.9531551671578091,0.16777780320909286,0.42944441901312924,-0.24740421668135815
ZM,2019-10-15,2019,125,180.0,0.1533582995141489,36.0,751304340.0,-0.12235025835152491,-0.10832443411207249,0.039681157397255196,0.004378496401576726,-0.00552179944207265,-0.009482645728428829,-0.12811138422385848,-0.1285463577272331,-0.0038288585808901043,0.09677419354838701,0.06336397346175682,-0.15743859334024723,-0.06588234620935773,-0.08342284273924239,-0.05193121326890504,-0.03954806399811717,-0.08364330729832581,-0.1693511950469233,4.982311348530028,2.560685500016487,0.966666751437717,1.5211111704508467,0.141935533092868
ZNTL,2020-09-30,2020,125,180.0,2.758335947712418,18.0,165240000.0,-0.0284884684146407,0.02000714453604402,-0.24127482096019448,-0.02184319515955757,-0.029425165759405236,-0.045157642818054344,0.08473541064943557,0.06720728242695118,-0.10358925514513151,0.11195717211514311,0.15333528486145276,-0.0488733001639895,0.1676388678466203,0.05743253834067419,-0.13247092524493997,0.1798325094408626,0.19701213317032973,-0.19366181729028242,2.4986405655247417,1.4302761162467523,0.8566665649414062,1.6894444359673395,0.4405171150826712
ZONE,2024-10-23,2024,125,180.0,4.4507352,4.0,5000000.0,-0.024691334404499887,-0.04573110298157523,-0.013917625235678188,-0.044303829462514766,-0.03516644856880369,-0.14837389162006942,-0.07284769205287711,-0.07634259605706384,-0.0345308059352154,-0.02142855135761923,-0.03951442928688775,-0.09062420501642665,-0.13138682257037326,-0.12393546877856543,-0.17722831625784263,-0.13291141293862885,-0.145220253001765,-0.2531987260938089,0.8294209702660407,7.316118935837245,-0.6049999892711639,-0.48750001192092896,-0.5485714163099016
ZS,2018-09-12,2018,125,180.0,8.777625583333334,16.0,192000000.0,0.12848132457189143,0.10384473634401714,-0.015241746919722132,-0.006286390057451352,-0.006528588041105565,-0.03695678276485026,-0.11363632707221272,-0.12089976833875138,0.08103392477532534,-0.11340208056785439,-0.06903694982965747,-0.1287733514894408,0.2224209564949371,0.2126831839777774,0.17100651889816265,-0.21909195995944608,-0.1819011609489315,-0.09334935855176074,7.164950273642088,3.100982757606073,1.6843750476837158,0.825624942779541,0.3015151746345288
ZTO,2017-04-25,2017,123,180.0,,19.5,1405950000.0,0.032359893049980215,0.018206136315374266,-0.008047186855460353,0.011467860810795205,0.005649229055232796,-0.0001467001637407428,0.05895697004035272,0.058034726410553406,0.03137893793088797,0.03069231580846199,0.025331513545225004,-0.12073490614509597,-0.030470885953559068,-0.04255167687052108,0.0013021333006014713,0.10397550952675427,0.09183230041494683,-0.09450936519067066,0.41868316110613446,0.6347112928893993,-0.3292307731432792,-0.31999998826247,-0.2106215953768722
ZVIA,2022-01-18,2022,125,180.0,2.2164906542056078,14.0,149800000.0,0.0573769931157615,0.06108588140186644,-0.1250181473073223,-0.033591700223928656,-0.01588208806023883,-0.0451627617349204,0.04679143098129579,0.0950290473250105,-0.2803445594068926,0.30140481221872384,0.27463655468624415,-0.04568103288083181,-0.5711481780655085,-0.5476556632864429,-0.1469176902323971,0.3165374524179341,0.35660457900658404,-0.34615265229967873,0.7802021005441169,0.698976240833469,-0.4471428734915597,-0.04285717010498058,-0.4329670338883461
ZYBT,2025-07-07,2025,123,180.0,30.444250666666665,4.0,6000000.0,-0.05909792344457088,-0.10844941529956842,0.7451229279519418,-0.08429755583526499,-0.07684555535622872,-0.025022150168896973,0.059566773642300896,0.052912773301468485,0.2526246810493338,-0.01873929451819223,-0.028918365558050385,-0.3414318708711561,1.1987846282276329,1.1843669010424205,-0.23406355292311587,-0.047933876481052184,-0.057256734133397824,-0.18865430084241241,0.09270809900679632,0.11736209102208406,0.5125000476837158,1.0499999523162842,0.24485597212523857
ZYME,2017-10-25,2017,126,180.0,4.538769111111111,13.0,58500000.0,0.12923465958881564,0.09920416467733517,-0.03390382230771194,-0.07333331637912321,-0.06838319054288156,0.006444378937439099,-0.033573108854717204,-0.04219074764236985,0.16306870073262858,0.02605459394715015,0.01723864141562159,-0.07497761566195327,-0.07859740462219511,-0.10870202624465497,0.11355714806363859,-0.08111106024848092,-0.09358382388070108,0.08742423236701158,0.24258760107816713,0.3279424977538185,-0.3076923076923077,-0.37846154433030343,-0.3076923076923077
