symbol,split,signal_day,entry_day,exit_day,entry_date,exit_date,entry_open,exit_px,exit_reason,days_held,notional,shares,gross_ret,price_pnl,slippage,borrow,hedge_pnl,beta,net_pnl,net_ret
VEL,holdout,2,3,23,2020-01-22,2020-02-20,14.15999984741211,14.640000343322754,time,21,0.10500000000000001,0.007415254317194776,-0.03389834047197171,-0.00355932574955704,0.0005973448761861357,0.0026137888713210463,0.0022328090612151923,1.5,-0.0045376504358490295,-0.04321571843665742
ANVS,holdout,2,3,23,2020-01-31,2020-03-02,6.980000019073486,5.170000076293945,time,21,0.034860472534369816,0.004994337025660515,0.2593123120105374,0.009039749730667273,0.00017204647260823084,0.00073042178943583,-0.0028639962878597553,1.5,0.005273285180763457,0.15126832189564823
ARQT,holdout,2,3,23,2020-02-04,2020-03-04,25.1299991607666,27.709999084472656,time,21,0.05874891082436302,0.0023377999517040517,-0.10266613648495437,-0.00603152369703647,0.0003432555925932952,0.0015447152278313555,-0.00408558632864495,1.5,-0.01200508084610607,-0.2043455900313916
BDTX,holdout,2,3,23,2020-02-04,2020-03-04,37.5,30.290000915527344,time,21,0.10437164948989913,0.00278324398639731,0.19226664225260415,0.020067186593788634,0.0005328616032892352,0.0024570080146373184,-0.007258336848641955,1.5,0.009818980127220125,0.09407708103885419
REYN,holdout,2,3,23,2020-02-04,2020-03-04,30.290000915527344,29.729999542236328,time,21,0.10437164948989913,0.003445745999842339,0.018487994597713775,0.0019296224919237341,0.0005782055135438975,0.0026002665908442654,-0.007258336848641955,1.5,-0.008507186461106384,-0.08150859455306099
BEAM,holdout,2,3,23,2020-02-10,2020-03-10,21.3700008392334,22.5,time,21,0.04669292362968693,0.0021849752829191716,-0.052877824819361985,-0.002469020235994431,0.00026584246744998017,0.0013496124173138376,-0.009052277331263665,1.5,-0.013136752452021914,-0.2813435405374721
PPD,holdout,2,3,23,2020-02-10,2020-03-10,31.8,27.25,time,21,0.10527875129913815,0.0033106525565766713,0.14308176100628933,0.015063469132423856,0.0005478202921140723,0.0024744368983280135,-0.02041021165020853,1.5,-0.00836899970822676,-0.07949372123959901
SDGR,holdout,2,3,23,2020-02-10,2020-03-10,32.380001068115234,35.029998779296875,time,21,0.05752859595488792,0.00177667060090176,-0.08184056898599379,-0.004708173025913375,0.0003316999757896204,0.0017169406278507858,-0.01115297061267676,1.5,-0.01790978424223054,-0.31131968275872435
NREF,holdout,2,3,23,2020-02-11,2020-03-11,18.86000061035156,16.5,time,21,0.10666862540982691,0.005655812404973117,0.12513258398603877,0.013347720727770476,0.0005580919778688037,0.002638840435506845,-0.029415113034004313,1.5,-0.019264324719609486,-0.1805997278543232
ONEW,holdout,2,3,23,2020-02-11,2020-03-11,14.59000015258789,9.130000114440918,time,21,0.10666862540982691,0.007311077744636393,0.3742289226212592,0.03991848476461019,0.0004916650677767045,0.0027752502942198815,-0.029415113034004313,1.5,0.007236456368609291,0.06784053268528037
RVMD,holdout,2,3,23,2020-02-18,2020-03-17,28.01000022888184,20.34000015258789,time,21,0.0806658613783729,0.0028798950631637706,0.27383077520953436,0.022088795354184683,0.00039048691948997223,0.0021703780631328606,-0.030099579217271438,1.5,-0.010571648845709589,-0.1310548063960044
GFL,holdout,2,3,23,2020-03-05,2020-04-02,17.700000762939453,13.140000343322754,time,21,0.09471504104673416,0.005351132031872566,0.25762713124648573,0.02440116431076326,0.00046444941556578694,0.0020850303932883917,-0.024759517595081132,1.5,-0.002907833093172052,-0.03070085871300286
ZNTL,holdout,2,3,23,2020-04-07,2020-05-06,24.76000022888184,32.97999954223633,time,21,0.07528159612850464,0.0030404521580210163,-0.33198704512797583,-0.02499251465121993,0.0004848851399675059,0.0021375464450005092,0.004134575099150058,1.5,-0.023480371137037888,-0.3119005486673957
KROS,holdout,2,3,23,2020-04-13,2020-05-11,22.020000457763672,27.280000686645508,time,21,0.06733359536037457,0.0030578380545234966,-0.23887375656376508,-0.01608422886667718,0.00041839825910072227,0.002136751696901597,0.005597764579658586,1.5,-0.013041614243020916,-0.19368658651333254
ORIC,holdout,2,3,23,2020-04-28,2020-05-27,26.200000762939453,27.030000686645508,time,21,0.09285591528510681,0.003544118800807586,-0.03167938547849625,-0.0029416183342754953,0.0005285446442357357,0.0026318457637155342,0.005987364017243648,1.5,-0.0001146447249831175,-0.0012346518219233514
KC,holdout,2,3,23,2020-05-12,2020-06-10,25.3799991607666,20.64999961853028,time,21,0.06346468265596629,0.0025005785955293683,0.18636720640827054,0.011827735612179851,0.0003274666467970325,0.001327301172924671,0.00816881477035416,1.5,0.018341782562812308,0.2890077094096681
ADCT,holdout,2,3,23,2020-05-20,2020-06-18,31.61000061035156,40.29999923706055,time,21,0.09162976319218136,0.0028987586657045076,-0.27491295346141853,-0.02519020882413295,0.0005775852703074865,0.002645738459243868,0.007415371854692937,1.5,-0.020998160698991367,-0.2291631012398285
SLQT,holdout,2,3,23,2020-05-26,2020-06-23,26.700000762939453,25.6200008392334,time,21,0.09342450796950776,0.003499045142320156,0.04044943418897329,0.0037789684867498095,0.0005146692354490118,0.0023794756687139356,0.004697060183214291,1.5,0.0055818837658011536,0.059747531853451025
PLRX,holdout,2,3,23,2020-06-05,2020-07-06,24.200000762939453,28.799999237060547,time,21,0.059482746691155934,0.002457964661813129,-0.1900825755826281,-0.01130663369378396,0.00036135983903944915,0.0016654758889901265,-5.0633327419911294e-05,1.5,-0.013384102749233448,-0.22500814931640395
WMG,holdout,2,3,23,2020-06-05,2020-07-06,30.5,29.790000915527344,time,21,0.08238206283450045,0.0027010512404754246,0.023278658507300154,0.001917743907851283,0.0004565311669342838,0.00209952071139477,-7.012584645233431e-05,1.5,-0.0007084338169301052,-0.008599369723883912
FOUR,holdout,2,3,23,2020-06-09,2020-07-08,35.599998474121094,44.75,time,21,0.0968496030649325,0.0027204945847212865,-0.25702252578831897,-0.024892529601345068,0.0006042153703768477,0.002514740967575865,-0.0018686539506847354,1.5,-0.029880139889982518,-0.3085210361672776
LEGN,holdout,2,3,23,2020-06-09,2020-07-08,36.0,39.540000915527344,time,21,0.08997291007518297,0.002499247502088416,-0.09833335876464844,-0.008847338445522417,0.0005256194480631014,0.0024434607274882282,-0.001735972358646347,1.5,-0.013552390979720094,-0.15062746073674257
UCL,holdout,2,3,23,2020-06-12,2020-07-13,17.899999618530273,14.44499969482422,time,21,0.032767676757725066,0.001830596505924146,0.19301675962771525,0.006324710788304491,0.00016789769840985712,0.0007395827830378275,0.0010524276867899453,1.5,0.006469657993646752,0.19744024092649512
LTRN,holdout,2,3,23,2020-06-15,2020-07-14,14.5,12.649999618530272,time,21,0.08983240367744198,0.006195338184651171,0.12758623320480889,0.01146137800493864,0.0004762979889045069,0.0019875972451948135,0.009449866615891613,1.5,0.018447349386730934,0.20535295318345456
PCVX,holdout,2,3,23,2020-06-16,2020-07-15,29.790000915527344,26.5,time,21,0.029703209985200058,0.0009970865751037273,0.11043977221942636,0.0032804157449512865,0.0001583168617125792,0.000781110506775793,0.0008996257891853525,1.5,0.003240614165648267,0.10909979652916091
RPRX,holdout,2,3,23,2020-06-18,2020-07-17,56.38999938964844,44.18999862670898,time,21,0.0920652873482668,0.001632652745961322,0.21635043261197529,0.019918364746343335,0.00046681297043129884,0.0019629150841284923,0.0052163657343156766,1.5,0.02270500242609922,0.2466184930288675
ACI,holdout,2,3,23,2020-06-30,2020-07-29,15.56999969482422,15.369999885559082,time,21,0.08820761497103195,0.005665229075139541,0.012845203158971308,0.001133044734471225,0.0004929693958572352,0.0021676245764284154,0.009196819278171696,1.5,0.00766927004035727,0.08694566838561406
API,holdout,2,3,23,2020-06-30,2020-07-29,45.52999877929688,41.66999816894531,time,21,0.039063365248365914,0.0008579698285897728,0.08477928209624208,0.003311764062019753,0.00021129001050961124,0.0010380209242284379,0.0040728763690574465,1.5,0.0061353294963391505,0.1570609561498494
LMND,holdout,2,3,23,2020-07-07,2020-08-04,83.80000305175781,61.13999938964844,time,21,0.03102594506412823,0.00037023799444214244,0.27040576177680764,0.008389594309910977,0.0001532045559716661,0.0006960033596524193,0.0021662469366272767,1.5,0.009706633330914167,0.3128553638205478
IVA,holdout,2,3,23,2020-07-14,2020-08-11,11.210000038146973,11.949999809265137,time,21,0.05514039448920046,0.004918857654019709,-0.06601246820695694,-0.0036399535381374144,0.00031891568545320344,0.0013435508310407703,0.005147962341686724,1.5,-0.00015445771294466445,-0.0028011717067950213
NKTX,holdout,2,3,23,2020-07-14,2020-08-11,39.290000915527344,24.229999542236328,time,21,0.04324517872665403,0.0011006662692533461,0.38330366562397633,0.01657603552649049,0.00020154039467482987,0.0008254079726530879,0.00403741310896731,1.5,0.01958650026812988,0.45291754699253445
NCNO,holdout,2,3,23,2020-07-16,2020-08-13,70.0,84.5999984741211,time,21,0.04000863334819083,0.0005715519049741548,-0.20857140677315855,-0.008344656940503663,0.0002455495458867753,0.0010701288740327464,0.003197783928237351,1.5,-0.006462551432185833,-0.16152892241889252
RLAY,holdout,2,3,23,2020-07-20,2020-08-17,42.09999847412109,33.7400016784668,time,21,0.09392873153146447,0.0022310863405185766,0.19857475293718096,0.018651874657563357,0.00048081595363652917,0.002104020671042473,0.007223718521182508,1.5,0.02329075655406686,0.24796200453601216
ALXO,holdout,2,3,23,2020-07-21,2020-08-18,32.25,42.84999847412109,time,21,0.05117853178225777,0.0015869312180545045,-0.32868212322856083,-0.016821468489912863,0.00032922676800221993,0.0014759971523775322,0.002866593983971089,1.5,-0.015760098426321523,-0.3079435434641587
ANNX,holdout,2,3,23,2020-07-28,2020-08-25,17.299999237060547,23.489999771118164,time,21,0.08860878055357563,0.005121895055564823,-0.3578035148578056,-0.03170453312933331,0.0005772587290049512,0.0028974682311776606,0.008941125407971923,1.5,-0.026238134681543998,-0.2961121292678168
NRIX,holdout,2,3,23,2020-07-28,2020-08-25,19.51000022888184,22.920000076293945,time,21,0.058636817427381756,0.003005474973833066,-0.17478215312186807,-0.01024866920217166,0.00035517120767662583,0.0016123299820667851,0.0059167853892942174,1.5,-0.0062993850026208525,-0.10743054072507038
VERX,holdout,2,3,23,2020-07-31,2020-08-28,24.0,28.190000534057617,time,21,0.0799290834470855,0.003330378476961896,-0.17458335558573412,-0.013954287597084338,0.00048430446469252357,0.0021240678073013216,0.009079391980669463,1.5,-0.007483267888408722,-0.09362384210701953
LI,holdout,2,3,23,2020-08-03,2020-08-31,16.260000228881836,16.299999237060547,time,21,0.07913872543142182,0.004867080216324451,-0.002459963567999379,-0.00019467838137920534,0.00044518139557418897,0.0020346712952640914,0.007589186023893693,1.5,0.0049146549516762075,0.062101770339162636
FTHM,holdout,2,3,23,2020-08-04,2020-09-01,10.0,17.059999465942383,time,21,0.06249674336578012,0.006249674336578012,-0.7059999465942384,-0.04412269747855457,0.00046170329102308144,0.0021780115116899574,0.0070739223916313175,1.5,-0.03968848988963629,-0.635048928187314
VITL,holdout,2,3,23,2020-08-04,2020-09-01,37.9900016784668,40.40999984741211,time,21,0.09773331633727275,0.002572606265312939,-0.06370092292775542,-0.006225702451474552,0.0005650832881637187,0.0024328280167995346,0.011062302731523945,1.5,0.00183868897508614,0.018813328391936657
RXT,holdout,2,3,23,2020-08-07,2020-09-04,15.699999809265137,19.61000061035156,time,21,0.09393319955822622,0.005983006413974148,-0.24904464003744708,-0.023393559871544116,0.0005852953190919987,0.002701256169642494,0.003927509435357605,1.5,-0.022752601924921005,-0.2422210893691254
BEKE,holdout,2,3,23,2020-08-17,2020-09-15,33.45000076293945,54.18000030517578,time,21,0.06959731966907486,0.0020806373118587313,-0.619730913883981,-0.04313161052239132,0.0004977117948628938,0.0024001637561798937,0.000688892050481374,1.5,-0.045340594022952735,-0.6514704048739329
XPEV,holdout,2,3,23,2020-08-31,2020-09-29,22.690000534057617,18.780000686645508,time,21,0.06340197515772072,0.0027942694431652643,0.17232259829801289,0.010925593096404503,0.0003267609386902216,0.0013608757566601012,-0.004880697260016185,1.5,0.004357259141037995,0.06872434384258128
FROG,holdout,2,3,23,2020-09-18,2020-10-16,63.41999816894531,80.18000030517578,time,21,0.05668954992019237,0.0008938749851297123,-0.2642699877029844,-0.014981346660296959,0.00035551931906015687,0.0016813256622675544,0.0030223642816859147,1.5,-0.013995827359938758,-0.2468854908822191
SNOW,holdout,2,3,23,2020-09-18,2020-10-16,235.0,242.5200042724609,time,21,0.028758280177035175,0.00012237566032780926,-0.032000018180684764,-0.00092026548851035,0.00016365367828996937,0.0007328393632984225,0.0015332278864826135,1.5,-0.0002835306436161282,-0.00985909594978286
STEP,holdout,2,3,23,2020-09-18,2020-10-16,25.0,26.25,time,21,0.0831983287428229,0.003327933149712916,-0.050000000000000044,-0.004159916437141146,0.00047719756436343896,0.002138157432554609,0.004435661553889035,1.5,-0.0023396098801701593,-0.028120875930118795
BNL,holdout,2,3,23,2020-09-21,2020-10-19,16.649999618530273,16.610000610351562,time,21,0.08250705050793426,0.004955378522418087,0.0024023428885965314,0.00019821022604680962,0.00046278346272166874,0.0020725870778032333,0.006197527211769605,1.5,0.0038603668972915124,0.046788327464454466
DYN,holdout,2,3,23,2020-09-21,2020-10-19,22.18000030517578,17.149999618530273,time,21,0.04522806723226837,0.002039137358429803,0.22678091151656743,0.010256862313066419,0.00022831448308078552,0.0010149563456397258,0.0033973118137434004,1.5,0.012410903298089308,0.2744071117245231
CMPS,holdout,2,3,23,2020-09-22,2020-10-20,28.82999992370605,37.93000030517578,time,21,0.03687618689726637,0.0012790907733213062,-0.315643441052772,-0.011639726525158298,0.0002361046112247817,0.0011973507786285592,0.002493241435971321,1.5,-0.010579940479040317,-0.2869044055046973
U,holdout,2,3,23,2020-09-22,2020-10-20,76.63999938964844,87.1500015258789,time,21,0.07847332322499974,0.001023921240213357,-0.13713468449805366,-0.010761414421974133,0.0004674152804541648,0.0022597210302475594,0.005305671696154781,1.5,-0.008182879036521077,-0.10427593353041796
BSY,holdout,2,3,23,2020-09-25,2020-10-23,31.309999465942383,36.470001220703125,time,21,0.04210935733229717,0.0013449172165621351,-0.16480363598771564,-0.006939775197468551,0.0002540703928813124,0.0011260959800676327,0.004542769133884307,1.5,-0.0037771724365331886,-0.08969912332611547
CRSR,holdout,2,3,23,2020-09-25,2020-10-23,15.829999923706056,24.670000076293945,time,21,0.05547988692559757,0.0035047307133914906,-0.5584333667209711,-0.03098182004116024,0.00038933895400029335,0.001716525328132262,0.00598518557023172,1.5,-0.027102498753061074,-0.4885103459098147
GDRX,holdout,2,3,23,2020-09-25,2020-10-23,47.5,52.5,time,21,0.07258096188784953,0.0015280202502705165,-0.10526315789473695,-0.007640101251352581,0.0004271196505552177,0.0020149402732769135,0.007830054274394434,1.5,-0.0022521069007902777,-0.031028893007372688
LSF,holdout,2,3,23,2020-09-25,2020-10-23,36.15999984741211,51.2599983215332,time,21,0.026237499977512173,0.0007255945820859823,-0.4175884551393816,-0.010956477082328865,0.00017488729433303544,0.0008298037843954884,0.0028305087657254533,1.5,-0.009130659395331937,-0.34800035838619187
ASAN,holdout,2,3,23,2020-10-02,2020-10-30,24.940000534057617,22.11000061035156,time,21,0.07949797352519677,0.003187569038606706,0.11347232811167995,0.00902082013606477,0.0004222655946302822,0.001953562398884253,-0.0018550338532890508,1.5,0.004789958289261183,0.060252583517025275
IH,holdout,2,3,23,2020-10-13,2020-11-10,21.11000061035156,20.790000915527344,time,21,0.03002997647108053,0.0014225473994707014,0.01515867766802903,0.000455214733703606,0.0001670748408156522,0.0007409947748092784,0.00022504705930112914,1.5,-0.00022780782262019544,-0.007586014023007276
ARRY,holdout,2,3,23,2020-10-19,2020-11-16,38.84999847412109,39.31999969482422,time,21,0.03460273512272023,0.0008906753277164205,-0.012097843993899016,-0.0004186184912768797,0.00019523632201134703,0.0008722256228815056,0.0020722954796076097,1.5,0.0005862150434378774,0.01694129210765675
EBC,holdout,2,3,23,2020-10-19,2020-11-16,11.920000076293944,13.9399995803833,time,21,0.07851357985751392,0.006586709677431868,-0.16946304456043237,-0.013305150281992943,0.0004738793302826594,0.0020299612003915795,0.004702036877995398,1.5,-0.011106953934671784,-0.1414653866863367
TARS,holdout,2,3,23,2020-10-20,2020-11-17,22.39999961853028,24.07999992370605,time,21,0.02593961357433338,0.00115801848286082,-0.07500001490116093,-0.0019454714046053605,0.0001505143142788461,0.0006571961655058934,0.0019439987553287476,1.5,-0.0008091831290613525,-0.03119487985981486
MCFE,holdout,2,3,23,2020-10-26,2020-11-23,18.79,15.5,time,21,0.07682518783234081,0.004088620959677531,0.17509313464608833,0.013451562957339075,0.0003976248476049367,0.001728221140408457,0.0051635156858792705,1.5,0.016489232655204952,0.21463315769809993
FHTX,holdout,2,3,23,2020-10-27,2020-11-24,17.5,17.420000076293945,time,21,0.05519873148061032,0.003154213227463447,0.0045714242117745885,0.0002523368175497056,0.00030962547466046345,0.0012846284180049353,0.005717102064599511,1.5,0.004375184989483818,0.07926241911955333
MAX,holdout,2,3,23,2020-10-30,2020-11-30,32.849998474121094,37.75,time,21,0.025600051525397995,0.0007793014524967319,-0.14916291487012034,-0.003818578306353634,0.000153697007592346,0.0007658863354852663,0.003951366421165673,1.5,-0.0007867952282655738,-0.030734126745213333
ALGM,holdout,2,3,23,2020-11-02,2020-12-01,18.299999237060547,24.729999542236328,time,21,0.06758026258355335,0.0036929106776513987,-0.35136615154354534,-0.023745416784285402,0.0004400123370944258,0.002059061484808075,0.010996623329067905,1.5,-0.015247867277119995,-0.2256260436731536
AVIR,holdout,2,3,23,2020-11-03,2020-12-02,30.59000015258789,30.6299991607666,time,21,0.04723374334142238,0.0015440909809026739,-0.0013075844386789548,-6.176210777380066e-05,0.00026606895746396234,0.0012245192827427772,0.0070279474128124375,1.5,0.005475597064831897,0.11592553707319626
LU,holdout,2,3,23,2020-11-03,2020-12-02,50.560001373291016,60.400001525878906,time,21,0.05262529809293145,0.0010408484308454045,-0.19462025089631418,-0.010241948718339649,0.0003218725733695521,0.0016237235398291212,0.007830161266434222,1.5,-0.0043573835651041,-0.08280016879732179
OLMA,holdout,2,3,23,2020-11-23,2020-12-22,48.0,46.2400016784668,time,21,0.04693276376507613,0.0009777659117724193,0.0366666316986084,0.0017208663635718408,0.0002589138183919604,0.0011291566642700345,0.001962536082318383,1.5,0.002295331963228229,0.048906814325225055
TLS,holdout,2,3,23,2020-11-23,2020-12-22,19.739999771118164,28.89999961853028,time,21,0.05006083741627427,0.0025360100302290224,-0.4640324191297218,-0.023229851489933444,0.00033883398611977695,0.0013795290711073446,0.0020933393190370763,1.5,-0.022854875228123486,-0.45654200783891796
MRVI,holdout,2,3,23,2020-11-24,2020-12-23,29.13999938964844,30.170000076293945,time,21,0.07615684970792017,0.0026134815134887675,-0.035346626912126755,-0.0026918877534287625,0.0004336749017969718,0.0017991953528567145,0.0023341202452346037,1.5,-0.0025906377628478455,-0.03401713401727572
SHC,holdout,2,3,23,2020-11-24,2020-12-23,28.26000022888184,26.989999771118164,time,21,0.07615684970792017,0.002694863732877381,0.04493986013721718,0.003422478174365002,0.0004183889869774874,0.0018047566619216631,0.0023341202452346037,1.5,0.0035334527707004556,0.04639704483906696
SEER,holdout,2,3,23,2020-12-08,2021-01-07,58.290000915527344,59.16999816894531,time,21,0.036114134972516046,0.0006195596912899675,-0.01509688179098223,-0.0005452108266636567,0.0002039374752800079,0.000973025876171092,0.0016764618362944937,1.5,-4.57123418202629e-05,-0.0012657742419983583
AI,holdout,2,3,23,2020-12-11,2021-01-12,123.81999969482422,133.97999572753906,time,21,0.03849603707331534,0.00031090322377802835,-0.08205456354188256,-0.0031587755201430267,0.0002239137213535123,0.001042399289891962,0.0021948747129443163,1.5,-0.0022302138184441844,-0.05793359493593492
DASH,holdout,2,3,23,2020-12-11,2021-01-12,176.52000427246094,191.9900054931641,time,21,0.05518826678734174,0.00031264596335584677,-0.08763879926506801,-0.004836633434762859,0.0003217751960424473,0.0012112500163786745,0.0031465922321320407,1.5,-0.0032230664150519413,-0.05840129800545213
PUBM,holdout,2,3,23,2020-12-11,2021-01-12,27.5,26.84000015258789,time,21,0.030032967206955124,0.0010921078984347317,0.023999994451349482,0.0007207910463244815,0.00016672510828176398,0.0007387329840961859,0.0017123476931324218,1.5,0.0015276806470789534,0.05086679036912372
ABNB,holdout,2,3,23,2020-12-14,2021-01-13,135.0,169.99000549316406,time,21,0.05984985174714833,0.00044333223516406173,-0.25918522587528936,-0.01551219734368722,0.0003744827339889267,0.0016390731756368232,0.0027153542283897603,1.5,-0.01481039902492321,-0.24745924329927652
ABCL,holdout,2,3,23,2020-12-15,2021-01-14,50.810001373291016,46.63999938964844,time,21,0.02662855022654402,0.0005240808798824731,0.08207049539334588,0.0021854183086990617,0.00014389681865317579,0.0005607790170200211,0.0012024157813845006,1.5,0.0026831582544103653,0.10076246102710182
CERT,holdout,2,3,23,2020-12-15,2021-01-14,33.709999084472656,34.33000183105469,time,21,0.030222863034617124,0.0008965548459044082,-0.018392250472282434,-0.0005558664669221622,0.0001709106426534827,0.0007935897857866569,0.0013647174616070832,1.5,-0.00015564943375521848,-0.005150055889044607
FDMT,holdout,2,3,23,2020-12-15,2021-01-14,40.7599983215332,46.0,time,21,0.048857311658549764,0.0011986583334263488,-0.12855745569789545,-0.00628097167906228,0.0002897446061866557,0.0012315928898373625,0.002206158505606545,1.5,-0.005596150669479753,-0.11454069983607985
NBTX,holdout,2,3,23,2020-12-15,2021-01-14,16.200000762939453,18.1200008392334,time,21,0.05399118491291591,0.00333278903519751,-0.11851851764638832,-0.006398955201850848,0.00031883561936609276,0.0014799765475357453,0.0024379792456828927,1.5,-0.005759788123069794,-0.1066801577398225
UPST,holdout,2,3,23,2020-12-18,2021-01-20,38.02000045776367,55.220001220703125,time,21,0.033229025551228884,0.000873988036589924,-0.4523934917372474,-0.015032594896146646,0.0002240112169905093,0.0010643301400179253,0.0017359333163046863,1.5,-0.014585002936850396,-0.43892358246752766
MRM,holdout,2,3,23,2020-12-31,2021-02-01,14.5,13.229999542236328,time,21,0.03173945988589778,0.0021889282679929505,0.08758623846646008,0.0027799399023628896,0.00017090509702725218,0.000790007664622121,0.0005698571106591591,1.5,0.0023888842513726753,0.07526543488643563
CGEM,holdout,2,3,23,2021-01-12,2021-02-10,28.0,38.33000183105469,time,21,0.025283728353659937,0.0009029902983449977,-0.36892863682338173,-0.009327891435328445,0.00016513262294019806,0.0008082515732636012,0.0011200778569065881,1.5,-0.009181197774625656,-0.36312673693540276
AFRM,holdout,2,3,23,2021-01-15,2021-02-16,123.0540008544922,119.1500015258789,time,21,0.059729383814443864,0.00048539164431615783,0.03172590327420288,0.0018949686535247841,0.00033048819509391106,0.0013942898004817381,0.0037053368341871725,1.5,0.0038755274921363075,0.0648847726970711
WOOF,holdout,2,3,23,2021-01-19,2021-02-17,27.88999938964844,23.959999084472656,time,21,0.04428158504003646,0.0015877226966333985,0.14091073471426574,0.006239750682303777,0.00023287083124651052,0.0010465549806847887,0.0024666586403288043,1.5,0.007426983510701283,0.16772171781986348
DRVN,holdout,2,3,23,2021-01-21,2021-02-19,31.420000076293945,30.88999938964844,time,21,0.07048446915362931,0.002243299458385714,0.016868258604664454,0.0011889502532959166,0.00039204532891750537,0.0017103288911188203,0.0015233864521051362,1.5,0.0006099624853647271,0.00865385655434591
PLTK,holdout,2,3,23,2021-01-21,2021-02-19,32.26900100708008,32.36000061035156,time,21,0.07052658260225504,0.0021855830797730905,-0.002820031622656094,-0.00019888719317621908,0.0003957509398862545,0.0017114910853123799,0.0015242966534283245,1.5,-0.0007818325649465289,-0.011085643683542527
DFH,holdout,2,3,23,2021-01-25,2021-02-23,22.25,24.61000061035156,time,21,0.04340866543002254,0.0019509512552819117,-0.10606744316186778,-0.004604246153231449,0.0002547291399145127,0.001260360957348151,0.0006499906165390432,1.5,-0.005469345633955069,-0.12599663177325718
MNTK,holdout,2,3,23,2021-01-26,2021-02-24,11.1899995803833,13.0600004196167,time,21,0.025156266149753862,0.0022481025105536385,-0.16711357545639371,-0.004203953581418013,0.00015150951201394,0.0006848951295771821,0.0006226881088666908,1.5,-0.004417670114142445,-0.17560913403619993
PAX,holdout,2,3,23,2021-01-26,2021-02-24,18.780000686645508,20.739999771118164,time,21,0.07116165272882566,0.0037892252463775913,-0.10436629461182156,-0.007426878013760752,0.00041742474039494745,0.0019440078929104118,0.0017614503956094522,1.5,-0.008026860251456658,-0.11279755238463136
SHLS,holdout,2,3,23,2021-02-01,2021-03-02,34.36000061035156,36.29999923706055,time,21,0.07001272105363586,0.0020376228116987657,-0.05646096019347935,-0.003952985456446507,0.00040267421175802767,0.0019249228479941776,0.0036025510827531267,1.5,-0.0026780314334455854,-0.03825064064277661
VINP,holdout,2,3,23,2021-02-01,2021-03-02,17.100000381469727,16.280000686645508,time,21,0.07001272105363586,0.004094311081390651,0.04795319745798399,0.0033573338372557514,0.00038439841352377207,0.001834982492743378,0.0036025510827531267,1.5,0.004740504013741728,0.06770918116594965
ZIM,holdout,2,3,23,2021-02-01,2021-03-02,12.260000228881836,20.459999084472656,time,21,0.07001272105363586,0.005710662295804974,-0.6688416559955233,-0.04682742429026644,0.0005098603088425775,0.002551918240072756,0.0036025510827531267,1.5,-0.04628665175642865,-0.6611177377461023
OSCR,holdout,2,3,23,2021-03-05,2021-04-05,32.540000915527344,25.14999961853028,time,21,0.06407740995711264,0.001969188941434122,0.2271051348824863,0.014552308831230433,0.00032376135368022936,0.0015212218996256443,0.006543149992373238,1.5,0.019250475570297798,0.3004253071898856
INNV,holdout,2,3,23,2021-03-08,2021-04-06,23.61000061035156,24.239999771118164,time,21,0.055626515431108324,0.002356057348288227,-0.026683572404923472,-0.0014843141521395768,0.0003161502845339584,0.0014490313735044864,0.004655063697014718,1.5,0.001405567886836696,0.02526794777532753
RBLX,holdout,2,3,23,2021-03-12,2021-04-12,72.47000122070312,75.0,time,21,0.03527776286737081,0.00048679125532141856,-0.03491098022189787,-0.0012315812817355822,0.00020116268761129755,0.000848987134237858,0.002641311748410234,1.5,0.00035958064482549635,0.010192841484233698
CPNG,holdout,2,3,23,2021-03-15,2021-04-13,50.130001068115234,47.09999847412109,time,21,0.02532640596664323,0.0005052145507084754,0.0604428990511503,0.0015308013991702678,0.00013835790459761844,0.0005819410054786439,0.0017851734117101125,1.5,0.0025956759008041183,0.1024889162806131
HAYW,holdout,2,3,23,2021-03-16,2021-04-14,17.200000762939453,16.190000534057617,time,21,0.06357369812656655,0.003696145075966956,0.05872094093496005,0.0037331073727070964,0.0003473706430232227,0.0015448566372443157,0.003453509731088854,1.5,0.005294389823528412,0.08327956339724024
AFCG,holdout,2,3,23,2021-03-23,2021-04-21,15.058178901672363,14.654346466064451,time,21,0.04230978455045161,0.0028097544083337117,0.02681814568978602,0.0011346699661774705,0.000234880597610843,0.0010389708309071427,0.003912395218788341,1.5,0.0037732137564478255,0.08918064217388104
CNTB,holdout,2,3,23,2021-03-23,2021-04-21,17.860000610351562,17.09000015258789,time,21,0.029783281344075343,0.0016675968827690357,0.043113126061002705,0.0012840503630974298,0.00016412706295348067,0.0007106543530596765,0.00275406667201156,1.5,0.003163335619095833,0.10621178984783358
GANX,holdout,2,3,23,2021-03-23,2021-04-21,13.0,12.65999984741211,time,21,0.03782799615649499,0.0029098458581919224,0.026153857891376253,0.0009893480357924948,0.00021006300103606877,0.0010168144592031308,0.003497963245890248,1.5,0.0032604338214435435,0.08619102656019842
TUYA,holdout,2,3,23,2021-03-23,2021-04-21,23.0,17.68000030517578,time,21,0.06499199394691099,0.0028257388672569997,0.2313043345575747,0.015032929911460175,0.00032757480616069177,0.0014394448335968285,0.006009824183203062,1.5,0.019275734454905716,0.29658629139230885
ACVA,holdout,2,3,23,2021-03-26,2021-04-26,30.11000061035156,33.459999084472656,time,21,0.048692982298425544,0.0016171697546125362,-0.11125866510176685,-0.005417516210346786,0.0002872214436151634,0.0013438103214770912,0.00498476109056707,1.5,-0.0020637868848719706,-0.04238366161726557
DOCN,holdout,2,3,23,2021-03-26,2021-04-26,42.16999816894531,43.41999816894531,time,21,0.056474443354036834,0.0013392090539768046,-0.029641926826558862,-0.0016740113174710059,0.0003215981828614759,0.001417074494929869,0.005781358925960456,1.5,0.0023686749306981057,0.041942421917272266
ALHC,holdout,2,3,23,2021-03-30,2021-04-28,18.75,26.770000457763672,time,21,0.04726166468071135,0.0025206221163046054,-0.42773335774739585,-0.020215390526612174,0.0003160298763853485,0.0014855166447157355,0.004130389284172374,1.5,-0.017886547763540882,-0.37845784494427304
CRCT,holdout,2,3,23,2021-03-30,2021-04-28,18.46999931335449,26.049999237060547,time,21,0.06762529993199795,0.003661359092910327,-0.4103952466433196,-0.027753101644920758,0.0004492664437857917,0.0019035580327681316,0.005910050271506072,1.5,-0.02419587584996861,-0.3577932500750353
EWTX,holdout,2,3,23,2021-03-30,2021-04-28,35.22999954223633,27.84000015258789,time,21,0.02458301049714956,0.00069778628488705,0.2097643907371829,0.00515664021942035,0.00012520294010901392,0.0005039263032694611,0.002148409367636249,1.5,0.006675920343678124,0.2715664277348052
KARO,holdout,2,3,23,2021-04-06,2021-05-04,35.0,38.560001373291016,time,21,0.02242346948726241,0.000640670556778926,-0.10171432495117183,-0.002280788061960096,0.00013143686665986688,0.000561942057906746,0.0008173368814856529,1.5,-0.0021568301050410564,-0.09618627957044015
ALKT,holdout,2,3,23,2021-04-16,2021-05-14,42.0,29.239999771118164,time,21,0.042159580235708,0.001003799529421619,0.3038095292590913,0.01280848222517134,0.00020405213400159086,0.0010561763524970596,-0.00010154877722793004,1.5,0.011446704961444759,0.2715089879322308
COIN,holdout,2,3,23,2021-04-16,2021-05-14,327.5,258.3699951171875,time,21,0.026932973197752202,8.223808610000673e-05,0.21108398437499998,0.00568511929364662,0.00013659887711102523,0.0006100088417014595,-6.487281135280037e-05,1.5,0.004873638763481334,0.1809543538953985
APP,holdout,2,3,23,2021-04-19,2021-05-17,60.0,62.43999862670898,time,21,0.06749832900195973,0.0011249721500326622,-0.04066664377848306,-0.0027449305011655436,0.00038481696941124936,0.0016276204100613388,-0.00017999626319521088,1.5,-0.004937364143833343,-0.07314794628012188
BMEA,holdout,2,3,23,2021-04-20,2021-05-18,17.0,16.850000381469727,time,21,0.030239508998097124,0.0017787946469468897,0.008823506972369,0.00026681851848572575,0.00016863102668564055,0.0007472631549154916,-0.00021588703744525903,1.5,-0.0008649627005606654,-0.02860372834145868
DV,holdout,2,3,23,2021-04-23,2021-05-21,35.0099983215332,32.20000076293945,time,21,0.05626939771647976,0.0016072379438496227,0.08026271617572278,0.004516334698296679,0.00030390242587244516,0.001329147508052108,0.0004231770295008969,1.5,0.0033064617938730226,0.058761279275336024
PATH,holdout,2,3,23,2021-04-23,2021-05-21,76.58000183105469,78.75,time,21,0.06793813913132547,0.0008871524876847839,-0.028336355668058255,-0.0019251192738512567,0.00038536856380533106,0.0016078371610735677,0.0005109324264011609,1.5,-0.003407392572328994,-0.05015434063836296
SKYT,holdout,2,3,23,2021-04-23,2021-05-21,19.600000381469727,26.61000061035156,time,21,0.029476314708849656,0.0015038935783244789,-0.35765306594122537,-0.010542294328268514,0.00019146743383200034,0.0007721956410285299,0.00022167820885474665,1.5,-0.011284279194274298,-0.3828253058679152
SWIM,holdout,2,3,23,2021-04-27,2021-05-25,26.82999992370605,29.89999961853028,time,21,0.04873374879873328,0.0018163901952036102,-0.11442414101953413,-0.005576317344956804,0.000286860631042314,0.0013028274912025893,5.4222035078177e-05,1.5,-0.0071117834321235305,-0.14593138445996964
TMCI,holdout,2,3,23,2021-04-27,2021-05-25,28.75,28.09000015258789,time,21,0.04715739870005705,0.001640257346088941,0.022956516431725582,0.0010825695981352926,0.00026138550235696955,0.001231950438580276,5.24681599412795e-05,1.5,-0.0003582981828606734,-0.007597920850970092
AVAH,holdout,2,3,23,2021-05-03,2021-06-01,11.779999732971191,11.859999656677246,time,21,0.06591696694319499,0.005595667948845461,-0.00679116515445588,-0.00044765300899205266,0.00037026546379107433,0.0015767126846870068,5.6581933511372904e-05,1.5,-0.002338049223958761,-0.03546961173097683
PRVA,holdout,2,3,23,2021-05-03,2021-06-01,36.77000045776367,33.400001525878906,time,21,0.03508026582941687,0.0009540458360807545,0.09165077209492445,0.003215133448561251,0.00018841767747661086,0.0007707100278272506,3.0112266397691916e-05,1.5,0.002286118009655081,0.06516820655726151
HOWL,holdout,2,3,23,2021-05-04,2021-06-02,16.040000915527344,13.640000343322754,time,21,0.02204853351186719,0.0013745967739018862,0.14962596229538216,0.0032990330439151105,0.00011529192896867151,0.0004586080370591358,0.00033861956001515314,1.5,0.0030637526379024564,0.13895493939555897
FSBC,holdout,2,3,23,2021-05-07,2021-06-07,24.489999771118164,26.01000022888184,time,21,0.06832563438246345,0.0027899401805238904,-0.0620661687206816,-0.004240710351529583,0.0003933376064835959,0.0017874881101513783,0.0005613903148831425,1.5,-0.005860145753281415,-0.08576789379632146
HNST,holdout,2,3,23,2021-05-07,2021-06-07,20.76000022888184,16.09000015258789,time,21,0.054151772875354595,0.002608466872751633,0.22495183163808097,0.012181540494760367,0.0002728850633226589,0.001071427764192062,0.00044493228787025106,1.5,0.011282159955115898,0.20834331649833396
GLBE,holdout,2,3,23,2021-05-14,2021-06-14,25.65999984741211,48.97999954223633,time,21,0.07203372233799855,0.002807237831892013,-0.9088074759741713,-0.06546478538302074,0.0005676810021742393,0.0023677380129460074,0.003150968119477686,1.5,-0.0652492362786633,-0.905815139921537
PCOR,holdout,2,3,23,2021-05-24,2021-06-22,88.77999877929688,95.8000030517578,time,21,0.06025113450052421,0.0006786566268186808,-0.07907191224357124,-0.0047641724198010564,0.00034956668724796697,0.001446265745991158,0.0012495149776436416,1.5,-0.00531048987539654,-0.08813925114306911
FLYW,holdout,2,3,23,2021-05-28,2021-06-28,33.290000915527344,37.77000045776367,time,21,0.06530749249299832,0.001961775028445168,-0.13457492997985288,-0.008788751229405008,0.0003879963507265427,0.0016175535846813783,0.001512573461197545,1.5,-0.009281727703615385,-0.14212347388181362
PAY,holdout,2,3,23,2021-05-28,2021-06-28,28.489999771118164,35.349998474121094,time,21,0.06530749249299832,0.0022922952972152712,-0.2407861971960168,-0.015725142765796476,0.0004053373295675213,0.0017660225060602708,0.001512573461197545,1.5,-0.01638392914022672,-0.2508736519317942
ZIP,holdout,2,3,23,2021-05-28,2021-06-28,20.200000762939453,24.11000061035156,time,21,0.06530749249299832,0.003233044060711953,-0.19356434157100155,-0.01264120178406035,0.000397627477113181,0.0018157006303265734,0.001512573461197545,1.5,-0.013341956430302561,-0.20429442198738476
DLO,holdout,2,3,23,2021-06-07,2021-07-06,34.959999084472656,48.18999862670898,time,21,0.06154094635616856,0.001760324598621106,-0.37843249109558386,-0.02328909363394457,0.00040330377165153026,0.0017653331479441927,0.002258689860624326,1.5,-0.02319904069291597,-0.37696918988946637
MQ,holdout,2,3,23,2021-06-11,2021-07-12,123.55999755859376,102.55999755859376,time,21,0.060123538586953434,0.00048659387969348305,0.16995791854108389,0.010218471473563143,0.00031169329625272215,0.0014269481464320084,0.0027382942484541757,1.5,0.01121812427933259,0.18658456476423824
DIBS,holdout,2,3,23,2021-06-14,2021-07-13,24.299999237060547,26.1200008392334,time,21,0.02021778755326672,0.0008320077443637142,-0.0748971876261264,-0.001514255427762181,0.00011716473141160113,0.0005405078889691076,0.0007974127195102426,1.5,-0.0013745153286326473,-0.0679854472212296
LFST,holdout,2,3,23,2021-06-14,2021-07-13,24.0,28.01000022888184,time,21,0.04700634485415917,0.001958597702256632,-0.16708334287007665,-0.007853977234336538,0.0002832412710953001,0.0013321728663933732,0.0018539841308370525,1.5,-0.007615407240988159,-0.1620080707107849
BZ,holdout,2,3,23,2021-06-15,2021-07-14,39.65999984741211,34.939998626708984,time,21,0.05265761798767964,0.0013277261268349616,0.11901162982508473,0.0062668689394204495,0.00027961727075329046,0.0012217609354556928,0.002008911854177799,1.5,0.006774402587389265,0.1286500006318987
JANX,holdout,2,3,23,2021-06-15,2021-07-14,20.916000366210938,26.61000061035156,time,21,0.02002866294701211,0.0009575761424907847,-0.2722317911859993,-0.005452438789125763,0.00012594442997938338,0.0005701864391299766,0.0007641025165057465,1.5,-0.005384467141729377,-0.26883807251510194
TASK,holdout,2,3,23,2021-06-15,2021-07-14,31.559999465942383,29.93000030517578,time,21,0.03490914603592944,0.0011061199818333727,0.05164762954212332,0.0018029746420955665,0.0001912501411262887,0.0008784041167306946,0.0013317996516137671,1.5,0.0020651200358523503,0.05915699094234138
GHRS,holdout,2,3,23,2021-06-29,2021-07-28,19.489999771118164,17.0,time,21,0.02783964320115528,0.0014284065432576497,0.1277578142821758,0.0035567319657752346,0.0001472239073442378,0.0006779965637931554,0.0010686766610315743,1.5,0.0038001881556694156,0.13650276076496973
TKNO,holdout,2,3,23,2021-06-29,2021-07-28,28.920000076293945,19.15999984741211,time,21,0.01734064646967045,0.0005996074143818823,0.33748271795068974,0.005852168501606416,8.261032959160964e-05,0.00032423770900024274,0.0006656530773557958,1.5,0.006110973540370359,0.3524074809470754
DDL,holdout,2,3,23,2021-07-01,2021-07-30,34.0099983215332,24.82999992370605,time,21,0.023556310273743643,0.0006926289748985116,0.269920577797115,0.006358332879856997,0.00011617835289460209,0.00043224995326869906,0.0007942378064009039,1.5,0.006604142380094599,0.2803555524336812
CVRX,holdout,2,3,23,2021-07-02,2021-08-02,26.15999984741211,22.34000015258789,time,21,0.04140895322767246,0.0015829110653366027,0.14602445401780517,0.006046719786519702,0.00021694370506068533,0.0008103373976446213,0.0008518322600939222,1.5,0.0058712709439083174,0.14178747556421467
INTA,holdout,2,3,23,2021-07-02,2021-08-02,26.5,35.13999938964844,time,21,0.03148733082940864,0.001188201163373911,-0.32603771281692207,-0.010266057326330156,0.00020212374245755886,0.0008724508585244943,0.000647732485225341,1.5,-0.01069289944208687,-0.3395937083399867
ABOS,holdout,2,3,23,2021-07-06,2021-08-03,19.309999465942383,14.949999809265137,time,21,0.020653516842092726,0.0010695762513365133,0.22578973471061492,0.004663352088617333,0.00010410658611135561,0.0004672010931214234,0.0005263600858983567,1.5,0.0046184044952829115,0.22361346644220956
RPID,holdout,2,3,23,2021-07-19,2021-08-16,23.600000381469727,19.68000030517578,time,21,0.03740967411954663,0.0015851556574092262,0.16610169546318543,0.006213810297981946,0.00019450685102662384,0.0008647401488868405,0.002736008510587762,1.5,0.007890571808656243,0.21092329709799323
SERA,holdout,2,3,23,2021-07-19,2021-08-16,10.75,9.880000114440918,time,21,0.025016979069911512,0.0023271608437126987,0.08093022191247279,0.0020246296677076253,0.0001353994389290632,0.0006512448795492271,0.00182965153413914,1.5,0.003067636883368475,0.12262219490194128
SGHT,holdout,2,3,23,2021-07-19,2021-08-16,31.01000022888184,36.97999954223633,time,21,0.020600252433250955,0.0006643099735956938,-0.19251851884200244,-0.00396593008622083,0.00012557756446035287,0.0006065545476101711,0.0015066280929771942,1.5,-0.00319143410531416,-0.15492208727320508
BLND,holdout,2,3,23,2021-07-20,2021-08-17,18.0,18.729999542236328,time,21,0.055694629075397725,0.003094146059744318,-0.0405555301242404,-0.0022587252072256894,0.0003182573858294224,0.0013898241049400905,0.0036032499456546945,1.5,-0.0003635567523405077,-0.006527680646698185
ERAS,holdout,2,3,23,2021-07-20,2021-08-17,18.5,19.64999961853028,time,21,0.02671715614202314,0.0014441706022715211,-0.06216214154217736,-0.0016607956417048946,0.00015411376502598667,0.0007211912899759151,0.0017285076319741239,1.5,-0.0008075930647326725,-0.030227508513243954
STVN,holdout,2,3,23,2021-07-20,2021-08-17,19.309999465942383,20.01000022888184,time,21,0.03757749955004411,0.00194601245931263,-0.036250687845645446,-0.00136221020620853,0.00021432574985627307,0.0009814389577367847,0.002431134302523745,1.5,-0.0001268406112778426,-0.003375440431019677
TCRX,holdout,2,3,23,2021-07-20,2021-08-17,10.260000228881836,12.079999923706056,time,21,0.04553495712107574,0.004438104883554985,-0.17738788052859222,-0.008077349533667956,0.0002757783245713334,0.001129339184080204,0.0029459542956967507,1.5,-0.006536512746622744,-0.14354933352067076
KLTR,holdout,2,3,23,2021-07-23,2021-08-20,11.6899995803833,13.199999809265137,time,21,0.04341322778560413,0.003713706530704654,-0.1291702551825349,-0.0056076977113639955,0.00025730716319763013,0.0011108403616129179,0.0008692165991849702,1.5,-0.006106628636989573,-0.14066285665620418
LAW,holdout,2,3,23,2021-07-23,2021-08-20,43.33000183105469,53.869998931884766,time,21,0.05632152031150054,0.0012998273235967142,-0.24324940354089808,-0.013700176222289088,0.00034987648740532524,0.0014905305694303136,0.0011276655259972047,1.5,-0.014412917753127523,-0.2559042737733854
CADL,holdout,2,3,23,2021-07-29,2021-08-26,6.849999904632568,7.840000152587891,time,21,0.04010769722933695,0.0058551383631717455,-0.14452558565523455,-0.00579658843135275,0.00023927075695308404,0.0010796108446570693,0.0008809069520763269,1.5,-0.0062345630808865755,-0.15544555064423587
HOOD,holdout,2,3,23,2021-08-02,2021-08-30,35.970001220703125,43.63999938964844,time,21,0.037599875163539645,0.0010453120346823458,-0.21323319178901556,-0.00801754139199009,0.00023090773476791332,0.0012766246467635007,0.0015229018605802218,1.5,-0.008002171912941282,-0.21282442769121043
IMRX,holdout,2,3,23,2021-08-03,2021-08-31,17.0,24.46999931335449,time,21,0.03267215681053598,0.0019218915770903516,-0.43941172431497,-0.014356528761206702,0.00021914870713222575,0.0013282329982951429,0.0014665354510375714,1.5,-0.014437375015596497,-0.44188619378016675
RNXT,holdout,2,3,23,2021-08-30,2021-09-28,7.360000133514404,6.519999980926514,time,21,0.027083236737540147,0.0036797875334559113,0.11413045344427053,0.0030910220895939817,0.00014362778320389737,0.0007958197623455192,-0.0015539365117124338,1.5,0.0005976380323321311,0.02206671374340362
DDI,holdout,2,3,23,2021-09-02,2021-10-01,17.989999771118164,17.56999969482422,time,21,0.048759888881418745,0.0027103885214995803,0.0233463080398828,0.0011383633858160574,0.00026959378531870584,0.0011539156553606953,-0.003078419763494909,1.5,-0.003363565818358253,-0.06898222894925483
SRAD,holdout,2,3,23,2021-09-16,2021-10-14,28.0,23.65999984741211,time,21,0.049223636996465946,0.0017579870355880695,0.1550000054495675,0.007629664002699753,0.00025641908733511405,0.0010730627245228977,-0.0007955991917292715,1.5,0.00550458299911247,0.1118280430905111
BROS,holdout,2,3,23,2021-09-17,2021-10-15,48.65999984741211,53.02999877929688,time,21,0.025933574160014773,0.0005329546699822689,-0.08980680118348139,-0.0023290113385655174,0.00015106715545126027,0.0006318939016147149,8.305904381875019e-05,1.5,-0.0030289133518127424,-0.1167950600686125
DH,holdout,2,3,23,2021-09-17,2021-10-15,48.06999969482422,42.29999923706055,time,21,0.03153028249265767,0.0006559243331148303,0.12003329507790572,0.0037846837023309014,0.00016712806949582338,0.0007043299914635067,0.00010098396383839345,1.5,0.0030142096052099645,0.09559729145819963
ONON,holdout,2,3,23,2021-09-17,2021-10-15,39.63999938964844,29.71999931335449,time,21,0.04942180085935783,0.0012467659339133038,0.2502522762118017,0.01236791815954067,0.00024587394665831025,0.0010238026242533186,0.00015828622379047324,1.5,0.011256527812419514,0.22776442008766123
PRCT,holdout,2,3,23,2021-09-17,2021-10-15,36.65999984741211,43.56999969482422,time,21,0.02017786182029782,0.0005504053983710589,-0.18848881277068252,-0.003803301218758818,0.00012251720421495332,0.000543348412071009,6.462487194244297e-05,1.5,-0.004404541963102338,-0.21828586211605486
TYRA,holdout,2,3,23,2021-09-17,2021-10-15,21.020000457763672,16.34000015258789,time,21,0.02319446523751634,0.0011034474182872597,0.22264510957454509,0.005164134254329805,0.00011699352696070185,0.0004699635115134982,7.428633217420938e-05,1.5,0.004651463548029814,0.20054196121349732
ACT,holdout,2,3,23,2021-09-20,2021-10-18,19.479999542236328,21.790000915527344,time,21,0.04913518761971479,0.0025223402861576255,-0.1185832355017511,-0.005826609524931368,0.0002901408303000936,0.0013306245934644775,0.002086279086811757,1.5,-0.005361095861884182,-0.10910909516366879
FRSH,holdout,2,3,23,2021-09-24,2021-10-22,47.0,46.91999816894531,time,21,0.04708264128458431,0.0010017583252039215,0.001702166618184786,8.014250029059439e-05,0.00026383616063770755,0.0010665267682945475,0.0018686284738095452,1.5,0.0006184080451678846,0.01313452321907782
TOST,holdout,2,3,23,2021-09-24,2021-10-22,59.5,49.619998931884766,time,21,0.049426686690638835,0.0008307006166493922,0.16605043811958375,0.008207322979779979,0.00025666346993322945,0.0010987499003876921,0.001961659575509655,1.5,0.00881356918496871,0.1783160024488948
BRLT,holdout,2,3,23,2021-09-27,2021-10-25,15.619999885559082,12.130000114440918,time,21,0.016707946352467553,0.0010696508626683342,0.22343148506324384,0.0037330812658888327,8.437600661745227e-05,0.00034777660204287465,0.0007210510417802828,1.5,0.0040219796990087885,0.24072256483004525
RELY,holdout,2,3,23,2021-09-27,2021-10-25,42.290000915527344,32.689998626708984,time,21,0.042979382821370656,0.0010163012979645077,0.2270040690704641,0.009756494786588342,0.00021666427197882665,0.0009649417850193055,0.0018548257281090692,1.5,0.01042971445769928,0.24266785079364397
AMPL,holdout,2,3,23,2021-09-30,2021-10-28,53.31999969482422,73.06999969482422,time,21,0.05205671826936528,0.0009763075500245818,-0.37040510339532373,-0.01928207411298549,0.0003405215318236353,0.0014183307815932127,0.003993621163630053,1.5,-0.017047305262772282,-0.32747560410092935
FWRG,train,2,3,23,2021-10-05,2021-11-02,21.950000762939453,21.07999992370605,time,21,0.044350314510848,0.0020205153972354026,0.03963557216372937,0.0017578500912788105,0.0002449462159542468,0.0010941331296127023,0.004895399608475181,1.5,0.0053141703541870425,0.11982260808741745
NTRB,train,2,3,23,2021-10-05,2021-11-02,5.951972961425781,5.823328018188477,time,21,0.0172019308014354,0.002890122470804155,0.021613831929520044,0.0003717996412054593,9.578106413195456e-05,0.00041786148258120715,0.0018987537346497585,1.5,0.0017569108291420562,0.10213451323705199
PYXS,train,2,3,23,2021-10-12,2021-11-09,11.390000343322754,11.75,time,21,0.021031833695929595,0.0018465173891113397,-0.03160664142458014,-0.0006647456261286468,0.00011989936973975381,0.0005762673052060709,0.002296184886132318,1.5,0.0009352725850578464,0.04446937906507195
GTLB,train,2,3,23,2021-10-18,2021-11-15,114.3499984741211,119.5500030517578,time,21,0.04680347860769233,0.0004093002119128543,-0.04547446127700239,-0.0021283629755745157,0.0002681623358852632,0.0011938117756782082,0.0037097412162490763,1.5,0.00011940412911108905,0.002551180652872766
IHS,train,2,3,23,2021-10-18,2021-11-15,16.6299991607666,15.68000030517578,time,21,0.051581130822065814,0.003101691727306621,0.057125610555173956,0.0029466035913368093,0.00028230550920195594,0.0012874236156779116,0.004088427883646741,1.5,0.005465302350103683,0.10595545818793274
LUCD,train,2,3,23,2021-10-18,2021-11-15,9.699999809265137,10.4399995803833,time,21,0.025806882011437715,0.0026605033524627277,-0.076288637697842,-0.0019687718718815264,0.0001498495703896675,0.0006558457510949876,0.0020455072295624756,1.5,-0.0007289599638037061,-0.028246727500076455
CNTX,train,2,3,23,2021-10-22,2021-11-19,6.0,4.889999866485596,time,21,0.024247863060664166,0.004041310510110694,0.18500002225240075,0.004485855205796035,0.0001248263997074774,0.0005854126930673004,0.0012650229112407872,1.5,0.005040639024262044,0.20787972167490365
COCO,train,2,3,23,2021-10-25,2021-11-22,13.760000228881836,14.670000076293944,time,21,0.03251196201871631,0.0023627878981044388,-0.06613370874093771,-0.002150136626742214,0.0001877276711193128,0.0008442184933116845,0.001426711238229652,1.5,-0.0017553715529435594,-0.05399156015047743
PTLO,train,2,3,23,2021-10-25,2021-11-22,43.47999954223633,41.45000076293945,time,21,0.02682802447118042,0.0006170198885379418,0.04668810489119124,0.0012525496205339154,0.00014734101997993876,0.0006938829370617647,0.0011772849633159266,1.5,0.0015886106268081387,0.059214595860931855
AIP,train,2,3,23,2021-10-29,2021-11-29,18.64999961853028,26.09000015258789,time,21,0.023252155362417128,0.0012467643880975864,-0.3989276507365378,-0.009275927713290054,0.00015353547448437394,0.0007067521498923707,0.0006679258580646271,1.5,-0.00946828947960217,-0.4072005081690592
FLNC,train,2,3,23,2021-11-01,2021-11-30,35.56999969482422,31.690000534057617,time,21,0.052216105336471696,0.0014679816076599418,0.10908066331333643,0.005695767405741381,0.00027800946102711006,0.0013144901532684873,-0.0008065517138899952,1.5,0.0032967160775557885,0.06313600097732895
GFS,train,2,3,23,2021-11-01,2021-11-30,54.27000045776367,69.23999786376953,time,21,0.052216105336471696,0.0009621541348080429,-0.27584295706163586,-0.014403444902254217,0.000328257491797099,0.001470549505363303,-0.0008065517138899952,1.5,-0.017008803613304615,-0.325738649095002
AIRS,train,2,3,23,2021-11-02,2021-12-01,14.65999984741211,10.220000267028809,time,21,0.017295239236258367,0.0011797571225289918,0.3028649131375729,0.005238121128982933,8.364845251961333e-05,0.00042835015092892894,-0.0005479219048809828,1.5,0.004178200620653408,0.24158096708451865
AURA,train,2,3,23,2021-11-02,2021-12-01,15.0600004196167,18.11000061035156,time,21,0.020759032923263077,0.0013784218024471627,-0.20252324739393912,-0.0042041867603769345,0.00012662951994392457,0.0006580487229938482,-0.000657656636454949,1.5,-0.005646521639769656,-0.2720031159756978
TRDA,train,2,3,23,2021-11-02,2021-12-01,21.989999771118164,30.479999542236328,time,21,0.02548527703882465,0.0011589484904086815,-0.3860845775118651,-0.009839472418307444,0.00016715475517627804,0.000845190780852733,-0.0008073864345430886,1.5,-0.011659204388879544,-0.45748784174948304
ARHS,train,2,3,23,2021-11-08,2021-12-07,12.640000343322754,9.220000267028809,time,21,0.03972883408847034,0.003143103877323676,0.27056961893997145,0.010749415500246766,0.00019557189926654937,0.0008493489897521419,-0.0001801643913381299,1.5,0.009524330219889946,0.23973344394352591
CINT,train,2,3,23,2021-11-12,2021-12-13,18.65999984741211,14.390000343322754,time,21,0.016886643767189912,0.0009049648395110712,0.2288317009113774,0.0038641994159305778,8.492049979679779e-05,0.0003245914947603895,7.89662018036182e-05,1.5,0.003533653623177009,0.20925730843228657
DERM,train,2,3,23,2021-11-16,2021-12-15,9.329999923706056,6.75,time,21,0.02637274190329606,0.0028266604629103038,0.27652732527367807,0.00729278377865151,0.0001295138258760835,0.0005518718014542576,0.00029215332127163936,1.5,0.006903551472592809,0.26176843871247246
BRZE,train,2,3,23,2021-11-19,2021-12-20,85.0,64.41000366210938,time,21,0.04928160079285485,0.0005797835387394689,0.24223525103400734,0.011937740939414933,0.0002456720244258762,0.0010212541929859253,-0.0023029383278682716,1.5,0.00836787639413486,0.16979717094230604
IREN,train,2,3,23,2021-11-19,2021-12-20,23.770000457763672,17.309999465942383,time,21,0.025199660512785535,0.0010601455627887845,0.27177117658453165,0.006848541387090488,0.00012376122844374768,0.00046440685833382296,-0.0011775848006255597,1.5,0.005082788499687358,0.20170067359076155
FINW,train,2,3,23,2021-11-23,2021-12-22,13.399999618530272,13.43000030517578,time,21,0.03995082060143176,0.002981404607369206,-0.0022388572760869696,-8.944418538915638e-05,0.00022396026242221996,0.0009800302821455968,6.028295364616794e-05,1.5,-0.0012331517763108052,-0.03086674460615739
REFI,train,2,3,23,2021-12-10,2022-01-10,16.18000030517578,17.530000686645508,time,21,0.053212107166427394,0.0032887581064757767,-0.08343636316483116,-0.004439824698303954,0.00030896080404962175,0.0013452782546939802,-0.0006327891406579158,1.5,-0.006726852897705472,-0.1264158338377094
NU,train,2,3,23,2021-12-13,2022-01-11,11.100000381469728,9.34000015258789,time,21,0.0333001735838705,0.0030000155350860713,0.15855857372941817,0.005280028028400554,0.00017327155333689834,0.0007237180277830232,-4.674330887538227e-05,1.5,0.00433629513840525,0.13021839443220223
IOT,train,2,3,23,2021-12-17,2022-01-18,23.0,21.309999465942383,time,21,0.053707534100326304,0.0023351101782750567,0.07347828408946167,0.003946337448368224,0.00029071970775779773,0.0014676723529666428,-0.0008831979155451012,1.5,0.0013047474720986824,0.024293565026861946
AMLX,train,2,3,23,2022-01-11,2022-02-09,16.5,20.59000015258789,time,21,0.038392351829572645,0.0023268092017922817,-0.24787879712653882,-0.00951664999037334,0.000238598413729163,0.001185814005790964,-0.000951907461885829,1.5,-0.011892969871779294,-0.3097744551980909
IMMX,train,20,21,41,2022-01-14,2022-02-14,5.5,3.890000104904175,time,21,0.0209947376709081,0.0038172250310741997,0.2927272536537864,0.0061457318995866185,0.00011419749692506969,0.0004392989820896088,-0.003027734427969933,3.0,0.002564500992602007,0.12214970402586045
TPG,train,2,3,23,2022-01-18,2022-02-15,32.459999084472656,30.8700008392334,time,21,0.05110540843152746,0.001574411887644627,0.048983311462871826,0.002503312138638784,0.0002794771343497405,0.0012840828533782548,-0.002274362601081599,1.5,-0.00133461045017081,-0.026114857333719595
NSTS,train,2,3,23,2022-01-21,2022-02-18,12.510000228881836,12.5,time,21,0.050569323071240325,0.004042311922144569,0.0007993787928755047,4.042404443322029e-05,0.00028270137629328625,0.0012524285356466291,-0.0019288639728829177,1.5,-0.003423569840389613,-0.06770052736451712
FGI,train,2,3,23,2022-01-27,2022-02-25,19.25,15.050000190734863,time,21,0.017744989184950745,0.0009218176199974413,0.21818180827351363,0.003871633828166495,8.968665983205811e-05,0.00042403610478019735,-3.097516624916822e-05,1.5,0.003326935897305072,0.1874859354733558
CRDO,train,2,3,23,2022-01-31,2022-03-01,11.4399995803833,15.220000267028809,time,21,0.045110320804435264,0.003943210005163639,-0.33041965256076145,-0.01490533652710599,0.0002895357874776388,0.001414767405387938,-0.0017267517248183012,1.5,-0.01833639144478987,-0.40647885268390793
SKYX,train,2,3,23,2022-02-14,2022-03-15,10.949999809265137,13.579999923706056,time,21,0.02321598299148039,0.0021201811320431824,-0.24018266303672386,-0.005576076619909047,0.0001437320068882676,0.0006756058116116584,-0.001088447068975961,1.5,-0.007483861507384934,-0.3223581577455195
ANTX,train,2,3,23,2022-03-29,2022-04-27,15.479999542236328,15.149999618530272,time,21,0.036284204229791533,0.002343940911031171,0.021317825159210768,0.0007735003218117906,0.0002002462174500163,0.0008657234138659772,-0.005057877161434025,1.5,-0.005350346470938227,-0.14745662980656657
EE,train,2,3,23,2022-04-18,2022-05-16,28.64999961853028,24.71999931335449,time,21,0.04863995250579935,0.0016977296039592245,0.13717278734740168,0.006672077861665729,0.0002544768785014751,0.0010879819273362412,-0.006133304384184723,1.5,-0.00080368532835671,-0.0165231519965174
BLTE,train,2,3,23,2022-05-03,2022-06-01,10.600000381469728,14.949999809265137,time,21,0.016073150923039382,0.001516334938170142,-0.41037728974046184,-0.006596056113386304,0.00010643681104817393,0.0005189295298579475,-0.0003148720215618651,1.5,-0.00753629447585429,-0.4688747409850862
BLCO,train,2,3,23,2022-05-10,2022-06-08,18.059999465942383,14.880000114440918,time,21,0.0473656425190699,0.0026226823875821377,0.17607970351817115,0.008340128291705513,0.0002446337019879437,0.0011130476711296092,0.0011821230520801924,1.5,0.008164569970668152,0.17237325488366406
PEPG,train,2,3,23,2022-05-10,2022-06-08,11.90999984741211,11.010000228881836,time,21,0.016689272304054897,0.0014012823272773814,0.07556671956850036,0.0012611535600028567,9.039034515509356e-05,0.0003854360483908873,0.0004165207619663087,1.5,0.0012018479284231845,0.0720132014462475
IE,train,2,3,23,2022-06-30,2022-07-29,9.369999885559082,9.199999809265137,time,21,0.03617743166008379,0.003860985283024385,0.01814301796907669,0.0006563677926839447,0.00020198396233906657,0.0008201835860508777,0.005156322621536005,1.5,0.004790522865830005,0.13241743943685222
ECBK,train,2,3,23,2022-08-01,2022-08-29,13.970000267028809,14.050000190734863,time,21,0.04867335647257175,0.0034841342549898017,-0.00572655133692912,-0.0002787304745808358,0.00027303493289049013,0.0012249428033759236,-0.001163447711818832,1.5,-0.0029401559226660814,-0.06040585929846257
MAIA,train,2,3,23,2022-08-01,2022-08-29,7.0,3.7100000381469727,time,21,0.027495041986958898,0.003927863140994128,0.4699999945504325,0.01292266958403459,0.0001215341174120064,0.0004771699072629409,-0.000657218774384635,1.5,0.011666746784975006,0.42432183920681515
GCT,train,2,3,23,2022-08-22,2022-09-20,54.0099983215332,13.739999771118164,time,21,0.016700430291393314,0.00030920997612279193,0.7456026625048019,0.012451885290238702,6.199673952635065e-05,0.0001713280936802657,-0.0019797843992757904,1.5,0.010238776057756298,0.6130845660325844
CRBG,train,2,3,23,2022-09-20,2022-10-18,21.290000915527344,21.280000686645508,time,21,0.050710221112048315,0.002381879705559996,0.00046971481689994654,2.381934222460023e-05,0.0002833673395266458,0.0012090875174146632,-0.0027517517263160656,1.5,-0.004220387241032774,-0.08322557363154637
PRME,train,2,3,23,2022-10-24,2022-11-21,15.93000030517578,18.040000915527344,time,21,0.030291083058025747,0.0019015117688468556,-0.13245452416381998,-0.00401219099285755,0.0001801126238088741,0.0008937105231544422,0.00226040600893017,1.5,-0.0028256081308906966,-0.09328184553447455
MBLY,train,2,3,23,2022-10-28,2022-11-28,27.059999465942383,27.8700008392334,time,21,0.04321731125679166,0.0015970920957032837,-0.029933532493615855,-0.0012936467907918858,0.00024579851523713473,0.0011042180571595864,0.00273727611060846,1.5,9.36127474198533e-05,0.0021660937410848745
SNAL,train,2,3,23,2022-11-14,2022-12-13,13.300000190734863,9.0,time,21,0.016392211890993033,0.0012324971169859296,0.3233082803811055,0.005299737838119665,7.861287364175655e-05,0.0004144858469888808,0.00032915823747358753,1.5,0.005135797354962615,0.3133071600779247
ATAT,train,2,3,23,2022-11-15,2022-12-14,14.399999618530272,16.780000686645508,time,21,0.018641863156131658,0.0012945738645814165,-0.16527785633081504,-0.00308108718045784,0.0001120727543219648,0.0004654609528667739,-0.00012198651758542228,1.5,-0.0037806074052320004,-0.20280201466817913
ACRV,train,2,3,23,2022-11-17,2022-12-16,16.530000686645508,11.989999771118164,time,21,0.018843314505354165,0.001139946383703273,0.2746521915873351,0.005175357625664944,9.248007188313186e-05,0.0003705504302080283,-0.0005204764134455607,1.5,0.004191850710128223,0.22245824687249927
SKWD,train,2,3,23,2023-01-18,2023-02-15,19.450000762939453,20.63999938964844,time,21,0.050517159092890895,0.0025972831419702374,-0.06118244627406089,-0.0030907633721189887,0.0002911915880435856,0.0012429855213497722,0.0028429434654956677,1.5,-0.0017819970160166789,-0.035275083714425524
GNLX,train,2,3,23,2023-01-30,2023-02-28,5.820000171661377,14.869999885559082,time,21,0.01899026645680055,0.00326293228465311,-1.5549827228466029,-0.029529536242578234,0.00018007683331383996,0.0005595423887897365,-0.0004624972534434908,1.5,-0.0307316527181253,-1.618284439980571
TXO,train,2,3,23,2023-01-31,2023-03-01,21.799999237060547,24.06999969482422,time,21,0.05069941333099115,0.0023256612433637555,-0.10412846500951312,-0.005279252087038956,0.00029687255185648277,0.0013412420642585413,-0.0012114650733252921,1.5,-0.008128831776479273,-0.16033384298572037
GPCR,train,2,3,23,2023-02-07,2023-03-08,25.200000762939453,24.55500030517578,time,21,0.035156788041638076,0.001395110594335443,0.02559525548555719,0.0008998469719773098,0.00019437173010946536,0.0008302485815868867,-0.0012833274688230306,1.5,-0.001408100808542073,-0.040052032252616006
HSAI,train,2,3,23,2023-02-13,2023-03-14,21.68000030517578,17.389999389648438,time,21,0.01681069905541509,0.000775401237028663,0.1978782682260004,0.003326472016753998,8.561409461270589e-05,0.000387045218934153,-0.0010482002786681294,1.5,0.0018056124245390097,0.10740852706880043
NXT,train,2,3,23,2023-02-13,2023-03-14,30.65999984741211,31.850000381469727,time,21,0.05043209716624527,0.001644882498931325,-0.03881280299999945,-0.0019574110521903046,0.00028668435159424845,0.0013007495822816733,-0.0031446008360043872,1.5,-0.006689445822070613,-0.13264262638175456
MLYS,train,2,3,23,2023-02-14,2023-03-15,18.290000915527344,16.350000381469727,time,21,0.03712548949372713,0.0020298243649736155,0.10606891399391072,0.0039378603520919785,0.00019746334601019791,0.0008991880351914537,-0.0029737213722206227,1.5,-0.0001325124013302958,-0.0035693105501729645
BFRG,train,2,3,23,2023-02-16,2023-03-17,5.170000076293945,2.720000028610229,time,21,0.0230156587122043,0.00445177144536965,0.47388781654331624,0.010906840253432653,0.00010130304506698575,0.00040471372577650455,-0.0015877154388835427,1.5,0.00881310804370562,0.38291791488167903
AESI,train,2,3,23,2023-03-13,2023-04-11,16.889999389648438,17.790000915527344,time,21,0.04595550864240625,0.0027208709474892886,-0.053286060296159565,-0.002448788004459945,0.00026448061162203344,0.0011330484115895149,0.0050389660670429,1.5,0.0011926490393714064,0.025952254138927506
KVUE,train,2,3,23,2023-05-08,2023-06-06,26.32999992370605,25.170000076293945,time,21,0.0466257361342213,0.0017708217344976941,0.04405620397923771,0.002054152941811366,0.00025647883768237136,0.0011633455550421588,0.0025504884263024543,1.5,0.00318481697538929,0.0683059880539188
ATMU,train,2,3,23,2023-05-31,2023-06-29,21.559999465942383,22.489999771118164,time,21,0.04675771642751681,0.002168725305461089,-0.04313545121579776,-0.0020169151959212516,0.00026755051257709803,0.001127504797974881,0.003325062966003892,1.5,-8.690754046933877e-05,-0.001858678034545628
CAVA,train,2,3,23,2023-06-20,2023-07-19,38.0,48.52000045776367,time,21,0.0314934825415923,0.0008287758563576921,-0.2768421173095703,-0.008718722388266402,0.00019854367267918978,0.0008886647753477976,0.0019168223780344823,1.5,-0.007889108458258905,-0.2504997168172826
GENK,train,2,3,23,2023-06-30,2023-07-31,14.90999984741211,19.93000030517578,time,21,0.021116021306490682,0.0014162321611395413,-0.3366868215384309,-0.007109486097220131,0.00013625806241958325,0.0006039049982796687,0.0011731393009254292,1.5,-0.006676509856993954,-0.3161821898210396
KGS,train,2,3,23,2023-07-03,2023-08-01,16.139999389648438,18.690000534057617,time,21,0.0464087402080943,0.002875386738729312,-0.15799264193557838,-0.007332239474378724,0.0002786457849680732,0.00120625896233767,0.00213120558399145,1.5,-0.006685938637693017,-0.14406636783747256
SVV,train,2,3,23,2023-07-03,2023-08-01,23.780000686645508,24.1299991607666,time,21,0.0464087402080943,0.0019515870003383455,-0.014718186039315295,-0.0006830524722329825,0.00026202281746270885,0.001157337560571126,0.00213120558399145,1.5,2.8792733724632407e-05,0.0006204161887508115
VTMX,train,2,3,23,2023-07-05,2023-08-02,34.25,34.59000015258789,time,21,0.046670737279399035,0.0013626492636320887,-0.009927011754391035,-0.00046330095755868646,0.00026277481892701037,0.0011944756428373753,0.0013021888423952938,1.5,-0.0006183625769277782,-0.013249470931343743
APGE,train,2,3,23,2023-07-18,2023-08-15,20.799999237060547,22.21999931335449,time,21,0.046129679764501684,0.0022177731469484765,-0.06826923694130937,-0.0031492380378694918,0.0002659655307299696,0.0011670239186422002,-0.00116885522956757,1.5,-0.005751082716809231,-0.12467207113011176
SGMT,train,2,3,23,2023-07-18,2023-08-15,15.961999893188477,15.699999809265137,time,21,0.046129679764501684,0.0028899686801894275,0.016413988577655858,0.0007571720367454537,0.0002561995055434323,0.0011514873760456606,-0.00116885522956757,1.5,-0.0018193700744112092,-0.0394403361068046
ODD,train,2,3,23,2023-07-21,2023-08-18,51.20000076293945,45.2599983215332,time,21,0.04569523619115623,0.0008924850685594562,0.11601567095494758,0.005301363486161795,0.00024211266147790072,0.0011265499018008089,-0.002636262385848319,1.5,0.001296438537034766,0.028371415602523493
SRFM,train,2,3,23,2023-07-31,2023-08-28,17.920000076293945,9.869999885559082,time,21,0.01489211373023191,0.0008310331287293033,0.44921875873114914,0.006689816844777881,6.652820474422817e-05,0.0002126752275146585,-0.0007154501656291205,1.5,0.005695163246889873,0.3824281327726057
ARM,train,2,3,23,2023-09-18,2023-10-16,57.95000076293945,52.09000015258789,time,21,0.028885852913493822,0.0004984616485452591,0.1011216658015851,0.0029209855647120654,0.00015432120198618132,0.0006697306944610185,-0.0006855520880197435,1.5,0.0014113815802451219,0.0488606510762161
NMRA,train,2,3,23,2023-09-19,2023-10-17,14.640000343322754,9.970000267028809,time,21,0.04074468595073502,0.002783106898581359,0.31898906876897126,0.01299710942870915,0.0001954935698381842,0.0008074323190467429,-0.0009194895707952332,1.5,0.011074693969028989,0.2718070764472098
CART,train,2,3,23,2023-09-21,2023-10-19,30.209999084472656,24.43000030517578,time,21,0.02583481621752843,0.0008551743462583227,0.19132734043238286,0.004942906677459108,0.00013215280448424546,0.0005836259479045961,-0.0008244982013299034,1.5,0.0034026297237403635,0.131707138734424
KVYO,train,2,3,23,2023-09-22,2023-10-20,34.220001220703125,29.01000022888184,time,21,0.02253242966414918,0.0006584578860423022,0.1522501696659564,0.0034305662393529415,0.0001174291826326118,0.0005445525124551073,-0.0008800394412063783,1.5,0.0018885451030588442,0.08381453448243373
BIRK,train,2,3,23,2023-10-13,2023-11-10,37.650001525878906,40.650001525878906,time,21,0.04645463043037546,0.001233854675900734,-0.07968127167107641,-0.0037015640277022026,0.00026957276025995556,0.0012081640620367979,0.0008645989029873562,1.5,-0.0043147019470116,-0.09287991115284666
ABVX,train,2,3,23,2023-10-24,2023-11-21,8.5,10.630000114440918,time,21,0.018383279595724323,0.0021627387759675675,-0.2505882487577551,-0.00460663384031673,0.00011486249791019795,0.0005385477096687919,0.0019977378667495123,1.5,-0.0032623061811462074,-0.17746051046870717
MNR,train,2,3,23,2023-10-27,2023-11-27,18.86000061035156,17.68000030517578,time,21,0.04568668901720922,0.0024224118525284395,0.06256629199301933,0.0028584467252449793,0.000250032582765885,0.0011013322502106166,0.006666205413129003,1.5,0.008173287305397481,0.17889865694401216
LXEO,train,2,3,23,2023-11-07,2023-12-06,10.5,13.960000038146973,time,21,0.040488892747836264,0.003856085023603454,-0.32952381315685453,-0.01334205432876592,0.00026062459084356786,0.001134698938504087,0.002658278168849818,1.5,-0.012079099689263757,-0.2983311933100286
HG,train,2,3,23,2023-11-14,2023-12-13,15.010000228881836,15.390000343322754,time,21,0.04627625022664669,0.0030830279494335508,-0.025316462934472872,-0.0011715509736092982,0.00026282800231848525,0.0011806528913981492,0.0037606180762027527,1.5,0.00114558620887682,0.024755381070551197
RR,train,2,3,23,2023-11-21,2023-12-20,5.840000152587891,4.989999771118164,time,21,0.0156898778649525,0.0026866228518846553,0.1455480067227506,0.002283630448967242,8.231086883046789e-05,0.0003277168194564578,0.0007831445457599362,1.5,0.002656747306440252,0.16932874362105785
FEBO,train,2,3,23,2023-12-04,2024-01-03,4.329999923706055,5.380000114440918,time,21,0.015720157045147284,0.003630521321509025,-0.24249427465027895,-0.003812048080051464,9.769953317382286e-05,0.0004460657320915329,0.0006826676043470176,1.5,-0.003673145740969802,-0.23365833626348406
NBBK,train,2,3,23,2024-01-02,2024-01-31,13.399999618530272,13.989999771118164,time,21,0.04543902343390645,0.003390971994586538,-0.0440298633868621,-0.002000673994227326,0.0002597697128158983,0.0011945909876939,0.0015474830022693589,1.5,-0.0019075516924677654,-0.041980472913164694
SDHC,train,2,3,23,2024-01-16,2024-02-13,23.81999969482422,27.39999961853028,time,21,0.04507157867464341,0.0018921737721280026,-0.15029386941948397,-0.006773981959856862,0.0002698712367400274,0.0012091215758921268,0.0026772063119105505,1.5,-0.005575768460578464,-0.12370918935030131
KSPI,train,2,3,23,2024-01-23,2024-02-21,91.13999938964844,99.88999938964844,time,21,0.044874463167379114,0.0004923684822020736,-0.09600614503618066,-0.004308224219268144,0.00026243470088175094,0.0011246223635378925,0.0018357329812877519,1.5,-0.0038595483024000347,-0.08600767630365061
CGON,train,2,3,23,2024-01-29,2024-02-27,36.31999969482422,46.34999847412109,time,21,0.014952362528854441,0.00041168399379103594,-0.2761563563759113,-0.004129189955180149,9.423278947963061e-05,0.00042568614669112435,0.0008829221504767685,1.5,-0.003766186740874135,-0.2518790414294936
AVBP,train,2,3,23,2024-01-30,2024-02-28,20.88999938964844,20.450000762939453,time,21,0.02236402981237097,0.0010705615349827608,0.02106264430658711,0.0004710456051998812,0.00012427567623789226,0.0005657280441287437,0.0010736165080725832,1.5,0.0008546583929058285,0.038215759864220114
BTSG,train,2,3,23,2024-01-30,2024-02-28,10.5,9.729999542236328,time,21,0.044713035768147835,0.004258384358871222,0.07333337692987352,0.003278957905664502,0.0002426249078924489,0.001141703273507209,0.0021465117749113797,1.5,0.004041141499176224,0.09037949290964954
AS,train,2,3,23,2024-02-05,2024-03-05,15.390000343322754,16.450000762939453,time,21,0.04453575838785524,0.002893811396643531,-0.06887591916634372,-0.0030674412947337302,0.00025743365138669616,0.0011222476238008227,0.0018240058893623443,1.5,-0.0026231166805589044,-0.05889911333078859
ANRO,train,2,3,23,2024-02-06,2024-03-06,20.89999961853028,14.8100004196167,time,21,0.03740404736572613,0.0017896673707382795,0.2913875267975645,0.010899072854117899,0.00018258400652409814,0.0007040849659113004,0.0018451170566327008,1.5,0.011857520938315201,0.3170117079142729
GUTS,train,2,3,23,2024-02-06,2024-03-06,11.4399995803833,9.0,time,21,0.04251641725951482,0.0037164701764866932,0.2132866844302408,0.009068185671134585,0.00021584093385568383,0.0008409398550262438,0.002097306901186489,1.5,0.010108711783439146,0.23776019794275824
AHR,train,2,3,23,2024-02-09,2024-03-11,13.010000228881836,13.850000381469728,time,21,0.0452229629440064,0.0034760155379254098,-0.06456572927055881,-0.0029198535822552293,0.0002608865556299264,0.0011775416542388363,0.0016916459392622648,1.5,-0.002666635852861727,-0.0589664117356368
KYTX,train,2,3,23,2024-02-13,2024-03-13,29.209999084472656,30.07999992370605,time,21,0.047084846292475765,0.0016119427513951877,-0.029784350102765478,-0.00140239154651,0.0002677935164126587,0.0011463983285643342,0.003061991542596905,1.5,0.0002454081511099118,0.005212041037269531
MGX,train,2,3,23,2024-02-13,2024-03-13,11.130000114440918,11.079999923706056,time,21,0.039896559758491136,0.0035845965272476746,0.004492380073742086,0.0001792305100699063,0.00022349156387246102,0.001059675010181203,0.0025945275004271113,1.5,0.0014905914364433536,0.037361402724106124
ALAB,train,2,3,23,2024-03-22,2024-04-22,65.5,65.79000091552734,time,21,0.023325417584062938,0.0003561132455582128,-0.0044274948935472125,-0.0001032731672432952,0.0001305804376454702,0.0006461208435897278,-0.0015004187169524543,1.5,-0.0023803931654309473,-0.102051470540761
RDDT,train,2,3,23,2024-03-25,2024-04-23,47.09000015258789,42.81999969482422,time,21,0.02100271696110607,0.00044601225086111706,0.09067743563235064,0.0019044725153451762,0.00011268251292211783,0.0005207777120011886,-0.0008576038585660958,1.5,0.0004134084318557741,0.019683569160187486
AUNA,train,2,3,23,2024-03-26,2024-04-24,10.109999656677246,7.550000190734863,time,21,0.04476960486811692,0.004428249890053004,0.25321459474547126,0.011336317353595103,0.00022196134995605303,0.0009413721183378764,-0.0020382196070699863,1.5,0.008134764278231187,0.18170283839213494
BOLD,train,2,3,23,2024-04-02,2024-04-30,13.479999542236328,9.899999618530272,time,21,0.04573587360717413,0.0033928690771740603,0.26557863837376183,0.012146471037427772,0.00022532422041293627,0.0009973419438031835,-0.0021524709683469886,1.5,0.008771333904864662,0.19178236279472294
CTNM,train,2,3,23,2024-04-09,2024-05-07,15.100000381469728,14.8100004196167,time,21,0.04053225064042327,0.002684254941487501,0.019205295001774148,0.0007784338306351808,0.00022495602461876352,0.0010324155789178443,-0.00039247195509418395,1.5,-0.0008714097279956109,-0.021499169531102827
PACS,train,2,3,23,2024-04-15,2024-05-13,24.25,25.07999992370605,time,21,0.047102957059865745,0.0019423899818501338,-0.03422680097756903,-0.0016121835367430095,0.00026796557268044186,0.0011831467354964933,0.000792771516680708,1.5,-0.0022705243282392365,-0.048203434985058406
ULS,train,2,3,23,2024-04-16,2024-05-14,34.66999816894531,36.70000076293945,time,21,0.04726929778387181,0.0013634064113165131,-0.058552140213623094,-0.0027677185516407645,0.00027214298777202467,0.0011896532564471636,0.0025781190162030305,1.5,-0.0016513957796569223,-0.0349359067529955
CTRI,train,2,3,23,2024-04-23,2024-05-21,24.5,27.190000534057617,time,21,0.047706995379389154,0.0019472243011995573,-0.109795940165617,-0.005238034410156779,0.0002810979599503769,0.0012223468809106945,0.004218499002028258,1.5,-0.002522980248989592,-0.05288491192802293
IBTA,train,2,3,23,2024-04-23,2024-05-21,100.1500015258789,105.7300033569336,time,21,0.047706995379389154,0.000476355413405177,-0.05571644279618715,-0.0026580640790336996,0.0002746480341225692,0.0012361706514100173,0.004218499002028258,1.5,4.961623746197255e-05,0.0010400201703628614
LOAR,train,2,3,23,2024-04-29,2024-05-28,49.0,51.5,time,21,0.025070744989858576,0.0005116478569358893,-0.05102040816326525,-0.0012791196423397233,0.00014388474039879172,0.0006459919664935334,0.0014538467486719352,1.5,-0.0006151496005601131,-0.0245365505017481
MRX,train,2,3,23,2024-04-29,2024-05-28,19.270000457763672,23.0,time,21,0.04618767524942818,0.0023968694422536805,-0.19356509878719552,-0.008940321922406472,0.0002815374687405069,0.0011683311844755187,0.002678412688464555,1.5,-0.007711777887157941,-0.16696614076183486
RBRK,train,2,3,23,2024-04-29,2024-05-28,36.16999816894531,32.459999084472656,time,21,0.04618767524942818,0.001276960950721966,0.10257117147597683,0.004737523958085825,0.00024734285403927615,0.0010889436521803106,0.002678412688464555,1.5,0.006079650140330793,0.13162927355617582
VIK,train,2,3,23,2024-05-03,2024-06-03,27.7549991607666,31.57999992370605,time,21,0.047009421340202896,0.0016937280764415805,-0.1378130383209062,-0.006478511184601012,0.00027990813208642377,0.0012291929058717505,0.0022954730989250207,1.5,-0.005692139123634166,-0.12108507106353585
PAL,train,2,3,23,2024-05-13,2024-06-11,15.25,14.920000076293944,time,21,0.04806414837979933,0.0031517474347409397,0.021639339259413526,0.0010400764130052693,0.00026695611035659593,0.0011867454714452168,0.001985352311164326,1.5,0.001571727142367783,0.03270061356227747
SVCO,train,2,3,23,2024-05-13,2024-06-11,18.90999984741211,17.809999465942383,time,21,0.04806414837979933,0.0025417318227200863,0.05817030091728237,0.0027959059745858387,0.0002625665364526445,0.0011688335244400547,0.001985352311164326,1.5,0.003349858224857466,0.06969557014486422
HDL,train,2,3,23,2024-05-21,2024-06-20,20.0,15.960000038146973,time,21,0.01571337918699107,0.0007856689593495536,0.20199999809265134,0.003174102565801304,8.021748932147019e-05,0.00038025442062571244,0.0007891114441172243,1.5,0.003502742099971346,0.22291462951974242
BOW,train,2,3,23,2024-05-28,2024-06-26,25.850000381469727,24.11000061035156,time,21,0.04697854568311564,0.001817351837131564,0.06731140214471587,0.0031621917806501027,0.00025557942618867065,0.0011694659091749174,0.002025249074241589,1.5,0.0037623955195281032,0.08008752644040086
GAUZ,train,2,3,23,2024-06-10,2024-07-10,15.079999923706056,8.279999732971191,time,21,0.04691698266686969,0.003111205762880361,0.45092839689243835,0.021156199781001864,0.00021058745463784664,0.0009665479308739242,0.003714255779405312,1.5,0.023693320174895404,0.5050051991435157
LIF,train,2,3,23,2024-06-10,2024-07-10,27.049999237060547,33.75,time,21,0.04691698266686969,0.0017344541216322796,-0.24768949914645266,-0.01162084393821975,0.0002925300639359007,0.0013283853709135226,0.003714255779405312,1.5,-0.009527503593663863,-0.2030715329950595
RAPP,train,2,3,23,2024-06-11,2024-07-11,27.11000061035156,25.88999938964844,time,21,0.02424120213042727,0.0008941793280952978,0.04500188835249519,0.001090899871803758,0.00013332863589064065,0.0005312489722704854,0.0015257681987866445,1.5,0.0019520904624292766,0.08052779115186849
WAY,train,2,3,23,2024-06-11,2024-07-11,22.21999931335449,21.46999931335449,time,21,0.04648403304809196,0.0020919907508797487,0.03375337638058529,0.001568993063159812,0.0002569732537499879,0.0011288282526342017,0.0029257566928623286,1.5,0.003108948249637951,0.06688206779350366
TEM,train,2,3,23,2024-06-18,2024-07-18,36.9900016784668,40.13999938964844,time,21,0.0348015940643165,0.0009408378611827897,-0.0851580851107494,-0.0029636371093188156,0.0002024029662273515,0.0007824858833161735,0.0005247334694103633,1.5,-0.0034237924894519774,-0.09838033519741936
TBN,train,2,3,23,2024-07-01,2024-07-30,22.5,24.290000915527344,time,21,0.04825952991045456,0.002144867996020203,-0.07955559624565978,-0.0038393156765614625,0.0002797553373924494,0.0012858738786655365,-0.0004815964874992824,1.5,-0.005886541380118731,-0.12197676585414724
WBTN,train,2,3,23,2024-07-01,2024-07-30,22.5,20.530000686645508,time,21,0.047208529561731306,0.00209815686941028,0.08755552503797748,0.004133367592048265,0.0002539401249183306,0.0010935893284797446,-0.0004711082362203159,1.5,0.002314729902429874,0.04903202713405981
ALMS,train,2,3,23,2024-07-02,2024-07-31,12.5,12.300000190734863,time,21,0.048325209901154006,0.0038660167920923205,0.015999984741210893,0.00077320262103428,0.0002688777540659169,0.0011824718587604554,0.0009479258602008848,1.5,0.0002697788684087924,0.005582570028368363
LB,train,2,3,23,2024-07-02,2024-07-31,22.950000762939453,32.970001220703125,time,21,0.023918947279938273,0.0010422198904046884,-0.4366013126214947,-0.010443043778945383,0.00016014755090490207,0.0007411176007362718,0.0004691834494213688,1.5,-0.010875125481165187,-0.45466572395042515
ARDT,validation,2,3,23,2024-07-22,2024-08-19,17.299999237060547,17.5,time,21,0.048339518741892795,0.0027941919580168834,-0.01156073825199977,-0.0005588405234026599,0.00027227174632320694,0.0011703339893409548,0.0008667003005031442,1.5,-0.0011347459585636772,-0.023474498466205557
TWFG,validation,2,3,23,2024-07-22,2024-08-19,22.5,26.299999237060547,time,21,0.048339518741892795,0.0021484230551952355,-0.1688888549804688,-0.008164005970625183,0.00029128465994126326,0.0012843094000410493,0.0008667003005031442,1.5,-0.008872899730104352,-0.18355374569368174
ARTV,validation,2,3,23,2024-07-23,2024-08-20,13.0,10.09000015258789,time,21,0.023722404179145076,0.0018248003214726982,0.22384614210862375,0.00531016865704312,0.00011962342980265022,0.0005267590292808368,0.0002669402102279243,1.5,0.0049307264081875565,0.20785104119093772
CON,validation,2,3,23,2024-07-29,2024-08-26,22.89999961853028,23.63999938964844,time,21,0.04721044160934428,0.0020615913709947148,-0.03231440102380456,-0.0015255771426752637,0.00026857553163668575,0.0011818808710129278,0.0019155788383479718,1.5,-0.0010604547069769054,-0.02246229162082253
LINE,validation,2,3,23,2024-07-29,2024-08-26,83.45999908447266,85.47000122070312,time,21,0.04721044160934428,0.0005656654939758748,-0.024083419102318482,-0.0011369888512833722,0.000267604060908206,0.0012140292580049036,0.0019155788383479718,1.5,-0.0007030433318485102,-0.014891691496259126
XCH,validation,2,3,23,2024-09-12,2024-10-10,7.789999961853027,12.829999923706056,time,21,0.015612121598610145,0.0020041234499436956,-0.6469833102096898,-0.010100782111264986,0.00011285806433048373,0.0006013205431758046,0.00089114050052221,1.5,-0.009923820218249065,-0.6356484066286368
BCAX,validation,2,3,23,2024-09-17,2024-10-15,27.26000022888184,20.0,time,21,0.02558126532132424,0.000938417648809152,0.26632429082630393,0.006812912345141201,0.00012642216842893668,0.0005661004461327238,0.0009968174618696477,1.5,0.007117207192449189,0.27821951350140484
MBX,validation,2,3,23,2024-09-17,2024-10-15,21.979999542236328,24.09000015258789,time,21,0.032687177157575735,0.0014871327496965916,-0.09599639009532401,-0.003137851009533606,0.0001911475618839416,0.0008624307665988609,0.0012737113884174148,1.5,-0.0029177179495989943,-0.0892618513839079
ZBIO,validation,2,3,23,2024-09-17,2024-10-15,17.979999542236328,19.739999771118164,time,21,0.046761458733897324,0.002600748605362934,-0.09788655582262207,-0.00457731814070288,0.0002736718921975967,0.0011686030416632567,0.0018221396800724339,1.5,-0.0041974533944913,-0.08976309781902872
BKV,validation,2,3,23,2024-09-30,2024-10-28,18.459999084472656,17.709999084472656,time,21,0.04628308498097861,0.00250720949492944,0.04062838771378119,0.00188040712119708,0.00025473765480397677,0.0011393774754186973,0.0012669835674460992,1.5,0.0017532755584205053,0.037881562111537405
GRDN,validation,2,3,23,2024-09-30,2024-10-28,17.700000762939453,17.639999389648438,time,21,0.03472277996080597,0.0019617388962778516,0.0033899079494192907,0.00011770702781507239,0.00019434340504795658,0.0008569529468923765,0.0009505241849040134,1.5,1.693486077875277e-05,0.00048771615630627306
FVR,validation,2,3,23,2024-10-04,2024-11-01,19.299999237060547,18.770000457763672,time,21,0.04546317145457854,0.0023556048316975336,0.027461077733057726,0.0012484676853055127,0.0002514413740304007,0.0011175101439744137,-0.00015608450987646979,1.5,-0.00027656834257577145,-0.006083349087339542
SARO,validation,2,3,23,2024-10-04,2024-11-01,32.810001373291016,28.5,time,21,0.04546317145457854,0.001385649788225484,0.13136242587297098,0.005972152490152241,0.00023963216201828392,0.0010868278168379296,-0.00015608450987646979,1.5,0.004489608001419558,0.09875263554600557
FLX,validation,2,3,23,2024-10-08,2024-11-05,14.949999809265137,12.869999885559082,time,21,0.0169727202926974,0.0011352990307182946,0.13913043145438653,0.002361421897277611,8.919973716028463e-05,0.00039111051623712473,0.00028029132186606646,1.5,0.0021614029657462683,0.12734570112937188
KLC,validation,2,3,23,2024-10-11,2024-11-08,27.3700008392334,27.850000381469727,time,21,0.04760380849060966,0.0017392695298120782,-0.017537432499756367,-0.0008348485781353914,0.0002692173331380373,0.0012325830476121202,0.0027444207264239154,1.5,0.00040777176753836655,0.008565948407653217
CAMP,validation,2,3,23,2024-10-15,2024-11-12,9.720000267028809,11.739999771118164,time,21,0.04742628752838033,0.004879247554061797,-0.20781887331231785,-0.009856077639534031,0.00029052700780394304,0.0012804539628213914,0.0014980177308905772,1.5,-0.00992904087926879,-0.2093573289565868
CBLL,validation,2,3,23,2024-10-15,2024-11-12,25.36000061035156,28.850000381469727,time,21,0.04742628752838033,0.0018701217029553877,-0.13761828419253286,-0.006526724315277421,0.00028220362449330155,0.001248506613189849,0.0014980177308905772,1.5,-0.006559416822069995,-0.13830761722904789
FBLA,validation,2,3,23,2024-10-25,2024-11-22,11.699999809265137,12.199999809265137,time,21,0.04493413836143388,0.0038405247088851143,-0.04273504343171486,-0.0019202623544425574,0.00025675637092087834,0.0011568666262662735,0.0016227010537108928,1.5,-0.0017111842979188165,-0.03808205432036266
INGM,validation,2,3,23,2024-10-28,2024-11-25,24.700000762939453,22.15999984741211,time,21,0.045014366335683224,0.00182244392490967,0.10283404198668811,0.004629009237767807,0.00024085447236553065,0.0010746995224990622,0.0017327199006204274,1.5,0.005046175143523641,0.11210143681448427
SEPN,validation,2,3,23,2024-10-29,2024-11-26,20.71999931335449,24.280000686645508,time,21,0.027964769822129917,0.0013496510979180399,-0.17181474378700967,-0.004804759762051953,0.00016891555130873402,0.0007784273403282927,0.001504704498382888,1.5,-0.004247398155306092,-0.15188389471187116
WRD,validation,2,3,23,2024-10-29,2024-11-26,16.799999237060547,17.5,time,21,0.0202636035890808,0.0012061669350781632,-0.04166671397194244,-0.0008443177747870571,0.00011580503987780487,0.0005139922497083836,0.001090326709923737,1.5,-0.00038378835444950873,-0.018939787918883098
PONY,validation,2,3,23,2024-12-02,2024-12-31,13.170000076293944,14.350000381469728,time,21,0.021998643967113176,0.001670360200430889,-0.08959759288838498,-0.0019710255462619345,0.0001279351071061104,0.00055615040638841,-0.0009243148768910292,1.5,-0.003579425936647484,-0.1627112081089425
TTAN,validation,2,3,23,2024-12-16,2025-01-16,100.0,100.37000274658205,time,21,0.044821176520292154,0.00044821176520292154,-0.0037000274658205434,-0.00016583958417546807,0.000251094558049188,0.0011537157630306333,-0.0015931471244336446,1.5,-0.003163797029688934,-0.07058710358164225
AVR,validation,2,3,23,2024-12-17,2025-01-17,5.639999866485596,5.989999771118164,time,21,0.036891273995443716,0.006541006182404656,-0.062056722148587706,-0.0022893515400426692,0.00021219343337567395,0.0009255523758499236,-0.000605399244587823,1.5,-0.004032496593856089,-0.10930759925379985
FLOC,validation,2,3,23,2025-01-21,2025-02-19,30.229999542236328,26.989999771118164,time,21,0.043693742884984794,0.0014453768953564615,0.1071782937539032,0.004683020810134417,0.00023324495223784616,0.0010248410469353283,0.0013377205363367026,1.5,0.004762655347297945,0.1090008553360764
AAPG,validation,2,3,23,2025-01-28,2025-02-26,17.3700008392334,20.670000076293945,time,21,0.04385181357436298,0.002524571759105241,-0.18998267574097527,-0.008331084878951898,0.0002662646959361059,0.0011683658049611914,-0.0006658613885325662,1.5,-0.01043157676838176,-0.23788244813848153
SFD,validation,2,3,23,2025-01-30,2025-02-28,20.75,20.84000015258789,time,21,0.04382442465879991,0.002112020465484333,-0.004337356751223709,-0.00019008216416233786,0.00024567908654881673,0.0011228405992181173,-0.0010644847543431252,1.5,-0.002623086604272397,-0.05985444474616013
BBNX,validation,2,3,23,2025-02-03,2025-03-04,24.0,18.46999931335449,time,21,0.04366695642760029,0.0018194565178166788,0.23041669527689634,0.010061595792847884,0.00021903151007238988,0.000989935960293336,-0.0017472822002600938,1.5,0.007105346122222064,0.16271677037997168
INR,validation,2,3,23,2025-02-04,2025-03-05,21.84000015258789,16.8700008392334,time,21,0.04351549311275066,0.00199246761944708,0.22756406953438513,0.009902562700533048,0.00021860782586846203,0.0009972774754568594,-0.0016126440580451267,1.5,0.007074033341162601,0.16256355691140748
MAZE,validation,2,3,23,2025-02-04,2025-03-05,14.9399995803833,11.869999885559082,time,21,0.04351549311275066,0.0029126836904257948,0.20548860649602874,0.008941938040726672,0.00022100938751797798,0.0008968985239801715,-0.0016126440580451267,1.5,0.006211386071183396,0.14273964574156167
SION,validation,2,3,23,2025-02-11,2025-03-12,22.46999931335449,17.110000610351562,time,21,0.03366070772782635,0.001498028872115761,0.23854022549156662,0.008029432811601416,0.0001676943426624079,0.000664340139946355,-0.0036601929220806432,1.5,0.003537205406912009,0.10508410683201119
TTAM,validation,2,3,23,2025-02-11,2025-03-12,16.270000457763672,13.380000114440918,time,21,0.04441041927194392,0.0027295893068492376,0.17762755144507147,0.007888514033924415,0.000228011244153571,0.0010677893388913997,-0.00482909342251966,1.5,0.0017636200283597837,0.03971185269745793
AARD,validation,2,3,23,2025-02-18,2025-03-18,13.390000343322754,9.420000076293944,time,21,0.0240730731797697,0.0017978396237886818,0.296489930189475,0.007137423786516041,0.00011637619755107545,0.0005459653668952736,-0.002947263946723869,1.5,0.003527818275345823,0.14654623649424608
KRMN,validation,2,3,23,2025-02-18,2025-03-18,31.950000762939453,34.5,time,21,0.04642423001441428,0.0014530275087900552,-0.07981218078775232,-0.003705219038842628,0.00026810199290839166,0.0011138320782556191,-0.005683713847174383,1.5,-0.010770866957181022,-0.23200959830323026
SAIL,validation,2,3,23,2025-02-18,2025-03-18,25.0,19.739999771118164,time,21,0.04642423001441428,0.0018569692005765712,0.21040000915527346,0.009767658420059284,0.00023441979926113685,0.0010445009649764916,-0.005683713847174383,1.5,0.0028050238086472744,0.060421547277711256
KMTS,validation,2,3,23,2025-03-10,2025-04-07,20.440000534057617,22.780000686645508,time,21,0.04594447741549303,0.0022477728089556185,-0.11448141347594021,-0.005259788715939061,0.0002689035545893869,0.001307962954668913,-0.0076749536361084714,1.5,-0.014511608861305831,-0.31585099401766925
CRWV,validation,2,3,23,2025-04-01,2025-04-30,38.5,41.29999923706055,time,21,0.04377638400934794,0.0011370489353077387,-0.07272725291066351,-0.0031837361513621766,0.0002530385335946211,0.0012590583446832914,-0.0003427861806638974,1.5,-0.005038619210303986,-0.11509902711992036
SMA,validation,2,3,23,2025-04-04,2025-05-05,32.22999954223633,35.41999816894531,time,21,0.04156054333473204,0.0012894987255667922,-0.09897606801168579,-0.004113499163701052,0.00024397134972402323,0.0010718651125740664,0.004742795701355879,1.5,-0.0006865399246432629,-0.016519031503361585
FATN,validation,2,3,23,2025-04-10,2025-05-09,7.53000020980835,7.130000114440918,time,21,0.0141514270990163,0.0018793395358187481,0.05312086111849024,0.0007517359935552844,7.762529084060926e-05,0.00042335479306487096,0.0012831953500309465,1.5,0.0015339512596807506,0.10839551721164428
CHA,validation,2,3,23,2025-04-22,2025-05-20,31.920000076293945,29.15999984741211,time,21,0.01805659147084048,0.0005656826888371653,0.08646617237734933,0.001561284350665069,9.797093634881715e-05,0.00045426340542903626,0.0037861749438656204,1.5,0.004795224952752836,0.2655664531424231
YB,validation,2,3,23,2025-05-02,2025-06-02,15.300000190734863,15.140000343322754,time,21,0.014268056879693635,0.0009325527256093672,0.010457506236437819,0.00014920829380124558,7.97401748042373e-05,0.0003462823632756844,0.0010603850622802583,1.5,0.0007835708180015822,0.05491783671796009
AII,validation,2,3,23,2025-05-12,2025-06-10,17.559999465942383,16.40999984741211,time,21,0.036158254686989875,0.0020591261837518164,0.06548972969849443,0.002367994325820286,0.0001969693815750855,0.0008643917579079201,0.0020157057124646862,1.5,0.003322338898801967,0.09188327610285293
OMSE,validation,2,3,23,2025-05-15,2025-06-13,8.0,6.78000020980835,time,21,0.01724746970512935,0.0021559337131411686,0.1524999737739563,0.0026302386776993324,9.011132206370348e-05,0.0004454698024008108,0.0005054420461372525,1.5,0.002600099599372071,0.1507525245050182
ANTA,validation,2,3,23,2025-05-16,2025-06-16,11.899999618530272,12.789999961853027,time,21,0.01466851548054214,0.0012326483992235455,-0.0747899472145257,-0.0010970574985052011,8.497140157024133e-05,0.0003793035196327324,0.0004253556647116632,1.5,-0.0011359767549965116,-0.07744319842750212
ETOR,validation,2,3,23,2025-05-16,2025-06-16,66.58999633789062,61.5,time,21,0.04124474326274467,0.0006193834739599744,0.07643785279793369,0.003152659614206243,0.00022332811515386264,0.001004673177145736,0.001196009590040549,1.5,0.0031206679119471937,0.07566219753308573
HNGE,validation,2,3,23,2025-05-27,2025-06-25,40.900001525878906,44.52999877929688,time,21,0.04344406561243777,0.0010622020535854782,-0.08875298576996737,-0.0038557905370902187,0.00025339436039977143,0.0010450803621211903,0.0023405831369719995,1.5,-0.002813682122639181,-0.06476562639739779
MNTN,validation,2,3,23,2025-05-27,2025-06-25,28.0,22.13999938964844,time,21,0.01848502722204693,0.0006601795436445332,0.20928573608398426,0.003868652528698578,9.404370019205644e-05,0.00037935174086644533,0.000995895351700341,1.5,0.004391152439340417,0.2375518513764009
CRCL,validation,2,3,23,2025-06-09,2025-07-09,132.72000122070312,200.67999267578125,time,21,0.014715781981475752,0.00011087840450667675,-0.512055386000682,-0.007535295422826448,0.00010142579254134103,0.0004861318431168702,0.000895874440053418,1.5,-0.007226978618431241,-0.491103947281128
OMDA,validation,2,3,23,2025-06-10,2025-07-10,21.700000762939453,17.920000076293945,time,21,0.02072478048356058,0.0009550589748805717,0.17419357390536216,0.0036101235808355175,0.00010729864210567541,0.00041045933638316813,0.0013259017491248169,1.5,0.004418267351471491,0.21318765498993691
ASIC,validation,2,3,23,2025-06-13,2025-07-15,23.59000015258789,20.68000030517578,time,21,0.0413861359967474,0.0017543932059791538,0.1233573475451154,0.005105283961700177,0.0002194895621342795,0.000963934639952625,0.002452052283722644,1.5,0.006373912043335916,0.1540108031307115
VOYG,validation,2,3,23,2025-06-13,2025-07-15,49.459999084472656,40.54999923706055,time,21,0.017589210846781233,0.0003556249731574125,0.18014557242903972,0.0031686184565684807,9.07864602657529e-05,0.0003947818203610203,0.0010421283259959002,1.5,0.003725178501937608,0.21178769953851018
CHYM,validation,2,3,23,2025-06-16,2025-07-16,35.11000061035156,31.6299991607666,time,21,0.02807087662859544,0.0007995122797098226,0.09911710023038123,0.002782303892351158,0.00015057525002869237,0.0006355075648409966,0.0016705031971790396,1.5,0.0036667242746605093,0.1306237893164072
AIRO,validation,2,3,23,2025-06-17,2025-07-17,32.220001220703125,26.290000915527344,time,21,0.015215712811887173,0.00047224432760450177,0.18404717816600913,0.0028004090068122264,7.841862145295625e-05,0.00029189478211738155,0.0010582611170932516,1.5,0.0034883567203351402,0.22926015780278694
MENS,validation,2,3,23,2025-06-20,2025-07-21,8.109999656677246,11.0,time,21,0.015140600743403345,0.001866905226184265,-0.35635024237557333,-0.005395356744623568,9.850644040976934e-05,0.0004309439534101685,0.0011534219257584044,1.5,-0.004771385212685102,-0.3151384343031409
CAI,validation,2,3,23,2025-06-23,2025-07-22,26.600000381469727,30.290000915527344,time,21,0.03954602707840387,0.0014866927259878046,-0.13872182259922705,-0.005485896952874573,0.00023584679170282705,0.0010224640795531447,0.003371488407894617,1.5,-0.0033727194162359283,-0.08528592289559661
SLDE,validation,2,3,23,2025-06-23,2025-07-22,22.799999237060547,18.709999084472656,time,21,0.045357452214849464,0.0019893620058163254,0.17938597760739172,0.008136490907341325,0.00023443389318741797,0.000998162389309318,0.0038669402630715833,1.5,0.010770834887916173,0.23746560624474264
HCHL,validation,2,3,23,2025-06-26,2025-07-25,5.199999809265137,4.400000095367432,time,21,0.015417524360799793,0.0029649086396752377,0.15384610446952318,0.0023719260634730253,8.062181560040076e-05,0.000365880314812596,0.0010674716930223623,1.5,0.0029928956260823905,0.19412297046159052
JCAP,validation,2,3,23,2025-06-30,2025-07-29,18.43000030517578,16.43000030517578,time,21,0.04306384662665196,0.0023366167071933335,0.10851871768218746,0.004673233414386668,0.0002298486105010764,0.0010081110403186008,0.0018707646389601955,1.5,0.005306038402527186,0.12321329417059808
AUGO,validation,2,3,23,2025-07-18,2025-08-15,23.799999237060547,28.32999992370605,time,21,0.0471011869752783,0.001979041532990217,-0.19033616940590248,-0.008965059503345654,0.00028649679692593325,0.0012457713125394111,0.0015875055300533496,1.5,-0.00890982208275765,-0.18916342994570584
CARL,validation,2,3,23,2025-07-25,2025-08-22,14.699999809265137,13.039999961853027,time,21,0.04704294959561299,0.003200200694285907,0.11292516115312068,0.005312332664202732,0.0002503867928848232,0.001070486179744314,0.0011355340494864144,1.5,0.00512699374106001,0.10898538006507419
NIQ,validation,2,3,23,2025-07-25,2025-08-22,19.239999771118164,17.530000686645508,time,21,0.04704294959561299,0.002445059779378522,0.08887729235005482,0.004181049984218187,0.0002532149995847846,0.0010863342468458357,0.0011355340494864144,1.5,0.003977034787273981,0.08454050652565505
ARX,validation,2,3,23,2025-07-28,2025-08-25,29.770000457763672,29.850000381469727,time,21,0.04695488541625043,0.0015772551123359201,-0.0026872664587143102,-0.0001261802886518576,0.0002633730734186649,0.0011221043484824353,0.0005513218301639814,1.5,-0.0009603358803889762,-0.02045231016699739
MH,validation,2,3,23,2025-07-28,2025-08-25,16.93000030517578,14.460000038146973,time,21,0.04695488541625043,0.0027734722132223204,0.14589487433580783,0.006850477107256112,0.00024593142992889496,0.00101251546877802,0.0005513218301639814,1.5,0.006143352038713178,0.130835204563976
AMBQ,validation,2,3,23,2025-08-01,2025-08-29,41.5,39.709999084472656,time,21,0.018513787530932434,0.000446115362191143,0.04313255218138179,0.0007985469067529583,0.00010184712113864206,0.0004323760717823546,0.0008313911615141186,1.5,0.0010957148753460804,0.059183723131497744
FIG,validation,2,3,23,2025-08-04,2025-09-02,113.91999816894533,65.56999969482422,time,21,0.016059060155632538,0.00014096787582296722,0.4244206394948956,0.0068157965809405585,7.300366708210104e-05,0.00027814136749962755,0.0005621083145511483,1.5,0.007026759860909978,0.43755735346974334
SI,validation,2,3,23,2025-08-04,2025-09-02,14.3100004196167,16.020000457763672,time,21,0.02876355534766882,0.0020100317613016023,-0.11949685450762382,-0.0034371543885023653,0.00016987015556764885,0.0006838654533565946,0.001006798247237773,1.5,-0.0032840917501888362,-0.11417544564618642
FLY,validation,2,3,23,2025-08-11,2025-09-09,49.5099983215332,44.540000915527344,time,21,0.031605059901188184,0.0006383571192213576,0.10038371186622075,0.0031726332266355205,0.00016924817942768505,0.0007446967733312582,0.0009571352381000565,1.5,0.0032158235119766343,0.10175027422921404
WYFI,validation,2,3,23,2025-08-11,2025-09-09,15.25,18.38999938964844,time,21,0.016712819119460254,0.0010959225652105084,-0.20590159932120922,-0.00344119618586295,0.0001022960045406852,0.000458108676616045,0.0005061350352519468,1.5,-0.0034954658317677334,-0.20914878613732166
HTFL,validation,2,3,23,2025-08-13,2025-09-11,30.209999084472656,33.16999816894531,time,21,0.049615171173824135,0.0016423426904148882,-0.09798077372316238,-0.004861332860018428,0.00029029186963136093,0.0013026319181236657,0.0014678945394984507,1.5,-0.004986362108275005,-0.10050075390862903
BLSH,validation,2,3,23,2025-08-15,2025-09-15,75.3499984741211,51.08000183105469,time,21,0.016252189591641958,0.00021568931547123735,0.32209684319239795,0.005234778962432222,7.803792397349884e-05,0.0003261042694723921,0.0005630483319221581,1.5,0.0053936851009084895,0.3318743650198561
MIAX,validation,2,3,23,2025-08-18,2025-09-16,31.76000022888184,38.02000045776367,time,21,0.04451749655808902,0.0014016843903422204,-0.19710328034535496,-0.008774544604362389,0.00027159042158186484,0.0012332319773577637,0.0017803967283018824,1.5,-0.008498970275000135,-0.19091303267492105
CEPF,validation,2,3,23,2025-08-25,2025-09-23,10.15999984741211,10.1899995803833,time,21,0.04910114501152345,0.004832789935920145,-0.0029527296674942693,-0.00014498240758346556,0.0002757673211949812,0.0012254574480368935,0.0021922655574560536,1.5,0.0005460583806407133,0.011121092604104444
FIGR,validation,2,3,23,2025-09-15,2025-10-13,33.5,44.0,time,21,0.026855605885315326,0.0008016598771735918,-0.31343283582089554,-0.008417428710322715,0.00017147649105452077,0.0008210953480901757,0.0002076316047406742,1.5,-0.009202368944726737,-0.34266100657064685
KLAR,validation,2,3,23,2025-09-15,2025-10-13,43.59999847412109,39.09000015258789,time,21,0.04764704315874048,0.0010928221290425395,0.1034403320956564,0.004928625967716187,0.0002545755525010804,0.0011430268932779172,0.00036837865712078264,1.5,0.0038994021790579726,0.0818393318986607
LBRX,validation,2,3,23,2025-09-15,2025-10-13,16.84000015258789,16.06999969482422,time,21,0.029935048981864686,0.0017776157191580792,0.045724492326999266,0.0013687649174796196,0.00016426065001093928,0.0006950054201502989,0.00023144003098041687,1.5,0.0007409388782987983,0.024751550556929954
BRCB,validation,2,3,23,2025-09-16,2025-10-14,28.239999771118164,24.75,time,21,0.03489021192577512,0.0012354891008695514,0.1235835623018483,0.004311856679253719,0.00018461757143795147,0.0007596787178043233,6.01317587254826e-05,1.5,0.0034276921487369264,0.09824222782105606
GEMI,validation,2,3,23,2025-09-16,2025-10-14,33.0,22.64999961853028,time,21,0.015749794044311066,0.00047726648619124444,0.31363637519605214,0.004939708314142093,7.585500467942715e-05,0.0002966893022678501,2.71440832019973e-05,1.5,0.0045943080903968125,0.2917059154850541
LGN,validation,2,3,23,2025-09-16,2025-10-14,30.479999542236328,31.61000061035156,time,21,0.03554851781116711,0.0011662899719505344,-0.03707352641358752,-0.0013179089140361862,0.00020237872529166843,0.0009163012739322444,6.1266320210869e-05,1.5,-0.00237532259304923,-0.06681917388699264
VIA,validation,2,3,23,2025-09-16,2025-10-14,52.380001068115234,47.20000076293945,time,21,0.028099952810431216,0.0005364633875033696,0.09889271094973218,0.002778880510983088,0.00015042222026960848,0.0006481754978764057,4.842904325685762e-05,1.5,0.0020287118360939314,0.07219627199305603
STUB,validation,2,3,23,2025-09-19,2025-10-17,20.39999961853028,17.149999618530273,time,21,0.027910389979897556,0.001368156397147441,0.15931372846928282,0.0044465082907291925,0.00014520795546598035,0.0006177226136848627,0.0001302115268849182,1.5,0.003813789248463268,0.13664406879338295
WBI,validation,2,3,23,2025-09-19,2025-10-17,22.71999931335449,23.989999771118164,time,21,0.047534722684753804,0.002092197364496115,-0.055897909161343406,-0.0026570916106420225,0.00027288152921304756,0.0012884199626363808,0.000221765759105874,1.5,-0.003996627343385577,-0.0840780616285671
NTSK,validation,2,3,23,2025-09-22,2025-10-20,25.14999961853028,22.309999465942383,time,21,0.04767990880372585,0.0018958214523627963,0.11292247298864422,0.0053841332139897505,0.0002537437219551332,0.0010907969822964109,0.0009828284462141796,1.5,0.005022420955952386,0.1053362114560068
PTRN,validation,2,3,23,2025-09-23,2025-10-21,14.15999984741211,13.720000267028809,time,21,0.024389912425268653,0.0017224514610235796,0.031073417028582462,0.0007578779200809781,0.00013473896870648126,0.0005972805508924545,0.00025076962589627396,1.5,0.00027662802637831626,0.011341903224372452
FRMI,validation,2,3,23,2025-10-03,2025-10-31,30.01000022888184,26.209999084472656,time,21,0.017228176087352103,0.0005740811714746867,0.1266244956823438,0.0021815091085875737,9.111712405723099e-05,0.0003832265190015703,0.00046555369764075306,1.5,0.0021727191631695252,0.1261142881378259
NP,validation,2,3,23,2025-10-03,2025-10-31,28.190000534057617,25.68000030517578,time,21,0.043797947961440195,0.0015536696392937598,0.08903867262611054,0.003899711150234098,0.00023575593941773775,0.0010343925544940894,0.0011835435462895633,1.5,0.0038131062026118337,0.08706129807654231
CBK,validation,2,3,23,2025-10-06,2025-11-03,24.3700008392334,24.5,time,21,0.048890683918090955,0.0020061831035878166,-0.0053343929540337065,-0.0002608021198105522,0.0002746957837108301,0.001236752187010897,0.0012797423499720025,1.5,-0.0004925077405602768,-0.010073652096693923
MPLT,validation,2,3,23,2025-10-29,2025-11-26,16.770000457763672,12.989999771118164,time,21,0.040369351348154336,0.0024072361506385855,0.22540253926442544,0.009099354302331742,0.00020316101818103617,0.0009143198714579348,-0.0007948180639938407,1.5,0.007187055348698929,0.17803247039359518
NAVN,validation,2,3,23,2025-11-03,2025-12-02,20.270000457763672,15.770000457763672,time,21,0.04433504022205888,0.002187224431219881,0.22200295502590583,0.009842509940489467,0.00022358964426200855,0.0009099114087265555,-0.0004015306514876249,1.5,0.008307478236013278,0.1873795127827559
BETA,validation,2,3,23,2025-11-06,2025-12-05,37.68999862670898,28.38999938964844,time,21,0.027932181435019625,0.0007411032754781135,0.24674978975642892,0.006892259896529522,0.00013930377783875867,0.0005477194300317752,0.0005710577198629258,1.5,0.006776294408521914,0.24259810943466875
XZO,validation,2,3,23,2025-11-07,2025-12-08,18.89999961853028,17.079999923706055,time,21,0.04945433886709444,0.002616631738902657,0.09629628209303398,0.004762268966270218,0.0002653878147152125,0.0011479225627622138,0.0017459473757959845,1.5,0.005094905964588777,0.10302242596511159
AERO,validation,2,3,23,2025-11-10,2025-12-09,19.549999237060547,18.229999542236328,time,21,0.049745525503274185,0.0025445282580355594,0.06751916861060137,0.003358776524078539,0.00027030581001538954,0.001148278959520251,0.00063904253625208,1.5,0.0025792342907949785,0.051848568583826034
BLLN,validation,2,3,23,2025-11-10,2025-12-09,101.52999877929688,109.52999877929688,time,21,0.021388508826895233,0.0002106619628095238,-0.07879444593897977,-0.0016852957024761901,0.00012404384103393093,0.0005626291970044047,0.00027476173563569054,1.5,-0.0020972070048788354,-0.09805297890807974
EVMN,validation,2,3,23,2025-11-10,2025-12-09,19.01000022888184,17.84000015258789,time,21,0.026870127184807992,0.001413473269925809,0.06154655771736239,0.0016537638336526542,0.0001464073386255944,0.0006964552921844105,0.0003451798740062657,1.5,0.001156081076848915,0.043024771297046474
GLOO,validation,2,3,23,2025-11-21,2025-12-22,9.0,5.820000171661377,time,21,0.05267995670348399,0.005853328522609332,0.35333331425984704,0.01861358369710724,0.0002491922826948293,0.001140528035530477,0.0035924219904352283,1.5,0.020816285369317164,0.39514621256210103
CBC,validation,2,3,23,2025-11-25,2025-12-24,24.209999084472656,24.0,time,21,0.051533300965804225,0.002128595742031881,0.008674064122841774,0.0004470031570390887,0.0002879718786515809,0.0012491436040551307,0.002514505678374442,1.5,0.001424393352706819,0.027640250595474154
HYNE,validation,2,3,23,2025-12-08,2026-01-07,13.93000030517578,14.170000076293944,time,21,0.05270326114531684,0.003783435749512124,-0.017228985345319137,-0.000908023713923189,0.00029747717599152884,0.001318594920573097,0.0003442714647325879,1.5,-0.002179824345755227,-0.041360331379587195
CDNL,validation,2,3,23,2025-12-12,2026-01-13,25.26000022888184,25.8700008392334,time,21,0.05440516482925901,0.0021538069808508197,-0.024148875883781562,-0.0013138235728984479,0.00030808629985088913,0.0013061813767350093,0.0006640893739627157,1.5,-0.0022640018755216307,-0.04161373065639633
LMRI,validation,2,3,23,2025-12-15,2026-01-14,18.780000686645508,15.5600004196167,time,21,0.05264677732178608,0.0028033426728904915,0.17145900688483773,0.009026764155280637,0.0002723614508112045,0.0012341549134641393,0.0005320409870201196,1.5,0.008052288778025413,0.15294931974294362
WLTH,validation,2,3,23,2025-12-17,2026-01-16,12.800000190734863,9.5,time,21,0.05354593118706844,0.004183275811654055,0.25781251105945546,0.013804810976354921,0.00026562327632734543,0.0013326223560337005,0.0013904456032474012,1.5,0.013597010947241275,0.2539317301204206
ANDG,validation,2,3,23,2025-12-19,2026-01-21,27.170000076293945,22.8799991607666,time,21,0.03140593039759826,0.0011559046856610131,0.15789477009499187,0.004958832159748092,0.00016359881246769164,0.0007058999849118673,0.0006134132025581371,1.5,0.00470274656492667,0.1497407179277933
MDLN,validation,2,3,23,2025-12-19,2026-01-21,38.81999969482422,43.29999923706055,time,21,0.03687068666202764,0.0009497858565656693,-0.1154044198210964,-0.004255040202636738,0.00021725747571976086,0.0009974560608131487,0.0007201495290711586,1.5,-0.004749604210098488,-0.128817894107462
AKTS,validation,2,3,23,2026-01-13,2026-02-11,23.049999237060547,18.059999465942383,time,21,0.018844400192796998,0.0008175445039711043,0.21648589745265923,0.004079546887694724,9.530108036280928e-05,0.00041862171197158915,-0.00014346748808552226,1.5,0.0034221566072748038,0.18160071810525835
BTGO,validation,2,3,23,2026-01-26,2026-02-24,14.470000267028809,9.600000381469728,time,21,0.025577963718605636,0.0017676546818653014,0.33655838256311654,0.008608478098391992,0.00012168050671432237,0.0005122621227588683,-0.00017447431944602783,1.5,0.007800061149472773,0.3049523893021609
EQPT,validation,2,3,23,2026-01-27,2026-02-25,30.770000457763672,29.770000457763672,time,21,0.03994317722791182,0.0012981207875748873,0.03249918703682331,0.001298120787574888,0.00022041871116832822,0.0010519182738965593,-8.889669520374135e-05,1.5,-6.311289269374091e-05,-0.0015800669118939885
PPHC,validation,2,3,23,2026-01-30,2026-03-02,12.300000190734863,12.25,time,21,0.056942117058308796,0.004629440339456351,0.004065056094269548,0.00023147289996848768,0.00031816358273589653,0.0014205217284641103,-0.0006679527035574428,1.5,-0.002175165114788962,-0.03819958278968782
LIFE,validation,2,3,23,2026-02-02,2026-03-03,15.640000343322754,13.15999984741211,time,21,0.03812430168032463,0.0024376151434421923,0.15856780316308883,0.006045286764575934,0.0001982294531205815,0.000719241564561933,-0.0007670968889830598,1.5,0.0043607188579103595,0.11438160610718438
PICS,validation,2,3,23,2026-02-02,2026-03-03,18.0,14.369999885559082,time,21,0.05647444997384244,0.0031374694429912465,0.20166667302449548,0.011389014437113106,0.00028755711992652636,0.0012465838447505387,-0.0011363191710425866,1.5,0.008718554301393453,0.15438050844995693
YSS,validation,2,3,23,2026-02-02,2026-03-03,34.0,24.26000022888184,time,21,0.04576463069869748,0.0013460185499616906,0.28647058150347526,0.013110220368547665,0.00022332221548908678,0.0009044924160464989,-0.0009208275112497887,1.5,0.011061578225762292,0.2417058338914361
MANE,validation,2,3,23,2026-02-06,2026-03-09,37.0,51.31999969482422,time,21,0.030407783412392596,0.0008218319841187188,-0.387027018779033,-0.011768633761776837,0.0001996624686845349,0.0009109811859223928,-0.00021351414652870946,1.5,-0.013092791562912473,-0.43057369178631244
BOBS,validation,2,3,23,2026-02-09,2026-03-10,17.3700008392334,18.06999969482422,time,21,0.055236979170881814,0.003180021675423225,-0.040299298892936264,-0.0022260115335502604,0.0003145979083227562,0.0015734292992954535,-0.0014710193402881317,1.5,-0.005585058081456601,-0.10111085300625502
EIKN,validation,2,3,23,2026-02-09,2026-03-10,15.869999885559082,14.020000457763672,time,21,0.041170914444821606,0.002594260538230067,0.11657211349313357,0.004799380511277836,0.00021833938458920538,0.0009576836347258259,-0.0010964251180051224,1.5,0.002526932373957682,0.06137663950467621
FPS,validation,2,3,23,2026-02-09,2026-03-10,33.86000061035156,35.540000915527344,time,21,0.050728359714701424,0.0014981795274744598,-0.04961607427325854,-0.0025169420633651997,0.00029010097955628554,0.0012603970378457262,-0.001350950022277039,1.5,-0.005418390103044251,-0.10681185304467797
AGMB,validation,2,3,23,2026-02-10,2026-03-11,15.0,13.56999969482422,time,21,0.03865210877352514,0.0025768072515683425,0.09533335367838525,0.003684835156121892,0.00020692903612855442,0.000984217662534454,-0.0015534255644080047,1.5,0.0009402628930508786,0.024326302571489038
OFRM,validation,2,3,23,2026-02-10,2026-03-11,21.32999992370605,20.700000762939453,time,21,0.06000958212609627,0.0028133887642166344,0.029535825739334443,0.0017724325603666567,0.00033114022231849885,0.001603564606068247,-0.0024117809336180684,1.5,-0.0025740532016381573,-0.04289403642620572
SGP,validation,2,3,23,2026-02-10,2026-03-11,26.350000381469727,27.100000381469727,time,21,0.02000319404203209,0.0007591344877588336,-0.028462997690407166,-0.0005693508658191247,0.000113280478404353,0.0005277430669340168,-0.0008039269778726898,1.5,-0.0020143013890301844,-0.1006989876115582
GENB,validation,2,3,23,2026-03-03,2026-03-31,12.359999656677246,12.5,time,21,0.02640915038759565,0.002136662712068008,-0.011326888932971846,-0.0002991335132544466,0.00014834895355289102,0.0006508172890640905,-0.0014506120039036725,1.5,-0.0025489117597751005,-0.09651623480368841
MMED,validation,2,3,23,2026-03-10,2026-04-08,18.030000686645508,13.5600004196167,time,21,0.0568173799324729,0.0031512688723609695,0.24792013848006433,0.014086172700933108,0.0002829188889472811,0.0012504159942613431,-0.00021503461117169118,1.5,0.012337803206552794,0.21714840109164124
PAYP,validation,2,3,23,2026-03-16,2026-04-14,21.729999542236328,22.190000534057617,time,21,0.05726641543102776,0.0026353620173677293,-0.021168937023086087,-0.001212269141797308,0.00032439295553962334,0.0013861376794472803,0.0033517813568730718,1.5,0.0004289815800888599,0.0074909801296281515
SWMR,validation,2,3,23,2026-03-19,2026-04-17,52.56999969482422,35.130001068115234,time,21,0.019312979476499167,0.0003673764426215248,0.3317481211327844,0.006407044654804624,9.260398617318597e-05,0.00039339019254800307,0.0023445637090110036,1.5,0.008265614185094439,0.4279823418832076
GMTL,validation,2,3,23,2026-03-24,2026-04-22,13.800000190734863,19.5,time,21,0.0568573613573846,0.004120098592140447,-0.4130434587306775,-0.02348456118935411,0.0003786810667422174,0.0018594887854536586,0.007842200837391617,1.5,-0.01788053020415837,-0.3144804784690568
JAN,validation,2,3,23,2026-03-24,2026-04-22,23.450000762939453,24.14999961853028,time,21,0.0568573613573846,0.002424620874522204,-0.029850696495375306,-0.0016972318374071746,0.0003242127433623501,0.0014606608923369317,0.007842200837391617,1.5,0.004360095364285161,0.07668479964941029
HMH,validation,2,3,23,2026-04-06,2026-05-04,18.81999969482422,22.21999931335449,time,21,0.05468669878036842,0.0029057757527704998,-0.1806588561988829,-0.009879636450954209,0.00033249925608604765,0.00141525115817829,0.007773258942994949,1.5,-0.0038541279222235967,-0.07047651454885702
ARXS,validation,2,3,23,2026-04-20,2026-05-18,38.0,34.04999923706055,time,21,0.05745061028976005,0.0015118581655200012,0.10394738849840668,0.005971840907260249,0.0003075201547170312,0.0013574686448532664,0.0036316968126280293,1.5,0.00793854892031798,0.1381804106219032
MAIR,validation,2,3,23,2026-04-20,2026-05-18,32.0,38.36000061035156,time,21,0.05745061028976005,0.0017953315715550015,-0.19875001907348633,-0.011418309890873241,0.000350995531712365,0.001704752816888189,0.0036316968126280293,1.5,-0.009842361426845766,-0.1713186574903985
ALMR,validation,2,3,23,2026-04-21,2026-05-19,21.75,20.51000022888184,time,21,0.05343139873462136,0.002456616033775695,0.057011483729570545,0.0030462033196070673,0.0002921295371675275,0.0014633827781007514,0.0026460627633277177,1.5,0.003936753767666506,0.07367865825896208
AVEX,validation,2,3,23,2026-04-21,2026-05-19,37.38999938964844,26.32999992370605,time,21,0.032903672833016734,0.0008800126603405679,0.29580100685972166,0.00973293955338922,0.00016025411418731856,0.0006295757268827993,0.0016294760294895427,1.5,0.010572585741808645,0.3213193188329945
KLRA,validation,2,3,23,2026-04-21,2026-05-19,24.8700008392334,19.6200008392334,time,21,0.048528759521515356,0.0019512970600692276,0.21109770095857494,0.010244309565363445,0.00024663093365368677,0.0011396503984434762,0.002403271233046773,1.5,0.011261299466313055,0.23205413815121995
NHP,validation,2,3,23,2026-04-24,2026-05-22,12.489999771118164,14.729999542236328,time,21,0.056994146576624306,0.004563182355568764,-0.17934345974112276,-0.010221527432044478,0.0003455603752976071,0.001552242524861904,0.004196679441998486,1.5,-0.007922650890205503,-0.13900815024143048
YSWY,validation,2,3,23,2026-04-24,2026-05-22,21.63999938964844,23.3700008392334,time,21,0.056994146576624306,0.002633740673943255,-0.07994461637612194,-0.004556375183752693,0.00033139749467687757,0.0016564034024110497,0.004196679441998486,1.5,-0.0023474966388421347,-0.04118838126097921
ELMT,validation,2,3,23,2026-04-27,2026-05-26,16.299999237060547,15.649999618530272,time,21,0.02734751908148417,0.0016777619853690173,0.03987727907694627,0.0010905446504744579,0.00015085022269987873,0.0006491540695817593,0.0021523873487675842,1.5,0.002442927706960404,0.08932904296296497
XE,validation,2,3,23,2026-04-28,2026-05-27,34.689998626708984,27.540000915527344,time,21,0.047600583314553926,0.001372170227700864,0.20611121343996308,0.00981101398741277,0.00024281090813379078,0.0010335872201521796,0.003875882704103549,1.5,0.012410498563230348,0.2607215647173766
COAG,validation,2,3,23,2026-05-05,2026-06-03,23.809999465942383,26.170000076293945,time,21,0.01938857880232155,0.0008143040418818491,-0.099118045497115,-0.0019217580358529079,0.00011364210418622037,0.0005422586303387113,0.0013083390179370437,1.5,-0.001269319752440796,-0.06546739528370228
SPTX,validation,2,3,23,2026-05-05,2026-06-03,17.350000381469727,17.229999542236328,time,21,0.041405389805368766,0.002386477746109496,0.006916474731698763,0.00028637933234496797,0.00023171304074635476,0.000998939800788643,0.0027940308357603896,1.5,0.0018497573265703598,0.044674312577791836
REA,validation,2,3,23,2026-05-08,2026-06-08,24.96999931335449,19.26000022888184,time,21,0.02945893876459719,0.0011797733109604823,0.22867437891433262,0.006736504525469621,0.0001481803836204923,0.0006533696966177522,0.000257939262110247,1.5,0.006192893707341623,0.21022120847014505
CBRS,validation,2,3,23,2026-05-18,2026-06-16,291.54998779296875,212.25,time,21,0.02958751175405078,0.00010148349508785106,0.2719944816093771,0.008047639921654392,0.00014569694179659517,0.0006223185362035099,0.0006298788902339293,1.5,0.007909503333888217,0.2673257352506278
LCLN,validation,2,3,23,2026-05-22,2026-06-23,23.38999938964844,23.559999465942383,time,21,0.06070052197456438,0.002595148506135841,-0.007268066726379585,-0.00044117544403720287,0.00034071692607530517,0.0015325896591630679,-0.0015446779617418885,1.5,-0.0038591599910174643,-0.0635770478651664
OPTH,validation,2,3,23,2026-05-22,2026-06-23,5.449999809265137,4.170000076293945,time,21,0.03449812176388425,0.006329930820407842,0.23486234454451904,0.008102309759848153,0.0001727581291250079,0.0008106079243089643,-0.0008778917656175993,1.5,0.006241051940796582,0.18090990528447493
AADX,validation,2,3,23,2026-06-05,2026-07-07,18.600000381469727,23.290000915527344,time,21,0.06159066714749503,0.0033113261228131376,-0.2521505611757964,-0.015530121284432548,0.00038362006098362634,0.0016713130242038477,-0.000564891267136219,1.5,-0.01814994563675624,-0.2946866218105971
LFTO,validation,2,3,23,2026-06-08,2026-07-08,27.1200008392334,23.6299991607666,time,21,0.04519637359734576,0.0016665328981834695,0.1286873735423324,0.005816202611880445,0.0002385963959991411,0.001058149188932412,0.00018605191852973435,1.5,0.0047055089454786266,0.10411253317356785
QNT,validation,2,3,23,2026-06-08,2026-07-08,58.65999984741211,75.61000061035156,time,21,0.04594334059920638,0.0007832141274925907,-0.28895330390436813,-0.013275480058544375,0.0002905092328670147,0.001317888296800115,0.00018912682549047217,1.5,-0.014694750762721033,-0.3198450650533424
SSMR,validation,2,3,23,2026-06-08,2026-07-08,14.34000015258789,12.529999732971191,time,21,0.03687049754662163,0.002571164376171066,0.12622039054093415,0.004653808599773138,0.00019487062041304107,0.0009003360601067816,0.00015177825696390971,1.5,0.0037103801762172254,0.10063276665918494
INIO,validation,2,3,23,2026-06-10,2026-07-10,33.45000076293945,33.40999984741211,time,21,0.06125439513984158,0.0018312225334149376,0.0011958419914794849,7.325057787090116e-05,0.00034338170828717644,0.0016446776552549943,0.0027011097437040924,1.5,0.0007863009580328228,0.012836645537642254
WHK,validation,2,3,23,2026-06-11,2026-07-13,26.5,26.459999084472656,time,21,0.06152659610292729,0.0023217583435066903,0.00150946851046585,9.287245937351788e-05,0.00034483369929591047,0.0015717198527616227,0.0025847113397571603,1.5,0.0007610302470731451,0.012369126447366346
EROC,validation,2,3,23,2026-06-12,2026-07-14,18.049999237060547,12.399999618530272,time,21,0.05354006989007671,0.0029662089835520537,0.31301938267839957,0.016759079625550177,0.00025816782527329833,0.0011124696167441512,0.0012056647637208064,1.5,0.016594106947253533,0.3099380890111453
PBLS,validation,2,3,23,2026-06-12,2026-07-14,29.86000061035156,31.14999961853028,time,21,0.03368736325303347,0.0011281769110666085,-0.04320157340289943,-0.0014553470963260574,0.00019243932259223667,0.0007963988912333206,0.0007586031721705579,1.5,-0.0016855821379810568,-0.05003603651969627
FRBT,validation,2,3,23,2026-06-15,2026-07-15,18.11000061035156,18.86000061035156,time,21,0.06195564606311911,0.0034210736595837368,-0.041413582259699266,-0.0025658052446878004,0.0003534393065973933,0.001600981020104051,0.0003658776610334241,1.5,-0.004154347910355821,-0.06705358065548149
DPC,validation,2,3,23,2026-06-29,2026-07-28,47.04999923706055,45.43000030517578,time,21,0.05859910802656181,0.0012454645903671815,0.03443143375459856,0.0020176513060951307,0.000323214225448327,0.0014872033492432087,0.000516743824093205,1.5,0.0007239775554968,0.012354753849984123
