symbol,split,signal_day,entry_day,exit_day,entry_date,exit_date,entry_open,exit_px,exit_reason,days_held,notional,shares,gross_ret,price_pnl,slippage,borrow,hedge_pnl,beta,net_pnl,net_ret
BOX,fresh_holdout,2,3,23,2015-01-27,2015-02-25,22.0,18.670000076293945,time,21,0.057550115425902215,0.00261591433754101,0.15136363289572974,0.00871099454443314,0.00030123979727185706,0.0012538637887372778,0.0036831862394374475,1.5,0.010839077197861452,0.18834153706984555
SHAK,fresh_holdout,2,3,23,2015-02-03,2015-03-04,45.2400016784668,46.18999862670898,time,21,0.08373961175882663,0.001851008148805723,-0.020999047590538833,-0.001758452092536844,0.0004742326906156118,0.0019771631600653565,0.004473672674202664,1.5,0.0002638247309848518,0.0031505368301046987
KRNT,fresh_holdout,2,3,23,2015-04-07,2015-05-05,13.279999732971191,13.494999885559082,time,21,0.054286847313016647,0.004087865090707409,-0.016189770851733787,-0.0008788916182608038,0.0003062850585889884,0.0014835786981640942,0.00040742295221596445,1.5,-0.002261332422797922,-0.04165525416790432
ETSY,fresh_holdout,2,3,23,2015-04-20,2015-05-18,28.770000457763672,20.559999465942383,time,21,0.05398086780496364,0.0018762901267315322,0.2853667313587336,0.015404343801410375,0.00026409494840537223,0.0010981434683694975,0.0015647410055089337,1.5,0.015606846390144438,0.2891181084107981
SEDG,fresh_holdout,18,19,39,2015-04-22,2015-05-20,23.920000076293945,35.849998474121094,time,21,0.10599509200210457,0.004431232929098174,-0.4987457508267503,-0.052864601744540114,0.0007111932629744389,0.003225673794834604,0.001664641942343982,1.1491892995651563,-0.05513682686000518,-0.5201828293984633
XBIT,fresh_holdout,5,6,26,2015-04-22,2015-05-20,29.0,18.84000015258789,time,21,0.08192356602658485,0.002824950552640857,0.35034482232455555,0.028701497183777857,0.00038735409863936617,0.0014573549943981102,0.0016793592496782916,1.5,0.02853614734041867,0.34832647947915824
BZUN,fresh_holdout,4,5,25,2015-05-28,2015-06-25,11.84000015258789,11.4399995803833,time,21,0.08022150927336018,0.006775465222931269,0.033783831676485354,0.002710189966124807,0.0004421850157889382,0.0019773066190460916,-0.0013998061328340085,1.5,-0.0011091078015442314,-0.013825566379770693
WING,fresh_holdout,3,4,24,2015-06-17,2015-07-16,29.420000076293945,31.690000534057617,time,21,0.10442510155510476,0.00354945959497969,-0.077158411008734,-0.008057274905417555,0.0006051781378913015,0.0026031483104514467,0.0012719095958550056,1.5,-0.009993691757905298,-0.09570200659686849
GKOS,fresh_holdout,2,3,23,2015-06-29,2015-07-28,27.700000762939453,30.770000457763672,time,21,0.09586200494012996,0.0034607221046862287,-0.11083031083997841,-0.010624415805258152,0.0005635652004835753,0.00258618938713154,0.0008846665285108775,1.5,-0.012889503864362387,-0.13445894306521597
TDOC,fresh_holdout,2,3,23,2015-07-06,2015-08-03,26.11000061035156,33.20000076293945,time,21,0.0947639664259485,0.003629412646906581,-0.2715434694312875,-0.025732536220372103,0.0005955649543382749,0.002711344086631888,0.0027770090101655568,1.5,-0.026262436251176708,-0.27713525764773667
OLLI,fresh_holdout,2,3,23,2015-07-20,2015-08-17,20.39999961853028,19.450000762939453,time,21,0.10079871254089448,0.0049411134522441,0.04656857222330035,0.004694052124976338,0.0005524306438109642,0.0024639685699157873,-0.0015350805280204905,1.5,0.00014257238322909612,0.0014144266294200322
RPD,fresh_holdout,2,3,23,2015-07-21,2015-08-18,22.799999237060547,24.3799991607666,time,21,0.09810650887071744,0.004302917199718541,-0.06929824458668499,-0.006798608847268765,0.0005660535272868838,0.002407174832175222,-0.0016972225365285624,1.5,-0.011469059743259433,-0.11690416747346605
PEN,fresh_holdout,2,3,23,2015-09-22,2015-10-20,39.7400016784668,39.58000183105469,time,21,0.09830798348086676,0.0024737790470234213,0.004026166095981942,0.0003958042700550205,0.0005509392337137229,0.0024914488861251145,0.00702018448003317,1.5,0.004373600630249353,0.04448876353058922
RGNX,fresh_holdout,3,4,24,2015-09-22,2015-10-20,29.34000015258789,17.469999313354492,time,21,0.09830798348086676,0.0033506469996454876,0.4045671703306526,0.03977218269776679,0.0004524982876444435,0.0018143354707830623,0.00702018448003317,1.5,0.04452553341937245,0.4529187950237862
CTMX,fresh_holdout,2,3,23,2015-10-12,2015-11-09,12.949999809265137,12.260000228881836,time,21,0.04764001384594576,0.0036787656021324026,0.053281821663783924,0.0025383467217998763,0.0002609107794988991,0.0010333389799065135,0.00236284383051289,1.5,0.003606940792907354,0.07571242117122748
NVCR,fresh_holdout,8,9,29,2015-10-14,2015-11-11,27.489999771118164,22.350000381469727,time,21,0.0878247226948606,0.0031947880475114423,0.18697706192957764,0.01642120861426494,0.00045176046410118966,0.0018929879964295917,0.004975192728163451,1.5,0.01905165288189761,0.21692813022696275
TEAM,fresh_holdout,10,11,31,2015-12-24,2016-01-26,28.32999992370605,24.01000022888184,time,21,0.10582154489193148,0.003735317514186855,0.15248851770060579,0.016136570521358747,0.0005498641966754719,0.00250831016900345,-0.011975142079737978,1.5,0.001103254075941848,0.010425609237405561
EDIT,fresh_holdout,15,16,36,2016-02-25,2016-03-24,22.84000015258789,31.309999465942383,time,21,0.08210149851609322,0.003594636513467391,-0.3708405979320799,-0.03044656880082778,0.000521664817671179,0.0027881541641002466,0.004145572208716921,1.0417528688649313,-0.029610815573882288,-0.36066108547431797
NTLA,fresh_holdout,5,6,26,2016-05-13,2016-06-13,23.32999992370605,26.61000061035156,time,21,0.09350515618323968,0.004007936411874024,-0.14059154296492893,-0.013146034182978324,0.0005567986746414099,0.0027683150776953848,0.0015235727891090818,1.5,-0.014947575146206038,-0.15985829826232956
SITE,fresh_holdout,10,11,31,2016-05-26,2016-06-24,28.1299991607666,33.65999984741211,time,21,0.10045650148026807,0.003571151954400926,-0.19658730364835186,-0.01974847275995257,0.0006110354540233944,0.002564512253695803,-0.004460680829940722,1.5,-0.027384701297612488,-0.27260257817152295
ACIA,fresh_holdout,13,14,34,2016-06-02,2016-06-30,39.4,39.94,time,21,0.1005046498927293,0.002550879438901759,-0.013705583756345119,-0.0013774748970069497,0.0005260525367401837,0.002464817625451193,-7.664972263080256e-05,0.5,-0.004444994781829128,-0.04422675753383912
TWLO,fresh_holdout,2,3,23,2016-06-27,2016-07-26,27.350000381469727,40.38999938964844,time,21,0.04927223346323969,0.0018015441600001876,-0.4767824068117241,-0.023492134059592596,0.0003357664560953523,0.0016777094423546606,0.005558067761142827,1.5,-0.019947542196899783,-0.404843474606889
PI,fresh_holdout,3,4,24,2016-07-26,2016-08-23,19.81999969482422,21.809999465942383,time,21,0.09578014327817275,0.004832499735264109,-0.1004036226921754,-0.009616673367104164,0.0005607342798706941,0.0024243040206899775,0.0016189704758313174,1.5,-0.010982741191833519,-0.11466615956019734
AIRG,fresh_holdout,20,21,41,2016-09-12,2016-10-10,12.949999809265137,15.1899995803833,time,21,0.09307395675994957,0.007187178234038226,-0.1729729578463426,-0.016099277599231073,0.0006182979850527987,0.0026379510922594734,0.0049562957151684656,3.0,-0.014399230961374881,-0.15470741185434356
ELF,fresh_holdout,2,3,23,2016-09-26,2016-10-24,25.3799991607666,26.790000915527344,time,21,0.07543117903348295,0.0029720717702027125,-0.055555626532107105,-0.004190626411260689,0.0004328774865097185,0.00196977594507916,-6.841052968886826e-05,1.5,-0.0066616903725384355,-0.08831481169850726
ACIU,fresh_holdout,2,3,23,2016-09-27,2016-10-25,16.780000686645508,15.739999771118164,time,21,0.06064681918350961,0.0036142322229924485,0.06197859791239679,0.003758804820840573,0.0003302353748458694,0.0014423368216707536,5.0997351585283836e-05,1.5,0.0020372299759092343,0.033591703626612866
APTI,fresh_holdout,2,3,23,2016-09-27,2016-10-25,21.4,19.61,time,21,0.09324199385286283,0.0043571025164889175,0.08364485981308412,0.007799213504515156,0.000502672813081485,0.0022425072987543497,7.84063337046416e-05,1.5,0.005132439726383963,0.05504429403861767
NTNX,fresh_holdout,3,4,24,2016-10-05,2016-11-02,40.09999847412109,24.549999237060547,time,21,0.03118020395788344,0.0007775612255448308,0.3877805443582717,0.012091076463989974,0.0001441352344455033,0.0006072382921910587,-0.0012310827933450024,1.5,0.01010862014400841,0.3241999365258353
IRTC,fresh_holdout,2,3,23,2016-10-24,2016-11-21,25.790000915527344,29.96999931335449,time,21,0.09388339193386613,0.0036403020008169877,-0.16207825705467505,-0.015216456531021959,0.0005644627857787504,0.0022927835577318503,0.00337324810772556,1.5,-0.014700454766806998,-0.15658205848764364
BL,fresh_holdout,2,3,23,2016-11-01,2016-11-30,22.350000381469727,26.940000534057617,time,21,0.09440543874077836,0.00422395691854437,-0.20536913083873753,-0.019387962900643336,0.0005781312837912244,0.002610606506107633,0.004954597956285958,1.5,-0.017622102734256236,-0.186664062678037
SNAP,fresh_holdout,2,3,23,2017-03-06,2017-04-03,28.170000076293945,22.350000381469727,time,21,0.0908779128563268,0.0032260529858075433,0.20660275751017676,0.018775627392886664,0.00046172814258121876,0.0017827399105934357,-0.0012455046599734794,1.5,0.015285654679738529,0.1681998870716182
JILL,fresh_holdout,5,6,26,2017-03-16,2017-04-13,53.484466552734375,54.24013519287109,time,21,0.09337157310514724,0.0017457699239289439,-0.014128749688316233,-0.0013192235844069566,0.0005254056849395088,0.002428868466565764,-0.0038659170516652094,1.5,-0.008139414787577438,-0.08717230005765793
OKTA,fresh_holdout,2,3,23,2017-04-11,2017-05-10,23.14999961853028,23.450000762939453,time,21,0.09161255915475984,0.003957346033018036,-0.01295901293099977,-0.00118720833872851,0.0005165798521679612,0.0024174437500124237,0.002907500272423626,1.5,-0.0012137316684852693,-0.013248529237513483
FND,fresh_holdout,3,4,24,2017-05-02,2017-05-31,34.0,38.709999084472656,time,21,0.0906804671271766,0.002667072562564018,-0.13852938483743116,-0.012561909327898666,0.000539511532807068,0.002462914498382916,0.0014807178756615631,1.5,-0.014083617483427088,-0.15531037641960138
CLDR,fresh_holdout,5,6,26,2017-05-05,2017-06-05,20.05,22.56,time,21,0.08999009469663798,0.004488284024769974,-0.12518703241895257,-0.011265592902172626,0.0005326502819342073,0.00234897550353497,0.0027088468880152317,1.5,-0.011438371799626573,-0.1271070092568078
ARGX,fresh_holdout,2,3,23,2017-05-22,2017-06-20,21.959999084472656,20.700000762939453,time,21,0.030078054382897013,0.001369674664702715,0.0573769751394988,0.001725787778571973,0.00016427787263445748,0.0007136004962048403,0.0007761876833207041,1.5,0.0016240970930533794,0.05399608207294398
APPN,fresh_holdout,3,4,24,2017-05-31,2017-06-28,18.479999542236328,18.11000061035156,time,21,0.07729168450387693,0.004182450563768985,0.020021587719151746,0.0015475022412553747,0.0004291228797220156,0.0019121018763760785,0.0007910105172164304,1.5,-2.711997626289055e-06,-3.5087831811364164e-05
CELC,fresh_holdout,2,3,23,2017-09-22,2017-10-20,13.06999969482422,16.239999771118164,time,21,0.03611427891997135,0.002763143057629356,-0.2425401798248914,-0.00875916370349614,0.0002244885001348502,0.000946968593424141,0.0017531446213515163,1.5,-0.008177476175703614,-0.22643332278140643
ZLAB,fresh_holdout,3,4,24,2017-09-25,2017-10-23,27.61000061035156,26.459999084472656,time,21,0.043078938760341266,0.0015602657663176612,0.04165162986080284,0.0017943080120419231,0.0002371173093673738,0.001131824220550062,0.001805111697837604,1.5,0.0022304781799620914,0.05177653498779973
ROKU,fresh_holdout,2,3,23,2017-10-02,2017-10-30,25.200000762939453,19.5,time,21,0.029786990116874853,0.0011820233815501024,0.2261904996178491,0.006737534176647855,0.00015015021056199998,0.0006473829560098375,0.0009345067456022386,1.5,0.006874507755678256,0.23078893599873077
RYTM,fresh_holdout,4,5,25,2017-10-13,2017-11-10,24.5,24.209999084472656,time,21,0.08816460143800715,0.003598555160734986,0.011836772062340573,0.001043584291188792,0.0004914186221392531,0.0021631814696894468,0.0015290740719249732,1.5,-8.194172871493462e-05,-0.0009294175596376043
CARG,fresh_holdout,2,3,23,2017-10-16,2017-11-13,28.25,29.549999237060547,time,21,0.08798274234770526,0.003114433357440894,-0.04601767210833785,-0.00404876098854908,0.000503147940207202,0.0023255548016214017,0.001613402943399853,1.5,-0.00526406078697783,-0.059830605940587915
MDB,fresh_holdout,2,3,23,2017-10-23,2017-11-20,30.51000022888184,29.26000022888184,time,21,0.07419425592076523,0.0024318012246532313,0.04097017340618392,0.0030397515308165386,0.0004079593385530032,0.0018351124668724882,0.00035442111879638365,1.5,0.0011511008441874309,0.015514689512038961
SFIX,fresh_holdout,7,8,28,2017-11-29,2017-12-28,22.549999237060547,26.93000030517578,time,21,0.049951941628011795,0.0022151637835054385,-0.19423508719755422,-0.009702419737804006,0.0003042632519023666,0.0013258019105150335,0.0013816472049528537,1.5,-0.009950837695268552,-0.19920822636628746
SEND,fresh_holdout,23,24,44,2017-12-19,2018-01-19,23.27,22.8,time,21,0.08839576557520111,0.0037987007122991454,0.020197679415556502,0.00178538933478059,0.0005459470092082789,0.002277547190160974,0.01178367989491695,3.0,0.010745575030328287,0.12156210153739413
MCB,fresh_holdout,31,32,52,2017-12-22,2018-01-24,44.5,44.209999084472656,time,21,0.0885514385538445,0.0019899199675021233,0.006516874506232395,0.000577078612401759,0.0005319526614629051,0.0022060868777705883,0.012819468755811489,2.4865285339201577,0.010658507828979754,0.12036515728085832
PAGS,fresh_holdout,35,36,56,2018-03-15,2018-04-13,35.709999084472656,34.459999084472656,time,21,0.08985077737162132,0.002516123765757531,0.03500420140149263,0.0031451547071969137,0.00045901169209798076,0.0022774214588160437,-0.001747317332289353,0.5,-0.0013385957760064639,-0.014897987698760289
WHD,fresh_holdout,25,26,46,2018-03-16,2018-04-16,26.290000915527344,27.38999938964844,time,21,0.08993735037665317,0.0034209717476097372,-0.041840944686746706,-0.003763063702382094,0.0004885708890665127,0.002294413174788531,-0.001950304964459628,0.8302039918650016,-0.008496352730696766,-0.09446968022867543
RCUS,fresh_holdout,2,3,23,2018-03-19,2018-04-17,17.520000457763672,16.950000762939453,time,21,0.0388711582424828,0.0022186733576971883,0.03253422830657715,0.0012646431368020213,0.000214382069828991,0.0008760061919565752,-0.0006740424345380983,1.5,-0.0004997875595216433,-0.01285754225289379
ZS,fresh_holdout,2,3,23,2018-03-20,2018-04-18,28.40999984741211,28.64999961853028,time,21,0.04138822472497999,0.0014568188999392084,-0.008447721661639873,-0.0003496362025460363,0.00023262294447282318,0.0010308554517718704,-0.0001260224671492122,1.5,-0.001739137065939942,-0.04202009333563613
DBX,fresh_holdout,3,4,24,2018-03-28,2018-04-26,29.26000022888184,29.32999992370605,time,21,0.08434453361748206,0.0028825882760666424,-0.0023923340490994427,-0.00020178029962851377,0.0004733733850100319,0.002184572954313486,0.002697730015305411,1.5,-0.00016199662364662065,-0.0019206534993874654
LASR,fresh_holdout,2,3,23,2018-04-30,2018-05-29,25.64999961853028,37.869998931884766,time,21,0.04209837725113149,0.001641262295408318,-0.47641323567608995,-0.02005622412292425,0.0002859746416642619,0.001237257757510929,0.00041584375307448195,1.5,-0.02116361276902496,-0.5027180179125821
DOCU,fresh_holdout,2,3,23,2018-05-01,2018-05-30,38.70000076293945,49.9900016784668,time,21,0.08860422596822075,0.0022895148377638126,-0.29173128405565985,-0.02584862461446688,0.0005616856606005462,0.002494317368769232,0.004402168211713606,1.5,-0.024502459432123053,-0.2765382707695142
GSHD,fresh_holdout,2,3,23,2018-05-01,2018-05-30,14.710000038146973,16.540000915527344,time,21,0.029534741989406914,0.002007800265996969,-0.12440522587591363,-0.0036742762483789946,0.0001748737236424071,0.0008069922969115443,0.0014673894039045358,1.5,-0.0031887528650284096,-0.10796616629229754
INSP,fresh_holdout,3,4,24,2018-05-08,2018-06-06,23.850000381469727,30.8700008392334,time,21,0.0871486183437795,0.003654030060791516,-0.2943396371271283,-0.025651292699438655,0.0005532298221375903,0.002723296416158089,0.00534663831914208,1.5,-0.023581180618592254,-0.27058582300835105
HUYA,fresh_holdout,3,4,24,2018-05-16,2018-06-14,19.790000915527344,44.040000915527344,time,21,0.08309636865569794,0.004198906761570692,-1.2253662899516753,-0.10182348896808927,0.0007205962194875232,0.002777376888567321,0.0034891629769578424,1.5,-0.10183229909918627,-1.2254723130094758
CBLK,fresh_holdout,24,25,45,2018-06-08,2018-07-09,26.45,21.65,time,21,0.07659330672076042,0.002895777191711169,0.1814744801512288,0.013899730520213616,0.0003864823491174375,0.001975575041968952,0.0003621264695907705,1.2466075090442328,0.011899799598717998,0.15536343981206632
PVTL,fresh_holdout,36,37,57,2018-06-12,2018-07-11,21.3,25.1,time,21,0.0637833116052345,0.0029945216716072533,-0.17840375586854473,-0.011379182352107565,0.0003600715720117215,0.0018917890660378823,-0.000248021078834256,0.5,-0.013879064068991424,-0.21759710682460728
IIIV,fresh_holdout,2,3,23,2018-06-25,2018-07-24,17.25,16.1200008392334,time,21,0.04807631929578794,0.0027870330026543736,0.0655071977256001,0.0031493449540282627,0.0002617849604689459,0.001115144995134792,0.002154673988020295,1.5,0.00392708898644482,0.08168447676461123
AUTL,fresh_holdout,2,3,23,2018-06-26,2018-07-25,26.51000022888184,24.350000381469727,time,21,0.0481118099793272,0.0018148551325514832,0.08147868082848442,0.003920086809386295,0.000260283196311543,0.001116351970591784,0.003286387253882186,1.5,0.0058298388963651535,0.12117272035431909
XERS,fresh_holdout,4,5,25,2018-06-27,2018-07-26,19.790000915527344,19.770000457763672,time,21,0.029468229740569344,0.0014890464061296938,0.0010106345042146803,2.9781609753944376e-05,0.00016530740727280994,0.0007168872105663083,0.0017988737500322994,1.5,0.0009464607419471255,0.032118004721678924
LOVE,fresh_holdout,2,3,23,2018-06-29,2018-07-30,20.979999542236328,20.0,time,21,0.03781184475962259,0.0018022805331096828,0.04671113267964666,0.0017662340974289345,0.00020765714633194307,0.0009440838941831065,0.001632004608144635,1.5,0.0022464976650585196,0.05941253803774853
STIM,fresh_holdout,2,3,23,2018-07-02,2018-07-31,26.030000686645508,24.950000762939453,time,21,0.03655160796734697,0.0014042107953573545,0.04149058375784598,0.0015165475518531609,0.00020137855200343493,0.0009159299309840735,0.0024045813296239595,1.5,0.002803820398489612,0.07670853771999245
BJ,fresh_holdout,5,6,26,2018-07-06,2018-08-03,23.700000762939453,25.51000022888184,time,21,0.0700522453053955,0.0029557908460044746,-0.07637128302429197,-0.005349979852705494,0.00040647232584033817,0.0018654911037585414,0.004024012491798033,1.5,-0.00359793079050634,-0.05136067766023802
CRNX,fresh_holdout,2,3,23,2018-07-20,2018-08-17,22.780000686645508,32.70000076293945,time,21,0.027051461424988276,0.0011875092453727124,-0.43546970049519884,-0.011780091804697074,0.00018109186361253736,0.0007952636306121055,0.0007672506043016879,1.5,-0.011989196694620029,-0.44319959303733714
ESTA,fresh_holdout,4,5,25,2018-07-25,2018-08-22,26.100000381469727,24.989999771118164,time,21,0.07054756017946692,0.002702971614879888,0.042528758395713795,0.003000300142279624,0.00038792969865530913,0.0017395874776362735,0.0018205600299670247,1.5,0.0026933429959550654,0.03817769160412398
BE,fresh_holdout,2,3,23,2018-07-27,2018-08-24,21.200000762939453,30.90999984741211,time,21,0.025568517217066024,0.00120606208947706,-0.4580188082562282,-0.011710861784639431,0.00017256359047378958,0.0007550666592849405,0.0005136979831062882,1.5,-0.012124794051291875,-0.47420794676349204
PDD,fresh_holdout,2,3,23,2018-07-30,2018-08-27,23.309999465942383,19.170000076293945,time,21,0.07137918323764934,0.003062170093222849,0.17760615549122083,0.012677382316942291,0.0003686590475016746,0.001509504038057253,0.0031453858159699094,1.5,0.013944605047353273,0.19535954902882827
TENB,fresh_holdout,2,3,23,2018-07-30,2018-08-27,30.68000030517578,31.709999084472656,time,21,0.07137918323764934,0.002326570486559204,-0.033572319721362875,-0.002396364761104116,0.0004063434151967906,0.0018537781301388374,0.0031453858159699094,1.5,-0.0015111004904698345,-0.021170044569420014
SONO,fresh_holdout,2,3,23,2018-08-06,2018-09-04,21.030000686645508,19.190000534057617,time,21,0.026028602049089234,0.0012376890727168613,0.08749406050929565,0.0022773480826553893,0.00014023666026719394,0.0005879023095405093,0.0008492949946635204,1.5,0.0023985041075112066,0.09214878705309233
ARLO,fresh_holdout,2,3,23,2018-08-07,2018-09-05,20.700000762939453,18.940000534057617,time,21,0.03965528902899789,0.0019157143752378653,0.08502416251273182,0.003371657738890866,0.00021379220827945337,0.0009751670357146114,0.0007586703214617067,1.5,0.002941368816358508,0.07417343028839445
NIO,fresh_holdout,2,3,23,2018-09-14,2018-10-12,12.65999984741211,7.460000038146973,time,21,0.033410974125179044,0.002639097514050029,0.4107424859351869,0.01372330656969225,0.00015227284304303933,0.0005066124662187234,-0.0026017281686635274,1.5,0.010462693091766959,0.3131513930891978
PRNB,fresh_holdout,2,3,23,2018-09-18,2018-10-16,28.01,24.74,time,21,0.02401926840692928,0.0008575247556918699,0.11674401999285977,0.002804105951112418,0.0001272692073166964,0.000577185620976936,-0.0011421544216327034,1.5,0.0009574967011860818,0.0398636913066784
XYF,fresh_holdout,2,3,23,2018-09-21,2018-10-19,32.400001525878906,27.059999465942383,time,21,0.024002552688984716,0.0007408194925488851,0.16481487063114164,0.0039559776162521754,0.0001241106184736535,0.0005192615508864452,-0.002068662720152388,1.5,0.0012439427267396889,0.051825434688476314
ELAN,fresh_holdout,2,3,23,2018-09-24,2018-10-22,34.099998474121094,31.8799991607666,time,21,0.07243158509040622,0.0021240934994579378,0.06510262207311468,0.004715486110297363,0.0003926101958016833,0.001790711957320534,-0.00608982714424036,1.5,-0.003557663187065215,-0.049117566357614315
UPWK,fresh_holdout,2,3,23,2018-10-05,2018-11-02,20.950000762939453,20.26000022888184,time,21,0.06595225096368419,0.0031480786903050483,0.0329355851517783,0.0021721759775658734,0.00036268643561857125,0.0015287669899980733,-0.006078649170727791,1.5,-0.0057979266187785615,-0.08791097398587835
GH,fresh_holdout,2,3,23,2018-10-08,2018-11-05,29.780000686645508,35.130001068115234,time,21,0.029532792880982647,0.000991698865011319,-0.179650780997761,-0.005305589306113651,0.00017822599642460874,0.0008569576879399386,-0.0021080848708911267,1.5,-0.008448857861369325,-0.28608394388631914
ESTC,fresh_holdout,2,3,23,2018-10-09,2018-11-06,65.58999633789062,67.05000305175781,time,21,0.07301078961622379,0.0011131391018853625,-0.022259594380000802,-0.00162519056222072,0.00041198824696138294,0.0017909480353455486,-0.004675756475110648,1.5,-0.0085038833196383,-0.11647433707179967
ALLO,fresh_holdout,4,5,25,2018-10-17,2018-11-14,26.0,25.01000022888184,time,21,0.04451733382820508,0.0017122051472386569,0.03807691427377535,0.001695082703873607,0.00024457171071025764,0.001122044729471821,-0.002438259840033751,1.5,-0.0021097935763422226,-0.04739263102512015
PLAN,fresh_holdout,3,4,24,2018-10-17,2018-11-14,22.76,22.93,time,21,0.06596659001265599,0.002898356327445342,-0.00746924428822493,-0.0004927205756657023,0.0003699220940084931,0.0017364604825596936,-0.003613057507723519,1.5,-0.006212160659957408,-0.09417131700707246
MSC,fresh_holdout,2,3,23,2018-10-22,2018-11-19,16.56999969482422,16.040000915527344,time,21,0.03951473085537477,0.002384715243399644,0.03198544291237526,0.0012638961679724634,0.00021778466630600294,0.00112973046402442,-0.0016904303208231954,1.5,-0.001774049283181155,-0.04489589691687979
SIBN,fresh_holdout,3,4,24,2018-10-22,2018-11-19,20.350000381469727,16.790000915527344,time,21,0.07029990038889851,0.003454540494894147,0.17493854541565723,0.0122981623168995,0.00036233255394804237,0.0016052098310605565,-0.003007412187702661,1.5,0.00732320774418824,0.1041709547762701
GOSS,holdout,13,14,34,2019-02-28,2019-03-28,20.89999961853028,21.31999969482422,time,21,0.0543683321439803,0.0026013556524554404,-0.020095697797121392,-0.0010925695724989524,0.00029017449173565884,0.0013818772767747204,0.0002439157291938892,0.7151508665689871,-0.0025207056118154423,-0.04636348978188283
TIGR,holdout,2,3,23,2019-03-22,2019-04-22,10.239999771118164,14.5,time,21,0.02285006339063171,0.002231451552868207,-0.4160156566504163,-0.009505984125957288,0.00015189595226374522,0.0008223164651714845,0.0008531848065718812,1.5,-0.009627011736820637,-0.42131225512344145
LEVI,holdout,8,9,29,2019-04-02,2019-05-01,22.799999237060547,22.6299991607666,time,21,0.06808741473268706,0.002986290219782706,0.007456143946602323,0.0005076695651989227,0.0003804323856721795,0.0016908801934942155,0.002060185410646267,1.5,0.0004965423966787946,0.007292719199696931
JMIA,holdout,2,3,23,2019-04-16,2019-05-15,35.33000183105469,23.440000534057617,time,21,0.02218456096508453,0.000627924138559895,0.3365412023994261,0.007466018821892917,0.00010543376255709155,0.0005691085802049196,-0.0006736589632475676,1.5,0.006117817515883339,0.275769149793496
PD,holdout,4,5,25,2019-04-17,2019-05-16,38.209999084472656,55.63999938964844,time,21,0.06538690550332175,0.0017112511664490707,-0.4561633269512113,-0.029827108353439713,0.0004404853713266078,0.0019467315737998793,-0.0012453518779665853,1.5,-0.03345967717653279,-0.5117183160599791
TW,holdout,9,10,30,2019-04-17,2019-05-16,41.09999847412109,44.0099983215332,time,21,0.06538690550332175,0.0015909223340845888,-0.07080291862405841,-0.004629583749430682,0.0003774915598165852,0.0016136687395976034,-0.0012453518779665853,1.5,-0.007866095926811456,-0.12030078295128749
TPTX,holdout,2,3,23,2019-04-22,2019-05-20,26.33,36.49,time,21,0.03758613655536217,0.0014275023378413282,-0.38587162932016716,-0.014503423752467898,0.0002465373763480815,0.00112672419644307,-0.0010177387155819485,1.5,-0.016894424040841,-0.4494855175113969
PINS,holdout,3,4,24,2019-04-24,2019-05-22,26.5,24.600000381469727,time,21,0.06797046232039393,0.0025649231064299597,0.07169809881246314,0.0048733529237764105,0.0003679525536451194,0.00184763013461509,-0.002493265198227997,1.5,0.00016450503728820346,0.0024202430242826994
ZM,holdout,3,4,24,2019-04-24,2019-05-22,71.4000015258789,82.43000030517578,time,21,0.06797046232039393,0.0009519672390449188,-0.15448177231899707,-0.010500197484596067,0.0004063864296660506,0.0017984474525434035,-0.002493265198227997,1.5,-0.01519829656503352,-0.22360148873775434
BYND,holdout,2,3,23,2019-05-06,2019-06-04,62.72999954223633,103.41000366210938,time,21,0.02143040021909727,0.0003416292105130354,-0.6484936141675413,-0.013897477691139262,0.00015456011718401944,0.000702438454719902,-0.0009690913538669907,1.5,-0.015723567616910173,-0.7337038718902894
SY,holdout,3,4,24,2019-05-07,2019-06-05,20.549999237060547,14.039999961853027,time,21,0.03683644167615284,0.0017925276420312846,0.31678829765926086,0.011669353650413106,0.00017683684389303836,0.0007646197342255105,-0.0013692268369239506,1.5,0.009358670235370604,0.2540601048724317
TMDX,holdout,4,5,25,2019-05-08,2019-06-06,26.1299991607666,26.46999931335449,time,21,0.04342608006436339,0.0016619242808689533,-0.013011870015609661,-0.0005650545090849591,0.00024447498935664875,0.001155710057633848,-0.0006184763824932745,1.5,-0.0025837159385687304,-0.05949687226522196
JFIN,holdout,2,3,23,2019-05-14,2019-06-12,15.06999969482422,11.510000228881836,time,21,0.020762604133801335,0.0013777441641841727,0.236230891707653,0.004904768488700891,0.00010415002989585788,0.00041714484901410364,0.0007068398416131709,1.5,0.0050903134514041,0.24516738934096974
FSLY,holdout,2,3,23,2019-05-21,2019-06-19,24.309999465942383,19.170000076293945,time,21,0.037461868896566206,0.0015410065701173387,0.21143560273826534,0.007920772829847354,0.00019026881083716578,0.0008181277315204383,0.0014213854550670657,1.5,0.008333761742556815,0.22245985018971373
IDYA,holdout,2,3,23,2019-05-28,2019-06-25,11.25,9.869999885559082,time,21,0.020476376445661106,0.0018201223507254317,0.12266667683919275,0.0025117690522975683,0.00010855472096355016,0.0005024404394746495,0.0008321774929593833,1.5,0.002732951384818752,0.13346850660180443
RVLV,holdout,2,3,23,2019-06-11,2019-07-10,34.5,37.04999923706055,time,21,0.020356372761874093,0.000590039790199249,-0.07391302136407374,-0.001504601014843451,0.00011791710835088846,0.0005542580924582329,0.0007995917364246429,1.5,-0.0013771844792279293,-0.06765372668982016
FVRR,holdout,2,3,23,2019-06-17,2019-07-16,32.810001373291016,23.780000686645508,time,21,0.020289209885324972,0.0006183849142365902,0.27522097862502315,0.005584016200167634,9.987523757167907e-05,0.00043074190464923183,0.0010785135713915386,1.5,0.006131912629338262,0.3022253041885789
CHWY,holdout,2,3,23,2019-06-18,2019-07-17,34.5,31.65999984741211,time,21,0.03160856659825411,0.0009161903361812786,0.0823188450025476,0.002601980694554382,0.00017070966552158476,0.0007702215872214546,0.0010332215387384898,1.5,0.0026942709805498326,0.08523863213394339
STOK,holdout,2,3,23,2019-06-21,2019-07-22,25.84000015258789,23.0,time,21,0.04484091421348567,0.0017353294871786146,0.10990712599912511,0.004928336008377532,0.00023896070307895305,0.0011624228528276707,0.0008621175218855867,1.5,0.0043890699743564954,0.09788092083627736
GO,holdout,2,3,23,2019-06-24,2019-07-23,28.61000061035156,36.84999847412109,time,21,0.061853017862520704,0.00216193696410273,-0.2880111040888327,-0.017814355965810876,0.0003912785718858105,0.0018098243658484523,0.0018289097058367433,1.5,-0.018186549197708398,-0.29402848601714515
PSNL,holdout,3,4,24,2019-06-25,2019-07-24,29.0,21.3700008392334,time,21,0.030220121480066697,0.0010420731544850586,0.2631034193367794,0.007951017294178402,0.00014959405782454714,0.0006285189789908085,0.0011946038580982195,1.5,0.008367508115461265,0.2768853236073357
BBIO,holdout,2,3,23,2019-07-01,2019-07-30,27.420000076293945,27.780000686645508,time,21,0.03916066040107142,0.0014281787123307816,-0.013129125067464997,-0.0005141452081301899,0.00022074504111655217,0.0009955255905141293,0.0007998992511335631,1.5,-0.0009305165886273083,-0.023761514210875
ADPT,holdout,3,4,24,2019-07-02,2019-07-31,40.0,38.54999923706055,time,21,0.06113484614815218,0.0015283711537038044,0.03625001907348635,0.002216139338925168,0.000336927708325905,0.001479972722731235,0.0005645912178286056,1.5,0.0009638301256966336,0.01576564245145754
REAL,holdout,2,3,23,2019-07-02,2019-07-31,26.64999961853028,24.549999237060547,time,21,0.06113484614815218,0.002293990507438653,0.07879926497295564,0.0048173809407091196,0.00033042460432144516,0.0014481361383100943,0.0005645912178286056,1.5,0.0036034114159061853,0.05894202149742549
PSN,holdout,39,40,60,2019-07-03,2019-08-01,36.20000076293945,37.56999969482422,time,21,0.061796519503150946,0.0017070861381421984,-0.03784527356384282,-0.0023387061858901018,0.0003271400082792878,0.0015807820755203402,-0.00024329300911168689,0.5,-0.004489921278801416,-0.07265653980031156
PHR,holdout,2,3,23,2019-07-22,2019-08-19,24.270000457763672,26.86000061035156,time,21,0.05714420255985191,0.002354520044583361,-0.1067161146986868,-0.006098207274742144,0.0003349489081707502,0.0015602199045431108,-0.0015207217563793709,1.5,-0.009514097843835377,-0.16649279222805613
MDLA,holdout,2,3,23,2019-07-23,2019-08-20,36.73,36.72,time,21,0.03413486544539084,0.0009293456424010576,0.00027225701061794894,9.293456424007591e-06,0.00019082220359106268,0.000915715239645842,-0.0015490463103301237,1.5,-0.002646290297143021,-0.07752455627448046
CSTL,holdout,2,3,23,2019-07-29,2019-08-26,22.96999931335449,24.0,time,21,0.030879899567047946,0.0013443578794142467,-0.04484112831673803,-0.001384689538893978,0.00017596321752131344,0.0007131498440662629,-0.0021297195069499694,1.5,-0.004403522107431524,-0.14260156830725376
HCAT,holdout,2,3,23,2019-07-29,2019-08-26,38.25,40.880001068115234,time,21,0.060763662891835046,0.0015885924939041843,-0.06875819785922177,-0.00417799995576785,0.0003498833645509069,0.0016948296082768843,-0.004190737663945205,1.5,-0.010413450592540847,-0.1713762814311862
LVGO,holdout,2,3,23,2019-07-29,2019-08-26,38.84,31.34,time,21,0.03953762460942766,0.0010179614986979314,0.19309989701338837,0.007634711240234489,0.00020177855491782952,0.0009323073097360626,-0.002726823971895871,1.5,0.0037738014036847265,0.09544835940358622
AFYA,holdout,10,11,31,2019-08-02,2019-08-30,26.530000686645508,21.89999961853028,time,21,0.0589358504588509,0.0022214794170177924,0.174519447730201,0.01028545207358837,0.00030424289570441724,0.0015273199978216236,-0.00042118340588416265,1.5,0.008032705774178167,0.13629574718339926
DT,holdout,3,4,24,2019-08-06,2019-09-04,24.059999465942383,23.979999542236328,time,21,0.05957934504954228,0.002476282060349941,0.0033250176841981283,0.00019810237590266525,0.00033365732756355187,0.001472120207803725,0.002541256129358771,1.5,0.0009335809698941596,0.015669540662420087
KRUS,holdout,3,4,24,2019-08-06,2019-09-04,23.5,24.780000686645508,time,21,0.02226820043918704,0.0009475829974122144,-0.05446811432534071,-0.0012129068873412427,0.0001279241521582837,0.0005510984725646777,0.0009498124024159358,1.5,-0.0009421171096482682,-0.04230773439556226
TXG,holdout,2,3,23,2019-09-16,2019-10-14,52.45000076293945,50.2599983215332,time,21,0.05762617146653778,0.0010986877145530139,0.04175409741754821,0.002406128777214152,0.00031646695375590406,0.0014481619583047293,-0.0011214225683607657,1.5,-0.00047992270320724724,-0.008328207323055073
DDOG,holdout,2,3,23,2019-09-23,2019-10-21,36.58000183105469,30.01000022888184,time,21,0.05476003328637993,0.0014969937273182764,0.17960637707227312,0.009835251186923778,0.0002822027732276047,0.0012796801369508103,0.0006735739559325167,1.5,0.008946942232677882,0.16338452874723122
NET,holdout,8,9,29,2019-09-25,2019-10-23,20.8799991607666,14.729999542236328,time,21,0.06008434105992014,0.0028776026568438887,0.29454022345393993,0.017697255241871622,0.00029246791838164247,0.001229695538755654,0.0011937327538435643,1.5,0.01736882453857789,0.28907406209642095
BNTX,holdout,10,11,31,2019-10-24,2019-11-21,18.729999542236328,19.68000030517578,time,21,0.034916324480967,0.0018641924898198932,-0.0507208107932513,-0.0017709842875948984,0.0002002847057493552,0.0008553314567397222,0.0016291396847638619,1.5,-0.0011974607653201137,-0.03429515514935867
PGNY,holdout,13,14,34,2019-11-13,2019-12-12,20.739999771118164,25.15999984741211,time,21,0.03906888780854924,0.0018837458167649198,-0.21311476012883523,-0.008326156653819349,0.0002637444190555796,0.0012203981758746826,0.0035096150401299664,3.0,-0.006300684208619645,-0.16127114340943433
CAN,holdout,2,3,23,2019-11-25,2019-12-24,8.880000114440918,5.690000057220459,time,21,0.02063886321410743,0.0023241962779419227,0.3592342360483517,0.007414186259626312,9.72257469235697e-05,0.0003935362354336588,0.0009178928681693323,1.5,0.007841317145438415,0.3799297017521093
SITM,holdout,2,3,23,2019-11-25,2019-12-24,18.0,21.209999084472656,time,21,0.04428409174444519,0.0024602273191358438,-0.17833328247070312,-0.007897327442020676,0.000268128130541338,0.0011727376434283125,0.001969490836966166,1.5,-0.0073687023790241606,-0.16639615014681788
BILL,holdout,3,4,24,2019-12-17,2020-01-16,37.2599983215332,41.47999954223633,time,21,0.06246131953704496,0.0016763639922374198,-0.11325822358570292,-0.0070742580935846755,0.0003681133280454546,0.0016149771351156067,0.003221467020205797,1.5,-0.005835881536539939,-0.09343192842858142
XP,holdout,4,5,25,2019-12-17,2020-01-16,35.86000061035156,37.70000076293945,time,21,0.06246131953704496,0.0017418103311190268,-0.051310655919418524,-0.003204931275038172,0.0003584400109990884,0.0016443104233017005,0.003221467020205797,1.5,-0.001986214689133164,-0.031799115098027464
ANVS,holdout,2,3,23,2020-01-31,2020-03-02,6.980000019073486,5.170000076293945,time,21,0.020465392090824094,0.0029320045895272987,0.2593123120105374,0.0053069281392737625,0.00010100260449135424,0.00042880567088548913,-0.0016813543453814846,1.5,0.0030957655185154345,0.15126832189564834
ARQT,holdout,3,4,24,2020-02-05,2020-03-05,26.09000015258789,27.63999938964844,time,21,0.034711586420531786,0.001330455585186676,-0.0594097059407952,-0.0020622051419822954,0.00019860613942226907,0.0008839055884763091,-0.004671286938323484,1.5,-0.007816003808204358,-0.22516988170789043
BDTX,holdout,3,4,24,2020-02-05,2020-03-05,39.13999938964844,32.16999816894531,time,21,0.0616676203913499,0.0015755651853091102,0.17807872584041273,0.010981691264901845,0.0003162246708397664,0.0013770627216765372,-0.008298875947692583,1.5,0.0009895279246929598,0.01604615061215757
BEAM,holdout,2,3,23,2020-02-10,2020-03-10,21.3700008392334,22.5,time,21,0.027386935556274118,0.001281559872753686,-0.052877824819361985,-0.0014481615806838147,0.00015592535138546265,0.0007915920748946519,-0.005309458406909813,1.5,-0.007705137413873742,-0.281343540537472
SDGR,holdout,2,3,23,2020-02-10,2020-03-10,32.380001068115234,35.029998779296875,time,21,0.03374241378746605,0.0010420757465845914,-0.08184056898599379,-0.002761498343327064,0.00019455294624542085,0.0010070421527214525,-0.006541584113533595,1.5,-0.010504677555827534,-0.31131968275872424
RVMD,holdout,2,3,23,2020-02-18,2020-03-17,28.01000022888184,20.34000015258789,time,21,0.04837134933362337,0.0017269314151503084,0.27383077520953436,0.01324556408595728,0.00023415579862541485,0.0013014689694490704,-0.018049237139914298,1.5,-0.006339297822031503,-0.1310548063960043
ZNTL,holdout,2,3,23,2020-04-07,2020-05-06,24.76000022888184,32.97999954223633,time,21,0.045280766001787216,0.0018287869783203186,-0.33198704512797583,-0.015032627706064651,0.0002916512360223332,0.0012857025537662806,0.0024868857358158773,1.5,-0.014123095760037386,-0.3119005486673956
KROS,holdout,2,3,23,2020-04-13,2020-05-11,22.020000457763672,27.280000686645508,time,21,0.040500161159809714,0.0018392443377779507,-0.23887375656376508,-0.009674425637681642,0.0002516603611001474,0.001285224524546021,0.0033669725550444164,1.5,-0.007844337968283394,-0.19368658651333254
ORIC,holdout,2,3,23,2020-04-28,2020-05-27,26.200000762939453,27.030000686645508,time,21,0.05585145889746445,0.0021317350103465535,-0.03167938547849625,-0.001769339895949165,0.0003179117817359114,0.0015830162789876704,0.0036013108511879187,1.5,-6.895710548482804e-05,-0.0012346518219232866
KC,holdout,3,4,24,2020-05-13,2020-06-11,24.68000030517578,20.940000534057617,time,21,0.03808710689473005,0.0015432376995045088,0.15153969711798698,0.0057717086429277835,0.00019943969907733236,0.0008110449039254389,0.002905860370817716,1.5,0.007667084410742727,0.20130393290133541
ADCT,holdout,3,4,24,2020-05-21,2020-06-19,32.790000915527344,41.5,time,21,0.05649302917562274,0.0017228736687491548,-0.26562972983474764,-0.015006228077467184,0.0003545532168089992,0.0015911558800135038,0.0033834161592196403,1.5,-0.013568521015070046,-0.2401804472705632
SLQT,holdout,2,3,23,2020-05-26,2020-06-23,26.700000762939453,25.6200008392334,time,21,0.056479282998205545,0.002115328890799164,0.04044943418897329,0.0022845550406763097,0.0003111405136742299,0.0014384991968542321,0.0028395824298475137,1.5,0.0033744977599953615,0.05974753185345104
PLRX,holdout,2,3,23,2020-06-05,2020-07-06,24.200000762939453,28.799999237060547,time,21,0.035959904755587496,0.0014859464306570388,-0.1900825755826281,-0.006835351313648065,0.00021845772290614605,0.0010068525357743278,-3.06100463203598e-05,1.5,-0.008091271618648898,-0.22500814931640403
FOUR,holdout,2,3,23,2020-06-09,2020-07-08,35.599998474121094,44.75,time,21,0.05852829000459211,0.0016440531604836558,-0.25702252578831897,-0.015043088927051487,0.0003651402928201854,0.0015197118416482313,-0.0011292676157957716,1.5,-0.018057208677315674,-0.3085210361672776
LEGN,holdout,2,3,23,2020-06-09,2020-07-08,36.0,39.540000915527344,time,21,0.054372557106990425,0.0015103488085275118,-0.09833335876464844,-0.005346636164953025,0.00031764309315408844,0.0014766356654800224,-0.0010490852872023586,1.5,-0.008190000210789495,-0.1506274607367426
PCVX,holdout,2,3,23,2020-06-16,2020-07-15,29.790000915527344,26.5,time,21,0.017933931942734644,0.0006020117956218994,0.11043977221942636,0.0019806193587543095,9.558710404550252e-05,0.00047161174416003745,0.0005431678153713993,1.5,0.001956588325920169,0.1090997965291609
RPRX,holdout,2,3,23,2020-06-18,2020-07-17,56.38999938964844,44.18999862670898,time,21,0.054439259850807574,0.0009654062855124102,0.21635043261197529,0.011777957419797954,0.00027603186098691136,0.0011606941922171988,0.003084496859419251,1.5,0.013425728226013095,0.2466184930288675
API,holdout,2,3,23,2020-06-30,2020-07-29,45.52999877929688,41.66999816894531,time,21,0.023090039970831,0.0005071390421677401,0.08477928209624208,0.0019575570123005876,0.00012489182017691905,0.0006135657918513865,0.0024074443550846764,1.5,0.0036265437553569587,0.15706095614984947
LMND,holdout,2,3,23,2020-07-07,2020-08-04,83.80000305175781,61.13999938964844,time,21,0.017971836204059406,0.0002144610447443465,0.27040576177680764,0.0048596880592866945,8.87440231054183e-05,0.0004031612365487759,0.0012548025545118,1.5,0.0056225853541443,0.3128553638205479
NKTX,holdout,2,3,23,2020-07-14,2020-08-11,39.290000915527344,24.229999542236328,time,21,0.024770747845954674,0.0006304593349135127,0.38330366562397633,0.009494718449601642,0.00011544191616873591,0.00047279195884161024,0.0023126217769691045,1.5,0.0112191063515604,0.45291754699253456
NCNO,holdout,2,3,23,2020-07-16,2020-08-13,70.0,84.5999984741211,time,21,0.02284080556908583,0.00032629722241551187,-0.20857140677315855,-0.004763938949376425,0.00014018347955968783,0.0006109332786482691,0.0018256049968305077,1.5,-0.0036894507107538737,-0.16152892241889255
ALXO,holdout,2,3,23,2020-07-21,2020-08-18,32.25,42.84999847412109,time,21,0.029383858378719006,0.0009111273915881862,-0.32868212322856083,-0.0096579489605647,0.00018902364699751524,0.0008474352386148232,0.0016458383763852957,1.5,-0.009048569469791741,-0.30794354346415875
RLAY,holdout,3,4,24,2020-07-21,2020-08-18,42.0,34.4900016784668,time,21,0.05407261351223,0.001287443178862619,0.17880948384602868,0.00966869611232764,0.0002792406346427582,0.0011999736883835938,0.003028696275446654,1.5,0.011218178064747942,0.20746506107404342
LI,holdout,2,3,23,2020-08-03,2020-08-31,16.260000228881836,16.299999237060547,time,21,0.04509322310734279,0.0027732609146736615,-0.002459963567999379,-0.00011092768600773264,0.00025366423182113235,0.0011593551218733772,0.0043243160249670665,1.5,0.0028003689852648243,0.06210177033916265
VITL,holdout,2,3,23,2020-08-04,2020-09-01,37.9900016784668,40.40999984741211,time,21,0.0559760870715295,0.0014734426059069493,-0.06370092292775542,-0.003565728408340828,0.0003236475802351881,0.0013933855721059967,0.006335858068854337,1.5,0.0010530965081723236,0.018813328391936644
RKT,holdout,2,3,23,2020-08-10,2020-09-08,24.239999771118164,22.739999771118164,time,21,0.023374815950650947,0.0009643075978285247,0.061881188703113876,0.0014464613967427853,0.00012724409719707305,0.0005924751782951011,-0.00019359317357645046,1.5,0.0005331489476741608,0.022808690720806022
BEKE,holdout,2,3,23,2020-08-17,2020-09-15,33.45000076293945,54.18000030517578,time,21,0.04374163237971329,0.001307672089149138,-0.619730913883981,-0.02710804180945685,0.00031280983902047684,0.0015084931599827554,0.0004329658522015282,1.5,-0.028496378956258554,-0.6514704048739329
HRMY,holdout,2,3,23,2020-08-21,2020-09-21,35.84000015258789,30.959999084472656,time,21,0.03961651147624065,0.0011053714092515167,0.13616074350833574,0.005394213657811443,0.00020798180825893617,0.0010449181122796922,-0.0019256093174143962,1.5,0.0022157044198584186,0.055928811934570534
VERX,holdout,18,19,39,2020-08-24,2020-09-22,27.25,22.489999771118164,time,21,0.045124688700296386,0.001655951878909959,0.1746789074819023,0.007882331322628713,0.00023056323800461708,0.0010222545817902924,-0.0021661420654090807,1.389419625105583,0.004463371437424722,0.0989119607465659
KYMR,holdout,2,3,23,2020-08-25,2020-09-23,27.799999237060547,29.979999542236328,time,21,0.024836688337288988,0.0008934060798166811,-0.07841727931666975,-0.0019476255266462634,0.0001435014244288706,0.0006758723324090668,-0.0022654703828168354,1.5,-0.005032469666301036,-0.2026224107642182
NNOX,holdout,3,4,24,2020-08-26,2020-09-24,28.325000762939453,27.190000534057617,time,21,0.02807002378269316,0.0009909981651057922,0.04007061600389694,0.001124783144216558,0.0001538608845438792,0.0008934025462890608,-0.002596453893305716,1.5,-0.002518934179922098,-0.08973751498832612
XPEV,holdout,2,3,23,2020-08-31,2020-09-29,22.690000534057617,18.780000686645508,time,21,0.04067088128969052,0.001792458366347046,0.17232259829801289,0.0070085119389095086,0.00020960948479157129,0.0008729699068752241,-0.003130852917109216,1.5,0.002795079630133497,0.06872434384258128
FROG,holdout,2,3,23,2020-09-18,2020-10-16,63.41999816894531,80.18000030517578,time,21,0.036638755100669114,0.0005777161172894815,-0.2642699877029844,-0.009682523359906482,0.0002297740109586238,0.0010866496430296968,0.0019533699755527037,1.5,-0.0090455770383421,-0.246885490882219
SNOW,holdout,2,3,23,2020-09-18,2020-10-16,235.0,242.5200042724609,time,21,0.018586628152916607,7.909203469326216e-05,-0.032000018180684764,-0.0005947724388109579,0.0001057702354072514,0.0004736379455794074,0.0009909332694550768,1.5,-0.0001832473503425398,-0.009859095949782837
STEP,holdout,2,3,23,2020-09-18,2020-10-16,25.0,26.25,time,21,0.05377151866410345,0.002150860746564138,-0.050000000000000044,-0.0026885759332051715,0.00030841530264328644,0.0013819024255498607,0.0028667914564709995,1.5,-0.0015121022049273194,-0.02812087593011878
DYN,holdout,2,3,23,2020-09-21,2020-10-19,22.18000030517578,17.149999618530273,time,21,0.028663355371879435,0.0012923063560639691,0.22678091151656743,0.006500301858358118,0.00014469464572703318,0.0006432301047182397,0.0021530514520181807,1.5,0.007865428559931026,0.274407111724523
CMPS,holdout,2,3,23,2020-09-22,2020-10-20,28.82999992370605,37.93000030517578,time,21,0.023714673974804222,0.0008225693387985184,-0.315643441052772,-0.007485381296851822,0.00015183630278104115,0.0007700032388858287,0.001603376400039767,1.5,-0.006803844438478925,-0.2869044055046974
U,holdout,4,5,25,2020-09-24,2020-10-22,77.75,100.95999908447266,time,21,0.04830826927644955,0.0006213282222051389,-0.298520888546272,-0.014421027468538298,0.0003076341623869791,0.001380539529453461,0.005276428837579236,1.5,-0.010832772322799503,-0.22424260866825377
GDRX,holdout,2,3,23,2020-09-25,2020-10-23,47.5,52.5,time,21,0.04703415690881573,0.0009901927770276995,-0.10526315789473695,-0.004950963885138501,0.00027678349997750174,0.0013057283137365475,0.0050740578764369255,1.5,-0.0014594178224156254,-0.031028893007372754
LSF,holdout,2,3,23,2020-09-25,2020-10-23,36.15999984741211,51.2599983215332,time,21,0.01700251221173118,0.0004702022202289365,-0.4175884551393816,-0.0071000528079852914,0.00011333104755112449,0.0005377322149449249,0.0018342357273332882,1.5,-0.005916880343148053,-0.3480003583861918
BSY,holdout,4,5,25,2020-09-29,2020-10-27,30.809999465942383,35.54999923706055,time,21,0.02617290302636773,0.0008494937838379213,-0.1538461490840919,-0.004026600340958051,0.00015673467830559876,0.0007168210557716638,0.0004996025277217355,1.5,-0.004400553547313578,-0.16813394917943444
PMVP,holdout,2,3,23,2020-09-29,2020-10-27,36.18999862670898,35.34000015258789,time,21,0.02242108799840041,0.0006195382384417439,0.02348710987498548,0.0005266065573351487,0.00012432717356838883,0.0005455181694082325,0.00042798585342204064,1.5,0.000284747067780568,0.012699966558308087
PRLD,holdout,2,3,23,2020-09-29,2020-10-27,27.31999969482422,36.75,time,21,0.026402964555430983,0.000966433559676541,-0.3451683898430753,-0.009113468762681896,0.00017074107223044019,0.0008336869927626168,0.0005039940666097117,1.5,-0.009613902761065243,-0.36412209473226376
ASAN,holdout,2,3,23,2020-10-02,2020-10-30,24.940000534057617,22.11000061035156,time,21,0.05155178637904838,0.0020670322884977564,0.11347232811167995,0.005849701218746609,0.0002738251651496832,0.0012668201087352568,-0.0012029276306062095,1.5,0.0031061283142554594,0.060252583517025296
PLTR,holdout,2,3,23,2020-10-02,2020-10-30,9.0600004196167,10.130000114440918,time,21,0.027793134699521844,0.003067674769566698,-0.11810150610009429,-0.0032824110672563223,0.00016371787501691935,0.0007492795627452907,-0.0006485348427189108,1.5,-0.004843943347737443,-0.17428560686322217
YALA,holdout,2,3,23,2020-10-02,2020-10-30,6.449999809265137,8.40999984741211,time,21,0.017183928793016126,0.0026641750854522785,-0.30387598389251425,-0.005221783269116679,0.00010920426423830824,0.0005433965695924478,-0.0004009758768687364,1.5,-0.006275359979816171,-0.36518773182804365
ARRY,holdout,2,3,23,2020-10-19,2020-11-16,38.84999847412109,39.31999969482422,time,21,0.0222213030423702,0.0005719769347525802,-0.012097843993899016,-0.0002688298575477479,0.00012537753044392455,0.000560128840065125,0.0013307938139103528,1.5,0.0003764575858535553,0.016941292107656755
TARS,holdout,2,3,23,2020-10-20,2020-11-17,22.39999961853028,24.07999992370605,time,21,0.016681703845615292,0.0007447189343617417,-0.07500001490116093,-0.001251128036997901,9.679539782388996e-05,0.0004226412922469692,0.0012501809797477795,1.5,-0.0005203837473209808,-0.031194879859814877
CRSR,holdout,21,22,42,2020-10-22,2020-11-19,25.90699958801269,37.900001525878906,time,21,0.035537650297958176,0.0013717393315743765,-0.46292516032676523,-0.016451272461818805,0.00023911048116887477,0.0009252985988305647,0.002146002454284739,1.3974508631780043,-0.015469679087533505,-0.43530393703104
MAX,holdout,2,3,23,2020-10-30,2020-11-30,32.849998474121094,37.75,time,21,0.015953909462637295,0.0004856593669313449,-0.14916291487012034,-0.0023797316390209737,9.578371908251242e-05,0.0004772990883584962,0.00246248497095563,1.5,-0.0004903294755063525,-0.0307341267452133
ALGM,holdout,2,3,23,2020-11-02,2020-12-01,18.299999237060547,24.729999542236328,time,21,0.04252161227050604,0.002323585466844867,-0.35136615154354534,-0.014940655260914506,0.00027685648556094455,0.0012955648698448404,0.006919093469122191,1.5,-0.009593983147198101,-0.22562604367315361
LU,holdout,3,4,24,2020-11-04,2020-12-03,51.31999969482422,57.720001220703125,time,21,0.032710059331898377,0.0006373745036323,-0.12470774676415997,-0.004079197795803031,0.00019411794708598597,0.0010022865753668195,0.003718101689237488,1.5,-0.0015575006290183477,-0.04761534099387877
AVIR,holdout,7,8,28,2020-11-10,2020-12-09,26.3700008392334,27.770000457763672,time,21,0.027905582095033823,0.0010582321276803215,-0.05309061713973651,-0.0014815245750689292,0.00016029147533681997,0.0008224983149721091,0.0015820208347911103,1.5,-0.0008822935305867479,-0.03161709824156522
OLMA,holdout,3,4,24,2020-11-24,2020-12-23,53.34000015258789,49.75,time,21,0.027769601193643693,0.000520614944023325,0.0673040896572572,0.0018690077284832705,0.0001510074686593682,0.0006004797559335675,0.000851106480858463,1.5,0.0019686269847487975,0.07089143884426419
STTK,holdout,37,38,58,2020-12-02,2020-12-31,32.150001525878906,52.40999984741211,time,21,0.022400371674125258,0.0006967455866555478,-0.6301709909788049,-0.014116064416177068,0.00015182772318194596,0.0007143715942440047,0.00027814718025977815,0.5,-0.01470411655334324,-0.6564228829438582
TLS,holdout,8,9,29,2020-12-02,2020-12-31,22.799999237060547,32.97999954223633,time,21,0.02917212476500036,0.0012794791991739263,-0.4464912563956831,-0.013025098638056634,0.00019614398482235157,0.0007891644923572545,0.00108669771603977,1.5,-0.01292370939919647,-0.44301570431722065
SEER,holdout,2,3,23,2020-12-08,2021-01-07,58.290000915527344,59.16999816894531,time,21,0.02124457891224449,0.00036446351996171164,-0.01509688179098223,-0.00032072689653735067,0.00011996869896087091,0.0005723943000629601,0.0009861990547919623,1.5,-2.6890840769219337e-05,-0.0012657742419983
PUBM,holdout,2,3,23,2020-12-11,2021-01-12,27.5,26.84000015258789,time,21,0.01732062693004853,0.000629840979274492,0.023999994451349482,0.00041569495021505853,9.615378262563471e-05,0.00042604243297972684,0.0009875459645028813,1.5,0.0008810446991125783,0.05086679036912376
ABNB,holdout,2,3,23,2020-12-14,2021-01-13,135.0,169.99000549316406,time,21,0.03438479797496785,0.0002547022072219841,-0.25918522587528936,-0.008912031629818235,0.00021514695153670782,0.0009416765182404398,0.001560019011711341,1.5,-0.00850883608788404,-0.24745924329927654
AI,holdout,3,4,24,2020-12-14,2021-01-13,122.16000366210938,143.13999938964844,time,21,0.02240054948081896,0.00018337056982069315,-0.17174193761134005,-0.0038471137713945456,0.0001352641215959946,0.0006175877128570496,0.0010163003746102674,1.5,-0.0035836652312373225,-0.15998113056583396
DASH,holdout,3,4,24,2020-12-14,2021-01-13,169.10000610351562,198.0,time,21,0.03211363025695514,0.0001899091017021997,-0.17090474780227427,-0.0054883718800804015,0.00019384865462021322,0.000737907643734124,0.00145697740531702,1.5,-0.004963150773117718,-0.1545496642206249
ABCL,holdout,2,3,23,2020-12-15,2021-01-14,50.810001373291016,46.63999938964844,time,21,0.015445234853378877,0.0003039802093274077,0.08207049539334588,0.0012675980758833757,8.346380632231736e-05,0.00032526606011345317,0.0006974316655204172,1.5,0.0015562998749680227,0.10076246102710175
CERT,holdout,2,3,23,2020-12-15,2021-01-14,33.709999084472656,34.33000183105469,time,21,0.017530027490788705,0.0005200245614620413,-0.018392250472282434,-0.00032241665639658255,9.913250974112659e-05,0.0004603022137682614,0.0007915707585919192,1.5,-9.02806213140513e-05,-0.005150055889044668
FDMT,holdout,2,3,23,2020-12-15,2021-01-14,40.7599983215332,46.0,time,21,0.028338480557563727,0.0006952522503562695,-0.12855745569789545,-0.0036431229588246698,0.0001680592241026965,0.0007143551288168811,0.0012796279163897546,1.5,-0.0032459093953544926,-0.11454069983607988
NBTX,holdout,2,3,23,2020-12-15,2021-01-14,16.200000762939453,18.1200008392334,time,21,0.03131625732147194,0.0019331022127550613,-0.11851851764638832,-0.0037115563959737126,0.00018493274995583342,0.0008584239532273302,0.0014140898282813809,1.5,-0.003340823270875496,-0.10668015773982244
UPST,holdout,2,3,23,2020-12-18,2021-01-20,38.02000045776367,55.220001220703125,time,21,0.019500981785159206,0.0005129137703936327,-0.4523934917372474,-0.008822117242092635,0.00013146454311362477,0.0006246190590779429,0.0010187600575081192,1.5,-0.008559440786776085,-0.43892358246752783
MASS,holdout,2,3,23,2020-12-22,2021-01-22,52.119998931884766,65.44999694824219,time,21,0.024911060343138638,0.00047795588744533007,-0.25575591499490047,-0.006371151031552601,0.0001557275631973268,0.0007069593476876684,0.0014887384843447263,1.5,-0.00574509945809287,-0.23062444468267157
CGEM,holdout,2,3,23,2021-01-12,2021-02-10,28.0,38.33000183105469,time,21,0.014340683647676052,0.0005121672731312876,-0.36892863682338173,-0.005290688869252486,9.366161004310736e-05,0.00045843239405915926,0.0006352972149512593,1.5,-0.005207485658403494,-0.36312673693540276
AFRM,holdout,2,3,23,2021-01-15,2021-02-16,123.0540008544922,119.1500015258789,time,21,0.03319749032172922,0.00026977985348874836,0.03172590327420288,0.0010532203668934662,0.0001836847788713125,0.0007749439086961599,0.002059419934312624,1.5,0.0021540116136386177,0.06488477269707107
WOOF,holdout,2,3,23,2021-01-19,2021-02-17,27.88999938964844,23.959999084472656,time,21,0.024529795677202162,0.0008795194053072142,0.14091073471426574,0.003456511531265377,0.0001289988582046571,0.0005797394067521615,0.001366406202442049,1.5,0.004114179468750607,0.16772171781986342
DRVN,holdout,3,4,24,2021-01-22,2021-02-22,29.030000686645508,31.229999542236328,time,21,0.03911571265672675,0.0013474237592671127,-0.07578363084927076,-0.0029643307283835295,0.0002266055591443452,0.001026095271629977,0.0007337072285826597,1.5,-0.0034833243305751917,-0.08905179259149104
DFH,holdout,2,3,23,2021-01-25,2021-02-23,22.25,24.61000061035156,time,21,0.02368880877511882,0.0010646655629266886,-0.10606744316186778,-0.0025126113783272702,0.0001390097996588476,0.0006877993002198254,0.0003547103618201927,1.5,-0.0029847101163857507,-0.12599663177325723
MNTK,holdout,2,3,23,2021-01-26,2021-02-24,11.1899995803833,13.0600004196167,time,21,0.013717502032882752,0.0012258715413117891,-0.16711357545639371,-0.0022923808110453855,8.261687273779422e-05,0.00037346759953795525,0.0003395466301867822,1.5,-0.002408918653134353,-0.1756091340362
SHLS,holdout,4,5,25,2021-02-03,2021-03-04,39.09999847412109,32.97999954223633,time,21,0.038871699743189034,0.0009941611575488129,0.15652171792117509,0.00608426522232005,0.00020229582948198008,0.0009373282639561265,-0.0008751301203918135,1.5,0.004069511008490129,0.10469084283362667
SANA,holdout,2,3,23,2021-02-08,2021-03-09,40.5099983215332,27.700000762939453,time,21,0.033298989308063846,0.0008219943393669231,0.3162181705592557,0.010529745480468167,0.00016009608550003444,0.0007003978870650981,-0.0002694546197634256,1.5,0.009399796888139609,0.2822847504823009
PHVS,holdout,2,3,23,2021-02-09,2021-03-10,28.700000762939453,29.38999938964844,time,21,0.01479412567825494,0.0005154747486055372,-0.02404176335772057,-0.0003556768686409813,8.373595423907798e-05,0.00041452147593327564,-1.708653760677082e-06,1.5,-0.0008556429525740121,-0.05783666917414889
IMCR,holdout,3,4,24,2021-02-10,2021-03-11,50.619998931884766,37.72999954223633,time,21,0.014401587217928438,0.0002845039020507979,0.25464242713622864,0.0036672551237873835,7.149628638388574e-05,0.00033201944095458065,7.76788647747917e-05,1.5,0.0033414182612237085,0.23201736104920434
ADAG,holdout,2,3,23,2021-02-11,2021-03-12,26.0,22.21999931335449,time,21,0.012217732645697678,0.0004699127940652953,0.14538464179405808,0.0017762706842303273,6.400504525705867e-05,0.0002886271493195642,0.0001320957586374568,1.5,0.001555734248291161,0.127334121101348
DSP,holdout,2,3,23,2021-02-12,2021-03-15,58.150001525878906,49.77999877929688,time,21,0.018411964071903143,0.00031662878054627627,0.1439381345993097,0.0026501837628192496,9.657448471109207e-05,0.00041816673026014904,0.0004647265774129402,1.5,0.002600169125260949,0.14122171404998748
BMBL,holdout,2,3,23,2021-02-16,2021-03-16,79.1500015258789,73.0,time,21,0.03658914735186328,0.0004622760157484025,0.0777005863211272,0.002842998202229897,0.00019784606204799131,0.0007916201630588347,0.000271661915658512,1.5,0.002125193892781583,0.058082629593535995
BVS,holdout,2,3,23,2021-02-16,2021-03-16,17.5,14.25,time,21,0.015612745126072487,0.0008921568643469992,0.18571428571428572,0.002899509809127747,8.020578204264548e-05,0.00030117729083701795,0.00011591929729461086,1.5,0.002634046033542695,0.1687112684074995
LDI,holdout,2,3,23,2021-02-16,2021-03-16,31.100000381469727,22.25,time,21,0.012424156718565341,0.00039949056482867473,0.2845659251741621,0.0035354916511273274,6.075499751974548e-05,0.00021631938701029978,9.224511798947856e-05,1.5,0.003350662384586761,0.26968932061037887
ZIM,holdout,13,14,34,2021-02-17,2021-03-17,21.049999237060547,26.729999542236328,time,21,0.038593713005309206,0.001833430613021651,-0.2698337534937101,-0.010413886441481598,0.00022678963831215885,0.0009681168416749484,0.00033807290423493977,0.5,-0.011270720017233764,-0.29203513058417807
CPNG,holdout,2,3,23,2021-03-15,2021-04-13,50.130001068115234,47.09999847412109,time,21,0.016096922526407164,0.00032110357437525525,0.0604428990511503,0.0009729446632978155,8.793732810558289e-05,0.00036986926974426863,0.0011346180797364943,1.5,0.0016497561451844583,0.10248891628061306
RBLX,holdout,3,4,24,2021-03-15,2021-04-13,70.0199966430664,82.05000305175781,time,21,0.022534591889912654,0.0003218308050596586,-0.17180815460496968,-0.0038716266473820074,0.00013619045876220553,0.0005623801775846656,0.001588387801198239,1.5,-0.0029818094825306398,-0.1323214326266726
EWTX,holdout,2,3,23,2021-03-30,2021-04-28,35.22999954223633,27.84000015258789,time,21,0.014568029796717551,0.00041351206318502275,0.2097643907371829,0.0030558538945495836,7.419596401165955e-05,0.0002986295515852487,0.0012731594320761102,1.5,0.003956187811028786,0.2715664277348052
ACVA,holdout,5,6,26,2021-03-31,2021-04-29,33.189998626708984,34.75,time,21,0.028998625867988827,0.0008737157899323553,-0.04700215239043826,-0.001362997832160519,0.00016634377126804393,0.000735252641095967,0.0027198591345260217,1.5,0.0004552648900014917,0.015699533214918716
DSGN,holdout,2,3,23,2021-03-31,2021-04-29,30.0,24.799999237060547,time,21,0.018414638746697902,0.0006138212915565968,0.1733333587646484,0.0031918711844027845,9.548773072221162e-05,0.00037979461937461364,0.001727158508551657,1.5,0.004443747342857616,0.24131602058468105
TDUP,holdout,3,4,24,2021-03-31,2021-04-29,22.299999237060547,18.11000061035156,time,21,0.02943706439890486,0.0013200477760547708,0.1878923215273297,0.005530998368859744,0.0001515722610044903,0.0006136807780388052,0.0027609814638622013,1.5,0.007526726793678649,0.25568877017365443
COUR,holdout,2,3,23,2021-04-05,2021-05-03,49.060001373291016,46.11000061035156,time,21,0.023750570383539803,0.00048411271338589813,0.06013046637510855,0.0014281328738370886,0.0001296931732018203,0.0005834710898381756,0.0013015561929505977,1.5,0.0020165248037476904,0.08490426845265288
ALKT,holdout,2,3,23,2021-04-16,2021-05-14,42.0,29.239999771118164,time,21,0.025892654321765837,0.0006164917695658533,0.3038095292590913,0.007866435120764055,0.00012532030299596997,0.000648659427943439,-6.236702004290345e-05,1.5,0.007030088369781742,0.2715089879322307
COIN,holdout,2,3,23,2021-04-16,2021-05-14,327.5,258.3699951171875,time,21,0.0165411078802946,5.050719963448733e-05,0.21108398437499998,0.0034915629573492946,8.389332830172454e-05,0.00037464196709479947,-3.98421727599769e-05,1.5,0.0029931854891927937,0.1809543538953985
RXRX,holdout,2,3,23,2021-04-20,2021-05-18,27.31999969482422,22.81999969482422,time,21,0.02010236545280582,0.0007358113351887855,0.16471449671547855,0.0033111510083495346,0.00010426666590247327,0.0005239677477907714,-0.00014351556182745108,1.5,0.0025394010328288388,0.1263234935605251
ALHC,holdout,17,18,38,2021-04-21,2021-05-19,22.81999969482422,22.739999771118164,time,21,0.029391435296942034,0.0012879682598597175,0.0035056934608197476,0.00010303736252459801,0.0001819414492707662,0.0007779941572677325,-0.0001392808198145555,3.0,-0.0009961790638284562,-0.03389351536473285
DV,holdout,2,3,23,2021-04-23,2021-05-21,35.0099983215332,32.20000076293945,time,21,0.03437216439535568,0.0009817813779846652,0.08026271617572278,0.002758803275209716,0.00018563881196787354,0.0008119098214385955,0.00025849770953000875,1.5,0.0020197523513332555,0.05876127927533599
PATH,holdout,2,3,23,2021-04-23,2021-05-21,76.58000183105469,78.75,time,21,0.04150001566930857,0.0005419171412513534,-0.028336355668058255,-0.0011759592042355168,0.0002354024063783355,0.0009821474098557317,0.000312103098093678,1.5,-0.002081405922375906,-0.05015434063836304
SKYT,holdout,2,3,23,2021-04-23,2021-05-21,19.600000381469727,26.61000061035156,time,21,0.018005608306788275,0.0009186534671607034,-0.35765306594122537,-0.00643976101505962,0.00011695789148464553,0.00047169574575055837,0.00013541214491072774,1.5,-0.006893002507384096,-0.3828253058679152
TMCI,holdout,2,3,23,2021-04-27,2021-05-25,28.75,28.09000015258789,time,21,0.028985431252906632,0.0010081889131445785,0.022956516431725582,0.0006654045288380028,0.0001606613536353785,0.000757221893675267,3.224970598182364e-05,1.5,-0.00022022901249081904,-0.007597920850970078
NPCE,holdout,5,6,26,2021-04-29,2021-05-27,26.520000457763672,22.0,time,21,0.03378366782445559,0.0012738939382093977,0.1704374200506641,0.005758001183848845,0.00017476870068297654,0.0007080727134095424,-0.0001241808717632175,1.5,0.004750978897993108,0.1406294580766015
SWIM,holdout,5,6,26,2021-04-30,2021-05-28,26.229999542236328,31.059999465942383,time,21,0.02991107265147436,0.0011403382833961037,-0.18414029767437268,-0.005507833821802274,0.00018132337345418432,0.0008270574929124112,0.0002589102571110766,1.5,-0.006257304431057793,-0.20919692529814243
HOWL,holdout,2,3,23,2021-05-04,2021-06-02,16.040000915527344,13.640000343322754,time,21,0.0136943486998826,0.0008537623390423837,0.14962596229538216,0.0020490301022284495,7.160784079944818e-05,0.0002848415461588963,0.0002103166783837331,1.5,0.001902897393653838,0.13895493939555895
PRVA,holdout,3,4,24,2021-05-04,2021-06-02,36.08000183105469,34.38999938964844,time,21,0.021863933446752998,0.0006059848208747686,0.04684042005651001,0.001024115826733488,0.00011994489463246974,0.0004874282203995292,0.0003357844874333831,1.5,0.0007525271991348722,0.03441865577241911
HAYW,holdout,39,40,60,2021-05-07,2021-06-07,23.76000022888184,23.8700008392334,time,21,0.04304470937696786,0.0018116460000974324,-0.004629655273228783,-0.00019928216575167807,0.00022435427232666742,0.0011002945755516252,0.00011789076027660235,0.5,-0.0014060402533533683,-0.032664647379538475
HNST,holdout,2,3,23,2021-05-07,2021-06-07,20.76000022888184,16.09000015258789,time,21,0.034115267962524384,0.0016433173211174803,0.22495183163808097,0.0076742920149938006,0.0001719158314475033,0.0006749925872609067,0.0002803044742562963,1.5,0.007107688070541686,0.20834331649833385
CRCT,holdout,36,37,57,2021-05-18,2021-06-16,24.0,33.27000045776367,time,21,0.044880314294955294,0.0018700130956231372,-0.38625001907348633,-0.017335022252450538,0.0003068076848510193,0.0015263091509108073,0.0014710560316181995,2.1598749445005083,-0.017697083056594166,-0.3943172710486874
FLYW,holdout,2,3,23,2021-05-28,2021-06-28,33.290000915527344,37.77000045776367,time,21,0.04133279038628782,0.0012415977545680724,-0.13457492997985288,-0.005562357372106618,0.00024556097965243635,0.0010237416979589561,0.0009573002947899535,1.5,-0.005874359754928057,-0.14212347388181368
PAY,holdout,2,3,23,2021-05-28,2021-06-28,28.489999771118164,35.349998474121094,time,21,0.04133279038628782,0.0014507824049963343,-0.2407861971960168,-0.009952365416614324,0.00025653599976370564,0.001117706947151305,0.0009573002947899535,1.5,-0.010369308068739381,-0.25087365193179423
FIGS,holdout,3,4,24,2021-06-02,2021-06-30,31.76000022888184,50.09999847412109,time,21,0.03565589037648865,0.0011226665654764062,-0.5774558599833151,-0.020589702840826056,0.0002513429236018881,0.0010472340636251477,0.0009784019574325484,1.5,-0.02090987787062054,-0.586435443059597
DLO,holdout,2,3,23,2021-06-07,2021-07-06,34.959999084472656,48.18999862670898,time,21,0.03945134673969283,0.0011284710461338368,-0.37843249109558386,-0.014929671423777605,0.0002585413107683807,0.0011316818192484454,0.0014479523332839844,1.5,-0.014871942220510448,-0.37696918988946637
GLBE,holdout,20,21,41,2021-06-10,2021-07-09,40.25,54.790000915527344,time,21,0.041177427305306484,0.0010230416721815276,-0.3612422587708657,-0.01487502685014203,0.00025319316234444824,0.0013642991451884119,0.0007401909151445884,0.6053328948653707,-0.0157523282425303,-0.3825476547074207
MQ,holdout,2,3,23,2021-06-11,2021-07-12,123.55999755859376,102.55999755859376,time,21,0.03992965537173942,0.00032316005309731617,0.16995791854108389,0.006786361115043639,0.0002070038822324634,0.0009476745557477277,0.0018185746916585775,1.5,0.007450257368722025,0.1865845647642382
DIBS,holdout,2,3,23,2021-06-14,2021-07-13,24.299999237060547,26.1200008392334,time,21,0.013611069696124491,0.0005601263425295052,-0.0748971876261264,-0.0010194308408229195,7.887793463896286e-05,0.00036388207803058747,0.0005368361930421209,1.5,-0.0009253546604503489,-0.06798544722122958
BZ,holdout,2,3,23,2021-06-15,2021-07-14,39.65999984741211,34.939998626708984,time,21,0.03519238449875315,0.0008873521087784251,0.11901162982508473,0.0041883030366276575,0.0001868751166667685,0.0008165329585583051,0.0013426053266000295,1.5,0.004527500288002613,0.12865000063189866
JANX,holdout,2,3,23,2021-06-15,2021-07-14,20.916000366210938,26.61000061035156,time,21,0.01338564930134319,0.0006399717473215976,-0.2722317911859993,-0.003643999285492276,8.417176801175814e-05,0.00038106965656008136,0.0005106685525278929,1.5,-0.0035985721575362223,-0.26883807251510183
LFST,holdout,5,6,26,2021-06-17,2021-07-16,26.030000686645508,26.030000686645508,time,21,0.031360864007812995,0.001204796895141937,0.0,-1.5585406229479126e-19,0.00017583659413612806,0.0008286420927661269,0.001078778461876297,1.5,7.429977497404186e-05,0.0023691877543785596
DDL,holdout,2,3,23,2021-07-01,2021-07-30,34.0099983215332,24.82999992370605,time,21,0.015387555954959446,0.00045244212626781923,0.269920577797115,0.004153417994248091,7.58905314604097e-05,0.00028235620371601047,0.0005188154912851679,1.5,0.004313986750356839,0.2803555524336814
CVRX,holdout,2,3,23,2021-07-02,2021-08-02,26.15999984741211,22.34000015258789,time,21,0.027171949506597924,0.0010386830911731035,0.14602445401780517,0.003967769091300331,0.00014235528648292157,0.0005317315492388078,0.0005589598711202254,1.5,0.0038526421266988275,0.14178747556421464
XMTR,holdout,2,3,23,2021-07-02,2021-08-02,67.80999755859375,81.3499984741211,time,21,0.011130342859845542,0.00016414014541481076,-0.19967558476650304,-0.0022224577191913295,6.793185723650262e-05,0.00028590282352647335,0.000228964616946329,1.5,-0.0023473277830079763,-0.21089447221579577
ABOS,holdout,2,3,23,2021-07-06,2021-08-03,19.309999465942383,14.949999809265137,time,21,0.013507152425149115,0.0006994900465415382,0.22578973471061492,0.003049776362770258,6.808445931116833e-05,0.00030554391420284285,0.00034423318629464464,1.5,0.0030203811755508915,0.22361346644220959
IPSC,holdout,12,13,33,2021-07-07,2021-08-04,27.3799991607666,29.450000762939453,time,21,0.021768796567605463,0.0007950619881244718,-0.07560269049018098,-0.0016457795892443894,0.00013924121942615928,0.0005541298077632563,0.0008011586694722512,3.0,-0.0015379919469615537,-0.0706512159358532
LZ,holdout,4,5,25,2021-07-07,2021-08-04,38.220001220703125,38.9900016784668,time,21,0.03515598244166486,0.0009198320596238355,-0.020146531480134344,-0.0007082711069760548,0.0001987735642693159,0.0008488516860237085,0.0006469241427628494,1.5,-0.0011089722145062298,-0.03154433861566444
S,holdout,6,7,27,2021-07-09,2021-08-06,51.380001068115234,50.88999938964844,time,21,0.036022465425853245,0.000701098962183705,0.009536817210595072,0.0003435396682413451,0.00020111580708505886,0.0008536881527502613,0.001244249354420219,1.5,0.0005329850628262439,0.014795907401821578
SGHT,holdout,2,3,23,2021-07-19,2021-08-16,31.01000022888184,36.97999954223633,time,21,0.013503581165023933,0.00043545891858611077,-0.19251851884200244,-0.00259968944495317,8.23167987718096e-05,0.00039759991248688504,0.0009876031764632174,1.5,-0.002092002979748647,-0.15492208727320517
VTEX,holdout,3,4,24,2021-07-26,2021-08-23,25.34000015258789,24.3799991607666,time,21,0.02996174940043628,0.0011823894719817667,0.0378848060789474,0.0011350950658215457,0.00016511072061190714,0.0007824180814906082,0.0008133081700890833,1.5,0.0010008744338081137,0.03340507326296307
ABSI,holdout,3,4,24,2021-07-27,2021-08-24,23.6299991607666,22.6200008392334,time,21,0.036470665686195544,0.0015434052891016847,0.04274220725365596,0.0015588367514381715,0.00020053909979120786,0.000954228701149045,0.0010023191355412132,1.5,0.001406388086039132,0.038562172079339416
LAW,holdout,4,5,25,2021-07-27,2021-08-24,41.0,56.52000045776367,time,21,0.036470665686195544,0.000889528431370623,-0.37853659653082117,-0.013805481662065872,0.00023894989582496796,0.0010418178182003738,0.0010023191355412132,1.5,-0.014083930240550002,-0.38617146069480407
DUOL,holdout,2,3,23,2021-07-30,2021-08-27,135.17999267578125,120.0999984741211,time,21,0.035284292132038014,0.0002610171182407493,0.11155492690274338,0.003936136629604543,0.00018804998033652794,0.000875115827874572,0.0014914298556320683,1.5,0.004364400677025511,0.1236924538741887
CTKB,holdout,7,8,28,2021-08-03,2021-08-31,24.3700008392334,22.780000686645508,time,21,0.01819821587579598,0.000746746624911829,0.06524415666117422,0.0011873272475543001,9.910506125959497e-05,0.00043780687966553595,0.0008168523701160499,1.5,0.001467267676745219,0.08062700688679689
TNYA,holdout,2,3,23,2021-08-03,2021-08-31,18.0,20.25,time,21,0.014373972426909585,0.0007985540237171991,-0.125,-0.0017967465533636979,8.511515114503087e-05,0.00042915624186946964,0.0006451958546398043,1.5,-0.001665822091738394,-0.1158915602634523
HOOD,holdout,5,6,26,2021-08-05,2021-09-02,62.900001525878906,44.4900016784668,time,21,0.023103781750898212,0.0003673097168589517,0.2926867949253975,0.006762171831326286,0.00011267995708365928,0.00045059719235436834,0.001021044284724962,1.5,0.00721993896661322,0.31250031031532444
CRBU,holdout,11,12,32,2021-08-09,2021-09-07,23.3799991607666,30.290000915527344,time,21,0.02221420294004158,0.0009501370289746924,-0.2955518392984482,-0.006565448537478283,0.00015441279266283827,0.0006290133337655147,0.0013555654544237295,3.0,-0.005993309209482907,-0.2697962751875215
IMRX,holdout,6,7,27,2021-08-09,2021-09-07,28.8700008392334,25.36000061035156,time,21,0.02092973461976147,0.0007249648081519498,0.12157949867849893,0.002544626642544623,0.00011097266566724238,0.0005178406365537887,0.000638592014698501,1.5,0.002554405355022093,0.12204671494545709
ERAS,holdout,18,19,39,2021-08-11,2021-09-09,20.700000762939453,20.950000762939453,time,21,0.01573230671003585,0.0007600147888980959,-0.012077294240857794,-0.00019000369722452432,8.504180610199692e-05,0.0004082636616021511,0.00017064952774398175,0.9329740246327461,-0.0005126596371846906,-0.0325864252861062
CURV,holdout,33,34,54,2021-08-18,2021-09-16,28.0,18.68000030517578,time,21,0.02453649654633648,0.0008763034480834457,0.3328571319580078,0.008167147868711125,0.00012596266050258077,0.0005366941342501737,0.0005604198257301294,2.403151101155449,0.0080649108996885,0.3286904014376357
INTA,holdout,37,38,58,2021-08-23,2021-09-21,38.11000061035156,28.799999237060547,time,21,0.021310208437721346,0.0005591762817220475,0.24429286864829391,0.005205931950744026,0.00010203510858699863,0.0005093030853694412,-0.0005575408386884079,1.010126727309281,0.004037052918099178,0.1894422070012775
CNM,holdout,24,25,45,2021-08-26,2021-09-24,27.690000534057617,27.030000686645508,time,21,0.02080637707981273,0.0007514039970574107,0.023835313639677835,0.0004959265234027401,0.0001152166714175441,0.0005105342942811651,-0.00032713779049424983,1.5007454009382186,-0.00045696223279021884,-0.021962604591723174
RNXT,holdout,4,5,25,2021-09-01,2021-09-30,10.050000190734863,6.039999961853027,time,21,0.01977750648572041,0.0019679110557583247,0.3990049903261367,0.007891323784009979,9.071868103200876e-05,0.00040130157448751855,-0.0015352291400029447,1.5,0.005864074388487506,0.29650221036314345
RYAN,holdout,36,37,57,2021-09-13,2021-10-11,33.27000045776367,34.97999954223633,time,21,0.03515007615726269,0.0010565096385221208,-0.05139762732024922,-0.0018066305146093632,0.00019880066821949678,0.0008789531244790616,-0.001463470570089318,1.3390017404548276,-0.00434785487739724,-0.12369403861160307
BROS,holdout,2,3,23,2021-09-17,2021-10-15,48.65999984741211,53.02999877929688,time,21,0.01899240476635143,0.000390308360581746,-0.08980680118348139,-0.0017056471188479272,0.00011063375011591668,0.00046276632271380184,6.08281361442284e-05,1.5,-0.0022182190555334173,-0.11679506006861247
ONON,holdout,2,3,23,2021-09-17,2021-10-15,39.63999938964844,29.71999931335449,time,21,0.03619396387136497,0.0009130667111164648,0.2502522762118017,0.009057621843936797,0.0001800653271940773,0.0007497799462849186,0.0001159206213774066,1.5,0.008243697191835207,0.22776442008766132
PRCT,holdout,2,3,23,2021-09-17,2021-10-15,36.65999984741211,43.56999969482422,time,21,0.014777219547372508,0.00040308836903652244,-0.18848881277068252,-0.0027853405685359656,8.972524646756233e-05,0.0003979201982547335,4.732790468183593e-05,1.5,-0.0032256581085764254,-0.21828586211605483
TYRA,holdout,2,3,23,2021-09-17,2021-10-15,21.020000457763672,16.34000015258789,time,21,0.016986423445218127,0.0008081076629541292,0.22264510957454509,0.0037819441092402117,8.567999171154095e-05,0.0003441769029215498,5.440345709985302e-05,1.5,0.0034064906717069738,0.20054196121349724
DH,holdout,4,5,25,2021-09-21,2021-10-19,45.209999084472656,39.040000915527344,time,21,0.023226244806214533,0.0005137413244096165,0.13647419362732072,0.0031697830309188736,0.00012236773681610543,0.0005432569879970903,0.001126117393006215,1.5,0.003630275699111893,0.15630058709019368
TOST,holdout,2,3,23,2021-09-24,2021-10-22,59.5,49.619998931884766,time,21,0.03653128501743279,0.0006139711767635763,0.16605043811958375,0.006066035882216099,0.0001897000790763082,0.0008120865156340884,0.0014498634211241156,1.5,0.006514112708629818,0.17831600244889478
BRLT,holdout,2,3,23,2021-09-27,2021-10-25,15.619999885559082,12.130000114440918,time,21,0.012316811363472699,0.0007885282620814722,0.22343148506324384,0.002751963454184543,6.220054429111814e-05,0.0002563749436123238,0.000531546455661895,1.5,0.0029649344219429955,0.2407225648300453
FWRG,train,2,3,23,2021-10-05,2021-11-02,21.950000762939453,21.07999992370605,time,21,0.032515213414331195,0.0014813308557706352,0.03963557216372937,0.0012887590877027864,0.00017958110499615728,0.0008021582846801524,0.0035890379757976694,1.5,0.0038960576738241463,0.11982260808741747
AMPL,holdout,6,7,27,2021-10-06,2021-11-03,51.209999084472656,80.80000305175781,time,21,0.03821055762342011,0.0007461542336759366,-0.5778169204509342,-0.02207870673467758,0.0002701225418228044,0.001161060398289264,0.004733261474789141,1.5,-0.018776628200000506,-0.49139895798044797
NTRB,train,8,9,29,2021-10-13,2021-11-10,7.564321994781494,4.734134197235107,time,21,0.012582028049840072,0.0016633385065469468,0.3741495668083522,0.004707560344418199,5.894148321362905e-05,0.00022743874905308795,0.0012551349778507264,1.5,0.005676315090002209,0.45114468569908805
GTLB,train,3,4,24,2021-10-19,2021-11-16,105.77999877929688,121.62999725341795,time,21,0.03396117361961838,0.0003210547741683773,-0.14983927639469052,-0.005088717680678065,0.00020336644143596283,0.0009385119052617904,0.0023103748220236393,1.5,-0.0039202212053521795,-0.11543244203691423
CNTX,train,2,3,23,2021-10-22,2021-11-19,6.0,4.889999866485596,time,21,0.01754190175515552,0.00292365029252592,0.18500002225240075,0.0032452522150532,9.030455321527064e-05,0.00042351162749128105,0.0009151696201635875,1.5,0.0036466056545102358,0.2078797216749038
PTLO,train,2,3,23,2021-10-25,2021-11-22,43.47999954223633,41.45000076293945,time,21,0.019442530529318817,0.0004471603204694703,0.04668810489119124,0.000907734904703025,0.00010677947167739735,0.0005028637200658993,0.0008531898748477163,1.5,0.0011512815878074447,0.05921459586093193
WRBY,holdout,21,22,42,2021-10-28,2021-11-26,54.5,53.31999969482422,time,21,0.03753836895772247,0.0006887774120683022,0.021651381746344622,0.0008127575564387814,0.00019647758177512192,0.0009593849349475892,0.00020761562025223225,0.7176728806259945,-0.00013548934003169738,-0.0036093560746949882
AIP,train,2,3,23,2021-10-29,2021-11-29,18.64999961853028,26.09000015258789,time,21,0.01659934902738764,0.0008900455424618264,-0.3989276507365378,-0.006621939311251585,0.00010960656719036991,0.0005045392751367076,0.000476821794350835,1.5,-0.006759263359227828,-0.40720050816905934
AIRS,train,2,3,23,2021-11-02,2021-12-01,14.65999984741211,10.220000267028809,time,21,0.012264116640990442,0.0008365700387886016,0.3028649131375729,0.003714370621182633,5.9315419956042486e-05,0.0003037446399217746,-0.00038853340273700617,1.5,0.0029627771585678097,0.24158096708451868
TRDA,train,2,3,23,2021-11-02,2021-12-01,21.989999771118164,30.479999542236328,time,21,0.018071702042539578,0.0008218145625574353,-0.3860845775118651,-0.0069772054480142,0.0001185300409305914,0.0005993278369076885,-0.0005725206383286778,1.5,-0.008267583964181157,-0.4574878417494831
AURA,train,3,4,24,2021-11-03,2021-12-02,17.010000228881836,19.13999938964844,time,21,0.014498098089621327,0.0008523279185502028,-0.12522040753121266,-0.001815457751209879,8.569122205912173e-05,0.00040978708871279487,-0.00018385810391197745,1.5,-0.002494794165893773,-0.17207734079821874
FRSH,holdout,30,31,51,2021-11-03,2021-12-02,44.09000015258789,32.29999923706055,time,21,0.03451843236489221,0.0007829084201730521,0.26740759525344027,0.00923049099061435,0.00016330741082320284,0.0007371176058243117,-0.00029273253047300556,1.0030889319483376,0.00803733344349383,0.23284178605017966
NRDS,train,2,3,23,2021-11-08,2021-12-07,25.40999984741211,16.100000381469727,time,21,0.012244412041650101,0.0004818737550247226,0.36639116575557806,0.004486244401931819,5.734199110859285e-05,0.00027484587617036723,-5.5526599090844285e-05,1.5,0.004098529935562015,0.334726561113806
GFS,train,8,9,29,2021-11-09,2021-12-08,58.97700119018555,65.7699966430664,time,21,0.036306699684601505,0.0006156077615327,-0.11518041466664619,-0.004181820724849794,0.00021377671123422586,0.0009796349490975669,2.320594166479626e-05,1.5,-0.00535202644351679,-0.14741153809104565
CINT,train,2,3,23,2021-11-12,2021-12-13,18.65999984741211,14.390000343322754,time,21,0.012087672164794718,0.0006477852231317738,0.2288317009113774,0.0027660425815290864,6.078716266927123e-05,0.00023234667766057734,5.6525001217574576e-05,1.5,0.0025294337424168123,0.20925730843228646
EXFY,train,2,3,23,2021-11-12,2021-12-13,45.95000076293945,36.880001068115234,time,21,0.029740489978082978,0.0006472358973728221,0.19738845580476128,0.005870429391650775,0.0001518984852033261,0.0006944995254378225,0.00013907402594178137,1.5,0.005163105406951408,0.17360525703363724
BLZE,train,3,4,24,2021-11-16,2021-12-15,26.13999938964844,18.64999961853028,time,21,0.020705652118960343,0.0007921060674224758,0.28653404537125715,0.00593287426369565,0.00010116534103525837,0.00048703207122492915,0.00022937414159782105,1.5,0.005574050993033284,0.26920431971949715
SG,train,2,3,23,2021-11-22,2021-12-21,51.52000045776367,28.799999237060547,time,21,0.022538420187708637,0.0004374693320545627,0.4409938085953451,0.009939303758299847,0.00010125446216838908,0.00037152082969106636,-0.0005621574351483974,1.5,0.008904371031291995,0.39507520745167435
IMMX,train,19,20,40,2022-01-13,2022-02-11,6.110000133514404,4.21999979019165,time,21,0.016011579604437737,0.0026205530694854593,0.30932901833434934,0.004952846201023014,8.446465192181834e-05,0.0003085077316260727,-0.0029184847101409728,2.712500386189323,0.0016413891073341503,0.10251262822808727
FGI,train,2,3,23,2022-01-27,2022-02-25,19.25,15.050000190734863,time,21,0.013600502153511046,0.0007065195923901842,0.21818180827351363,0.002967382153280856,6.87396085437797e-05,0.00032499901217863253,-2.374066340003479e-05,1.5,0.002549902869158409,0.18748593547335582
CRDO,train,12,13,33,2022-02-14,2022-03-15,14.178999900817873,14.300000190734863,time,21,0.034492707227347444,0.0024326615042403544,-0.008533767597389552,-0.0002943527472829854,0.00018329563482210947,0.000938396277290763,-0.0008014350525432271,0.7433820546522345,-0.002217479711939085,-0.06428836383654347
AMLX,train,32,33,53,2022-02-24,2022-03-24,27.520000457763672,21.709999084472656,time,21,0.02834906525655355,0.0010301259006177085,0.21111923243634811,0.00598503289725153,0.00014793110242896303,0.0006710902334803265,0.004844550565572464,1.7795514678869926,0.010010562126914705,0.35311789070719113
BLTE,train,2,3,23,2022-05-03,2022-06-01,10.600000381469728,14.949999809265137,time,21,0.013332019353225404,0.001257737629569488,-0.41037728974046184,-0.005471157968944026,8.828496861532105e-05,0.00043043075798594385,-0.00026117342550642763,1.5,-0.006251047121051718,-0.46887474098508625
PEPG,train,2,3,23,2022-05-10,2022-06-08,11.90999984741211,11.010000228881836,time,21,0.013864392243006516,0.0011640967607584873,0.07556671956850036,0.001047686640614965,7.509058378216263e-05,0.0003201958996251346,0.0003460191143177516,1.5,0.0009984192715254193,0.0720132014462475
MAIA,train,2,3,23,2022-08-01,2022-08-29,7.0,3.7100000381469727,time,21,0.02228178095406284,0.00318311156486612,0.4699999945504325,0.010472436926983462,9.849035996759359e-05,0.0003866950032862746,-0.0005326052884982625,1.5,0.009454646275231331,0.42432183920681527
GCT,train,2,3,23,2022-08-22,2022-09-20,54.0099983215332,13.739999771118164,time,21,0.013512607095110372,0.00025018714154862397,0.7456026625048019,0.01007503582749557,5.0162634601649115e-05,0.00013862452486920597,-0.001601877811150156,1.5,0.00828437085687456,0.6130845660325842
MBLY,train,2,3,23,2022-10-28,2022-11-28,27.059999465942383,27.8700008392334,time,21,0.035720851527830715,0.0013200610581234065,-0.029933532493615855,-0.00106925126990795,0.00020316239056096102,0.0009126807783061391,0.002262469151695707,1.5,7.737471292065682e-05,0.0021660937410848922
SNAL,train,2,3,23,2022-11-14,2022-12-13,13.300000190734863,9.0,time,21,0.013708100509226257,0.0010306842340329955,0.3233082803811055,0.004431942402929298,6.574055901463946e-05,0.00034661665478453936,0.0002752608514783149,1.5,0.004294846040608435,0.31330716007792486
ATAT,train,2,3,23,2022-11-15,2022-12-14,14.399999618530272,16.780000686645508,time,21,0.015508623478602533,0.0010769877701000531,-0.16527785633081504,-0.002563232043185173,9.323607487256901e-05,0.0003872283902925232,-0.000101483577840554,1.5,-0.003145180086190819,-0.20280201466817918
ACRV,train,2,3,23,2022-11-17,2022-12-16,16.530000686645508,11.989999771118164,time,21,0.015590758624921366,0.0009431795509553155,0.2746521915873351,0.004282036024843802,7.651703090428179e-05,0.0003065894969853955,-0.0004306366658418199,1.5,0.003468292831112305,0.2224582468724993
GPCR,train,2,3,23,2023-02-07,2023-03-08,25.200000762939453,24.55500030517578,time,21,0.029053914204007696,0.0011529330684281575,0.02559525548555719,0.0007436423569070353,0.00016063070277058848,0.0006861255649650232,-0.0010605543979350803,1.5,-0.0011636683087636567,-0.040052032252616075
HSAI,train,2,3,23,2023-02-13,2023-03-14,21.68000030517578,17.389999389648438,time,21,0.014011637633924327,0.0006462932396997824,0.1978782682260004,0.002772598590011199,7.13589402865036e-05,0.000322600347419898,-0.0008736699422232132,1.5,0.001504969360081584,0.10740852706880044
NXT,train,17,18,38,2023-03-07,2023-04-04,32.40999984741211,33.22999954223633,time,21,0.04171166157164381,0.0012869997460050722,-0.025300823779229153,-0.001055339398963006,0.0002486019198795245,0.001030442476962578,0.0009775816005970044,2.230176514298474,-0.0013568021952081043,-0.03252812628616257
CAVA,train,2,3,23,2023-06-20,2023-07-19,38.0,48.52000045776367,time,21,0.027520890217017164,0.0007242339530793991,-0.2768421173095703,-0.007618941517923271,0.00017349934583675005,0.0007765684753909857,0.001675034133228684,1.5,-0.006893975205922323,-0.2504997168172826
GENK,train,2,3,23,2023-06-30,2023-07-31,14.90999984741211,19.93000030517578,time,21,0.018754807510556522,0.0012578677198183705,-0.3366868215384309,-0.006314496529294367,0.00012102155492972375,0.0005363757609922809,0.0010419577368565285,1.5,-0.005929936108359843,-0.3161821898210397
ODD,train,2,3,23,2023-07-21,2023-08-18,51.20000076293945,45.2599983215332,time,21,0.04047568396700721,0.0007905406907006353,0.11601567095494758,0.004695813632792757,0.0002144572692303344,0.0009978693973175582,-0.0023351345146205055,1.5,0.0011483524516243582,0.02837141560252349
SVV,train,18,19,39,2023-07-26,2023-08-23,24.0,26.18000030517578,time,21,0.04078625459289324,0.0016994272747038852,-0.09083334604899096,-0.0037047519774785157,0.00024523285744117314,0.0010408587461346655,-0.0020419738054572494,1.9889114370749272,-0.007032817386511604,-0.1724310667088571
SRFM,train,2,3,23,2023-07-31,2023-08-28,17.920000076293945,9.869999885559082,time,21,0.013477939359096728,0.0007521171485331887,0.44921875873114914,0.006054543189147132,6.02106004194688e-05,0.0001924793129806449,-0.0006475100930252458,1.5,0.005154343182721772,0.38242813277260573
CART,train,2,3,23,2023-09-21,2023-10-19,30.209999084472656,24.43000030517578,time,21,0.022599985016008853,0.0007480961834131534,0.19132734043238286,0.004323995026924678,0.00011560567630982832,0.0005105489261676541,-0.0007212610625478144,1.5,0.0029765793618993816,0.131707138734424
NBBK,train,2,3,23,2024-01-02,2024-01-31,13.399999618530272,13.989999771118164,time,21,0.04058287869259832,0.003028573122978156,-0.0440298633868621,-0.0017868586046807015,0.00023200768736927007,0.00106692304273153,0.001382100895088628,1.5,-0.0017036884396928733,-0.041980472913164715
CGON,train,2,3,23,2024-01-29,2024-02-27,36.31999969482422,46.34999847412109,time,21,0.013424995250001076,0.0003696309295926069,-0.2761563563759113,-0.003707397772604213,8.460701435757085e-05,0.00038220277807546186,0.00079273263027147,1.5,-0.0033814749347657754,-0.2518790414294936
AVBP,train,2,3,23,2024-01-30,2024-02-28,20.88999938964844,20.450000762939453,time,21,0.020160868114324645,0.0009650966349149297,0.02106264430658711,0.0004246411940040352,0.00011203282858551278,0.0005099961224316241,0.0009678506515243449,1.5,0.0007704628945112433,0.038215759864220135
ANRO,train,2,3,23,2024-02-06,2024-03-06,20.89999961853028,14.8100004196167,time,21,0.033618712179800184,0.0016085508513595036,0.2913875267975645,0.00979607339619114,0.00016410628250869373,0.0006328307091383377,0.0016583889614527182,1.5,0.010657525365996826,0.3170117079142729
AS,train,23,24,44,2024-03-06,2024-04-04,16.6299991607666,15.510000228881836,time,21,0.04103087784897615,0.0024672808129645586,0.06734810513563105,0.0027633518751800823,0.00024760457736140674,0.0009744584322307591,0.0006075719285239462,3.0,0.002148860794111863,0.052371796723951494
ALAB,train,2,3,23,2024-03-22,2024-04-22,65.5,65.79000091552734,time,21,0.021076872994680442,0.0003217843205294724,-0.0044274948935472125,-9.33177475558918e-05,0.00011799262713838059,0.0005838355052156109,-0.0013557800035981099,1.5,-0.002150925883507993,-0.10205147054076104
RDDT,train,2,3,23,2024-03-25,2024-04-23,47.09000015258789,42.81999969482422,time,21,0.018909921392976335,0.00040156978831390206,0.09067743563235064,0.0017147031799244216,0.00010145437210177366,0.00046888531685654474,-0.0007721487454137467,1.5,0.00037221474555235656,0.01968356916018738
TBBB,train,35,36,56,2024-04-02,2024-04-30,22.76000022888184,22.950000762939453,time,21,0.04149397705327224,0.0018231096940244087,-0.008348002291164613,-0.00034639181551024905,0.00021650447126501194,0.0009743653137281643,-0.0006509447538967511,0.5,-0.0021882063544001766,-0.05273551753284187
LOAR,train,2,3,23,2024-04-29,2024-05-28,49.0,51.5,time,21,0.022295960826297194,0.00045501960869994275,-0.05102040816326525,-0.0011375490217498565,0.00012795984071199706,0.0005744947581281971,0.0012929376517906129,1.5,-0.0005470659687994376,-0.024536550501748064
HDL,train,2,3,23,2024-05-21,2024-06-20,20.0,15.960000038146973,time,21,0.013674175897211737,0.0006837087948605868,0.20199999809265134,0.0027621835051553504,6.980726716775251e-05,0.0003309069151486572,0.0006867045312758051,1.5,0.003048173854114746,0.22291462951974242
ULS,train,32,33,53,2024-05-29,2024-06-27,39.5099983215332,41.040000915527344,time,21,0.040936324586703134,0.0010361003878958043,-0.03872444087552096,-0.0015852362811189162,0.00021699309799274994,0.0010382095864223688,0.0008055971954818774,0.5,-0.0020348417700521574,-0.049707485725602026
BOW,train,8,9,29,2024-06-05,2024-07-05,25.15999984741211,24.799999237060547,time,21,0.04096621749102021,0.0016282280500583503,0.014308450418714536,0.0005861630918125402,0.00022849811480531108,0.0010330719360471525,0.0027635229256464822,1.5,0.002088115966606559,0.05097165651342533
PACS,train,38,39,59,2024-06-05,2024-07-05,30.049999237060547,29.559999465942383,time,21,0.04096621749102021,0.001363268503531166,0.01630614920328677,0.0006680012547028728,0.00021153856267825766,0.0010096950754221168,0.0009211743085488273,0.5,0.00036794192515132566,0.008981593803039749
RAPP,train,3,4,24,2024-06-12,2024-07-12,22.0,25.670000076293945,time,21,0.021416268938694184,0.0009734667699406447,-0.16681818528608838,-0.0035726231199517877,0.00012908045222526223,0.0005782740277498493,0.0010889418434765867,1.5,-0.003191035756450312,-0.14900054559386194
LB,train,3,4,24,2024-07-03,2024-08-01,24.40999984741211,32.09000015258789,time,21,0.020197118408188535,0.0008274116564703619,-0.3146251680943781,-0.006354521774198377,0.0001289274438609315,0.0005982383280559079,-0.0003136183021012349,1.5,-0.0073953058482164515,-0.3661564832544709
TWFG,validation,14,15,35,2024-08-07,2024-09-05,24.11000061035156,30.920000076293945,time,21,0.04025325750456512,0.001669566838886039,-0.28245538339051435,-0.011369749281169043,0.00023790233451751375,0.0010792159540643743,0.0008051114542626189,0.5,-0.011881756115488312,-0.2951750206586586
XCH,validation,2,3,23,2024-09-12,2024-10-10,7.789999961853027,12.829999923706056,time,21,0.013001891037479618,0.001669048921841949,-0.6469833102096898,-0.008412006502414263,9.398903575388791e-05,0.0005007842227968482,0.0007421484398319252,1.5,-0.008264631321133073,-0.6356484066286369
BCAX,validation,2,3,23,2024-09-17,2024-10-15,27.26000022888184,20.0,time,21,0.021304268110384408,0.0007815212007156419,0.26632429082630393,0.005673844096071571,0.00010528532257789112,0.00047145266390581555,0.0008301569995867794,1.5,0.005927263109174644,0.27821951350140484
MBX,validation,2,3,23,2024-09-17,2024-10-15,21.979999542236328,24.09000015258789,time,21,0.027222124362868604,0.0012384952197364296,-0.09599639009532401,-0.0026132256695613598,0.00015918911187036555,0.0007182387597907676,0.001060756321989857,1.5,-0.002429897219232636,-0.0892618513839079
GRDN,validation,2,3,23,2024-09-30,2024-10-28,17.700000762939453,17.639999389648438,time,21,0.028764011469873247,0.0016250853237305954,0.0033899079494192907,9.750735113891052e-05,0.0001609921768419342,0.0007098914436395213,0.0007874049424565815,1.5,1.4028673114036536e-05,0.00048771615630628716
SARO,validation,6,7,27,2024-10-10,2024-11-07,32.2400016784668,29.270000457763672,time,21,0.03860476005279669,0.0011974180534420052,0.09212162115632883,0.0035563330804147166,0.00020769489810039995,0.0009183626349132034,0.001995372528876388,1.5,0.004425648076277501,0.11463995813534109
UPB,validation,7,8,28,2024-10-22,2024-11-19,25.89999961853028,22.739999771118164,time,21,0.03568655936174471,0.0013778594551102845,0.12200771791329601,0.004354035667903841,0.0001891300764447369,0.0008800092986578267,0.0008521659436307102,1.5,0.004137062236431987,0.11592774171630668
CBLL,validation,9,10,30,2024-10-24,2024-11-21,26.01000022888184,25.229999542236328,time,21,0.038637318874197434,0.0014854793746327637,0.029988492110022635,0.001158674932211301,0.00021374590004479205,0.000995872448758758,0.0013680083990734956,1.5,0.0013170649824812463,0.03408789794057893
SEPN,validation,2,3,23,2024-10-29,2024-11-26,20.71999931335449,24.280000686645508,time,21,0.024059169251072054,0.0011611568556165635,-0.17181474378700967,-0.004133720000601248,0.00014532455886187757,0.0006697110417765574,0.0012945552718547667,1.5,-0.0036542003293849154,-0.15188389471187114
TTAN,validation,5,6,26,2024-12-19,2025-01-22,107.16999816894533,95.16000366210938,time,21,0.039160268624250386,0.0003654032779072853,0.11206489420577492,0.004388491360446346,0.00020862585865377955,0.0009332073547132009,0.0014979137954662949,1.5,0.004744571942545661,0.12115779868801864
BBNX,validation,3,4,24,2025-02-04,2025-03-05,22.88999938964844,18.06999969482422,time,21,0.03965844867821768,0.0017325666114326088,0.210572294597962,0.008350970538367813,0.00020091594514268127,0.0009315433056199185,-0.0014697055470911263,1.5,0.0057488057405140885,0.14495790763675553
KRMN,validation,5,6,26,2025-02-21,2025-03-21,29.350000381469727,34.939998626708984,time,21,0.040086892166148066,0.0013658225432752339,-0.1904599036655732,-0.007634945620216778,0.00024266376655891802,0.0010686098097985332,-0.004550968110265681,1.5,-0.01349718730683991,-0.33669827161701993
KMTS,validation,9,10,30,2025-03-19,2025-04-16,22.920000076293945,24.57999992370605,time,21,0.03890940029591685,0.0016976178083071068,-0.07242582207183479,-0.0028180453027538714,0.00022416686632867154,0.0010166305560511566,-0.0038544429267374685,1.5,-0.007913285651871167,-0.20337721968697592
CRWV,validation,4,5,25,2025-04-03,2025-05-02,55.38999938964844,51.56999969482422,time,21,0.03830002386197415,0.0006914609908649295,0.0689655124917391,0.002641380774086887,0.00020833302801127087,0.0007562566448693665,0.002281731597164201,1.5,0.003958522698370451,0.10335561963711036
FATN,validation,2,3,23,2025-04-10,2025-05-09,7.53000020980835,7.130000114440918,time,21,0.012972760632148679,0.0017228101289095258,0.05312086111849024,0.0006891242158637873,7.11599127091675e-05,0.0003880937487417913,0.0011763185439717845,1.5,0.001406189098384613,0.10839551721164424
CHA,validation,2,3,23,2025-04-22,2025-05-20,31.920000076293945,29.15999984741211,time,21,0.016422361003883366,0.0005144849926262931,0.08646617237734933,0.0014199786974048384,8.91039755319814e-05,0.00041314982658029973,0.0034435032687331916,1.5,0.004361228164025749,0.2655664531424231
YB,validation,2,3,23,2025-05-02,2025-06-02,15.300000190734863,15.140000343322754,time,21,0.012928639479193439,0.0008450091057529897,0.010457506236437819,0.00013520132798232136,7.225454599351052e-05,0.0003137750200005192,0.000960841149915426,1.5,0.0007100129119037177,0.05491783671796008
ANTA,validation,2,3,23,2025-05-16,2025-06-16,11.899999618530272,12.789999961853027,time,21,0.01303924983660062,0.0010957353155118044,-0.0747899472145257,-0.000975204806996374,7.553343318962398e-05,0.00033717340810348657,0.0003781104358478484,1.5,-0.0010098012124416364,-0.07744319842750212
ETOR,validation,2,3,23,2025-05-16,2025-06-16,66.58999633789062,61.5,time,21,0.03666359506950605,0.0005505871314884569,0.07643785279793369,0.0028024864829659492,0.00019852254939439182,0.0008930818240136178,0.0010631660628640939,1.5,0.0027740481724220336,0.0756621975330857
MNTN,validation,2,3,23,2025-05-27,2025-06-25,28.0,22.13999938964844,time,21,0.016578421165592872,0.0005920864701997455,0.20928573608398426,0.0034696270767514085,8.434372592619927e-05,0.0003402241638294091,0.0008931754537884975,1.5,0.003938234640784298,0.23755185137640095
CRCL,validation,2,3,23,2025-06-09,2025-07-09,132.72000122070312,200.67999267578125,time,21,0.013037282150931064,9.823148004083476e-05,-0.512055386000682,-0.006675810544194808,8.985704439001586e-05,0.0004306830591296387,0.0007936899215744224,1.5,-0.00640266072614004,-0.491103947281128
OMDA,validation,2,3,23,2025-06-10,2025-07-10,21.700000762939453,17.920000076293945,time,21,0.018210653369859577,0.0008392005866175272,0.17419357390536216,0.0031721787936475655,9.42822231575876e-05,0.0003606664351994278,0.001165056352464404,1.5,0.003882286487754954,0.21318765498993683
ASIC,validation,2,3,23,2025-06-13,2025-07-15,23.59000015258789,20.68000030517578,time,21,0.03595288126268971,0.0015240729559192299,0.1233573475451154,0.00443505206916988,0.00019067453328896653,0.000837387371895119,0.0021301419541441572,1.5,0.005537132118129951,0.1540108031307115
VOYG,validation,2,3,23,2025-06-13,2025-07-15,49.459999084472656,40.54999923706055,time,21,0.015280064056437632,0.0003089378151896209,0.18014557242903972,0.0027526358861993524,7.886783212743119e-05,0.0003429540731520274,0.0009053156343941077,1.5,0.003236129615314002,0.21178769953851015
CHYM,validation,2,3,23,2025-06-16,2025-07-16,35.11000061035156,31.6299991607666,time,21,0.024404542939526715,0.0006950880807541618,0.09911710023038123,0.0024189075286137124,0.00013090863543647956,0.0005525040012023375,0.0014523189833210567,1.5,0.0031878138752959523,0.13062378931640728
AIRO,validation,2,3,23,2025-06-17,2025-07-17,32.220001220703125,26.290000915527344,time,21,0.013251470753521354,0.00041128088924486305,0.18404717816600913,0.002438895798735004,6.829532612520614e-05,0.0002542132081588773,0.000921647011620401,1.5,0.0030380342760713214,0.2292601578027869
MENS,validation,2,3,23,2025-06-20,2025-07-21,8.109999656677246,11.0,time,21,0.013318148558464077,0.0016421885477515131,-0.35635024237557333,-0.004745925466802568,8.664936283419223e-05,0.00037907185382911915,0.001014586198934876,1.5,-0.004197060484531004,-0.31513843430314104
CAI,validation,2,3,23,2025-06-23,2025-07-22,26.600000381469727,30.290000915527344,time,21,0.03501131914062648,0.001316214986410914,-0.13872182259922705,-0.004856834002790912,0.0002088024487574849,0.0009052190281488801,0.0029848828149966825,1.5,-0.002985972664700595,-0.08528592289559658
SLDE,validation,2,3,23,2025-06-23,2025-07-22,22.799999237060547,18.709999084472656,time,21,0.040156353298180784,0.00176124362464487,0.17938597760739172,0.007203486693541967,0.00020755156606481318,0.0008837039912250347,0.00342352164427845,1.5,0.009535752780530569,0.23746560624474258
HCHL,validation,2,3,23,2025-06-26,2025-07-25,5.199999809265137,4.400000095367432,time,21,0.013694154500904701,0.002633491346769868,0.15384610446952318,0.0021067923239679767,7.160991435061132e-05,0.0003249822372664909,0.0009481497773247057,1.5,0.00265834994967558,0.1941229704615905
HNGE,validation,23,24,44,2025-06-26,2025-07-25,44.47999954223633,45.77000045776367,time,21,0.0410824635027141,0.0009236165450879541,-0.029001819442520782,-0.0011914661887596632,0.00022750501333599645,0.0010644900537151232,0.002155924242632522,1.1369112213028552,-0.0003275370131782607,-0.007972672163552755
ARX,validation,3,4,24,2025-07-29,2025-08-26,29.0,29.229999542236328,time,21,0.04151054740251251,0.0014313981862935348,-0.007931018697804326,-0.0003292209276054242,0.00023341496969003133,0.0010176559466861831,0.0006642595847384282,1.5,-0.0009160322592432104,-0.022067457948958914
AMBQ,validation,2,3,23,2025-08-01,2025-08-29,41.5,39.709999084472656,time,21,0.016108397298248815,0.0003881541517650317,0.04313255218138179,0.0006947962870251464,8.861470880785754e-05,0.00037619992856078406,0.0007233732761352201,1.5,0.0009533549257917249,0.05918372313149779
FIG,validation,2,3,23,2025-08-04,2025-09-02,113.91999816894533,65.56999969482422,time,21,0.013895133507243041,0.00012197273288783167,0.4244206394948956,0.0058973814490110455,6.316656708383586e-05,0.00024066236740130374,0.0004863653290121156,1.5,0.006079917843538021,0.43755735346974356
FLY,validation,2,3,23,2025-08-11,2025-09-09,49.5099983215332,44.540000915527344,time,21,0.02663938725969324,0.0005380607586913828,0.10038371186622075,0.002674160574969717,0.00014265651793947862,0.0006276927111620368,0.0008067536131038159,1.5,0.002710564958972017,0.10175027422921401
WYFI,validation,2,3,23,2025-08-11,2025-09-09,15.25,18.38999938964844,time,21,0.014086961458591292,0.0009237351776125438,-0.20590159932120922,-0.002900527893900182,8.622362648887754e-05,0.00038613229911776265,0.0004266129300792181,1.5,-0.0029462708894276044,-0.20914878613732177
HTFL,validation,2,3,23,2025-08-13,2025-09-11,30.209999084472656,33.16999816894531,time,21,0.04190086713377946,0.0013869867065079019,-0.09798077372316238,-0.004105479381439133,0.00024515648685007995,0.0011000951046666132,0.001239662236585696,1.5,-0.00421106873637013,-0.10050075390862899
BLSH,validation,2,3,23,2025-08-15,2025-09-15,75.3499984741211,51.08000183105469,time,21,0.013869769139911683,0.00018407125973168064,0.32209684319239795,0.004467408855772894,6.659828717645773e-05,0.00027830040423892634,0.0004805106619226756,1.5,0.004603020826280185,0.33187436501985607
MIAX,validation,2,3,23,2025-08-18,2025-09-16,31.76000022888184,38.02000045776367,time,21,0.03819914809598955,0.0012027439490145877,-0.19710328034535496,-0.007529177396117556,0.00023304371399053434,0.0010581999119903215,0.0015277058134946094,1.5,-0.007292715208603803,-0.19091303267492107
FIGR,validation,2,3,23,2025-09-15,2025-10-13,33.5,44.0,time,21,0.023363891839425575,0.0006974296071470321,-0.31343283582089554,-0.007323010875043837,0.00014918144863723708,0.0007143381156455005,0.00018063574422128568,1.5,-0.008005894695105289,-0.3426610065706468
BRCB,validation,2,3,23,2025-09-16,2025-10-14,28.239999771118164,24.75,time,21,0.030455446362536397,0.001078450658972173,0.1235835623018483,0.0037637925529751177,0.00016115151597450065,0.0006631187707334627,5.2488633673102403e-05,1.5,0.002992010899940257,0.09824222782105617
GEMI,validation,2,3,23,2025-09-16,2025-10-14,33.0,22.64999961853028,time,21,0.013747896079219779,0.00041660291149150843,0.31363637519605214,0.004311840292858509,6.621335609135649e-05,0.00025897822434496783,2.369389936000753e-05,1.5,0.004010342611782192,0.29170591548505415
NTSK,validation,3,4,24,2025-09-23,2025-10-21,26.850000381469727,22.549999237060547,time,21,0.04137119860919238,0.0015408267419520904,0.16014901613844235,0.006625556753730255,0.00021519989353132902,0.0008832789275848787,0.00042536602088653647,1.5,0.005952443953500583,0.14387893398326615
FRMI,validation,2,3,23,2025-10-03,2025-10-31,30.01000022888184,26.209999084472656,time,21,0.014797376725959559,0.0004930815265945402,0.1266244956823438,0.0018737103653462788,7.826100708656426e-05,0.0003291553989401965,0.0003998666727821041,1.5,0.0018661606321016223,0.12611428813782588
NP,validation,3,4,24,2025-10-06,2025-11-03,31.739999771118164,25.26000022888184,time,21,0.03759059772835574,0.0011843288594652521,0.2041587772200555,0.007674450467192103,0.00019151801230299213,0.0007868455354762033,0.0009839559609011216,1.5,0.007680042880314029,0.20430754881348262
PXED,validation,2,3,23,2025-10-13,2025-11-10,36.380001068115234,32.959999084472656,time,21,0.019932879611088358,0.0005479076147844939,0.09400774830212943,0.0018738451294158423,0.00010712769317587544,0.0004944409600906613,0.0009409008866012409,1.5,0.0022131773627505464,0.1110314919836966
YDDL,validation,2,3,23,2025-10-13,2025-11-10,5.5,4.570000171661377,time,21,0.021716350252331804,0.003948427318605782,0.16909087787974963,0.0036720367285109088,0.00011263648696613747,0.00047719564889888376,0.0010250868717832187,1.5,0.004107291464429107,0.18913359826603848
LGN,validation,35,36,56,2025-10-31,2025-12-01,40.0,44.81999969482422,time,21,0.0325302050653782,0.000813255126634455,-0.12049999237060538,-0.003919889462192305,0.00019087768009297033,0.0008200128964157335,-0.0003218891561810372,1.4210876402924233,-0.005252669194882046,-0.16147052206788717
PTRN,validation,35,36,56,2025-11-07,2025-12-08,17.75,12.850000381469728,time,21,0.022188082124629162,0.0012500327957537557,0.27605631653691676,0.006125160222343732,0.00011677701539902647,0.0004934504477700617,0.0012299706278358223,2.355263412218215,0.006744903387010465,0.30398767000792304
BLLN,validation,2,3,23,2025-11-10,2025-12-09,101.52999877929688,109.52999877929688,time,21,0.018952273146597396,0.00018666673273379355,-0.07879444593897977,-0.0014933338618703484,0.00010991475733324532,0.0004985435080200537,0.00024346528812016745,1.5,-0.0018583268391034798,-0.09805297890807971
EVMN,validation,2,3,23,2025-11-10,2025-12-09,19.01000022888184,17.84000015258789,time,21,0.023809513510821792,0.0012524730785982876,0.06154655771736239,0.0014653935975161136,0.00012973096417126094,0.0006171262820937984,0.00030586252224599136,1.5,0.0010243988734970457,0.043024771297046474
CDNL,validation,4,5,25,2025-12-16,2026-01-15,27.93000030517578,26.56999969482422,time,21,0.043658285946215604,0.0015631323118218932,0.04869318279597501,0.002125860898138023,0.00023942261904279292,0.0009420477465974039,0.0012543499466529644,1.5,0.0021987404791507905,0.050362501218199615
ANDG,validation,2,3,23,2025-12-19,2026-01-21,27.170000076293945,22.8799991607666,time,21,0.025692076536997288,0.0009456045809662637,0.15789477009499187,0.004056644518072121,0.0001338343796241501,0.0005774717134700095,0.0005018115607278264,1.5,0.003847149985705787,0.14974071792779328
MDLN,validation,2,3,23,2025-12-19,2026-01-21,38.81999969482422,43.29999923706055,time,21,0.03016259960140846,0.000776986085484951,-0.1154044198210964,-0.0034808973072965764,0.00017773062678804727,0.0008159833869676732,0.0005891287595922863,1.5,-0.0038854825614600104,-0.128817894107462
AKTS,validation,2,3,23,2026-01-13,2026-02-11,23.049999237060547,18.059999465942383,time,21,0.015097357961518412,0.0006549830135024206,0.21648589745265923,0.0032683650874633647,7.635130381633071e-05,0.0003353824887732165,-0.00011494024756993435,1.5,0.002741691047303883,0.18160071810525835
EQPT,validation,5,6,26,2026-01-30,2026-03-02,30.850000381469727,30.06999969482422,time,21,0.031162536913953674,0.0010101308437153757,0.025283652414929025,0.0007879027516997997,0.0001724673401553854,0.0008077799895077715,-0.00036554841752843987,1.5,-0.000557892995491797,-0.017902682218468188
MANE,validation,2,3,23,2026-02-06,2026-03-09,37.0,51.31999969482422,time,21,0.022364404662599865,0.0006044433692594558,-0.387027018779033,-0.008655628863333929,0.0001468483310682481,0.0006700110825467252,-0.00015703600322973944,1.5,-0.009629524280178641,-0.43057369178631233
OFRM,validation,2,3,23,2026-02-10,2026-03-11,21.32999992370605,20.700000762939453,time,21,0.04396727362365831,0.0020612880347361516,0.029535825739334443,0.0012986097319820046,0.0002426167996284895,0.0011748850985175642,-0.0017670416702101066,1.5,-0.0018859338363741557,-0.042894036426205776
SGP,validation,2,3,23,2026-02-10,2026-03-11,26.350000381469727,27.100000381469727,time,21,0.014655757874552769,0.0005561957367127489,-0.028462997690407166,-0.00041714680253456167,8.299730832581789e-05,0.0003866619797171709,-0.0005890138900700357,1.5,-0.001475819980647586,-0.10069898761155822
SWMR,validation,2,3,23,2026-03-19,2026-04-17,52.56999969482422,35.130001068115234,time,21,0.01425011445710215,0.0002710693273697155,0.3317481211327844,0.004727448697070767,6.832800727394601e-05,0.00029026361659690745,0.0017299402842544192,1.5,0.006098797357454333,0.42798234188320766
PAYP,validation,9,10,30,2026-03-25,2026-04-23,23.780000686645508,20.229999542236328,time,21,0.04321677386313252,0.0018173579737279994,0.14928515735505454,0.006451622886535544,0.00022686472929869542,0.000965752683635538,0.004899264407461099,1.5,0.01015826988106241,0.23505386851026042
GMTL,validation,6,7,27,2026-03-30,2026-04-28,16.81999969482422,18.89999961853028,time,21,0.04302090473344658,0.002557723276694517,-0.12366230448542215,-0.005320064220385817,0.00025566046517351646,0.0012023430804005007,0.007216190576255466,1.5,0.0004381228102956318,0.010183951569828643
ALMR,validation,2,3,23,2026-04-21,2026-05-19,21.75,20.51000022888184,time,21,0.041184464164492215,0.0018935385822755042,0.057011483729570545,0.0023479874086250307,0.00022517094329911315,0.001127962902168493,0.0020395624975966657,1.5,0.00303441606075409,0.07367865825896203
AVEX,validation,2,3,23,2026-04-21,2026-05-19,37.38999938964844,26.32999992370605,time,21,0.025361868990217758,0.0006783062156786044,0.29580100685972166,0.007502066383150766,0.00012352249761868108,0.0004852715739563456,0.0012559861566926794,1.5,0.00814925846826842,0.32131931883299464
KLRA,validation,2,3,23,2026-04-21,2026-05-19,24.8700008392334,19.6200008392334,time,21,0.03740555188135246,0.0015040430486171813,0.21109770095857494,0.007896226005240202,0.00019010100969589556,0.000878432758757859,0.001852420867111541,1.5,0.008680113103897987,0.23205413815121992
ARXS,validation,5,6,26,2026-04-23,2026-05-21,36.2599983215332,34.59000015258789,time,21,0.04445389420355757,0.0012259761792972389,0.04605621197598275,0.0020473779745969587,0.0002444477841945852,0.0010852662174690175,0.0031221079557759005,1.5,0.0038397719287092567,0.08637650306015185
ELMT,validation,2,3,23,2026-04-27,2026-05-26,16.299999237060547,15.649999618530272,time,21,0.021227766672294916,0.0013023170347168074,0.03987727907694627,0.0008465055757714043,0.00011709337583403802,0.0005038881619350326,0.0016707320430748955,1.5,0.0018962560810772292,0.089329042962965
XE,validation,3,4,24,2026-04-29,2026-05-28,35.470001220703125,27.59000015258789,time,21,0.03753877543706418,0.001058324616441049,0.22215959393640605,0.008339599107968112,0.00019005873104581717,0.0007898881376151876,0.0034529318408902717,1.5,0.010812584080197378,0.2880377410905497
AVLN,validation,3,4,24,2026-05-05,2026-06-03,29.31999969482422,26.39999961853028,time,21,0.03514426605264488,0.0011986448300969391,0.0995907266946322,0.0035000429953323973,0.00018853208859469803,0.000845572579291364,0.002371530941088368,1.5,0.004837469268534704,0.13764604619394652
COAG,validation,2,3,23,2026-05-05,2026-06-03,23.809999465942383,26.170000076293945,time,21,0.015950373173780466,0.0006699022902791637,-0.099118045497115,-0.0015809698139347362,9.34897801692826e-05,0.00044609909776212596,0.0010763293063756974,1.5,-0.0010442293854904475,-0.06546739528370234
YSWY,validation,11,12,32,2026-05-07,2026-06-05,26.1200008392334,22.18000030517578,time,21,0.046554171119734825,0.0017823188983136784,0.15084228206224104,0.0070223374112168765,0.00022454167996980266,0.001067142231510416,7.916837611873936e-05,0.5,0.0058098218758553975,0.12479702110714952
JAN,validation,37,38,58,2026-05-13,2026-06-11,26.90999984741211,25.670000076293945,time,21,0.04643782767806561,0.0017256717926935055,0.046079516096222184,0.002139832627965018,0.0002384763467737693,0.0011325953790472692,-2.798231445668884e-05,0.6267727733173146,0.0007407785876872907,0.015952050832842665
MAIR,validation,19,20,40,2026-05-13,2026-06-11,40.97999954223633,40.2599983215332,time,21,0.04643782767806561,0.0011331827280818814,0.017569576104095597,0.0008158929474986537,0.00023943250705017575,0.0011632930167339251,-2.2322535094007807e-05,0.5,-0.000609155111379455,-0.01311764873246176
REA,validation,6,7,27,2026-05-14,2026-06-12,27.0,18.3700008392334,time,21,0.023841037887852988,0.0008830014032538144,0.3196295985469112,0.00762030136903615,0.00011444078460729412,0.00045991759052381703,-9.137071046128482e-05,1.5,0.006954572283443754,0.2917059364679383
CBRS,validation,2,3,23,2026-05-18,2026-06-16,291.54998779296875,212.25,time,21,0.024269051280909733,8.324147589449848e-05,0.2719944816093771,0.006601048022302432,0.00011950739830121707,0.0005104545658901487,0.0005166559193933193,1.5,0.006487741977504385,0.2673257352506278
FRVO,validation,4,5,25,2026-05-19,2026-06-17,38.72999954223633,36.4900016784668,time,21,0.04964662909652344,0.0012818649543845765,0.05783624813438848,0.0028713747594624798,0.00027096795447268177,0.0011827187965975895,0.0006263421540335161,1.5,0.0020440301624257244,0.04117158001707834
PBLS,validation,2,3,23,2026-06-12,2026-07-14,29.86000061035156,31.14999961853028,time,21,0.028530984513384264,0.0009554917592162886,-0.04320157340289943,-0.001232583421711954,0.00016298346924349617,0.0006744975634211503,0.0006424870713220156,1.5,-0.0014275773830545848,-0.050036036519696306
SPCX,validation,3,4,24,2026-06-17,2026-07-17,209.83999633789065,123.98999786376952,time,21,0.03545450482232117,0.0001689597094980466,0.4091212350951574,0.014505190802595248,0.00016216899038629383,0.0006657776917864179,-0.0005662980610828398,1.5,0.013110946059339696,0.36979633829451797
KARD,validation,2,3,23,2026-06-23,2026-07-22,22.959999084472656,22.86000061035156,time,21,0.01736942092586638,0.0007565079102121106,0.00435533441239222,7.564963668175146e-05,9.717620728864193e-05,0.00043659512527628535,0.0004828709774728694,1.5,2.4749281589693582e-05,0.0014248766090317485
INIO,validation,11,12,32,2026-06-24,2026-07-23,38.290000915527344,27.989999771118164,time,21,0.05198105897661413,0.0013575622286165785,0.2689997622912651,0.013982892508357436,0.000287453030154168,0.001144586575247635,0.0006384788502698927,3.0,0.013189331753225526,0.25373341776586933
DPC,validation,4,5,25,2026-07-01,2026-07-30,49.0099983215332,46.88999938964844,time,21,0.051818476005961185,0.0010573041783434227,0.04325645795734123,0.002241483728765357,0.0002845106882460721,0.0012509418962294643,-0.0003453403269861352,1.5,0.00036069081730368533,0.006960660465240073
