symbol,signal_day,signal_date,entry_date,exit_date,year,y,pred,thr,short_it
ABCL,2,2020-12-14,2020-12-15,2021-01-14,2020,0.1007624610271016,-0.0507436243313276,0.0,False
ABCL,5,2020-12-17,2020-12-18,2021-01-20,2020,0.0453698965805154,-0.0234995218536138,0.0,False
ABCL,10,2020-12-24,2020-12-28,2021-01-27,2020,-0.1188536541615345,-0.03668160604336182,0.0,False
ABNB,2,2020-12-11,2020-12-14,2021-01-13,2020,-0.2474592432992765,0.010099445259475995,0.0,True
ABNB,5,2020-12-16,2020-12-17,2021-01-19,2020,-0.2206745096780391,0.030546431547830613,0.0,True
ABNB,10,2020-12-23,2020-12-24,2021-01-26,2020,-0.1781099527534433,-0.1331111018402396,0.0,False
ACI,2,2020-06-29,2020-06-30,2020-07-29,2020,0.086945668385614,-0.07735323577544438,0.0,False
ACI,5,2020-07-02,2020-07-06,2020-08-03,2020,0.0895283415609086,0.005837632934061564,0.0,True
ACI,10,2020-07-10,2020-07-13,2020-08-10,2020,-0.0121645243240884,-0.015312909309406809,0.0,False
ACI,15,2020-07-17,2020-07-20,2020-08-17,2020,0.066262033779508,-0.08202799384887244,0.0,False
ACI,20,2020-07-24,2020-07-27,2020-08-24,2020,0.12135415398789,-0.018022099216621745,0.0,False
ADCT,2,2020-05-19,2020-05-20,2020-06-18,2020,-0.2291631012398285,-0.05328568193221061,0.0,False
ADCT,5,2020-05-22,2020-05-26,2020-06-23,2020,-0.1887212717479587,-0.014188823139350576,0.0,False
ADCT,10,2020-06-01,2020-06-02,2020-06-30,2020,-0.3351785642514463,-0.10656117750587847,0.0,False
ADCT,15,2020-06-08,2020-06-09,2020-07-08,2020,-0.290073603275789,-0.13272149334868388,0.0,False
ADCT,20,2020-06-15,2020-06-16,2020-07-15,2020,-0.1720222725464181,-0.0236572667210125,0.0,False
AI,2,2020-12-10,2020-12-11,2021-01-12,2020,-0.0579335949359346,-0.1423677905168939,0.0,False
AI,5,2020-12-15,2020-12-16,2021-01-15,2020,-0.2928259435544695,-0.12251508333182365,0.0,False
AI,10,2020-12-22,2020-12-23,2021-01-25,2020,0.1539117392935762,-0.1350642262010138,0.0,False
AI,15,2020-12-30,2020-12-31,2021-02-01,2020,0.0214832048746206,-0.17034981159307688,0.0,False
ALGM,2,2020-10-30,2020-11-02,2020-12-01,2020,-0.2256260436731536,-0.1635817498570101,0.0,False
ALGM,5,2020-11-04,2020-11-05,2020-12-04,2020,-0.2788638523913604,-0.10111168458248543,0.0,False
ALGM,10,2020-11-11,2020-11-12,2020-12-11,2020,-0.1736489397651223,-0.024470074971094456,0.0,False
ALGM,15,2020-11-18,2020-11-19,2020-12-18,2020,-0.1466668735422084,0.013755125683739308,0.0,True
ALGM,20,2020-11-25,2020-11-27,2020-12-28,2020,-0.0103704058355532,0.04295896920656576,0.0,True
ALXO,2,2020-07-20,2020-07-21,2020-08-18,2020,-0.3079435434641586,-0.09609204923007246,0.0,False
ALXO,5,2020-07-23,2020-07-24,2020-08-21,2020,-0.4951156767170677,-0.056617367882971996,0.0,False
ANNX,2,2020-07-27,2020-07-28,2020-08-25,2020,-0.2961121292678171,-0.061466664535942045,0.0,False
ANVS,2,2020-01-30,2020-01-31,2020-03-02,2020,0.1512683218956482,0.14743154560543734,0.0,True
API,2,2020-06-29,2020-06-30,2020-07-29,2020,0.1570609561498493,-0.04630745338472714,0.0,False
API,5,2020-07-02,2020-07-06,2020-08-03,2020,0.3752197633026403,-0.051936342890050884,0.0,False
API,10,2020-07-10,2020-07-13,2020-08-10,2020,0.3291775250948976,-0.10842048439462501,0.0,False
API,15,2020-07-17,2020-07-20,2020-08-17,2020,0.2479356555680883,-0.10227700344288031,0.0,False
API,20,2020-07-24,2020-07-27,2020-08-24,2020,0.1252709238001964,-0.0791135871381168,0.0,False
ARQT,2,2020-02-03,2020-02-04,2020-03-04,2020,-0.2043455900313916,-0.12898388451819828,0.0,False
ARQT,5,2020-02-06,2020-02-07,2020-03-09,2020,-0.4447967824433002,-0.13280825414004313,0.0,False
ARQT,15,2020-02-21,2020-02-24,2020-03-23,2020,-0.592204289875491,-0.13744930053991777,0.0,False
ARQT,20,2020-02-28,2020-03-02,2020-03-30,2020,-0.2480314299728349,-0.1533728534583223,0.0,False
ARRY,2,2020-10-16,2020-10-19,2020-11-16,2020,0.0169412921076568,-0.19857260309243205,0.0,False
ARRY,5,2020-10-21,2020-10-22,2020-11-19,2020,-0.061732751745397,-0.18106502545795863,0.0,False
ARRY,10,2020-10-28,2020-10-29,2020-11-27,2020,-0.1171412379826302,-0.10555180617289024,0.0,False
ARRY,15,2020-11-04,2020-11-05,2020-12-04,2020,0.0903890026029602,-0.039345258528422765,0.0,False
ARRY,20,2020-11-11,2020-11-12,2020-12-11,2020,0.0605094169652057,-0.062330030288920535,0.0,False
ASAN,2,2020-10-01,2020-10-02,2020-10-30,2020,0.0602525835170253,0.07926522694448704,0.0,True
ASAN,5,2020-10-06,2020-10-07,2020-11-04,2020,0.1348689622388666,0.11007569510515161,0.0,True
ASAN,10,2020-10-13,2020-10-14,2020-11-11,2020,0.0997686040125348,0.07290057615735981,0.0,True
ASAN,15,2020-10-20,2020-10-21,2020-11-18,2020,0.0533264226256392,0.10083900128206624,0.0,True
ASAN,20,2020-10-27,2020-10-28,2020-11-25,2020,-0.0869091897175136,0.07896333540114747,0.0,True
ASO,2,2020-10-05,2020-10-06,2020-11-03,2020,-0.2201888716048423,-0.1242869390517335,0.0,False
ASO,5,2020-10-08,2020-10-09,2020-11-06,2020,-0.3183233539228894,0.019978825679969944,0.0,True
ASO,10,2020-10-15,2020-10-16,2020-11-13,2020,-0.2114158399529081,0.030333546135434857,0.0,True
ASO,15,2020-10-22,2020-10-23,2020-11-20,2020,-0.0930839978843879,-0.04679603070554982,0.0,False
ASO,20,2020-10-29,2020-10-30,2020-11-30,2020,-0.1049684112460296,-0.05988470287206409,0.0,False
AVIR,2,2020-11-02,2020-11-03,2020-12-02,2020,0.1159255370731962,-0.15689575267627226,0.0,False
AVIR,5,2020-11-05,2020-11-06,2020-12-07,2020,0.2077036190757247,-0.1569658137100915,0.0,False
AVIR,10,2020-11-12,2020-11-13,2020-12-14,2020,-0.0422590481950142,-0.08291848382350821,0.0,False
AVIR,15,2020-11-19,2020-11-20,2020-12-21,2020,-0.0940997169927565,-0.19438070212280437,0.0,False
AVIR,20,2020-11-27,2020-11-30,2020-12-29,2020,-0.1565747498798976,-0.24147522431658996,0.0,False
AVO,2,2020-10-05,2020-10-06,2020-11-03,2020,-0.0969656964430276,0.01611047055747727,0.0,True
AVO,5,2020-10-08,2020-10-09,2020-11-06,2020,-0.1191751151183581,0.10039549209584797,0.0,True
BDTX,2,2020-02-03,2020-02-04,2020-03-04,2020,0.094077081038854,-0.19549838192079041,0.0,False
BDTX,5,2020-02-06,2020-02-07,2020-03-09,2020,0.0588865117268492,-0.1369016596024642,0.0,False
BDTX,10,2020-02-13,2020-02-14,2020-03-16,2020,0.0151676434361854,-0.10172926005241197,0.0,False
BDTX,15,2020-02-21,2020-02-24,2020-03-23,2020,0.1738329313724852,-0.07398360723370008,0.0,False
BDTX,20,2020-02-28,2020-03-02,2020-03-30,2020,-0.1802986844449815,-0.11904078008299022,0.0,False
BEAM,2,2020-02-07,2020-02-10,2020-03-10,2020,-0.2813435405374722,-0.001899751480506523,0.0,False
BEAM,5,2020-02-12,2020-02-13,2020-03-13,2020,0.0503489821435754,-0.026854903918885214,0.0,False
BEAM,10,2020-02-20,2020-02-21,2020-03-20,2020,-0.2267685463666269,0.00904760458761457,0.0,True
BEAM,15,2020-02-27,2020-02-28,2020-03-27,2020,-0.1823164592784176,-0.11272659649023019,0.0,False
BEAM,20,2020-03-05,2020-03-06,2020-04-03,2020,0.0814502438458019,0.048171097668864654,0.0,True
BEKE,2,2020-08-14,2020-08-17,2020-09-15,2020,-0.6514704048739329,0.022275593938085838,0.0,True
BEKE,5,2020-08-19,2020-08-20,2020-09-18,2020,-0.3773399899885851,0.07555799295494064,0.0,True
BEKE,10,2020-08-26,2020-08-27,2020-09-25,2020,-0.2699024660825664,-0.10644295371143318,0.0,False
BEKE,15,2020-09-02,2020-09-03,2020-10-02,2020,-0.283631816673336,-0.06706089168589349,0.0,False
BEKE,20,2020-09-10,2020-09-11,2020-10-09,2020,-0.3301557961781422,-0.059980037381729724,0.0,False
BILL,15,2020-01-03,2020-01-06,2020-02-04,2020,-0.4313523154317953,-0.07505544652932995,0.0,False
BILL,20,2020-01-10,2020-01-13,2020-02-11,2020,-0.5442411904513739,-0.20108923564608855,0.0,False
BNL,2,2020-09-18,2020-09-21,2020-10-19,2020,0.0467883274644544,-0.016938559540742814,0.0,False
BNL,5,2020-09-23,2020-09-24,2020-10-22,2020,0.0733412539541527,-0.019007433734135864,0.0,False
BNL,10,2020-09-30,2020-10-01,2020-10-29,2020,-0.0522220010428507,-0.013403926860448648,0.0,False
BNL,15,2020-10-07,2020-10-08,2020-11-05,2020,0.0028750490847805,-0.011347672426589862,0.0,False
BNL,20,2020-10-14,2020-10-15,2020-11-12,2020,-0.0349284766266321,-0.015120620768212356,0.0,False
BSY,2,2020-09-24,2020-09-25,2020-10-23,2020,-0.0896991233261154,-0.08343471124289266,0.0,False
BSY,5,2020-09-29,2020-09-30,2020-10-28,2020,-0.2024355409977636,-0.0073045202701672125,0.0,False
BSY,10,2020-10-06,2020-10-07,2020-11-04,2020,-0.191193710321489,0.05020167619437612,0.0,True
BSY,15,2020-10-13,2020-10-14,2020-11-11,2020,0.0005647782060336,-0.0618335607032359,0.0,False
BSY,20,2020-10-20,2020-10-21,2020-11-18,2020,0.1051295829971992,-0.16630535229824212,0.0,False
CCCC,2,2020-10-05,2020-10-06,2020-11-03,2020,0.0203919753875578,-0.1407947403747519,0.0,False
CCCC,5,2020-10-08,2020-10-09,2020-11-06,2020,-0.1011208137827737,0.06065121887947417,0.0,True
CCCC,10,2020-10-15,2020-10-16,2020-11-13,2020,-0.0255902391321081,0.06923562074233397,0.0,True
CCCC,15,2020-10-22,2020-10-23,2020-11-20,2020,-0.0713872695034196,-0.10198788995460674,0.0,False
CCCC,20,2020-10-29,2020-10-30,2020-11-30,2020,-0.322613765298447,-0.034200843738478086,0.0,False
CERT,2,2020-12-14,2020-12-15,2021-01-14,2020,-0.0051500558890448,-0.047533074463121265,0.0,False
CERT,5,2020-12-17,2020-12-18,2021-01-20,2020,0.0597531991010096,-0.14006611299595084,0.0,False
CERT,10,2020-12-24,2020-12-28,2021-01-27,2020,0.1151889069488512,-0.12441370752993726,0.0,False
CMPS,2,2020-09-21,2020-09-22,2020-10-20,2020,-0.2869044055046974,-0.14109085650830291,0.0,False
CMPS,5,2020-09-24,2020-09-25,2020-10-23,2020,0.1261920669874026,-0.10030556983733074,0.0,False
CMPS,10,2020-10-01,2020-10-02,2020-10-30,2020,-0.0264686481660649,-0.05530206939009126,0.0,False
CMPS,15,2020-10-08,2020-10-09,2020-11-06,2020,0.0059249695962323,0.06813603481549414,0.0,True
CMPS,20,2020-10-15,2020-10-16,2020-11-13,2020,0.0655542826772428,0.07557949663637348,0.0,True
CRSR,2,2020-09-24,2020-09-25,2020-10-23,2020,-0.4885103459098148,-0.10079614880660992,0.0,False
CRSR,5,2020-09-29,2020-09-30,2020-10-28,2020,-0.342636190349906,-0.07265336231837795,0.0,False
CRSR,10,2020-10-06,2020-10-07,2020-11-04,2020,-0.4361689555117625,0.032241997048360685,0.0,True
CRSR,15,2020-10-13,2020-10-14,2020-11-11,2020,-0.5687751650543725,0.06473768158316127,0.0,True
CRSR,20,2020-10-20,2020-10-21,2020-11-18,2020,-0.3539342040702961,0.030847834118043534,0.0,True
DASH,2,2020-12-10,2020-12-11,2021-01-12,2020,-0.058401298005452,-0.11951158242524969,0.0,False
DASH,5,2020-12-15,2020-12-16,2021-01-15,2020,-0.167968736133697,0.017670721117824622,0.0,True
DASH,10,2020-12-22,2020-12-23,2021-01-25,2020,-0.2049469841010542,0.02756167586720713,0.0,True
DASH,15,2020-12-30,2020-12-31,2021-02-01,2020,-0.3950789087264245,-0.0185162175396494,0.0,False
DYN,2,2020-09-18,2020-09-21,2020-10-19,2020,0.274407111724523,-0.04304406099361954,0.0,False
DYN,5,2020-09-23,2020-09-24,2020-10-22,2020,0.3252449274497865,0.022357212438263836,0.0,True
EBC,2,2020-10-16,2020-10-19,2020-11-16,2020,-0.1414653866863366,-0.08918463422858441,0.0,False
EBC,5,2020-10-21,2020-10-22,2020-11-19,2020,-0.115242887100035,-0.012547377177645527,0.0,False
EBC,10,2020-10-28,2020-10-29,2020-11-27,2020,-0.0977741159043466,-0.05206004696291278,0.0,False
EBC,15,2020-11-04,2020-11-05,2020-12-04,2020,-0.2965674666720216,-0.016815638246526873,0.0,False
EBC,20,2020-11-11,2020-11-12,2020-12-11,2020,-0.2594908665028073,-0.017045056602150468,0.0,False
FDMT,2,2020-12-14,2020-12-15,2021-01-14,2020,-0.11454069983608,-0.1006403516233667,0.0,False
FDMT,5,2020-12-17,2020-12-18,2021-01-20,2020,-0.1551534967929288,0.005847059717778774,0.0,True
FDMT,10,2020-12-24,2020-12-28,2021-01-27,2020,-0.0783208621589814,-0.026347773316472988,0.0,False
FHTX,2,2020-10-26,2020-10-27,2020-11-24,2020,0.0792624191195532,0.0018757779072646808,0.0,True
FHTX,5,2020-10-29,2020-10-30,2020-11-30,2020,-0.105205870705183,0.03430938295686575,0.0,True
FOUR,2,2020-06-08,2020-06-09,2020-07-08,2020,-0.3085210361672776,-0.20413017137083989,0.0,False
FOUR,5,2020-06-11,2020-06-12,2020-07-13,2020,-0.1820064592708029,-0.0390615744995017,0.0,False
FOUR,10,2020-06-18,2020-06-19,2020-07-20,2020,0.0671234926381396,-0.08860323754720775,0.0,False
FOUR,15,2020-06-25,2020-06-26,2020-07-27,2020,0.0518152564288791,-0.14192400564830876,0.0,False
FOUR,20,2020-07-02,2020-07-06,2020-08-03,2020,-0.0669708007486873,-0.048292172119092654,0.0,False
FROG,2,2020-09-17,2020-09-18,2020-10-16,2020,-0.2468854908822189,-0.012436597800505197,0.0,False
FROG,5,2020-09-22,2020-09-23,2020-10-21,2020,0.0269910680726715,-0.10358547608436636,0.0,False
FROG,10,2020-09-29,2020-09-30,2020-10-28,2020,0.0756324433459411,-0.19815860272954283,0.0,False
FROG,15,2020-10-06,2020-10-07,2020-11-04,2020,0.0501030584407504,-0.09619404177260264,0.0,False
FROG,20,2020-10-13,2020-10-14,2020-11-11,2020,0.1826827383441839,-0.018664433837884617,0.0,False
FTHM,2,2020-08-03,2020-08-04,2020-09-01,2020,-0.6350489281873142,0.060976568668666346,0.0,True
GDRX,2,2020-09-24,2020-09-25,2020-10-23,2020,-0.0310288930073728,-0.09170140474840888,0.0,False
GDRX,5,2020-09-29,2020-09-30,2020-10-28,2020,0.0971848815043516,-0.0953212610480337,0.0,False
GDRX,10,2020-10-06,2020-10-07,2020-11-04,2020,0.1171744238869912,-0.10337566616561714,0.0,False
GDRX,15,2020-10-13,2020-10-14,2020-11-11,2020,0.0053227952681292,-0.11544658831824689,0.0,False
GDRX,20,2020-10-20,2020-10-21,2020-11-18,2020,0.34154242305472,-0.048067191177615924,0.0,False
GFL,2,2020-03-04,2020-03-05,2020-04-02,2020,-0.0307008587130028,-0.06780905844783836,0.0,False
GFL,5,2020-03-09,2020-03-10,2020-04-07,2020,0.0732744283009188,-0.09265225144087795,0.0,False
GFL,10,2020-03-16,2020-03-17,2020-04-15,2020,0.1591132328323559,-0.12533876961749452,0.0,False
GFL,15,2020-03-23,2020-03-24,2020-04-22,2020,0.0548959359659368,-0.016871901706499777,0.0,False
GFL,20,2020-03-30,2020-03-31,2020-04-29,2020,-0.0925831858482344,-0.012040189926350952,0.0,False
HRMY,2,2020-08-20,2020-08-21,2020-09-21,2020,0.0559288119345705,0.050073619664755084,0.0,True
HRMY,5,2020-08-25,2020-08-26,2020-09-24,2020,-0.0390894614897715,0.013783424265567442,0.0,True
HRMY,10,2020-09-01,2020-09-02,2020-10-01,2020,0.0337033779342735,-0.09123641708975193,0.0,False
HRMY,15,2020-09-09,2020-09-10,2020-10-08,2020,0.2380519812711667,-0.18860771017289685,0.0,False
HRMY,20,2020-09-16,2020-09-17,2020-10-15,2020,-0.0438560461998152,-0.06146701551659281,0.0,False
IBEX,2,2020-08-10,2020-08-11,2020-09-09,2020,0.4082706636022003,-0.08962723744554559,0.0,False
IBEX,5,2020-08-13,2020-08-14,2020-09-14,2020,0.3180880093912644,-0.014142988066609106,0.0,False
IH,2,2020-10-12,2020-10-13,2020-11-10,2020,-0.0075860140230073,0.09237975539708478,0.0,True
IH,5,2020-10-15,2020-10-16,2020-11-13,2020,0.0248940862855951,0.14888987117494254,0.0,True
IH,10,2020-10-22,2020-10-23,2020-11-20,2020,-0.3367395127331291,0.07623697515651935,0.0,True
IH,15,2020-10-29,2020-10-30,2020-11-30,2020,-0.269151275427633,0.027359605042294156,0.0,True
IMNM,2,2020-10-05,2020-10-06,2020-11-03,2020,0.0025456983505466,0.0766759804679349,0.0,True
IVA,2,2020-07-13,2020-07-14,2020-08-11,2020,-0.0028011717067948,0.038160242680499036,0.0,True
IVA,5,2020-07-16,2020-07-17,2020-08-14,2020,-0.0070342555255792,-0.0016470144225178597,0.0,False
KC,2,2020-05-11,2020-05-12,2020-06-10,2020,0.2890077094096682,-0.021904616154958558,0.0,False
KC,5,2020-05-14,2020-05-15,2020-06-15,2020,0.1229748164659959,-0.015344504228114026,0.0,False
KC,10,2020-05-21,2020-05-22,2020-06-22,2020,-0.4418764339528144,-0.02082108445404175,0.0,False
KC,15,2020-05-29,2020-06-01,2020-06-29,2020,-0.3643145481474939,0.028284810729929142,0.0,True
KC,20,2020-06-05,2020-06-08,2020-07-07,2020,-0.7910378133235904,0.032822321076465065,0.0,True
KROS,2,2020-04-09,2020-04-13,2020-05-11,2020,-0.1936865865133325,-0.10514068041163982,0.0,False
KYMR,2,2020-08-24,2020-08-25,2020-09-23,2020,-0.2026224107642182,-0.031583543111532074,0.0,False
KYMR,5,2020-08-27,2020-08-28,2020-09-28,2020,-0.0191094758565649,-0.015268894213866725,0.0,False
KYMR,10,2020-09-03,2020-09-04,2020-10-05,2020,0.0149188526879701,-0.07181711644816463,0.0,False
KYMR,15,2020-09-11,2020-09-14,2020-10-12,2020,-0.2024991823564656,-0.04402810631013028,0.0,False
KYMR,20,2020-09-18,2020-09-21,2020-10-19,2020,-0.3088848815100367,0.048834995843699464,0.0,True
LEGN,2,2020-06-08,2020-06-09,2020-07-08,2020,-0.1506274607367426,-0.12469949035864183,0.0,False
LEGN,5,2020-06-11,2020-06-12,2020-07-13,2020,-0.0221640955328171,-0.12724784355329352,0.0,False
LEGN,10,2020-06-18,2020-06-19,2020-07-20,2020,0.1263111504238385,-0.13980809681031928,0.0,False
LEGN,15,2020-06-25,2020-06-26,2020-07-27,2020,0.1518574413773893,-0.17618195403851933,0.0,False
LEGN,20,2020-07-02,2020-07-06,2020-08-03,2020,0.1693662386938516,-0.1276077868374529,0.0,False
LI,2,2020-07-31,2020-08-03,2020-08-31,2020,0.0621017703391628,-0.042493986211909064,0.0,False
LI,5,2020-08-05,2020-08-06,2020-09-03,2020,0.0256578294627366,0.0838213101341138,0.0,True
LI,10,2020-08-12,2020-08-13,2020-09-11,2020,-0.0761542083650298,0.02026333451896892,0.0,True
LI,15,2020-08-19,2020-08-20,2020-09-18,2020,-0.2079991034937595,0.10748451393858392,0.0,True
LI,20,2020-08-26,2020-08-27,2020-09-25,2020,0.0952081013374508,-0.04721130890057193,0.0,False
LMND,2,2020-07-06,2020-07-07,2020-08-04,2020,0.312855363820548,-0.11483760037413318,0.0,False
LMND,5,2020-07-09,2020-07-10,2020-08-07,2020,0.2110615763444076,-0.16217693032717606,0.0,False
LMND,10,2020-07-16,2020-07-17,2020-08-14,2020,0.2316648837985025,-0.16306871862369066,0.0,False
LMND,15,2020-07-23,2020-07-24,2020-08-21,2020,0.2527421135887561,-0.1611711263029931,0.0,False
LMND,20,2020-07-30,2020-07-31,2020-08-28,2020,0.2406157398588475,-0.09742438616883677,0.0,False
LSF,2,2020-09-24,2020-09-25,2020-10-23,2020,-0.3480003583861919,0.054293011697343636,0.0,True
LSF,5,2020-09-29,2020-09-30,2020-10-28,2020,-0.2540470799440107,-0.027771194554066025,0.0,False
LSF,10,2020-10-06,2020-10-07,2020-11-04,2020,-0.1209895139011051,0.017020234509617805,0.0,True
LSF,15,2020-10-13,2020-10-14,2020-11-11,2020,0.1477465801879554,-0.09291499135160275,0.0,False
LSF,20,2020-10-20,2020-10-21,2020-11-18,2020,0.2101568107976676,-0.1062192791170948,0.0,False
LTRN,2,2020-06-12,2020-06-15,2020-07-14,2020,0.2053529531834546,-0.09920690950605947,0.0,False
LU,2,2020-11-02,2020-11-03,2020-12-02,2020,-0.0828001687973217,-0.001536522800282416,0.0,False
LU,5,2020-11-05,2020-11-06,2020-12-07,2020,-0.0289294335637598,0.0019035133456888121,0.0,True
LU,10,2020-11-12,2020-11-13,2020-12-14,2020,0.3142379247322238,0.009371595631536177,0.0,True
LU,15,2020-11-19,2020-11-20,2020-12-21,2020,0.097087213715874,0.00259540285200586,0.0,True
LU,20,2020-11-27,2020-11-30,2020-12-29,2020,0.1172608450027143,0.04278288785156841,0.0,True
LUNG,2,2020-10-02,2020-10-05,2020-11-02,2020,-0.0600775502221495,-0.01994845729479514,0.0,False
LUNG,5,2020-10-07,2020-10-08,2020-11-05,2020,-0.0104096761091583,-0.034520364187743936,0.0,False
LUNG,10,2020-10-14,2020-10-15,2020-11-12,2020,-0.1027598154144899,-0.012611860517970603,0.0,False
LUNG,15,2020-10-21,2020-10-22,2020-11-19,2020,-0.0727431792472729,0.05064463543932677,0.0,True
LUNG,20,2020-10-28,2020-10-29,2020-11-27,2020,-0.2908276080593133,0.022631966914582125,0.0,True
MASS,2,2020-12-21,2020-12-22,2021-01-22,2020,-0.2306244446826715,0.0062545137591579975,0.0,True
MASS,5,2020-12-24,2020-12-28,2021-01-27,2020,0.2397795897569144,-0.0592622644512352,0.0,False
MAX,2,2020-10-29,2020-10-30,2020-11-30,2020,-0.0307341267452133,0.010785255569390563,0.0,True
MAX,5,2020-11-03,2020-11-04,2020-12-03,2020,0.0992052001143015,0.0034277143880722272,0.0,True
MAX,10,2020-11-10,2020-11-11,2020-12-10,2020,0.0119951877074624,0.09306564618519841,0.0,True
MAX,15,2020-11-17,2020-11-18,2020-12-17,2020,0.0659479032014308,0.0998186621239597,0.0,True
MAX,20,2020-11-24,2020-11-25,2020-12-24,2020,-0.1431142158285953,0.0926717291046992,0.0,True
MCFE,2,2020-10-23,2020-10-26,2020-11-23,2020,0.2146331576981,-0.12579743241716618,0.0,False
MCFE,5,2020-10-28,2020-10-29,2020-11-27,2020,0.1547641291571412,0.08240864090774351,0.0,True
MCFE,10,2020-11-04,2020-11-05,2020-12-04,2020,0.0804806668519059,-0.01633667034936036,0.0,False
MCFE,15,2020-11-11,2020-11-12,2020-12-11,2020,0.048015172140314,0.026565414661192315,0.0,True
MCFE,20,2020-11-18,2020-11-19,2020-12-18,2020,-0.0217872978306204,0.026168707405899033,0.0,True
MNSO,2,2020-10-16,2020-10-19,2020-11-16,2020,0.1721920330650852,-0.042457491190479535,0.0,False
MNSO,5,2020-10-21,2020-10-22,2020-11-19,2020,0.1095380541001814,0.03343612991209455,0.0,True
MNSO,10,2020-10-28,2020-10-29,2020-11-27,2020,0.0824314884961023,0.06437298725336248,0.0,True
MNSO,15,2020-11-04,2020-11-05,2020-12-04,2020,-0.0496933402718533,0.07647879157119965,0.0,True
MNSO,20,2020-11-11,2020-11-12,2020-12-11,2020,-0.0956973048284621,0.06594325753825948,0.0,True
MRM,2,2020-12-30,2020-12-31,2021-02-01,2020,0.0752654348864355,0.0894346886408502,0.0,True
MRVI,2,2020-11-23,2020-11-24,2020-12-23,2020,-0.0340171340172757,-0.05525355883558167,0.0,False
MRVI,5,2020-11-27,2020-11-30,2020-12-29,2020,0.0804637343151235,-0.0636107080848728,0.0,False
MRVI,10,2020-12-04,2020-12-07,2021-01-06,2020,0.0489253174308101,-0.044699124869368334,0.0,False
MRVI,15,2020-12-11,2020-12-14,2021-01-13,2020,-0.0700876724127271,-0.04659671719006585,0.0,False
MRVI,20,2020-12-18,2020-12-21,2021-01-21,2020,-0.0387377178345118,-0.17335862919687547,0.0,False
NBTX,2,2020-12-14,2020-12-15,2021-01-14,2020,-0.1066801577398224,0.06983024621877208,0.0,True
NCNO,2,2020-07-15,2020-07-16,2020-08-13,2020,-0.1615289224188927,-0.0099168598719236,0.0,False
NCNO,5,2020-07-20,2020-07-21,2020-08-18,2020,-0.0413465603618358,-0.057210525395494156,0.0,False
NCNO,10,2020-07-27,2020-07-28,2020-08-25,2020,-0.1710426165676823,0.04777039131941916,0.0,True
NCNO,15,2020-08-03,2020-08-04,2020-09-01,2020,-0.2637786530480319,0.03233718796587317,0.0,True
NCNO,20,2020-08-10,2020-08-11,2020-09-09,2020,-0.0561016883413281,0.05274433691437336,0.0,True
NKTX,2,2020-07-13,2020-07-14,2020-08-11,2020,0.4529175469925347,-0.003480880208680679,0.0,False
NKTX,5,2020-07-16,2020-07-17,2020-08-14,2020,0.2862199489501441,-0.04454512093871291,0.0,False
NKTX,10,2020-07-23,2020-07-24,2020-08-21,2020,0.2294369524304145,-0.0543090620769197,0.0,False
NNOX,2,2020-08-24,2020-08-25,2020-09-23,2020,-0.1569109050708071,-0.010676440011315447,0.0,False
NNOX,5,2020-08-27,2020-08-28,2020-09-28,2020,-0.1392900410563891,0.07533911527724813,0.0,True
NNOX,10,2020-09-03,2020-09-04,2020-10-05,2020,-0.0856375452782225,0.07869569918798644,0.0,True
NNOX,15,2020-09-11,2020-09-14,2020-10-12,2020,0.4936600043644892,-0.028696734440251247,0.0,False
NNOX,20,2020-09-18,2020-09-21,2020-10-19,2020,-0.0122890766778769,-0.029399427706933427,0.0,False
NREF,2,2020-02-10,2020-02-11,2020-03-11,2020,-0.1805997278543232,0.04262885964448991,0.0,True
NRIX,2,2020-07-27,2020-07-28,2020-08-25,2020,-0.1074305407250705,0.03152646247575059,0.0,True
NRIX,5,2020-07-30,2020-07-31,2020-08-28,2020,-0.1934400437417272,0.14041165165356317,0.0,True
NTST,2,2020-08-14,2020-08-17,2020-09-15,2020,-0.0464669641911019,-0.012913646301413706,0.0,False
NTST,5,2020-08-19,2020-08-20,2020-09-18,2020,-0.0302434504193126,0.012185831674514038,0.0,True
NTST,10,2020-08-26,2020-08-27,2020-09-25,2020,-0.0901384330392874,-0.04539025826242665,0.0,False
NTST,20,2020-09-10,2020-09-11,2020-10-09,2020,-0.0865936796854631,-0.018361767439934566,0.0,False
OLMA,2,2020-11-20,2020-11-23,2020-12-22,2020,0.0489068143252251,-0.04363957462202451,0.0,False
OLMA,5,2020-11-25,2020-11-27,2020-12-28,2020,0.0065397487946724,-0.01354630102810583,0.0,False
OLMA,10,2020-12-03,2020-12-04,2021-01-05,2020,0.1622254786923797,0.036275646526568624,0.0,True
OLMA,15,2020-12-10,2020-12-11,2021-01-12,2020,0.0728042950717393,-0.03356120625359096,0.0,False
OLMA,20,2020-12-17,2020-12-18,2021-01-20,2020,-0.0598049261701656,-0.022643508579041256,0.0,False
ONEW,2,2020-02-10,2020-02-11,2020-03-11,2020,0.0678405326852804,0.005355282027035267,0.0,True
ORIC,2,2020-04-27,2020-04-28,2020-05-27,2020,-0.0012346518219233,-0.08775363082080498,0.0,False
ORIC,5,2020-04-30,2020-05-01,2020-06-01,2020,-0.0712740751879706,-0.04505832614443817,0.0,False
ORIC,10,2020-05-07,2020-05-08,2020-06-08,2020,-0.0591410595271128,0.10249321672541471,0.0,True
ORIC,15,2020-05-14,2020-05-15,2020-06-15,2020,0.0696871459148072,-0.01829984150206268,0.0,False
ORIC,20,2020-05-21,2020-05-22,2020-06-22,2020,-0.1014597013137305,-0.06368646001390392,0.0,False
PCVX,2,2020-06-15,2020-06-16,2020-07-15,2020,0.1090997965291609,-0.06688244694626695,0.0,False
PCVX,5,2020-06-18,2020-06-19,2020-07-20,2020,0.091960837575742,-0.046841294259551934,0.0,False
PCVX,10,2020-06-25,2020-06-26,2020-07-27,2020,0.1290599619725084,-0.08009084829706145,0.0,False
PLRX,2,2020-06-04,2020-06-05,2020-07-06,2020,-0.2250081493164041,-0.07423131320230765,0.0,False
PLRX,5,2020-06-09,2020-06-10,2020-07-09,2020,-0.2412726874190928,-0.04202303815291413,0.0,False
PLRX,10,2020-06-16,2020-06-17,2020-07-16,2020,0.0215471220557647,-0.14029839326146296,0.0,False
PLRX,15,2020-06-23,2020-06-24,2020-07-23,2020,0.1343515894975845,-0.030961615374918747,0.0,False
PLTR,2,2020-10-01,2020-10-02,2020-10-30,2020,-0.1742856068632221,0.11390733557148741,0.0,True
PLTR,5,2020-10-06,2020-10-07,2020-11-04,2020,-0.0742628224618397,0.1666953021199641,0.0,True
PLTR,10,2020-10-13,2020-10-14,2020-11-11,2020,-0.6722887573729484,0.11301636995002512,0.0,True
PLTR,15,2020-10-20,2020-10-21,2020-11-18,2020,-0.9462290584029108,0.13122985056694547,0.0,True
PLTR,20,2020-10-27,2020-10-28,2020-11-25,2020,-1.723109304726602,0.09433115382331983,0.0,True
PMVP,2,2020-09-28,2020-09-29,2020-10-27,2020,0.0126999665583081,-0.0347840403431921,0.0,False
PMVP,5,2020-10-01,2020-10-02,2020-10-30,2020,-0.1260092712165156,0.020686949861126094,0.0,True
PMVP,10,2020-10-08,2020-10-09,2020-11-06,2020,-0.079910404757198,0.06707062866197377,0.0,True
PMVP,15,2020-10-15,2020-10-16,2020-11-13,2020,0.0827604686407501,0.06707062866197377,0.0,True
PMVP,20,2020-10-22,2020-10-23,2020-11-20,2020,0.0649562523100114,0.036317375869806594,0.0,True
PPD,2,2020-02-07,2020-02-10,2020-03-10,2020,-0.079493721239599,-0.17344792884074642,0.0,False
PPD,5,2020-02-12,2020-02-13,2020-03-13,2020,-0.0380032122388272,-0.1560267779314155,0.0,False
PPD,10,2020-02-20,2020-02-21,2020-03-20,2020,0.0289746597244789,-0.25653384915476163,0.0,False
PPD,15,2020-02-27,2020-02-28,2020-03-27,2020,0.2696977401457713,-0.09495115272703693,0.0,False
PPD,20,2020-03-05,2020-03-06,2020-04-03,2020,0.3018955568142655,0.05489477878676254,0.0,True
PRLD,2,2020-09-28,2020-09-29,2020-10-27,2020,-0.3641220947322638,-0.050230469626360276,0.0,False
PRLD,5,2020-10-01,2020-10-02,2020-10-30,2020,-0.1258929179041716,-0.034454699016879066,0.0,False
PRLD,10,2020-10-08,2020-10-09,2020-11-06,2020,-0.0287144662768795,0.04351872152855858,0.0,True
PRLD,15,2020-10-15,2020-10-16,2020-11-13,2020,-0.3811662689132342,-0.05583800758021638,0.0,False
PRLD,20,2020-10-22,2020-10-23,2020-11-20,2020,-0.7298258941166748,-0.0755011629331999,0.0,False
PUBM,2,2020-12-10,2020-12-11,2021-01-12,2020,0.0508667903691239,0.044281416245836425,0.0,True
PUBM,5,2020-12-15,2020-12-16,2021-01-15,2020,-0.2242758740861544,0.0832443763611552,0.0,True
PUBM,10,2020-12-22,2020-12-23,2021-01-25,2020,-0.134376306944849,-0.026165713099656436,0.0,False
PUBM,15,2020-12-30,2020-12-31,2021-02-01,2020,-0.6651364712051465,-0.027229381461686263,0.0,False
REYN,2,2020-02-03,2020-02-04,2020-03-04,2020,-0.0815085945530611,-0.20141796733849324,0.0,False
REYN,5,2020-02-06,2020-02-07,2020-03-09,2020,-0.2199755237895981,-0.12919952394952308,0.0,False
REYN,10,2020-02-13,2020-02-14,2020-03-16,2020,-0.2459270253285148,-0.18089005627828222,0.0,False
REYN,15,2020-02-21,2020-02-24,2020-03-23,2020,-0.1909028037375509,-0.1731943634667237,0.0,False
REYN,20,2020-02-28,2020-03-02,2020-03-30,2020,-0.0597032478518389,-0.20959813523650378,0.0,False
RKT,2,2020-08-07,2020-08-10,2020-09-08,2020,0.022808690720806,-0.020021709282574147,0.0,False
RKT,5,2020-08-12,2020-08-13,2020-09-11,2020,-0.2344426324645157,0.06173865382947535,0.0,True
RKT,10,2020-08-19,2020-08-20,2020-09-18,2020,-0.0448916246396046,0.15817339242731862,0.0,True
RKT,15,2020-08-26,2020-08-27,2020-09-25,2020,0.1755325232980558,0.03754857164656998,0.0,True
RKT,20,2020-09-02,2020-09-03,2020-10-02,2020,0.0444103211062488,0.04244975979602157,0.0,True
RLAY,2,2020-07-17,2020-07-20,2020-08-17,2020,0.2479620045360122,-0.11442067917392426,0.0,False
RLAY,5,2020-07-22,2020-07-23,2020-08-20,2020,0.0811007218661353,-0.09375550318644736,0.0,False
RLAY,10,2020-07-29,2020-07-30,2020-08-27,2020,0.0199146436823958,-0.07407743444891218,0.0,False
RLAY,15,2020-08-05,2020-08-06,2020-09-03,2020,0.1091987204690369,-0.004578927224172349,0.0,False
RLAY,20,2020-08-12,2020-08-13,2020-09-11,2020,0.0371792963891566,-0.02256055855035766,0.0,False
RPRX,2,2020-06-17,2020-06-18,2020-07-17,2020,0.2466184930288676,-0.24630358679737632,0.0,False
RPRX,5,2020-06-22,2020-06-23,2020-07-22,2020,0.2239845787986235,-0.15307958088092904,0.0,False
RPRX,10,2020-06-29,2020-06-30,2020-07-29,2020,0.1824143616176133,-0.1303797812452661,0.0,False
RPRX,15,2020-07-07,2020-07-08,2020-08-05,2020,0.1127475550695507,-0.09963902711355906,0.0,False
RPRX,20,2020-07-14,2020-07-15,2020-08-12,2020,-0.0249245579743658,-0.04398690479489154,0.0,False
RVMD,2,2020-02-14,2020-02-18,2020-03-17,2020,-0.1310548063960042,-0.021474091051824577,0.0,False
RVMD,5,2020-02-20,2020-02-21,2020-03-20,2020,-0.2596625422591344,-0.1303107779479422,0.0,False
RVMD,10,2020-02-27,2020-02-28,2020-03-27,2020,0.0798293012700072,-0.1319735700565303,0.0,False
RVMD,15,2020-03-05,2020-03-06,2020-04-03,2020,0.1669243592984734,0.049189462992275806,0.0,True
RVMD,20,2020-03-12,2020-03-13,2020-04-13,2020,0.0454044181049485,-0.07686496864942106,0.0,False
RXT,2,2020-08-06,2020-08-07,2020-09-04,2020,-0.2422210893691254,-0.03829201363164464,0.0,False
RXT,5,2020-08-11,2020-08-12,2020-09-10,2020,-0.2311783906610638,-0.00786695017987023,0.0,False
RXT,10,2020-08-18,2020-08-19,2020-09-17,2020,-0.0123380580661303,-0.038282510191493466,0.0,False
RXT,15,2020-08-25,2020-08-26,2020-09-24,2020,-0.0401941241480204,-0.05594185196970402,0.0,False
RXT,20,2020-09-01,2020-09-02,2020-10-01,2020,0.0504222993755179,-0.04300138763519158,0.0,False
SDGR,2,2020-02-07,2020-02-10,2020-03-10,2020,-0.3113196827587242,-0.13822214591380239,0.0,False
SDGR,5,2020-02-12,2020-02-13,2020-03-13,2020,-0.653939635091904,-0.031517669658389744,0.0,False
SDGR,10,2020-02-20,2020-02-21,2020-03-20,2020,-0.2491848494106736,-0.04537761947284546,0.0,False
SDGR,15,2020-02-27,2020-02-28,2020-03-27,2020,-0.0767617325738511,-0.10863003360845407,0.0,False
SDGR,20,2020-03-05,2020-03-06,2020-04-03,2020,-0.169871296049418,-0.10309037350585744,0.0,False
SEER,2,2020-12-07,2020-12-08,2021-01-07,2020,-0.0012657742419982,-0.1347820518971428,0.0,False
SEER,5,2020-12-10,2020-12-11,2021-01-12,2020,0.2057360488947979,-0.030158707266887075,0.0,False
SEER,10,2020-12-17,2020-12-18,2021-01-20,2020,-0.224990903499799,-0.06533613872924608,0.0,False
SEER,15,2020-12-24,2020-12-28,2021-01-27,2020,-0.1064945567109186,-0.060832593741824155,0.0,False
SHC,2,2020-11-23,2020-11-24,2020-12-23,2020,0.0463970448390669,-0.14638247579401648,0.0,False
SHC,5,2020-11-27,2020-11-30,2020-12-29,2020,0.0273029633994049,-0.14038289175822843,0.0,False
SHC,10,2020-12-04,2020-12-07,2021-01-06,2020,0.0480836145421083,-0.17659428620336637,0.0,False
SHC,15,2020-12-11,2020-12-14,2021-01-13,2020,0.0201897980793811,-0.13318609475058366,0.0,False
SHC,20,2020-12-18,2020-12-21,2021-01-21,2020,0.0398836894558145,-0.1891895879126923,0.0,False
SLQT,2,2020-05-22,2020-05-26,2020-06-23,2020,0.059747531853451,-0.06984531758059509,0.0,False
SLQT,5,2020-05-28,2020-05-29,2020-06-26,2020,0.0463140260139912,0.02536997065025112,0.0,True
SLQT,10,2020-06-04,2020-06-05,2020-07-06,2020,0.0079526682189806,-0.052752076208511786,0.0,False
SLQT,15,2020-06-11,2020-06-12,2020-07-13,2020,0.0665796399018109,-0.07057587779960353,0.0,False
SLQT,20,2020-06-18,2020-06-19,2020-07-20,2020,0.1242113649596449,-0.04779605867430148,0.0,False
SNOW,2,2020-09-17,2020-09-18,2020-10-16,2020,-0.0098590959497827,-0.027746311523051858,0.0,False
SNOW,5,2020-09-22,2020-09-23,2020-10-21,2020,-0.0884130809065281,0.0022524223978856025,0.0,True
SNOW,10,2020-09-29,2020-09-30,2020-10-28,2020,-0.1004460895524218,-0.04241096059449568,0.0,False
SNOW,15,2020-10-06,2020-10-07,2020-11-04,2020,-0.0718181464435156,0.010329620514108462,0.0,True
SNOW,20,2020-10-13,2020-10-14,2020-11-11,2020,0.0420707199245952,0.04790509685355632,0.0,True
STEP,2,2020-09-17,2020-09-18,2020-10-16,2020,-0.0281208759301186,-0.16282146840423217,0.0,False
STEP,5,2020-09-22,2020-09-23,2020-10-21,2020,0.0003936184504939,-0.123894266990367,0.0,False
STEP,10,2020-09-29,2020-09-30,2020-10-28,2020,-0.0590150641100303,-0.06796588201230717,0.0,False
STEP,15,2020-10-06,2020-10-07,2020-11-04,2020,-0.1012929186577414,-0.01317013623916598,0.0,False
STEP,20,2020-10-13,2020-10-14,2020-11-11,2020,-0.1545507887733413,-0.006662363311924334,0.0,False
STTK,2,2020-10-12,2020-10-13,2020-11-10,2020,-0.2333207062948911,0.035921894419209795,0.0,True
STTK,5,2020-10-15,2020-10-16,2020-11-13,2020,-0.4919409311454644,0.06502777974579362,0.0,True
TARS,2,2020-10-19,2020-10-20,2020-11-17,2020,-0.0311948798598147,-0.09598791171200614,0.0,False
TLS,2,2020-11-20,2020-11-23,2020-12-22,2020,-0.4565420078389178,-0.001935340260497568,0.0,False
TLS,5,2020-11-25,2020-11-27,2020-12-28,2020,-0.4353923227793721,-0.005016250993355172,0.0,False
TLS,10,2020-12-03,2020-12-04,2021-01-05,2020,-0.4236813613282314,-0.02398316214203268,0.0,False
TLS,15,2020-12-10,2020-12-11,2021-01-12,2020,-0.6059625892534006,0.00162085822736487,0.0,True
TLS,20,2020-12-17,2020-12-18,2021-01-20,2020,-0.5884473455015669,0.019229279876763497,0.0,True
TSHA,2,2020-09-25,2020-09-28,2020-10-26,2020,0.1502835365198708,-0.06726779721890752,0.0,False
TSHA,5,2020-09-30,2020-10-01,2020-10-29,2020,0.0521207676001872,0.016517801578374163,0.0,True
TSHA,10,2020-10-07,2020-10-08,2020-11-05,2020,-0.0212094136507646,0.008949193121113502,0.0,True
TSHA,15,2020-10-14,2020-10-15,2020-11-12,2020,0.0293428520811358,0.07166115184108776,0.0,True
U,2,2020-09-21,2020-09-22,2020-10-20,2020,-0.1042759335304179,-0.23088323873233293,0.0,False
U,5,2020-09-24,2020-09-25,2020-10-23,2020,-0.0719677782728138,-0.1977962871172244,0.0,False
U,10,2020-10-01,2020-10-02,2020-10-30,2020,-0.2211954256929215,-0.09709098606958716,0.0,False
U,15,2020-10-08,2020-10-09,2020-11-06,2020,-0.2887513443332146,-0.05636354336713162,0.0,False
U,20,2020-10-15,2020-10-16,2020-11-13,2020,-0.2425463187415191,-0.06873886253689429,0.0,False
UCL,2,2020-06-11,2020-06-12,2020-07-13,2020,0.197440240926495,-0.07011343124632241,0.0,False
UPST,2,2020-12-17,2020-12-18,2021-01-20,2020,-0.4389235824675276,0.0062708135029085205,0.0,True
UPST,5,2020-12-22,2020-12-23,2021-01-25,2020,-0.3862868594542285,0.037407714175258,0.0,True
UPST,10,2020-12-30,2020-12-31,2021-02-01,2020,-0.8656777280557673,0.0037384543101661367,0.0,True
VEL,2,2020-01-21,2020-01-22,2020-02-20,2020,-0.0432157184366572,0.004482287424752085,0.0,True
VERX,2,2020-07-30,2020-07-31,2020-08-28,2020,-0.0936238421070196,-0.05504817853774459,0.0,False
VERX,5,2020-08-04,2020-08-05,2020-09-02,2020,0.1157548807077908,-0.05827662695288738,0.0,False
VERX,10,2020-08-11,2020-08-12,2020-09-10,2020,-0.0157096879793487,0.025787647136842506,0.0,True
VERX,15,2020-08-18,2020-08-19,2020-09-17,2020,0.0552932831562625,-0.03777959073646635,0.0,False
VERX,20,2020-08-25,2020-08-26,2020-09-24,2020,0.0946022907382332,0.005130186055950696,0.0,True
VITL,2,2020-08-03,2020-08-04,2020-09-01,2020,0.0188133283919367,-0.11576208715055189,0.0,False
VITL,5,2020-08-06,2020-08-07,2020-09-04,2020,0.111857726327397,0.019299952794863778,0.0,True
VITL,10,2020-08-13,2020-08-14,2020-09-14,2020,-0.0400023851659496,-0.03257909551068898,0.0,False
VITL,15,2020-08-20,2020-08-21,2020-09-21,2020,-0.1365359771563857,0.004168819146551505,0.0,True
VITL,20,2020-08-27,2020-08-28,2020-09-28,2020,-0.1746714348953631,-0.12292088907910072,0.0,False
WMG,2,2020-06-04,2020-06-05,2020-07-06,2020,-0.0085993697238839,-0.042908642588620205,0.0,False
WMG,5,2020-06-09,2020-06-10,2020-07-09,2020,0.0029930871131658,-0.1687000537639994,0.0,False
WMG,10,2020-06-16,2020-06-17,2020-07-16,2020,0.0682542438699336,-0.14857642080497074,0.0,False
WMG,15,2020-06-23,2020-06-24,2020-07-23,2020,0.079774340615287,-0.1760457036460642,0.0,False
WMG,20,2020-06-30,2020-07-01,2020-07-30,2020,-0.0017643401228947,-0.024552754953395744,0.0,False
XP,15,2020-01-02,2020-01-03,2020-02-03,2020,-0.0783310598029673,-0.15707234683821775,0.0,False
XP,20,2020-01-09,2020-01-10,2020-02-10,2020,-0.0026604217258455,-0.22181484202952623,0.0,False
XPEV,2,2020-08-28,2020-08-31,2020-09-29,2020,0.0687243438425812,0.011477195923956414,0.0,True
XPEV,5,2020-09-02,2020-09-03,2020-10-02,2020,0.0099554729981678,0.05052680205187485,0.0,True
XPEV,10,2020-09-10,2020-09-11,2020-10-09,2020,-0.0072538031777992,0.04603518570166047,0.0,True
XPEV,15,2020-09-17,2020-09-18,2020-10-16,2020,-0.0888272824688065,0.06427652364654886,0.0,True
XPEV,20,2020-09-24,2020-09-25,2020-10-23,2020,-0.0268430721022767,0.07156706165154648,0.0,True
YALA,2,2020-10-01,2020-10-02,2020-10-30,2020,-0.3651877318280437,0.09379655987773479,0.0,True
YALA,5,2020-10-06,2020-10-07,2020-11-04,2020,-0.1307458830506774,0.1345660436734172,0.0,True
YALA,10,2020-10-13,2020-10-14,2020-11-11,2020,-0.1194288004266914,0.14035190073441475,0.0,True
YALA,15,2020-10-20,2020-10-21,2020-11-18,2020,-0.0792767068446802,0.12589881633814753,0.0,True
YALA,20,2020-10-27,2020-10-28,2020-11-25,2020,-0.1769377549976884,0.11503806957130525,0.0,True
ZNTL,2,2020-04-06,2020-04-07,2020-05-06,2020,-0.3119005486673954,-0.11478289057265975,0.0,False
ZNTL,5,2020-04-09,2020-04-13,2020-05-11,2020,-0.3615785287155604,-0.040391670099682905,0.0,False
ZNTL,10,2020-04-17,2020-04-20,2020-05-18,2020,-0.5851043728559769,-0.04344821508426188,0.0,False
ZNTL,15,2020-04-24,2020-04-27,2020-05-26,2020,-0.2862728075738612,0.0036367212662308523,0.0,True
ZNTL,20,2020-05-01,2020-05-04,2020-06-02,2020,-0.6415389561904528,-0.0032323509181930144,0.0,False
ABCL,15,2021-01-04,2021-01-05,2021-02-03,2021,-0.2674147682013933,0.15799121198363297,0.0,True
ABCL,20,2021-01-11,2021-01-12,2021-02-10,2021,-0.2659790730086944,0.15662748221884046,0.0,True
ABNB,15,2020-12-31,2021-01-04,2021-02-02,2021,-0.2118354606271519,-0.008870602843567704,0.0,False
ABNB,20,2021-01-08,2021-01-11,2021-02-09,2021,-0.3585608865147581,0.0026222757260334294,0.0,True
ABOS,2,2021-07-02,2021-07-06,2021-08-03,2021,0.2236134664422097,-0.13657734860778387,0.0,False
ABSI,2,2021-07-23,2021-07-26,2021-08-23,2021,0.0298569898122818,-0.046267165514722416,0.0,False
ABSI,5,2021-07-28,2021-07-29,2021-08-26,2021,0.1307745541720637,-0.01952724768207153,0.0,False
ABSI,10,2021-08-04,2021-08-05,2021-09-02,2021,0.2348448817996122,-0.05139610920198472,0.0,False
ABSI,15,2021-08-11,2021-08-12,2021-09-10,2021,0.4028541320615403,-0.16046025961268431,0.0,False
ABSI,20,2021-08-18,2021-08-19,2021-09-17,2021,0.420568337732798,-0.07412080156982002,0.0,False
ACT,2,2021-09-17,2021-09-20,2021-10-18,2021,-0.1091090951636687,-0.03722998884703406,0.0,False
ACT,5,2021-09-22,2021-09-23,2021-10-21,2021,-0.0609212218098156,0.01371355326002927,0.0,True
ACT,10,2021-09-29,2021-09-30,2021-10-28,2021,-0.0112797321518136,0.0180273861905934,0.0,True
ACVA,2,2021-03-25,2021-03-26,2021-04-26,2021,-0.0423836616172654,-0.03222057583429968,0.0,False
ACVA,5,2021-03-30,2021-03-31,2021-04-29,2021,0.0156995332149187,-0.0058525135689238015,0.0,False
ACVA,10,2021-04-07,2021-04-08,2021-05-06,2021,-0.0665812489577112,-0.07245052098828852,0.0,False
ACVA,15,2021-04-14,2021-04-15,2021-05-13,2021,0.1288727248045446,0.020012971015775215,0.0,True
ACVA,20,2021-04-21,2021-04-22,2021-05-20,2021,0.1789010570143735,-0.051605491786584495,0.0,False
ADAG,2,2021-02-10,2021-02-11,2021-03-12,2021,0.1273341211013479,-0.03330177097313017,0.0,False
ADAG,5,2021-02-16,2021-02-17,2021-03-17,2021,0.1349691720363468,-0.04198199807193253,0.0,False
ADAG,10,2021-02-23,2021-02-24,2021-03-24,2021,0.2676469255865124,-0.1013396622062607,0.0,False
AFCG,2,2021-03-22,2021-03-23,2021-04-21,2021,0.0891806421738809,0.005186529575312043,0.0,True
AFCG,5,2021-03-25,2021-03-26,2021-04-26,2021,-0.0260489101727224,-0.00018477169637862167,0.0,False
AFRM,2,2021-01-14,2021-01-15,2021-02-16,2021,0.0648847726970712,0.03796035279498252,0.0,True
AFRM,5,2021-01-20,2021-01-21,2021-02-19,2021,0.0002915156344808,0.021661126330496085,0.0,True
AFRM,10,2021-01-27,2021-01-28,2021-02-26,2021,0.0976890072721144,-0.05803621325877051,0.0,False
AFRM,15,2021-02-03,2021-02-04,2021-03-05,2021,0.2345223135048598,0.011454667646527358,0.0,True
AFRM,20,2021-02-10,2021-02-11,2021-03-12,2021,0.4132951215036182,0.015359065682680608,0.0,True
AI,20,2021-01-07,2021-01-08,2021-02-08,2021,-0.1127662807070301,-0.008335817307470133,0.0,False
AIP,2,2021-10-28,2021-10-29,2021-11-29,2021,-0.4072005081690593,0.032373765961896,0.0,True
AIP,5,2021-11-02,2021-11-03,2021-12-02,2021,-0.1620794419410334,0.0325220781126989,0.0,True
AIRS,2,2021-11-01,2021-11-02,2021-12-01,2021,0.2415809670845186,0.016538472050317915,0.0,True
AIRS,5,2021-11-04,2021-11-05,2021-12-06,2021,0.16804120016619,0.029057474740125825,0.0,True
AIRS,15,2021-11-18,2021-11-19,2021-12-20,2021,0.1444532585838437,-0.007431354405643422,0.0,False
ALHC,2,2021-03-29,2021-03-30,2021-04-28,2021,-0.3784578449442729,0.028344976864281238,0.0,True
ALHC,5,2021-04-01,2021-04-05,2021-05-03,2021,-0.0811857097581609,-0.03833599155512246,0.0,False
ALHC,10,2021-04-09,2021-04-12,2021-05-10,2021,0.0891177475708032,-0.07200474417774513,0.0,False
ALHC,15,2021-04-16,2021-04-19,2021-05-17,2021,0.1044799700397987,0.007211985057401914,0.0,True
ALHC,20,2021-04-23,2021-04-26,2021-05-24,2021,0.0484249504399885,-0.08501913887596825,0.0,False
ALKT,2,2021-04-15,2021-04-16,2021-05-14,2021,0.2715089879322308,-0.03196430567571093,0.0,False
ALKT,5,2021-04-20,2021-04-21,2021-05-19,2021,0.3055540860972459,-0.024194889668135426,0.0,False
ALKT,10,2021-04-27,2021-04-28,2021-05-26,2021,0.2467415504731659,-0.052037072579408,0.0,False
ALKT,15,2021-05-04,2021-05-05,2021-06-03,2021,0.2016119896960391,-0.09067235719334686,0.0,False
ALKT,20,2021-05-11,2021-05-12,2021-06-10,2021,0.0818134402684077,-0.004236419925036162,0.0,False
AMPL,2,2021-09-29,2021-09-30,2021-10-28,2021,-0.3274756041009292,0.0906666032541248,0.0,True
AMPL,5,2021-10-04,2021-10-05,2021-11-02,2021,-0.3952468746356069,0.07109871584063177,0.0,True
AMPL,10,2021-10-11,2021-10-12,2021-11-09,2021,-0.6543137729286103,0.07453649470283452,0.0,True
AMPL,15,2021-10-18,2021-10-19,2021-11-16,2021,-0.1461641250638999,0.051833928159042725,0.0,True
AMPL,20,2021-10-25,2021-10-26,2021-11-23,2021,0.0014712980520204,0.018391702150679902,0.0,True
AOMR,2,2021-06-18,2021-06-21,2021-07-20,2021,0.073290749491655,-0.044626414695148296,0.0,False
AOMR,5,2021-06-23,2021-06-24,2021-07-23,2021,0.0520958543538476,0.03914078456882456,0.0,True
APP,2,2021-04-16,2021-04-19,2021-05-17,2021,-0.0731479462801219,0.010097939620007153,0.0,True
APP,5,2021-04-21,2021-04-22,2021-05-20,2021,-0.1276791438250727,-0.025558022050897022,0.0,False
APP,10,2021-04-28,2021-04-29,2021-05-27,2021,-0.2164097820094244,-0.05300702039856822,0.0,False
APP,15,2021-05-05,2021-05-06,2021-06-04,2021,-0.3075950428796002,-0.027390996470695476,0.0,False
APP,20,2021-05-12,2021-05-13,2021-06-11,2021,-0.5939032129854563,-0.019411473320380096,0.0,False
ARHS,2,2021-11-05,2021-11-08,2021-12-07,2021,0.2397334439435258,-0.05504523692411981,0.0,False
ARHS,5,2021-11-10,2021-11-11,2021-12-10,2021,-0.0527868761361564,0.009291592436306,0.0,True
ARHS,10,2021-11-17,2021-11-18,2021-12-17,2021,0.0007720729018571,-0.028781916880372488,0.0,False
ATAI,2,2021-06-21,2021-06-22,2021-07-21,2021,0.1722846509847026,-0.20901955694028734,0.0,False
ATAI,5,2021-06-24,2021-06-25,2021-07-26,2021,0.1039472558775924,-0.22952970955187174,0.0,False
ATAI,10,2021-07-01,2021-07-02,2021-08-02,2021,0.1265780108138858,-0.20037931581466878,0.0,False
ATAI,15,2021-07-09,2021-07-12,2021-08-09,2021,0.22397658202826,-0.18077170479598503,0.0,False
ATAI,20,2021-07-16,2021-07-19,2021-08-16,2021,0.1417833066171189,-0.24046599958836107,0.0,False
AURA,2,2021-11-01,2021-11-02,2021-12-01,2021,-0.2720031159756979,0.0011228079537979518,0.0,True
AURA,5,2021-11-04,2021-11-05,2021-12-06,2021,0.0969231903564558,-0.0028383124614382096,0.0,False
AVAH,2,2021-04-30,2021-05-03,2021-06-01,2021,-0.0354696117309768,-0.027194561512895885,0.0,False
AVAH,5,2021-05-05,2021-05-06,2021-06-04,2021,-0.0591278366270822,-0.05043860969806107,0.0,False
AVAH,10,2021-05-12,2021-05-13,2021-06-11,2021,-0.1634162227294488,0.01715940066262179,0.0,True
AVAH,15,2021-05-19,2021-05-20,2021-06-18,2021,-0.1659784387534904,-0.010515052695439191,0.0,False
AVAH,20,2021-05-26,2021-05-27,2021-06-25,2021,-0.1107330074083914,-0.03600749259717161,0.0,False
BLND,2,2021-07-19,2021-07-20,2021-08-17,2021,-0.0065276806466979,0.041323185720826695,0.0,True
BLND,5,2021-07-22,2021-07-23,2021-08-20,2021,-0.0578340575393848,0.03820082620052419,0.0,True
BLND,10,2021-07-29,2021-07-30,2021-08-27,2021,0.1309146302054978,0.0503856077554937,0.0,True
BLND,15,2021-08-05,2021-08-06,2021-09-03,2021,0.0770091494812328,-0.00032380229464562755,0.0,False
BLND,20,2021-08-12,2021-08-13,2021-09-13,2021,0.0989035584739545,0.05741391699438402,0.0,True
BLZE,2,2021-11-12,2021-11-15,2021-12-14,2021,0.1783965490512851,-0.03493254982056946,0.0,False
BLZE,5,2021-11-17,2021-11-18,2021-12-17,2021,0.3292956068564246,-0.015857022253983017,0.0,False
BLZE,10,2021-11-24,2021-11-26,2021-12-27,2021,0.2689742151222051,-0.07280814316889243,0.0,False
BLZE,15,2021-12-02,2021-12-03,2022-01-03,2021,0.2734686510988293,-0.022386337231435537,0.0,False
BLZE,20,2021-12-09,2021-12-10,2022-01-10,2021,0.37852657246251,-0.013492470352367999,0.0,False
BMBL,2,2021-02-12,2021-02-16,2021-03-16,2021,0.058082629593536,-0.0631775735150785,0.0,False
BMBL,5,2021-02-18,2021-02-19,2021-03-19,2021,0.0535699295412794,-0.0925690352269158,0.0,False
BMBL,10,2021-02-25,2021-02-26,2021-03-26,2021,0.0452533629083728,-0.007899285300901697,0.0,False
BMBL,15,2021-03-04,2021-03-05,2021-04-05,2021,0.1152079229192614,-0.034343807896949095,0.0,False
BMBL,20,2021-03-11,2021-03-12,2021-04-12,2021,0.2552532650331251,-0.045187085595621776,0.0,False
BMEA,2,2021-04-19,2021-04-20,2021-05-18,2021,-0.0286037283414586,-0.08360498900672723,0.0,False
BRLT,2,2021-09-24,2021-09-27,2021-10-25,2021,0.2407225648300451,0.0022217952575476338,0.0,True
BRLT,5,2021-09-29,2021-09-30,2021-10-28,2021,0.1052505540588307,0.007953453262955719,0.0,True
BRLT,10,2021-10-06,2021-10-07,2021-11-04,2021,-0.0568960667109638,0.06534000047149205,0.0,True
BRLT,15,2021-10-13,2021-10-14,2021-11-11,2021,-0.1950547365997658,0.09007198995391921,0.0,True
BRLT,20,2021-10-20,2021-10-21,2021-11-18,2021,-0.2761872041935982,0.14951215089378977,0.0,True
BROS,2,2021-09-16,2021-09-17,2021-10-15,2021,-0.1167950600686123,-0.02932440921385254,0.0,False
BROS,5,2021-09-21,2021-09-22,2021-10-20,2021,-0.0602782226307876,-0.029009243055129818,0.0,False
BROS,10,2021-09-28,2021-09-29,2021-10-27,2021,-0.4795388734090623,-0.06891623594134111,0.0,False
BROS,15,2021-10-05,2021-10-06,2021-11-03,2021,-0.5986581980133282,0.02096492193892464,0.0,True
BROS,20,2021-10-12,2021-10-13,2021-11-10,2021,-0.2994913526080664,0.024957802515850374,0.0,True
BRZE,2,2021-11-18,2021-11-19,2021-12-20,2021,0.1697971709423059,-0.0006182677128656028,0.0,False
BRZE,5,2021-11-23,2021-11-24,2021-12-23,2021,-0.046046547704644,0.014288990610386514,0.0,True
BRZE,10,2021-12-01,2021-12-02,2021-12-31,2021,-0.0432288131867169,0.06347078384485486,0.0,True
BRZE,15,2021-12-08,2021-12-09,2022-01-07,2021,0.0420334844848251,0.09214899633943276,0.0,True
BRZE,20,2021-12-15,2021-12-16,2022-01-14,2021,-0.0544334122620467,0.06078557573970113,0.0,True
BVS,2,2021-02-12,2021-02-16,2021-03-16,2021,0.1687112684074995,-0.06158254153502555,0.0,False
BVS,5,2021-02-18,2021-02-19,2021-03-19,2021,-0.0897006307559831,-0.09641869533587302,0.0,False
BVS,10,2021-02-25,2021-02-26,2021-03-26,2021,-0.1278708814523132,-0.05916268021036267,0.0,False
BWMN,2,2021-05-10,2021-05-11,2021-06-09,2021,0.0982699150194867,-0.02555362229176211,0.0,False
BZ,2,2021-06-14,2021-06-15,2021-07-14,2021,0.1286500006318987,-0.0038109317533666824,0.0,False
BZ,5,2021-06-17,2021-06-18,2021-07-19,2021,0.0835734491793549,-0.03651054249823809,0.0,False
BZ,10,2021-06-24,2021-06-25,2021-07-26,2021,0.2717028841128703,0.0022654921097617674,0.0,True
BZ,15,2021-07-01,2021-07-02,2021-08-02,2021,0.0417335982282677,-0.04220416352665631,0.0,False
BZ,20,2021-07-09,2021-07-12,2021-08-09,2021,0.0096734195861684,-0.05729788025100353,0.0,False
CADL,2,2021-07-28,2021-07-29,2021-08-26,2021,-0.1554455506442358,-0.008096713492342129,0.0,False
CDRE,2,2021-11-05,2021-11-08,2021-12-07,2021,-0.321030863761056,-0.025799565435043744,0.0,False
CERT,15,2021-01-04,2021-01-05,2021-02-03,2021,-0.0203169958041091,0.08111801307903362,0.0,True
CERT,20,2021-01-11,2021-01-12,2021-02-10,2021,-0.0459448102287315,0.09896661570141033,0.0,True
CGEM,2,2021-01-11,2021-01-12,2021-02-10,2021,-0.363126736935403,-0.024116492096549893,0.0,False
CGEM,5,2021-01-14,2021-01-15,2021-02-16,2021,-0.1026856310142572,-0.09922258892220771,0.0,False
CGEM,10,2021-01-22,2021-01-25,2021-02-23,2021,-0.097128581710578,-0.0679986488130918,0.0,False
CGEM,15,2021-01-29,2021-02-01,2021-03-02,2021,-0.2608734855564045,-0.16573198990481122,0.0,False
CGEM,20,2021-02-05,2021-02-08,2021-03-09,2021,-0.430299899422267,-0.16440370182713682,0.0,False
CGTX,2,2021-10-11,2021-10-12,2021-11-09,2021,0.0234485846496077,0.013439205872338822,0.0,True
CINT,2,2021-11-11,2021-11-12,2021-12-13,2021,0.2092573084322863,-0.03942278365176583,0.0,False
CINT,5,2021-11-16,2021-11-17,2021-12-16,2021,0.2800060206653046,-0.010836947815010958,0.0,False
CINT,10,2021-11-23,2021-11-24,2021-12-23,2021,0.0408450973754926,-0.04021232338851513,0.0,False
CINT,15,2021-12-01,2021-12-02,2021-12-31,2021,-0.0625009606234666,-0.03290534523534164,0.0,False
CLST,2,2021-10-14,2021-10-15,2021-11-12,2021,0.0549202539508056,0.01929017686497513,0.0,True
CMTG,2,2021-11-04,2021-11-05,2021-12-06,2021,-0.1029914960094151,-0.030660879292243568,0.0,False
CMTG,5,2021-11-09,2021-11-10,2021-12-09,2021,-0.0191306215918169,-0.0719593577073934,0.0,False
CNM,2,2021-07-26,2021-07-27,2021-08-24,2021,-0.2554163628389092,-0.05872384831460641,0.0,False
CNM,5,2021-07-29,2021-07-30,2021-08-27,2021,-0.0351949604181954,0.012819527030295272,0.0,True
CNM,10,2021-08-05,2021-08-06,2021-09-03,2021,-0.0983899434788386,-0.0293255713454215,0.0,False
CNM,15,2021-08-12,2021-08-13,2021-09-13,2021,-0.0196879831236121,0.024153363920358058,0.0,True
CNM,20,2021-08-19,2021-08-20,2021-09-20,2021,0.0265780753561753,-0.012590022861138297,0.0,False
CNTB,2,2021-03-22,2021-03-23,2021-04-21,2021,0.1062117898478335,-0.10140846966601443,0.0,False
CNTB,5,2021-03-25,2021-03-26,2021-04-26,2021,0.0268808390249287,-0.016752513833162647,0.0,False
CNTB,10,2021-04-01,2021-04-05,2021-05-03,2021,0.1035259314170641,-0.033722000850696245,0.0,False
CNTX,2,2021-10-21,2021-10-22,2021-11-19,2021,0.2078797216749036,-0.009123982764540527,0.0,False
CNTX,5,2021-10-26,2021-10-27,2021-11-24,2021,0.3042838909498629,0.02628719359195036,0.0,True
CNTX,10,2021-11-02,2021-11-03,2021-12-02,2021,-0.0124523086567527,0.003399372446828108,0.0,True
CNTX,15,2021-11-09,2021-11-10,2021-12-09,2021,-0.1736960182324226,-0.012595202801939761,0.0,False
COCO,2,2021-10-22,2021-10-25,2021-11-22,2021,-0.0539915601504774,-0.10091603643956118,0.0,False
COCO,5,2021-10-27,2021-10-28,2021-11-26,2021,-0.1416444294657719,-0.08042056007097034,0.0,False
COCO,10,2021-11-03,2021-11-04,2021-12-03,2021,0.1429472445397284,-0.0785384196087332,0.0,False
COCO,15,2021-11-10,2021-11-11,2021-12-10,2021,0.2228612756578556,-0.1412144385888626,0.0,False
COCO,20,2021-11-17,2021-11-18,2021-12-17,2021,0.4131738839073072,-0.06463666396691849,0.0,False
COIN,2,2021-04-15,2021-04-16,2021-05-14,2021,0.1809543538953984,-0.028836071792132097,0.0,False
COIN,5,2021-04-20,2021-04-21,2021-05-19,2021,0.2506941745253304,-0.06176700151868147,0.0,False
COIN,10,2021-04-27,2021-04-28,2021-05-26,2021,0.1749005057118353,0.006337760718516288,0.0,True
COIN,15,2021-05-04,2021-05-05,2021-06-03,2021,0.1577521788638147,-0.007102688432657816,0.0,False
COIN,20,2021-05-11,2021-05-12,2021-06-10,2021,0.2496423988889463,0.012283698797676112,0.0,True
COMP,2,2021-04-05,2021-04-06,2021-05-04,2021,0.0694386095449611,0.04592101013603239,0.0,True
COMP,5,2021-04-08,2021-04-09,2021-05-07,2021,0.0087431108515908,0.003763248332470105,0.0,True
COMP,10,2021-04-15,2021-04-16,2021-05-14,2021,0.1935352052558093,0.039503436920380226,0.0,True
COMP,15,2021-04-22,2021-04-23,2021-05-21,2021,0.1780260445096751,0.006654715325806908,0.0,True
COMP,20,2021-04-29,2021-04-30,2021-05-28,2021,0.2591131257738498,0.03797946673126018,0.0,True
COUR,2,2021-04-01,2021-04-05,2021-05-03,2021,0.0849042684526529,-0.03620270131235925,0.0,False
COUR,5,2021-04-07,2021-04-08,2021-05-06,2021,0.3437593777568873,-0.05604101157089784,0.0,False
COUR,10,2021-04-14,2021-04-15,2021-05-13,2021,0.275026540119475,-0.07110041390747861,0.0,False
COUR,15,2021-04-21,2021-04-22,2021-05-20,2021,0.0702760381993886,-0.05318261833749394,0.0,False
COUR,20,2021-04-28,2021-04-29,2021-05-27,2021,0.1346800882123798,-0.06592021206414964,0.0,False
CPNG,2,2021-03-12,2021-03-15,2021-04-13,2021,0.1024889162806131,0.04840292424924582,0.0,True
CPNG,5,2021-03-17,2021-03-18,2021-04-16,2021,0.0006994112845496,0.008812149135695831,0.0,True
CPNG,10,2021-03-24,2021-03-25,2021-04-23,2021,0.0323591942941288,-0.03949259554630223,0.0,False
CPNG,15,2021-03-31,2021-04-01,2021-04-30,2021,0.1549555234005366,0.03180522592592685,0.0,True
CPNG,20,2021-04-08,2021-04-09,2021-05-07,2021,0.1294640147225982,0.039272796689356994,0.0,True
CRBU,2,2021-07-26,2021-07-27,2021-08-24,2021,-0.6204969780217138,-0.12860725744878612,0.0,False
CRBU,5,2021-07-29,2021-07-30,2021-08-27,2021,-0.7325898925788505,0.0033560188400407007,0.0,True
CRBU,10,2021-08-05,2021-08-06,2021-09-03,2021,-0.315619992107824,-0.054448682919392484,0.0,False
CRBU,15,2021-08-12,2021-08-13,2021-09-13,2021,-0.232275922998303,-0.11536961195561142,0.0,False
CRBU,20,2021-08-19,2021-08-20,2021-09-20,2021,0.0574728639757028,-0.09789815471070609,0.0,False
CRCT,2,2021-03-29,2021-03-30,2021-04-28,2021,-0.3577932500750352,-0.05134085371223412,0.0,False
CRCT,5,2021-04-01,2021-04-05,2021-05-03,2021,-0.2368978973659889,-0.08243462206244748,0.0,False
CRCT,10,2021-04-09,2021-04-12,2021-05-10,2021,-0.0336221501050203,-0.15596550193159434,0.0,False
CRCT,20,2021-04-23,2021-04-26,2021-05-24,2021,-0.2588542406332825,-0.07549923668597266,0.0,False
CTKB,2,2021-07-26,2021-07-27,2021-08-24,2021,-0.3045029954516973,-0.21730944918781836,0.0,False
CTKB,5,2021-07-29,2021-07-30,2021-08-27,2021,0.0548769204505283,-0.13137818771503704,0.0,False
CTKB,10,2021-08-05,2021-08-06,2021-09-03,2021,0.0306503966660389,-0.16789668853916065,0.0,False
CTKB,15,2021-08-12,2021-08-13,2021-09-13,2021,-0.1428272764742502,-0.23704146123895284,0.0,False
CTKB,20,2021-08-19,2021-08-20,2021-09-20,2021,-0.2447290963590097,-0.2164530919484308,0.0,False
CURV,2,2021-07-02,2021-07-06,2021-08-03,2021,0.0801734278901959,-0.11688291243060228,0.0,False
CURV,5,2021-07-08,2021-07-09,2021-08-06,2021,-0.0974499615831417,-0.08255472455340819,0.0,False
CURV,10,2021-07-15,2021-07-16,2021-08-13,2021,-0.3159580439898419,-0.13203115350218492,0.0,False
CURV,15,2021-07-22,2021-07-23,2021-08-20,2021,-0.3233825949115046,-0.10905360022807874,0.0,False
CURV,20,2021-07-29,2021-07-30,2021-08-27,2021,-0.0453830688731241,-0.08384831309353999,0.0,False
CVRX,2,2021-07-01,2021-07-02,2021-08-02,2021,0.1417874755642146,-0.09912766683847245,0.0,False
CVRX,5,2021-07-07,2021-07-08,2021-08-05,2021,-0.0425251585171132,-0.053767153876724406,0.0,False
CXM,2,2021-06-24,2021-06-25,2021-07-26,2021,0.0062110416078976,-0.08227947179588985,0.0,False
CXM,5,2021-06-29,2021-06-30,2021-07-29,2021,0.2042170886981591,-0.07922213255969861,0.0,False
CXM,10,2021-07-07,2021-07-08,2021-08-05,2021,0.022102466669634,-0.044623510118742,0.0,False
CXM,15,2021-07-14,2021-07-15,2021-08-12,2021,0.0716588357955982,-0.060690963571708646,0.0,False
CXM,20,2021-07-21,2021-07-22,2021-08-19,2021,0.0375594771175955,-0.03199288618110433,0.0,False
DASH,20,2021-01-07,2021-01-08,2021-02-08,2021,-0.1603712635148094,0.05925940622216316,0.0,True
DDI,2,2021-09-01,2021-09-02,2021-10-01,2021,-0.0689822289492547,0.026156434695430157,0.0,True
DDI,5,2021-09-07,2021-09-08,2021-10-06,2021,-0.17004308478945,0.03438011281271798,0.0,True
DDL,2,2021-06-30,2021-07-01,2021-07-30,2021,0.2803555524336813,-0.07387350716019875,0.0,False
DDL,5,2021-07-06,2021-07-07,2021-08-04,2021,0.1725468767227509,-0.11577220526351163,0.0,False
DDL,10,2021-07-13,2021-07-14,2021-08-11,2021,0.1091002272697083,-0.04852869706829854,0.0,False
DDL,15,2021-07-20,2021-07-21,2021-08-18,2021,0.1280487520238435,-0.12543455726068148,0.0,False
DDL,20,2021-07-27,2021-07-28,2021-08-25,2021,0.0573400947847492,0.040800398654765056,0.0,True
DERM,2,2021-11-15,2021-11-16,2021-12-15,2021,0.2617684387124722,-0.059836065871856685,0.0,False
DFH,2,2021-01-22,2021-01-25,2021-02-23,2021,-0.1259966317732571,-0.13037953893202375,0.0,False
DFH,5,2021-01-27,2021-01-28,2021-02-26,2021,-0.0722178938558588,-0.12938183623325655,0.0,False
DFH,10,2021-02-03,2021-02-04,2021-03-05,2021,0.1496490042080755,0.005755947731002949,0.0,True
DFH,15,2021-02-10,2021-02-11,2021-03-12,2021,0.0792317053265267,-0.032600837874480364,0.0,False
DFH,20,2021-02-18,2021-02-19,2021-03-19,2021,0.1088283945900318,-0.11657279790429186,0.0,False
DH,2,2021-09-16,2021-09-17,2021-10-15,2021,0.0955972914581998,-0.005982969761224658,0.0,False
DH,5,2021-09-21,2021-09-22,2021-10-20,2021,0.1431390314698495,0.0035750958293334165,0.0,True
DH,10,2021-09-28,2021-09-29,2021-10-27,2021,0.174457219934116,0.016436016619895317,0.0,True
DH,15,2021-10-05,2021-10-06,2021-11-03,2021,0.0573602843811069,0.036299620232238386,0.0,True
DH,20,2021-10-12,2021-10-13,2021-11-10,2021,0.0652633124191001,-0.010624100921689531,0.0,False
DIBS,2,2021-06-11,2021-06-14,2021-07-13,2021,-0.0679854472212294,-0.017799431273288,0.0,False
DIBS,5,2021-06-16,2021-06-17,2021-07-16,2021,0.0051182543878061,0.021436650668664535,0.0,True
DLO,2,2021-06-04,2021-06-07,2021-07-06,2021,-0.3769691898894662,-0.07565506770533069,0.0,False
DLO,5,2021-06-09,2021-06-10,2021-07-09,2021,-0.5648130750525784,-0.06940543907694322,0.0,False
DLO,10,2021-06-16,2021-06-17,2021-07-16,2021,-0.3952233931601005,-0.05180930551988312,0.0,False
DLO,15,2021-06-23,2021-06-24,2021-07-23,2021,-0.1449351875431002,0.005251540290526122,0.0,True
DLO,20,2021-06-30,2021-07-01,2021-07-30,2021,0.1145058490265605,-0.01793014675311412,0.0,False
DNUT,2,2021-07-02,2021-07-06,2021-08-03,2021,0.1670299337593529,-0.08223530165134517,0.0,False
DNUT,5,2021-07-08,2021-07-09,2021-08-06,2021,0.1726003137244589,-0.031191861966490497,0.0,False
DNUT,10,2021-07-15,2021-07-16,2021-08-13,2021,0.1220814883720109,-0.01590983335425907,0.0,False
DNUT,15,2021-07-22,2021-07-23,2021-08-20,2021,0.0331089714577066,0.016494182803530023,0.0,True
DNUT,20,2021-07-29,2021-07-30,2021-08-27,2021,-0.0518714022643768,0.01829394722905639,0.0,True
DOCN,2,2021-03-25,2021-03-26,2021-04-26,2021,0.0419424219172724,-0.09243135491880702,0.0,False
DOCN,5,2021-03-30,2021-03-31,2021-04-29,2021,-0.0156608760646342,-0.03593358595108749,0.0,False
DOCN,10,2021-04-07,2021-04-08,2021-05-06,2021,0.0286235895135511,-0.07113336377894908,0.0,False
DOCN,15,2021-04-14,2021-04-15,2021-05-13,2021,0.1640120638824476,-0.06163019016427135,0.0,False
DOCN,20,2021-04-21,2021-04-22,2021-05-20,2021,-0.0431946532484706,-0.07945507884833035,0.0,False
DOCS,2,2021-06-25,2021-06-28,2021-07-27,2021,-0.0307933104230931,0.02437298643342427,0.0,True
DOCS,5,2021-06-30,2021-07-01,2021-07-30,2021,-0.0694892986636349,-0.030094519797884963,0.0,False
DOCS,10,2021-07-08,2021-07-09,2021-08-06,2021,-0.0770696712574924,-0.05001407443694411,0.0,False
DOCS,15,2021-07-15,2021-07-16,2021-08-13,2021,-0.4215871525786305,0.040613667543071864,0.0,True
DOCS,20,2021-07-22,2021-07-23,2021-08-20,2021,-0.2948009802343271,0.0378155148142579,0.0,True
DOLE,2,2021-08-02,2021-08-03,2021-08-31,2021,-0.0262821784785228,-0.01292551031772085,0.0,False
DOLE,5,2021-08-05,2021-08-06,2021-09-03,2021,-0.0452319844638926,-0.04463059206959863,0.0,False
DOLE,10,2021-08-12,2021-08-13,2021-09-13,2021,0.0144692596474739,-0.08995888822365375,0.0,False
DOLE,15,2021-08-19,2021-08-20,2021-09-20,2021,-0.0416917762089012,-0.10515713467259341,0.0,False
DOLE,20,2021-08-26,2021-08-27,2021-09-27,2021,0.0747387152562371,-0.0423163262699847,0.0,False
DRVN,2,2021-01-20,2021-01-21,2021-02-19,2021,0.0086538565543457,0.058650868398186715,0.0,True
DRVN,5,2021-01-25,2021-01-26,2021-02-24,2021,-0.0173777971763546,0.018274325271601378,0.0,True
DRVN,10,2021-02-01,2021-02-02,2021-03-03,2021,-0.0358330194859138,-0.01101340116713903,0.0,False
DRVN,15,2021-02-08,2021-02-09,2021-03-10,2021,0.1316751077029207,0.04580197561255035,0.0,True
DRVN,20,2021-02-16,2021-02-17,2021-03-17,2021,0.144587887709032,-0.011626221040532597,0.0,False
DSGN,2,2021-03-30,2021-03-31,2021-04-29,2021,0.2413160205846808,-0.035737863477220105,0.0,False
DSGN,5,2021-04-05,2021-04-06,2021-05-04,2021,0.0790517280636483,0.0150876578512797,0.0,True
DSGN,10,2021-04-12,2021-04-13,2021-05-11,2021,-0.0728853081272483,-0.0585652709645272,0.0,False
DSP,2,2021-02-11,2021-02-12,2021-03-15,2021,0.1412217140499875,-0.03449028132474944,0.0,False
DSP,5,2021-02-17,2021-02-18,2021-03-18,2021,0.1540273397792694,-0.007672434469034885,0.0,False
DSP,10,2021-02-24,2021-02-25,2021-03-25,2021,0.1342149769992848,-0.0621182571491708,0.0,False
DSP,15,2021-03-03,2021-03-04,2021-04-01,2021,-0.0594095047265745,-0.10810237680770317,0.0,False
DSP,20,2021-03-10,2021-03-11,2021-04-09,2021,0.1362968329694399,-0.08091872285341546,0.0,False
DUOL,2,2021-07-29,2021-07-30,2021-08-27,2021,0.1236924538741888,-0.07590733448223469,0.0,False
DUOL,5,2021-08-03,2021-08-04,2021-09-01,2021,0.0037888657894314,-0.08371463546111152,0.0,False
DUOL,10,2021-08-10,2021-08-11,2021-09-09,2021,-0.2210182777402904,-0.1397807519852982,0.0,False
DUOL,15,2021-08-17,2021-08-18,2021-09-16,2021,-0.4149080671035847,-0.12324405355518821,0.0,False
DUOL,20,2021-08-24,2021-08-25,2021-09-23,2021,-0.6356146090653749,0.005435298697354405,0.0,True
DV,2,2021-04-22,2021-04-23,2021-05-21,2021,0.0587612792753361,-0.0549177842933791,0.0,False
DV,5,2021-04-27,2021-04-28,2021-05-26,2021,-0.0478324610752852,-0.06921845348699417,0.0,False
DV,10,2021-05-04,2021-05-05,2021-06-03,2021,-0.0425599836570109,-0.08617439309271299,0.0,False
DV,15,2021-05-11,2021-05-12,2021-06-10,2021,-0.008368013875743,-0.0321594065762388,0.0,False
DV,20,2021-05-18,2021-05-19,2021-06-17,2021,-0.2672149415851528,0.06224310023127891,0.0,True
ERAS,2,2021-07-19,2021-07-20,2021-08-17,2021,-0.0302275085132438,0.02511834242898504,0.0,True
ERAS,5,2021-07-22,2021-07-23,2021-08-20,2021,-0.0701117233222716,0.05910430659761204,0.0,True
ERAS,10,2021-07-29,2021-07-30,2021-08-27,2021,-0.1038433388468675,0.06734584186146969,0.0,True
ERAS,15,2021-08-05,2021-08-06,2021-09-03,2021,-0.1686867570699269,-0.02225919058185672,0.0,False
ERAS,20,2021-08-12,2021-08-13,2021-09-13,2021,-0.0861050184438709,-0.017124803011724195,0.0,False
EVCM,2,2021-07-02,2021-07-06,2021-08-03,2021,-0.041826659931642,-0.1304643116191224,0.0,False
EVCM,5,2021-07-08,2021-07-09,2021-08-06,2021,-0.1140657569624676,-0.10035427470429543,0.0,False
EVCM,10,2021-07-15,2021-07-16,2021-08-13,2021,-0.1504466699256554,-0.17900528533437288,0.0,False
EVCM,15,2021-07-22,2021-07-23,2021-08-20,2021,-0.1981779886960527,-0.13023601171439567,0.0,False
EVCM,20,2021-07-29,2021-07-30,2021-08-27,2021,-0.2268155327847719,-0.08248132466444161,0.0,False
EWTX,2,2021-03-29,2021-03-30,2021-04-28,2021,0.2715664277348052,0.017602915264622838,0.0,True
EWTX,5,2021-04-01,2021-04-05,2021-05-03,2021,0.0776236980490027,-0.033722004844003964,0.0,False
EWTX,10,2021-04-09,2021-04-12,2021-05-10,2021,0.0913839409139432,-0.015995925683534192,0.0,False
EWTX,15,2021-04-16,2021-04-19,2021-05-17,2021,-0.0382416851650145,-0.014798926770112419,0.0,False
EWTX,20,2021-04-23,2021-04-26,2021-05-24,2021,-0.0622053355007562,0.0031120069087035773,0.0,True
EXFY,2,2021-11-11,2021-11-12,2021-12-13,2021,0.1736052570336371,-0.11676960035313484,0.0,False
EXFY,5,2021-11-16,2021-11-17,2021-12-16,2021,0.1765793122561396,-0.09079961191374622,0.0,False
EXFY,10,2021-11-23,2021-11-24,2021-12-23,2021,0.152682476114483,-0.07077833431554816,0.0,False
EXFY,15,2021-12-01,2021-12-02,2021-12-31,2021,0.0267578943717064,-0.08563211603610531,0.0,False
EXFY,20,2021-12-08,2021-12-09,2022-01-07,2021,0.1393736215406612,-0.05201208373822649,0.0,False
FA,2,2021-06-24,2021-06-25,2021-07-26,2021,0.0578653982041416,-0.07241402559298545,0.0,False
FA,5,2021-06-29,2021-06-30,2021-07-29,2021,0.0671869037801545,-0.08034984484537344,0.0,False
FA,10,2021-07-07,2021-07-08,2021-08-05,2021,0.0256109029648504,-0.10587015541531657,0.0,False
FA,15,2021-07-14,2021-07-15,2021-08-12,2021,-0.1502267899508376,-0.10666887761328947,0.0,False
FA,20,2021-07-21,2021-07-22,2021-08-19,2021,-0.1870400744797104,-0.06704314648902628,0.0,False
FDMT,15,2021-01-04,2021-01-05,2021-02-03,2021,-0.2718627911398596,-0.12404236624610782,0.0,False
FDMT,20,2021-01-11,2021-01-12,2021-02-10,2021,-0.1157135086079719,-0.036796063701069665,0.0,False
FIGS,2,2021-05-28,2021-06-01,2021-06-29,2021,-0.3436979954770066,0.012906332197803124,0.0,True
FIGS,5,2021-06-03,2021-06-04,2021-07-02,2021,-0.3708988627284163,-0.05078267697161221,0.0,False
FIGS,10,2021-06-10,2021-06-11,2021-07-12,2021,-0.292795578322452,-0.07112689110952729,0.0,False
FIGS,15,2021-06-17,2021-06-18,2021-07-19,2021,0.0008033838174958,-0.04693206395212851,0.0,False
FIGS,20,2021-06-24,2021-06-25,2021-07-26,2021,0.1745591354412122,-0.004937132899960021,0.0,False
FINW,2,2021-11-22,2021-11-23,2021-12-22,2021,-0.0308667446061575,-0.0652150241665099,0.0,False
FLNC,2,2021-10-29,2021-11-01,2021-11-30,2021,0.0631360009773288,-0.02909867830619762,0.0,False
FLNC,5,2021-11-03,2021-11-04,2021-12-03,2021,0.0753850353175474,-0.07461041767993815,0.0,False
FLNC,10,2021-11-10,2021-11-11,2021-12-10,2021,0.0582712948197094,-0.06645634773093305,0.0,False
FLNC,15,2021-11-17,2021-11-18,2021-12-17,2021,0.1063588940782452,-0.04986716444059973,0.0,False
FLNC,20,2021-11-24,2021-11-26,2021-12-27,2021,-0.0132226724237232,-0.09430884082822161,0.0,False
FLYW,2,2021-05-27,2021-05-28,2021-06-28,2021,-0.1421234738818136,-0.09578261458921064,0.0,False
FLYW,5,2021-06-02,2021-06-03,2021-07-01,2021,-0.0638777468530995,-0.09099891010994023,0.0,False
FLYW,10,2021-06-09,2021-06-10,2021-07-09,2021,-0.1713105885138366,-0.0613081259204786,0.0,False
FLYW,15,2021-06-16,2021-06-17,2021-07-16,2021,0.0435328361681066,-0.0010305462393768556,0.0,False
FLYW,20,2021-06-23,2021-06-24,2021-07-23,2021,0.1262923056135841,-0.06392060172709224,0.0,False
FRSH,2,2021-09-23,2021-09-24,2021-10-22,2021,0.0131345232190776,0.029747156752113688,0.0,True
FRSH,5,2021-09-28,2021-09-29,2021-10-27,2021,-0.0134769135028628,0.023730542805898966,0.0,True
FRSH,10,2021-10-05,2021-10-06,2021-11-03,2021,0.0071506594385681,0.1327786729320729,0.0,True
FRSH,15,2021-10-12,2021-10-13,2021-11-10,2021,0.119117108361764,0.12090042273193342,0.0,True
FRSH,20,2021-10-19,2021-10-20,2021-11-17,2021,0.0927953324257252,0.02415759394088873,0.0,True
FSBC,2,2021-05-06,2021-05-07,2021-06-07,2021,-0.0857678937963214,-0.004200753280767449,0.0,False
FWRG,2,2021-10-04,2021-10-05,2021-11-02,2021,0.1198226080874176,-0.007408179629759952,0.0,False
FWRG,5,2021-10-07,2021-10-08,2021-11-05,2021,0.1615402044306963,-0.010472788375007753,0.0,False
FWRG,10,2021-10-14,2021-10-15,2021-11-12,2021,0.1070675129038317,-0.054841822430173076,0.0,False
FWRG,15,2021-10-21,2021-10-22,2021-11-19,2021,0.0173042063797013,-0.0948129426053715,0.0,False
FWRG,20,2021-10-28,2021-10-29,2021-11-29,2021,0.0421422265209799,-0.10348766652146946,0.0,False
GANX,2,2021-03-22,2021-03-23,2021-04-21,2021,0.0861910265601983,-0.05161610763837965,0.0,False
GFS,2,2021-10-29,2021-11-01,2021-11-30,2021,-0.3257386490950021,-0.004716166007541116,0.0,False
GFS,5,2021-11-03,2021-11-04,2021-12-03,2021,-0.2143428475721582,-0.05022756983684071,0.0,False
GFS,10,2021-11-10,2021-11-11,2021-12-10,2021,-0.1021604236506048,-0.07156793549279879,0.0,False
GFS,15,2021-11-17,2021-11-18,2021-12-17,2021,0.0196791880401721,-0.04642002959181424,0.0,False
GFS,20,2021-11-24,2021-11-26,2021-12-27,2021,0.0901026928148253,-0.01142504189876808,0.0,False
GHRS,2,2021-06-28,2021-06-29,2021-07-28,2021,0.1365027607649698,-0.1779263388356136,0.0,False
GHRS,5,2021-07-01,2021-07-02,2021-08-02,2021,0.0651410490131544,-0.204549220728462,0.0,False
GLBE,2,2021-05-13,2021-05-14,2021-06-14,2021,-0.9058151399215372,-0.03004914475799315,0.0,False
GLBE,5,2021-05-18,2021-05-19,2021-06-17,2021,-0.9083034669045966,-0.016508960549237294,0.0,False
GLBE,10,2021-05-25,2021-05-26,2021-06-24,2021,-0.7766406076407425,0.014474272423332744,0.0,True
GLBE,15,2021-06-02,2021-06-03,2021-07-01,2021,-0.6253180067807107,-0.019802303730069713,0.0,False
GLBE,20,2021-06-09,2021-06-10,2021-07-09,2021,-0.3825476547074208,-0.04374942985088212,0.0,False
GLUE,2,2021-06-25,2021-06-28,2021-07-27,2021,-0.136072171732851,-0.0148568704256424,0.0,False
GLUE,5,2021-06-30,2021-07-01,2021-07-30,2021,-0.0701429249130284,-0.1410536794141597,0.0,False
GLUE,10,2021-07-08,2021-07-09,2021-08-06,2021,-0.4945102675526414,-0.15435714562524572,0.0,False
GTLB,2,2021-10-15,2021-10-18,2021-11-15,2021,0.0025511806528727,0.058408551265320255,0.0,True
GTLB,5,2021-10-20,2021-10-21,2021-11-18,2021,-0.033466566158072,-0.01853578670312555,0.0,False
GTLB,10,2021-10-27,2021-10-28,2021-11-26,2021,0.0688410413974763,-0.0859090947512229,0.0,False
GTLB,15,2021-11-03,2021-11-04,2021-12-03,2021,0.1236042677842099,0.003526372040551409,0.0,True
GTLB,20,2021-11-10,2021-11-11,2021-12-10,2021,0.4337902434690002,-0.006673755733725751,0.0,False
HAYW,2,2021-03-15,2021-03-16,2021-04-14,2021,0.0832795633972402,0.012314980026543148,0.0,True
HAYW,5,2021-03-18,2021-03-19,2021-04-19,2021,0.1056761867131003,0.0036506407589805253,0.0,True
HAYW,10,2021-03-25,2021-03-26,2021-04-26,2021,-0.0694977482991467,0.0389633808278108,0.0,True
HAYW,15,2021-04-01,2021-04-05,2021-05-03,2021,-0.1874122942071046,-0.05314798020592302,0.0,False
HAYW,20,2021-04-09,2021-04-12,2021-05-10,2021,-0.4354060920172112,-0.09836898890913642,0.0,False
HEPS,2,2021-07-02,2021-07-06,2021-08-03,2021,0.0928548049752269,-0.08420338833987337,0.0,False
HEPS,5,2021-07-08,2021-07-09,2021-08-06,2021,0.052458845836571,-0.061874296708489845,0.0,False
HEPS,10,2021-07-15,2021-07-16,2021-08-13,2021,0.014545652399618,-0.09389977927369093,0.0,False
HEPS,15,2021-07-22,2021-07-23,2021-08-20,2021,0.0722413359008236,-0.10672915116818447,0.0,False
HEPS,20,2021-07-29,2021-07-30,2021-08-27,2021,0.3069648486736279,-0.061759326598251986,0.0,False
HNST,2,2021-05-06,2021-05-07,2021-06-07,2021,0.2083433164983339,-0.020916648517025332,0.0,False
HNST,5,2021-05-11,2021-05-12,2021-06-10,2021,-0.2704666355680212,0.005272353233795294,0.0,True
HNST,10,2021-05-18,2021-05-19,2021-06-17,2021,-0.0017717477950334,0.07055074604231276,0.0,True
HNST,15,2021-05-25,2021-05-26,2021-06-24,2021,-0.0927880548296337,0.048256838193576346,0.0,True
HNST,20,2021-06-02,2021-06-03,2021-07-01,2021,0.2056237095822553,0.054983969181594476,0.0,True
HOOD,2,2021-07-30,2021-08-02,2021-08-30,2021,-0.2128244276912104,-0.13208038205601827,0.0,False
HOOD,5,2021-08-04,2021-08-05,2021-09-02,2021,0.3125003103153244,-0.09631580284794532,0.0,False
HOOD,10,2021-08-11,2021-08-12,2021-09-10,2021,0.1568275474456726,-0.1633429793399545,0.0,False
HOOD,15,2021-08-18,2021-08-19,2021-09-17,2021,0.0360178224314736,-0.16583229084099263,0.0,False
HOOD,20,2021-08-25,2021-08-26,2021-09-24,2021,0.0315450341841187,-0.16583229084099263,0.0,False
HOWL,2,2021-05-03,2021-05-04,2021-06-02,2021,0.138954939395559,-0.0505753702360938,0.0,False
HOWL,5,2021-05-06,2021-05-07,2021-06-07,2021,0.1127121746624382,0.01462988356744058,0.0,True
IHS,2,2021-10-15,2021-10-18,2021-11-15,2021,0.1059554581879328,-0.049168740513434415,0.0,False
IHS,5,2021-10-20,2021-10-21,2021-11-18,2021,0.119569576046231,-0.08592688020653201,0.0,False
IHS,10,2021-10-27,2021-10-28,2021-11-26,2021,0.1113889044048074,-0.06318926128899424,0.0,False
IHS,15,2021-11-03,2021-11-04,2021-12-03,2021,0.1594423655215157,-0.049854244234998055,0.0,False
IHS,20,2021-11-10,2021-11-11,2021-12-10,2021,0.1496595767322289,-0.009094490000569722,0.0,False
IMCR,2,2021-02-08,2021-02-09,2021-03-10,2021,0.3284209886299045,-0.009693562928864315,0.0,False
IMCR,5,2021-02-11,2021-02-12,2021-03-15,2021,0.242286825535137,-0.032283795086468954,0.0,False
IMCR,10,2021-02-19,2021-02-22,2021-03-22,2021,0.1052592461169185,-0.06720364262450672,0.0,False
IMCR,15,2021-02-26,2021-03-01,2021-03-29,2021,0.2462933914987033,-0.04678675326404548,0.0,False
IMRX,2,2021-08-02,2021-08-03,2021-08-31,2021,-0.4418861937801668,-0.06399420769544427,0.0,False
IMRX,5,2021-08-05,2021-08-06,2021-09-03,2021,-0.0230253492516232,0.021703348097037826,0.0,True
INNV,2,2021-03-05,2021-03-08,2021-04-06,2021,0.0252679477753274,-0.006881799122838374,0.0,False
INNV,5,2021-03-10,2021-03-11,2021-04-09,2021,0.0577936235355965,0.006080289646261256,0.0,True
INNV,10,2021-03-17,2021-03-18,2021-04-16,2021,0.0738796038420513,-0.04229032458970372,0.0,False
INTA,2,2021-07-01,2021-07-02,2021-08-02,2021,-0.3395937083399866,-0.049430180543377035,0.0,False
INTA,5,2021-07-07,2021-07-08,2021-08-05,2021,-0.1727899281458582,-0.04124412320190938,0.0,False
INTA,10,2021-07-14,2021-07-15,2021-08-12,2021,-0.1568066426018549,-0.0316556263045561,0.0,False
INTA,15,2021-07-21,2021-07-22,2021-08-19,2021,-0.2700279789195235,-0.019288588243854102,0.0,False
INTA,20,2021-07-28,2021-07-29,2021-08-26,2021,-0.2477660817997563,6.0918547127030695e-05,0.0,True
IOT,2,2021-12-16,2021-12-17,2022-01-18,2021,0.0242935650268619,0.059698955228589506,0.0,True
IOT,5,2021-12-21,2021-12-22,2022-01-21,2021,0.1388965300479605,-0.001458126641799371,0.0,False
IOT,10,2021-12-29,2021-12-30,2022-01-28,2021,0.2445710908052601,-0.015298362923175332,0.0,False
IPSC,2,2021-06-21,2021-06-22,2021-07-21,2021,-0.0888678827514598,-0.04645569938924648,0.0,False
IPSC,5,2021-06-24,2021-06-25,2021-07-26,2021,-0.1232993023468888,-0.07609682192395593,0.0,False
IPSC,10,2021-07-01,2021-07-02,2021-08-02,2021,-0.016630441316524,-0.007960342628075974,0.0,False
IPSC,15,2021-07-09,2021-07-12,2021-08-09,2021,-0.1174885737904339,-0.10117660285577146,0.0,False
IPSC,20,2021-07-16,2021-07-19,2021-08-16,2021,-0.0771944795299245,-0.11065015328042316,0.0,False
IREN,2,2021-11-18,2021-11-19,2021-12-20,2021,0.2017006735907614,-0.21488143293041279,0.0,False
IREN,5,2021-11-23,2021-11-24,2021-12-23,2021,0.1725386704151271,-0.12494692497584726,0.0,False
IREN,10,2021-12-01,2021-12-02,2021-12-31,2021,0.1669367450189026,-0.12687529623511093,0.0,False
IREN,15,2021-12-08,2021-12-09,2022-01-07,2021,0.1964961377598282,-0.12158522096114172,0.0,False
IREN,20,2021-12-15,2021-12-16,2022-01-14,2021,0.0532523009522143,-0.12158522096114172,0.0,False
JANX,2,2021-06-14,2021-06-15,2021-07-14,2021,-0.2688380725151018,-0.013314706582231672,0.0,False
JANX,5,2021-06-17,2021-06-18,2021-07-19,2021,-0.5775857021272812,0.0701213710465185,0.0,True
JANX,10,2021-06-24,2021-06-25,2021-07-26,2021,-0.1144531311226753,-0.0646731184161126,0.0,False
JANX,15,2021-07-01,2021-07-02,2021-08-02,2021,-0.3713973445740113,-0.09367939610128898,0.0,False
JANX,20,2021-07-09,2021-07-12,2021-08-09,2021,-0.1674113780351523,-0.03681571101889338,0.0,False
KARO,2,2021-04-05,2021-04-06,2021-05-04,2021,-0.0961862795704399,0.025665215623633518,0.0,True
KARO,5,2021-04-08,2021-04-09,2021-05-07,2021,-0.1332810857095646,0.020334697057181886,0.0,True
KLTR,2,2021-07-22,2021-07-23,2021-08-20,2021,-0.1406628566562043,-0.04183676109007563,0.0,False
KLTR,5,2021-07-27,2021-07-28,2021-08-25,2021,-0.101283854031873,-0.08057908192011672,0.0,False
KRT,2,2021-04-16,2021-04-19,2021-05-17,2021,0.0060261698122842,-0.05513871505554821,0.0,False
LAW,2,2021-07-22,2021-07-23,2021-08-20,2021,-0.2559042737733855,-0.14136587895564157,0.0,False
LAW,5,2021-07-27,2021-07-28,2021-08-25,2021,-0.2965778672714265,-0.09464914980652964,0.0,False
LAW,10,2021-08-03,2021-08-04,2021-09-01,2021,-0.2658477546340811,-0.12875599712407265,0.0,False
LAW,15,2021-08-10,2021-08-11,2021-09-09,2021,-0.3772518350270401,-0.09364912982488068,0.0,False
LAW,20,2021-08-17,2021-08-18,2021-09-16,2021,-0.1041810520420588,-0.13599145162229045,0.0,False
LDI,2,2021-02-12,2021-02-16,2021-03-16,2021,0.269689320610379,0.044729046636280044,0.0,True
LDI,5,2021-02-18,2021-02-19,2021-03-19,2021,0.1441704854659371,-0.062044077577075335,0.0,False
LDI,10,2021-02-25,2021-02-26,2021-03-26,2021,0.0401309169656016,-0.07278216219589886,0.0,False
LDI,15,2021-03-04,2021-03-05,2021-04-05,2021,0.06330085420807,-0.1329663255785013,0.0,False
LDI,20,2021-03-11,2021-03-12,2021-04-12,2021,0.0606390277052994,-0.044159225384906756,0.0,False
LFST,2,2021-06-11,2021-06-14,2021-07-13,2021,-0.1620080707107848,0.003556197091855967,0.0,True
LFST,5,2021-06-16,2021-06-17,2021-07-16,2021,0.0023691877543785,-0.009313753593994285,0.0,False
LFST,10,2021-06-23,2021-06-24,2021-07-23,2021,0.2211168426236794,0.02375857377746384,0.0,True
LFST,15,2021-06-30,2021-07-01,2021-07-30,2021,0.1380334831054861,-0.07574910601833074,0.0,False
LFST,20,2021-07-08,2021-07-09,2021-08-06,2021,0.1028960843693047,-0.057018249044394405,0.0,False
LTH,2,2021-10-08,2021-10-11,2021-11-08,2021,-0.0593275365657153,-0.006685984480766001,0.0,False
LTH,5,2021-10-13,2021-10-14,2021-11-11,2021,-0.1306755443133258,0.03348996695665734,0.0,True
LTH,10,2021-10-20,2021-10-21,2021-11-18,2021,-0.0985166673063761,-0.031698677219602046,0.0,False
LTH,15,2021-10-27,2021-10-28,2021-11-26,2021,-0.2587366320583492,-0.013919390332862502,0.0,False
LTH,20,2021-11-03,2021-11-04,2021-12-03,2021,-0.1437059839015495,-0.05282670403929956,0.0,False
LUCD,2,2021-10-15,2021-10-18,2021-11-15,2021,-0.0282467275000764,0.0052901980105024326,0.0,True
LZ,2,2021-07-01,2021-07-02,2021-08-02,2021,0.0185288478568479,-0.03218211677898808,0.0,False
LZ,5,2021-07-07,2021-07-08,2021-08-05,2021,-0.0721609068055118,-0.05346489976660532,0.0,False
LZ,10,2021-07-14,2021-07-15,2021-08-12,2021,0.0578159722987105,-0.08308967234201996,0.0,False
LZ,15,2021-07-21,2021-07-22,2021-08-19,2021,0.098273165516317,-0.03563625948845702,0.0,False
LZ,20,2021-07-28,2021-07-29,2021-08-26,2021,0.0163507895500806,0.02880785825275849,0.0,True
MASS,10,2021-01-04,2021-01-05,2021-02-03,2021,-0.2054755578437223,-0.05450215054609456,0.0,False
MASS,15,2021-01-11,2021-01-12,2021-02-10,2021,-0.2094133817232303,-0.023165860170291482,0.0,False
MASS,20,2021-01-19,2021-01-20,2021-02-18,2021,0.0037677035522305,-0.01469652505495532,0.0,False
MDXH,2,2021-11-05,2021-11-08,2021-12-07,2021,0.2082118786187025,-0.040561930544302016,0.0,False
MNDY,2,2021-06-11,2021-06-14,2021-07-13,2021,-0.1793158366029401,-0.021434751101428208,0.0,False
MNDY,5,2021-06-16,2021-06-17,2021-07-16,2021,0.0630531781644302,-0.026192330616524782,0.0,False
MNDY,10,2021-06-23,2021-06-24,2021-07-23,2021,0.152156153985821,-0.009077087946622792,0.0,False
MNDY,15,2021-06-30,2021-07-01,2021-07-30,2021,-0.0153096684714235,-0.07425338129635849,0.0,False
MNDY,20,2021-07-08,2021-07-09,2021-08-06,2021,-0.0381985837336159,-0.06327704655889352,0.0,False
MNTK,2,2021-01-25,2021-01-26,2021-02-24,2021,-0.1756091340362001,-0.03208316664334085,0.0,False
MNTK,5,2021-01-28,2021-01-29,2021-03-01,2021,-0.2357914254670217,-0.0812234247019911,0.0,False
MOLN,2,2021-06-17,2021-06-18,2021-07-19,2021,0.0031739358582856,-0.06440329107830847,0.0,False
MOLN,5,2021-06-22,2021-06-23,2021-07-22,2021,0.0084388493222862,-0.06871417889630904,0.0,False
MQ,2,2021-06-10,2021-06-11,2021-07-12,2021,0.1865845647642383,-0.07448529381472387,0.0,False
MQ,5,2021-06-15,2021-06-16,2021-07-15,2021,0.1863659535153176,-0.033306648176136266,0.0,False
MQ,10,2021-06-22,2021-06-23,2021-07-22,2021,0.1018722063085827,-0.09769603719714003,0.0,False
MQ,15,2021-06-29,2021-06-30,2021-07-29,2021,0.0061787984410506,-0.02251145553104058,0.0,False
MQ,20,2021-07-07,2021-07-08,2021-08-05,2021,-0.0249684511711589,-0.01231292079727297,0.0,False
MXCT,2,2021-08-02,2021-08-03,2021-08-31,2021,0.0342471774213927,-0.06530755374209192,0.0,False
MXCT,5,2021-08-05,2021-08-06,2021-09-03,2021,-0.1502773479448895,-0.05445499365540972,0.0,False
MXCT,10,2021-08-12,2021-08-13,2021-09-13,2021,0.0063812690344767,-0.04467882256651318,0.0,False
MXCT,15,2021-08-19,2021-08-20,2021-09-20,2021,-0.0406719795199577,-0.053066794242508354,0.0,False
MXCT,20,2021-08-26,2021-08-27,2021-09-27,2021,-0.0115045422464831,0.021749716259685036,0.0,True
NPCE,2,2021-04-23,2021-04-26,2021-05-24,2021,0.1372189792879623,0.014326039947164367,0.0,True
NPCE,5,2021-04-28,2021-04-29,2021-05-27,2021,0.1406294580766013,-0.07340143809897855,0.0,False
NPCE,10,2021-05-05,2021-05-06,2021-06-04,2021,0.0159891066679725,-0.029021104366663747,0.0,False
NRDS,2,2021-11-05,2021-11-08,2021-12-07,2021,0.3347265611138059,0.015474255820831936,0.0,True
NRDS,5,2021-11-10,2021-11-11,2021-12-10,2021,0.2897977461386481,0.07228887817676635,0.0,True
NRDS,10,2021-11-17,2021-11-18,2021-12-17,2021,0.3933471719726812,0.0709157357396194,0.0,True
NRDS,15,2021-11-24,2021-11-26,2021-12-27,2021,0.3192561400712783,0.018667339157730656,0.0,True
NRDS,20,2021-12-02,2021-12-03,2022-01-03,2021,0.0069272054088646,-0.03837385721463499,0.0,False
NTRB,2,2021-10-04,2021-10-05,2021-11-02,2021,0.1021345132370521,-0.025493549216946045,0.0,False
NTRB,10,2021-10-14,2021-10-15,2021-11-12,2021,0.2728840774503684,0.007959229251855,0.0,True
NU,2,2021-12-10,2021-12-13,2022-01-11,2021,0.1302183944322023,-0.06128660690098027,0.0,False
NU,5,2021-12-15,2021-12-16,2022-01-14,2021,0.1704259304962414,-0.12612041298608942,0.0,False
NU,10,2021-12-22,2021-12-23,2022-01-24,2021,0.0825963785660055,-0.026873752452004806,0.0,False
NU,15,2021-12-30,2021-12-31,2022-01-31,2021,0.0176990216290921,-0.0037289541708714173,0.0,False
ONON,2,2021-09-16,2021-09-17,2021-10-15,2021,0.2277644200876614,-0.0337507993906016,0.0,False
ONON,5,2021-09-21,2021-09-22,2021-10-20,2021,0.2351296622516608,-0.012310730582491856,0.0,False
ONON,10,2021-09-28,2021-09-29,2021-10-27,2021,-0.0198160531781969,0.03316219970986187,0.0,True
ONON,15,2021-10-05,2021-10-06,2021-11-03,2021,-0.1827108861360332,0.10514885321715453,0.0,True
ONON,20,2021-10-12,2021-10-13,2021-11-10,2021,-0.1494833435435893,0.04708989941882934,0.0,True
OSCR,2,2021-03-04,2021-03-05,2021-04-05,2021,0.3004253071898857,0.02703863842625627,0.0,True
OSCR,5,2021-03-09,2021-03-10,2021-04-08,2021,0.346457457024023,-0.04552116533431198,0.0,False
OSCR,10,2021-03-16,2021-03-17,2021-04-15,2021,0.3598006783475341,-0.015480020260550797,0.0,False
OSCR,15,2021-03-23,2021-03-24,2021-04-22,2021,0.32593558873278,-0.02095056136553756,0.0,False
OSCR,20,2021-03-30,2021-03-31,2021-04-29,2021,0.2540420662176775,0.041862189405237886,0.0,True
PATH,2,2021-04-22,2021-04-23,2021-05-21,2021,-0.0501543406383629,-0.05948371815110962,0.0,False
PATH,5,2021-04-27,2021-04-28,2021-05-26,2021,-0.1352306462626791,-0.09848791513497096,0.0,False
PATH,10,2021-05-04,2021-05-05,2021-06-03,2021,-0.013478121551824,-0.08297894788151192,0.0,False
PATH,15,2021-05-11,2021-05-12,2021-06-10,2021,-0.0505500642057765,-0.07681115763655051,0.0,False
PATH,20,2021-05-18,2021-05-19,2021-06-17,2021,0.0005832976556577,-0.05902876353365628,0.0,False
PAX,2,2021-01-25,2021-01-26,2021-02-24,2021,-0.1127975523846315,0.028903870946354347,0.0,True
PAX,5,2021-01-28,2021-01-29,2021-03-01,2021,-0.1296728577793473,0.04671887911655489,0.0,True
PAX,10,2021-02-04,2021-02-05,2021-03-08,2021,0.0876475581977891,-0.014569442211816618,0.0,False
PAX,15,2021-02-11,2021-02-12,2021-03-15,2021,0.1872292068260582,-0.044384169913081875,0.0,False
PAX,20,2021-02-19,2021-02-22,2021-03-22,2021,0.1433868914513986,-0.03851306841978735,0.0,False
PAY,2,2021-05-27,2021-05-28,2021-06-28,2021,-0.2508736519317942,-0.045580763266229014,0.0,False
PAY,5,2021-06-02,2021-06-03,2021-07-01,2021,-0.0179023607133434,-0.039376547200664434,0.0,False
PAY,10,2021-06-09,2021-06-10,2021-07-09,2021,-0.2499447526784166,-0.10379804209860939,0.0,False
PAY,15,2021-06-16,2021-06-17,2021-07-16,2021,-0.0554770227554189,-0.05382205420221169,0.0,False
PAY,20,2021-06-23,2021-06-24,2021-07-23,2021,0.231165158433773,-0.02865850899499977,0.0,False
PCOR,2,2021-05-21,2021-05-24,2021-06-22,2021,-0.0881392511430689,0.02107611254628903,0.0,True
PCOR,5,2021-05-26,2021-05-27,2021-06-25,2021,-0.1701286533403164,-0.014692152194109544,0.0,False
PCOR,10,2021-06-03,2021-06-04,2021-07-02,2021,-0.1717393701978747,-0.06629489964444296,0.0,False
PCOR,15,2021-06-10,2021-06-11,2021-07-12,2021,-0.1265198720359461,-0.08669592971494305,0.0,False
PCOR,20,2021-06-17,2021-06-18,2021-07-19,2021,-0.1334897731467096,-0.07138182344896654,0.0,False
PHVS,2,2021-02-08,2021-02-09,2021-03-10,2021,-0.0578366691741489,-0.09102406916408098,0.0,False
PHVS,5,2021-02-11,2021-02-12,2021-03-15,2021,-0.2608385412558199,-0.04102548543294398,0.0,False
PHVS,10,2021-02-19,2021-02-22,2021-03-22,2021,0.0430283370097998,0.02596113474411829,0.0,True
PHVS,15,2021-02-26,2021-03-01,2021-03-29,2021,0.3193703789950807,-0.026843035402611584,0.0,False
PHVS,20,2021-03-05,2021-03-08,2021-04-06,2021,0.0920613877216013,-0.1499375329067555,0.0,False
PLTK,2,2021-01-20,2021-01-21,2021-02-19,2021,-0.0110856436835427,-0.02483995819134044,0.0,False
PLTK,5,2021-01-25,2021-01-26,2021-02-24,2021,-0.063684362516413,0.04456791327056829,0.0,True
PLTK,10,2021-02-01,2021-02-02,2021-03-03,2021,-0.0478615878332732,0.013755253580567558,0.0,True
PLTK,15,2021-02-08,2021-02-09,2021-03-10,2021,0.1561431426374453,-0.028802776101937076,0.0,False
PLTK,20,2021-02-16,2021-02-17,2021-03-17,2021,0.1848507080301845,-0.0882451124152115,0.0,False
PRCT,2,2021-09-16,2021-09-17,2021-10-15,2021,-0.2182858621160547,-0.06452857756779518,0.0,False
PRCT,5,2021-09-21,2021-09-22,2021-10-20,2021,-0.0850541346882238,-0.05226107623732028,0.0,False
PRCT,10,2021-09-28,2021-09-29,2021-10-27,2021,-0.1088204910695238,-0.04382095020598162,0.0,False
PRCT,15,2021-10-05,2021-10-06,2021-11-03,2021,-0.165149715799878,0.02124825427546653,0.0,True
PRCT,20,2021-10-12,2021-10-13,2021-11-10,2021,0.0388344393368007,0.0021145313146146844,0.0,True
PRVA,2,2021-04-30,2021-05-03,2021-06-01,2021,0.0651682065572614,-0.060990817460089844,0.0,False
PRVA,5,2021-05-05,2021-05-06,2021-06-04,2021,0.1132709336217255,-0.05856737710034815,0.0,False
PRVA,10,2021-05-12,2021-05-13,2021-06-11,2021,-0.3063232434869296,-0.07306499435205364,0.0,False
PRVA,15,2021-05-19,2021-05-20,2021-06-18,2021,-0.5366157968800487,-0.10444008835909893,0.0,False
PRVA,20,2021-05-26,2021-05-27,2021-06-25,2021,-0.4191714570890124,-0.043292616050628875,0.0,False
PTLO,2,2021-10-22,2021-10-25,2021-11-22,2021,0.0592145958609319,-0.026869301266107506,0.0,False
PTLO,5,2021-10-27,2021-10-28,2021-11-26,2021,-0.0748525155821271,-0.03852598882993961,0.0,False
PTLO,10,2021-11-03,2021-11-04,2021-12-03,2021,0.1060315629314733,-0.03918796961126839,0.0,False
PTLO,15,2021-11-10,2021-11-11,2021-12-10,2021,0.2031814937903228,-0.011325337013291789,0.0,False
PTLO,20,2021-11-17,2021-11-18,2021-12-17,2021,0.2251857349867556,-0.040834068601462055,0.0,False
PUBM,20,2021-01-07,2021-01-08,2021-02-08,2021,-0.8897706910087094,0.01816086223244136,0.0,True
PYXS,2,2021-10-11,2021-10-12,2021-11-09,2021,0.0444693790650718,0.008468846990553384,0.0,True
PYXS,5,2021-10-14,2021-10-15,2021-11-12,2021,0.0350479083277788,0.002471822458921516,0.0,True
RANI,2,2021-08-02,2021-08-03,2021-08-31,2021,-0.7988953365549408,-0.042695494076712734,0.0,False
RBLX,2,2021-03-11,2021-03-12,2021-04-12,2021,0.0101928414842336,-0.011517197897598874,0.0,False
RBLX,5,2021-03-16,2021-03-17,2021-04-15,2021,0.004447687851709,-0.013767222278595458,0.0,False
RBLX,10,2021-03-23,2021-03-24,2021-04-22,2021,0.052316932995394,-0.06654028218418583,0.0,False
RBLX,15,2021-03-30,2021-03-31,2021-04-29,2021,-0.008793981676745,-0.03968785943295731,0.0,False
RBLX,20,2021-04-07,2021-04-08,2021-05-06,2021,0.1130023471548355,-0.09007641874780425,0.0,False
REFI,2,2021-12-09,2021-12-10,2022-01-10,2021,-0.1264158338377094,0.013831716745127419,0.0,True
RELY,2,2021-09-24,2021-09-27,2021-10-25,2021,0.2426678507936439,0.019247939925776718,0.0,True
RELY,5,2021-09-29,2021-09-30,2021-10-28,2021,0.1820039340526556,0.01636883934010285,0.0,True
RELY,10,2021-10-06,2021-10-07,2021-11-04,2021,0.2148693093630915,0.06064861274713235,0.0,True
RELY,15,2021-10-13,2021-10-14,2021-11-11,2021,0.282885585702318,0.009373863918473592,0.0,True
RELY,20,2021-10-20,2021-10-21,2021-11-18,2021,0.253782661590718,-0.05343029868354404,0.0,False
RERE,2,2021-06-21,2021-06-22,2021-07-21,2021,0.0395408886862462,-0.066260314447066,0.0,False
RERE,5,2021-06-24,2021-06-25,2021-07-26,2021,0.1112520932338378,-0.07125859281604818,0.0,False
RERE,10,2021-07-01,2021-07-02,2021-08-02,2021,0.2014745963855118,-0.06725737883173975,0.0,False
RERE,20,2021-07-16,2021-07-19,2021-08-16,2021,0.2105352141312321,-0.11372272652137176,0.0,False
RIVN,2,2021-11-11,2021-11-12,2021-12-13,2021,0.050967027071942,-0.09188328158902556,0.0,False
RIVN,5,2021-11-16,2021-11-17,2021-12-16,2021,0.2916119797735609,-0.12093906034937943,0.0,False
RIVN,10,2021-11-23,2021-11-24,2021-12-23,2021,0.174925969035012,-0.19863175983147088,0.0,False
RIVN,15,2021-12-01,2021-12-02,2021-12-31,2021,0.2064510186163026,-0.1638272131509042,0.0,False
RIVN,20,2021-12-08,2021-12-09,2022-01-07,2021,0.2461310567194954,-0.13244873167043578,0.0,False
RNXT,2,2021-08-27,2021-08-30,2021-09-28,2021,0.0220667137434036,-0.11756207506968927,0.0,False
RNXT,5,2021-09-01,2021-09-02,2021-10-01,2021,0.2533741458028991,-0.08820448295478195,0.0,False
RNXT,10,2021-09-09,2021-09-10,2021-10-08,2021,0.3342042342137281,-0.06717333548247355,0.0,False
RNXT,15,2021-09-16,2021-09-17,2021-10-15,2021,0.2233472561185912,-0.15683713237126753,0.0,False
RNXT,20,2021-09-23,2021-09-24,2021-10-22,2021,0.2415829761216661,-0.10871477105287415,0.0,False
RPID,2,2021-07-16,2021-07-19,2021-08-16,2021,0.2109232970979933,-0.08158347717093713,0.0,False
RPID,5,2021-07-21,2021-07-22,2021-08-19,2021,0.0444307856094977,-0.11466119394152609,0.0,False
RPID,10,2021-07-28,2021-07-29,2021-08-26,2021,-0.0056009783905402,-0.07422394883666654,0.0,False
RSKD,2,2021-07-30,2021-08-02,2021-08-30,2021,-0.199218629758262,-0.06805176090841203,0.0,False
RSKD,5,2021-08-04,2021-08-05,2021-09-02,2021,-0.1969531864444696,-0.05787923016142393,0.0,False
RSKD,10,2021-08-11,2021-08-12,2021-09-10,2021,-0.0805280758190678,-0.11848647168875774,0.0,False
RSKD,15,2021-08-18,2021-08-19,2021-09-17,2021,-0.031738718912805,-0.09599113429075552,0.0,False
RSKD,20,2021-08-25,2021-08-26,2021-09-24,2021,-0.0396217605859194,-0.07493102157703833,0.0,False
RXRX,2,2021-04-19,2021-04-20,2021-05-18,2021,0.1263234935605251,-0.027711258126268023,0.0,False
RXRX,5,2021-04-22,2021-04-23,2021-05-21,2021,0.1785634301390346,-0.010567840397260664,0.0,False
RXRX,10,2021-04-29,2021-04-30,2021-05-28,2021,0.2201008829667727,0.032104683043293225,0.0,True
RXRX,15,2021-05-06,2021-05-07,2021-06-07,2021,0.0007884693944955,-0.09831947522526277,0.0,False
RXRX,20,2021-05-13,2021-05-14,2021-06-14,2021,-0.5644689699913957,0.011823151907074529,0.0,True
RXST,2,2021-08-02,2021-08-03,2021-08-31,2021,0.1155311012714147,-0.10696851192695728,0.0,False
RXST,5,2021-08-05,2021-08-06,2021-09-03,2021,-0.1504128286562368,-0.07631396339291797,0.0,False
RYAN,2,2021-07-23,2021-07-26,2021-08-23,2021,-0.1223261566533339,-0.018571113559837562,0.0,False
RYAN,5,2021-07-28,2021-07-29,2021-08-26,2021,-0.0797557128521464,-0.02171683875321651,0.0,False
RYAN,10,2021-08-04,2021-08-05,2021-09-02,2021,-0.1403233211532423,-0.052874892758409606,0.0,False
RYAN,15,2021-08-11,2021-08-12,2021-09-10,2021,-0.1352924340175036,-0.030874108254007795,0.0,False
RYAN,20,2021-08-18,2021-08-19,2021-09-17,2021,-0.0840898008753539,-0.07215126005811119,0.0,False
S,2,2021-07-01,2021-07-02,2021-08-02,2021,-0.2481147533919449,0.0008327431933120983,0.0,True
S,5,2021-07-07,2021-07-08,2021-08-05,2021,-0.0345866179676077,-0.13224707861060375,0.0,False
S,10,2021-07-14,2021-07-15,2021-08-12,2021,-0.0517184133069395,-0.1488919571028347,0.0,False
S,15,2021-07-21,2021-07-22,2021-08-19,2021,-0.1126645080540263,-0.12076731126070182,0.0,False
S,20,2021-07-28,2021-07-29,2021-08-26,2021,-0.2341987373223247,-0.08948020189726925,0.0,False
SANA,2,2021-02-05,2021-02-08,2021-03-09,2021,0.2822847504823008,0.0019064508477697054,0.0,True
SANA,5,2021-02-10,2021-02-11,2021-03-12,2021,0.2649310946628336,0.04815314384871516,0.0,True
SANA,10,2021-02-18,2021-02-19,2021-03-19,2021,0.0575834059682706,-0.04542181938689635,0.0,False
SANA,15,2021-02-25,2021-02-26,2021-03-26,2021,0.0600344893255018,0.012436812994011826,0.0,True
SANA,20,2021-03-04,2021-03-05,2021-04-05,2021,-0.1985066537790428,0.012790281373181691,0.0,True
SEER,20,2021-01-04,2021-01-05,2021-02-03,2021,-0.1061455102929237,0.0565152211233939,0.0,True
SERA,2,2021-07-16,2021-07-19,2021-08-16,2021,0.1226221949019414,-0.03913485614170273,0.0,False
SG,2,2021-11-19,2021-11-22,2021-12-21,2021,0.3950752074516742,-0.11257212537343168,0.0,False
SG,5,2021-11-24,2021-11-26,2021-12-27,2021,0.1475042748801873,-0.016436913940275032,0.0,False
SG,10,2021-12-02,2021-12-03,2022-01-03,2021,-0.0055448148623637,-0.01848606353187115,0.0,False
SG,15,2021-12-09,2021-12-10,2022-01-10,2021,0.0532095732100257,-0.029081990931244476,0.0,False
SG,20,2021-12-16,2021-12-17,2022-01-18,2021,0.1196535295471861,0.026372560106875,0.0,True
SGHT,2,2021-07-16,2021-07-19,2021-08-16,2021,-0.1549220872732049,-0.11713078236945354,0.0,False
SGHT,5,2021-07-21,2021-07-22,2021-08-19,2021,-0.0408722696524549,0.007874924930631431,0.0,True
SGHT,10,2021-07-28,2021-07-29,2021-08-26,2021,0.0476404051051143,-0.07808573995605925,0.0,False
SGHT,15,2021-08-04,2021-08-05,2021-09-02,2021,0.2506067270609635,-0.054398996484956066,0.0,False
SGHT,20,2021-08-11,2021-08-12,2021-09-10,2021,0.1400955612736869,-0.14251890299134531,0.0,False
SHLS,2,2021-01-29,2021-02-01,2021-03-02,2021,-0.0382506406427766,0.01669588066069535,0.0,True
SHLS,5,2021-02-03,2021-02-04,2021-03-05,2021,0.1106700366841898,0.001638528992991554,0.0,True
SHLS,10,2021-02-10,2021-02-11,2021-03-12,2021,0.0473242304831063,-0.023728786000276628,0.0,False
SHLS,15,2021-02-18,2021-02-19,2021-03-19,2021,0.1509468076433384,-0.023669148503370523,0.0,False
SHLS,20,2021-02-25,2021-02-26,2021-03-26,2021,0.1250414385208511,-0.04830895636883921,0.0,False
SKYT,2,2021-04-22,2021-04-23,2021-05-21,2021,-0.3828253058679152,0.06054254049777274,0.0,True
SKYT,5,2021-04-27,2021-04-28,2021-05-26,2021,-0.4384045704721619,0.01802982173706586,0.0,True
SKYT,10,2021-05-04,2021-05-05,2021-06-03,2021,-0.2552088894271394,0.0334833264540937,0.0,True
SKYT,15,2021-05-11,2021-05-12,2021-06-10,2021,-0.345812422452284,-0.008701315094722297,0.0,False
SKYT,20,2021-05-18,2021-05-19,2021-06-17,2021,-0.6847605555905478,-0.011766220085376925,0.0,False
SMWB,2,2021-05-13,2021-05-14,2021-06-14,2021,0.0056967061262159,-0.020689466665021607,0.0,False
SMWB,5,2021-05-18,2021-05-19,2021-06-17,2021,0.1052567760530793,-0.0019580245438775828,0.0,False
SOPH,2,2021-07-26,2021-07-27,2021-08-24,2021,-0.0448138321046898,-0.14080896334123086,0.0,False
SOPH,5,2021-07-29,2021-07-30,2021-08-27,2021,-0.2444888633807223,-0.06504447521944601,0.0,False
SOPH,10,2021-08-05,2021-08-06,2021-09-03,2021,-0.0762000288449194,-0.07157949588598012,0.0,False
SOPH,15,2021-08-12,2021-08-13,2021-09-13,2021,0.0290631068042238,-0.062491499144264245,0.0,False
SRAD,2,2021-09-15,2021-09-16,2021-10-14,2021,0.1118280430905111,-0.041383215786089333,0.0,False
SRAD,5,2021-09-20,2021-09-21,2021-10-19,2021,0.1912233859564148,-0.08534898088739913,0.0,False
SRAD,10,2021-09-27,2021-09-28,2021-10-26,2021,0.1535489176718467,-0.11811418035865465,0.0,False
SRAD,15,2021-10-04,2021-10-05,2021-11-02,2021,0.1354854300417262,0.0260352481127698,0.0,True
SRAD,20,2021-10-11,2021-10-12,2021-11-09,2021,0.14321485513156,-0.03995216543083013,0.0,False
STVN,2,2021-07-19,2021-07-20,2021-08-17,2021,-0.0033754404310195,0.01033817377489383,0.0,True
STVN,5,2021-07-22,2021-07-23,2021-08-20,2021,-0.2480563325743289,0.02025769951481846,0.0,True
STVN,10,2021-07-29,2021-07-30,2021-08-27,2021,-0.2486415717644646,-0.03690726677608728,0.0,False
STVN,15,2021-08-05,2021-08-06,2021-09-03,2021,-0.322104873297945,0.04107884072612925,0.0,True
STVN,20,2021-08-12,2021-08-13,2021-09-13,2021,-0.2711054088449504,-0.004790666809168322,0.0,False
SWIM,2,2021-04-26,2021-04-27,2021-05-25,2021,-0.1459313844599698,-0.01592329491413792,0.0,False
SWIM,5,2021-04-29,2021-04-30,2021-05-28,2021,-0.2091969252981424,-0.02016988894740587,0.0,False
SWIM,10,2021-05-06,2021-05-07,2021-06-07,2021,-0.0820266022518496,-0.038566189626376736,0.0,False
SWIM,15,2021-05-13,2021-05-14,2021-06-14,2021,0.0817233741137304,0.05467252874644862,0.0,True
SWIM,20,2021-05-20,2021-05-21,2021-06-21,2021,-0.0237179519949654,-0.034471476608065495,0.0,False
TASK,2,2021-06-14,2021-06-15,2021-07-14,2021,0.0591569909423414,-0.0916630556012833,0.0,False
TASK,5,2021-06-17,2021-06-18,2021-07-19,2021,0.0533896791797938,-0.04934177717360903,0.0,False
TASK,10,2021-06-24,2021-06-25,2021-07-26,2021,0.0868091781206456,-0.05462395277303022,0.0,False
TASK,15,2021-07-01,2021-07-02,2021-08-02,2021,0.0808616106827169,-0.07752264284635592,0.0,False
TASK,20,2021-07-09,2021-07-12,2021-08-09,2021,0.0358871358243944,-0.09848530711039143,0.0,False
TCBX,2,2021-11-10,2021-11-11,2021-12-10,2021,-0.1528897912260064,0.0016975374699096737,0.0,True
TCBX,5,2021-11-15,2021-11-16,2021-12-15,2021,-0.0540992592101469,-0.012072759203971063,0.0,False
TCRX,2,2021-07-19,2021-07-20,2021-08-17,2021,-0.1435493335206705,0.04608050165637753,0.0,True
TDUP,2,2021-03-29,2021-03-30,2021-04-28,2021,0.4050235238538887,0.05864250117879499,0.0,True
TDUP,5,2021-04-01,2021-04-05,2021-05-03,2021,0.2871928039158195,-0.11168821724571389,0.0,False
TDUP,10,2021-04-09,2021-04-12,2021-05-10,2021,-0.0015937009285224,-0.08468979114129682,0.0,False
TDUP,15,2021-04-16,2021-04-19,2021-05-17,2021,-0.2601744751336963,-0.047899767173730214,0.0,False
TDUP,20,2021-04-23,2021-04-26,2021-05-24,2021,-0.3098442036061741,-0.010291599124220781,0.0,False
TKNO,2,2021-06-28,2021-06-29,2021-07-28,2021,0.3524074809470755,-0.06958763782100794,0.0,False
TKNO,5,2021-07-01,2021-07-02,2021-08-02,2021,0.0637570873291535,-0.08859891311765151,0.0,False
TMCI,2,2021-04-26,2021-04-27,2021-05-25,2021,-0.0075979208509701,-0.10422384816126465,0.0,False
TMCI,5,2021-04-29,2021-04-30,2021-05-28,2021,-0.121557183225303,-0.0662906510337921,0.0,False
TMCI,10,2021-05-06,2021-05-07,2021-06-07,2021,-0.1644085630678017,-0.03957648212146857,0.0,False
TMCI,15,2021-05-13,2021-05-14,2021-06-14,2021,-0.2747617833817888,-0.11400968865638962,0.0,False
TMCI,20,2021-05-20,2021-05-21,2021-06-21,2021,-0.1474678339422797,-0.03433184987172252,0.0,False
TNYA,2,2021-08-02,2021-08-03,2021-08-31,2021,-0.1158915602634522,-0.06759091417496142,0.0,False
TNYA,5,2021-08-05,2021-08-06,2021-09-03,2021,-0.2674197707170629,-0.0757459269124579,0.0,False
TNYA,10,2021-08-12,2021-08-13,2021-09-13,2021,-0.0465301991331569,-0.004442379841170293,0.0,False
TNYA,15,2021-08-19,2021-08-20,2021-09-20,2021,0.0436102647639748,-0.11893403864640231,0.0,False
TNYA,20,2021-08-26,2021-08-27,2021-09-27,2021,0.084135876961942,-0.04117078158986802,0.0,False
TOST,2,2021-09-23,2021-09-24,2021-10-22,2021,0.1783160024488947,-0.02261020873218647,0.0,False
TOST,5,2021-09-28,2021-09-29,2021-10-27,2021,-0.0095723719833634,-0.0002857622469990351,0.0,False
TOST,10,2021-10-05,2021-10-06,2021-11-03,2021,-0.130361262087409,0.10675815373013724,0.0,True
TOST,15,2021-10-12,2021-10-13,2021-11-10,2021,0.1004520617806029,0.04629409473586286,0.0,True
TOST,20,2021-10-19,2021-10-20,2021-11-17,2021,0.1487804077179508,0.040681984178546376,0.0,True
TRDA,2,2021-11-01,2021-11-02,2021-12-01,2021,-0.4574878417494832,0.02347208411819028,0.0,True
TRDA,5,2021-11-04,2021-11-05,2021-12-06,2021,0.0529219715718936,-0.018169175142357913,0.0,False
TRDA,10,2021-11-11,2021-11-12,2021-12-13,2021,0.3415091330557304,0.004237746800805849,0.0,True
TRDA,15,2021-11-18,2021-11-19,2021-12-20,2021,0.5560543324618654,-0.019453619127553196,0.0,False
TRDA,20,2021-11-26,2021-11-29,2021-12-28,2021,0.3970691239714186,-0.11129519222958284,0.0,False
TUYA,2,2021-03-22,2021-03-23,2021-04-21,2021,0.2965862913923087,0.052199038667007334,0.0,True
TUYA,5,2021-03-25,2021-03-26,2021-04-26,2021,0.054156403698013,0.013199988533114465,0.0,True
TUYA,10,2021-04-01,2021-04-05,2021-05-03,2021,0.1646379814958229,0.05609599091965126,0.0,True
TUYA,15,2021-04-09,2021-04-12,2021-05-10,2021,0.2792110115044283,0.023120660674491696,0.0,True
TUYA,20,2021-04-16,2021-04-19,2021-05-17,2021,0.0364389108513587,0.048659080140049396,0.0,True
TYRA,2,2021-09-16,2021-09-17,2021-10-15,2021,0.2005419612134973,0.03750615230749732,0.0,True
TYRA,5,2021-09-21,2021-09-22,2021-10-20,2021,-0.0529125562863457,0.056276574526357814,0.0,True
TYRA,10,2021-09-28,2021-09-29,2021-10-27,2021,-0.2453880837896777,0.020663800786072013,0.0,True
TYRA,15,2021-10-05,2021-10-06,2021-11-03,2021,-1.153566364237275,0.00924751505377443,0.0,True
TYRA,20,2021-10-12,2021-10-13,2021-11-10,2021,-0.770508788848798,0.08943860806868414,0.0,True
ULCC,2,2021-04-05,2021-04-06,2021-05-04,2021,-0.0137918083289161,0.009623994721819958,0.0,True
ULCC,5,2021-04-08,2021-04-09,2021-05-07,2021,0.0574762842231685,-0.01956051806625865,0.0,False
ULCC,10,2021-04-15,2021-04-16,2021-05-14,2021,-0.0482087265466681,-0.046158060065994065,0.0,False
ULCC,15,2021-04-22,2021-04-23,2021-05-21,2021,0.0379963863039846,-0.03250756339471156,0.0,False
ULCC,20,2021-04-29,2021-04-30,2021-05-28,2021,-0.0305972068898386,-0.022512633664731475,0.0,False
UPST,15,2021-01-07,2021-01-08,2021-02-08,2021,-0.3308050437437769,0.015663238388928295,0.0,True
UPST,20,2021-01-14,2021-01-15,2021-02-16,2021,-0.537031746797786,-0.024536911873932418,0.0,False
VALN,2,2021-05-07,2021-05-10,2021-06-08,2021,0.0554436361597367,0.017618768602129544,0.0,True
VINP,2,2021-01-29,2021-02-01,2021-03-02,2021,0.0677091811659496,-0.14786041761777208,0.0,False
VINP,5,2021-02-03,2021-02-04,2021-03-05,2021,0.0415209296639053,-0.13915499787718516,0.0,False
VINP,10,2021-02-10,2021-02-11,2021-03-12,2021,0.2009850022970003,-0.19275629682799508,0.0,False
VINP,15,2021-02-18,2021-02-19,2021-03-19,2021,0.2032693002070461,-0.2040547014125918,0.0,False
VINP,20,2021-02-25,2021-02-26,2021-03-26,2021,0.1871755317915771,-0.14221053191785377,0.0,False
VTEX,2,2021-07-22,2021-07-23,2021-08-20,2021,0.1330437792847937,-0.011233739739027217,0.0,False
VTEX,5,2021-07-27,2021-07-28,2021-08-25,2021,-0.0743470037360491,-0.048905842033391794,0.0,False
VTEX,10,2021-08-03,2021-08-04,2021-09-01,2021,0.0235472432319947,-0.045320860678953336,0.0,False
VTEX,15,2021-08-10,2021-08-11,2021-09-09,2021,0.171567878371594,-0.0316503261399612,0.0,False
VTEX,20,2021-08-17,2021-08-18,2021-09-16,2021,0.0492533547352683,-0.13193241250961552,0.0,False
WEAV,2,2021-11-12,2021-11-15,2021-12-14,2021,0.1534599975330263,0.003342798968487813,0.0,True
WEAV,5,2021-11-17,2021-11-18,2021-12-17,2021,0.2797486865471889,-0.042201779878734,0.0,False
WEAV,10,2021-11-24,2021-11-26,2021-12-27,2021,0.2695867287549295,-0.02033136038017501,0.0,False
WOOF,2,2021-01-15,2021-01-19,2021-02-17,2021,0.1677217178198633,0.029264592144423826,0.0,True
WOOF,5,2021-01-21,2021-01-22,2021-02-22,2021,0.1201650747632708,0.010282779451685556,0.0,True
WOOF,10,2021-01-28,2021-01-29,2021-03-01,2021,0.2252938868096591,0.06683177172417437,0.0,True
WOOF,15,2021-02-04,2021-02-05,2021-03-08,2021,0.1723578967121775,0.019720945634601656,0.0,True
WOOF,20,2021-02-11,2021-02-12,2021-03-15,2021,0.0533419096300381,0.04300757280003122,0.0,True
WRBY,2,2021-09-30,2021-10-01,2021-10-29,2021,0.0289206745981089,0.07953749552214753,0.0,True
WRBY,5,2021-10-05,2021-10-06,2021-11-03,2021,0.0373108923176367,0.002348625483225866,0.0,True
WRBY,10,2021-10-12,2021-10-13,2021-11-10,2021,-0.0342799686791566,0.07185294535793647,0.0,True
WRBY,15,2021-10-19,2021-10-20,2021-11-17,2021,-0.0519796074690976,-0.013705443523778974,0.0,False
WRBY,20,2021-10-26,2021-10-27,2021-11-24,2021,0.0800916067408245,-0.08115071425739609,0.0,False
XMTR,2,2021-07-01,2021-07-02,2021-08-02,2021,-0.2108944722157959,0.0035624551204009418,0.0,True
XMTR,5,2021-07-07,2021-07-08,2021-08-05,2021,-0.2722287564751665,0.02632812858208947,0.0,True
XMTR,10,2021-07-14,2021-07-15,2021-08-12,2021,-0.2836703913243998,-0.019242482953814293,0.0,False
XMTR,15,2021-07-21,2021-07-22,2021-08-19,2021,0.0125955951047924,0.011525244384468537,0.0,True
XMTR,20,2021-07-28,2021-07-29,2021-08-26,2021,-0.0513267268846954,-0.08657492388808873,0.0,False
XPOF,2,2021-07-26,2021-07-27,2021-08-24,2021,0.041654447889656,-0.044781924588663945,0.0,False
YMM,2,2021-06-24,2021-06-25,2021-07-26,2021,0.5538380090744502,-0.005644115537523509,0.0,False
YMM,5,2021-06-29,2021-06-30,2021-07-29,2021,0.3755010657442127,-0.0344670914483366,0.0,False
YMM,10,2021-07-07,2021-07-08,2021-08-05,2021,0.2890801713060625,0.031698742132903475,0.0,True
YMM,15,2021-07-14,2021-07-15,2021-08-12,2021,0.3095925258546864,0.042597266502469804,0.0,True
YMM,20,2021-07-21,2021-07-22,2021-08-19,2021,0.333512304313045,0.02032633984783553,0.0,True
YOU,2,2021-07-01,2021-07-02,2021-08-02,2021,-0.3022255809738831,-0.052938732018545924,0.0,False
YOU,5,2021-07-07,2021-07-08,2021-08-05,2021,-0.3456278094880385,-0.11390061875117863,0.0,False
YOU,10,2021-07-14,2021-07-15,2021-08-12,2021,-0.3313297605859946,-0.06475829625437733,0.0,False
YOU,15,2021-07-21,2021-07-22,2021-08-19,2021,-0.1310276550546403,-0.04182974628083498,0.0,False
YOU,20,2021-07-28,2021-07-29,2021-08-26,2021,-0.0817265145689604,-0.03491206800959644,0.0,False
ZETA,2,2021-06-11,2021-06-14,2021-07-13,2021,0.2277237983960085,-0.182400152759049,0.0,False
ZETA,5,2021-06-16,2021-06-17,2021-07-16,2021,0.2956128234127726,-0.13532528848514613,0.0,False
ZETA,10,2021-06-23,2021-06-24,2021-07-23,2021,0.3219645971901435,-0.11878075331423713,0.0,False
ZIM,2,2021-01-29,2021-02-01,2021-03-02,2021,-0.6611177377461023,-0.17599750933917258,0.0,False
ZIM,5,2021-02-03,2021-02-04,2021-03-05,2021,-0.3397537789840263,-0.11673497824245162,0.0,False
ZIM,10,2021-02-10,2021-02-11,2021-03-12,2021,-0.4306445197329395,-0.11510952231790367,0.0,False
ZIM,15,2021-02-18,2021-02-19,2021-03-19,2021,-0.335101737780869,-0.1404184126848191,0.0,False
ZIM,20,2021-02-25,2021-02-26,2021-03-26,2021,-0.3072308341496773,-0.155520724449587,0.0,False
ZIP,2,2021-05-27,2021-05-28,2021-06-28,2021,-0.2042944219873846,-0.024607338146223283,0.0,False
ZIP,5,2021-06-02,2021-06-03,2021-07-01,2021,-0.0085300795450118,-0.0003759786724423184,0.0,False
ZIP,10,2021-06-09,2021-06-10,2021-07-09,2021,-0.0488225311931626,-0.07511135204070826,0.0,False
ZIP,15,2021-06-16,2021-06-17,2021-07-16,2021,-0.2053118872642446,-0.051249864078430074,0.0,False
ZIP,20,2021-06-23,2021-06-24,2021-07-23,2021,-0.0582456234827204,-0.01603721521153706,0.0,False
ZVIA,2,2021-07-23,2021-07-26,2021-08-23,2021,0.0714146892905844,0.023842145288225616,0.0,True
ZVIA,5,2021-07-28,2021-07-29,2021-08-26,2021,-0.1228535831170678,-0.006084040868279636,0.0,False
ACRV,2,2022-11-16,2022-11-17,2022-12-16,2022,0.2224582468724993,-0.11242763691710253,0.0,False
AMLX,2,2022-01-10,2022-01-11,2022-02-09,2022,-0.3097744551980909,0.004743822965303481,0.0,True
AMLX,5,2022-01-13,2022-01-14,2022-02-14,2022,-0.045433799056328,-0.09874708752856115,0.0,False
AMLX,10,2022-01-21,2022-01-24,2022-02-22,2022,-0.7104619294235303,-0.16973997201429886,0.0,False
AMLX,15,2022-01-28,2022-01-31,2022-03-01,2022,-0.4497324956860334,-0.08652348022496162,0.0,False
AMLX,20,2022-02-04,2022-02-07,2022-03-08,2022,-0.4145092824626224,-0.1293599866514417,0.0,False
ANTX,2,2022-03-28,2022-03-29,2022-04-27,2022,-0.1474566298065666,-0.10592979061199972,0.0,False
ATAT,2,2022-11-14,2022-11-15,2022-12-14,2022,-0.2028020146681793,-0.016968770321072836,0.0,False
ATAT,5,2022-11-17,2022-11-18,2022-12-19,2022,-0.2060395988761822,0.0065949430513004,0.0,True
ATAT,10,2022-11-25,2022-11-28,2022-12-27,2022,-0.5669504825123167,0.02900234543163222,0.0,True
ATAT,15,2022-12-02,2022-12-05,2023-01-04,2022,-0.1710335811533593,0.025458372017598305,0.0,True
ATAT,20,2022-12-09,2022-12-12,2023-01-11,2022,-0.4555682438195541,-0.05664655417855206,0.0,False
BLCO,2,2022-05-09,2022-05-10,2022-06-08,2022,0.1723732548836639,-0.0024912347850050425,0.0,False
BLCO,5,2022-05-12,2022-05-13,2022-06-13,2022,0.121297991052716,0.0240471059413797,0.0,True
BLCO,10,2022-05-19,2022-05-20,2022-06-21,2022,0.0282062249729071,0.03225643851645499,0.0,True
BLCO,15,2022-05-26,2022-05-27,2022-06-28,2022,0.0406463678687728,0.04396447457008501,0.0,True
BLCO,20,2022-06-03,2022-06-06,2022-07-06,2022,-0.0601570475404089,0.037572624070495456,0.0,True
BLTE,2,2022-05-02,2022-05-03,2022-06-01,2022,-0.4688747409850862,-0.018460148475278725,0.0,False
BLTE,5,2022-05-05,2022-05-06,2022-06-06,2022,0.0461868661210004,0.09912058827496278,0.0,True
BLTE,10,2022-05-12,2022-05-13,2022-06-13,2022,-0.6370932563724429,-0.03624755739829622,0.0,False
CRBG,2,2022-09-19,2022-09-20,2022-10-18,2022,-0.0832255736315464,0.048094564919307026,0.0,True
CRBG,5,2022-09-22,2022-09-23,2022-10-21,2022,-0.057455424720825,0.0025133281171060393,0.0,True
CRBG,10,2022-09-29,2022-09-30,2022-10-28,2022,-0.0893036814267515,0.011110651333426782,0.0,True
CRBG,15,2022-10-06,2022-10-07,2022-11-04,2022,-0.1038409925121131,0.0054215818434200725,0.0,True
CRBG,20,2022-10-13,2022-10-14,2022-11-11,2022,-0.0656150910219516,0.0054215818434200725,0.0,True
CRDO,2,2022-01-28,2022-01-31,2022-03-01,2022,-0.4064788526839079,-0.04847594055615012,0.0,False
CRDO,5,2022-02-02,2022-02-03,2022-03-04,2022,-0.2812286295940214,-0.02071439710075458,0.0,False
CRDO,10,2022-02-09,2022-02-10,2022-03-11,2022,-0.1881938014361219,-0.05009212254066993,0.0,False
CRDO,15,2022-02-16,2022-02-17,2022-03-18,2022,0.0581338362521504,-0.04811972148365596,0.0,False
CRDO,20,2022-02-24,2022-02-25,2022-03-25,2022,0.0440464021257108,-0.07653788656386294,0.0,False
ECBK,2,2022-07-29,2022-08-01,2022-08-29,2022,-0.0604058592984625,-0.12393271833474295,0.0,False
EE,2,2022-04-14,2022-04-18,2022-05-16,2022,-0.0165231519965173,-0.06517595089458848,0.0,False
EE,5,2022-04-20,2022-04-21,2022-05-19,2022,-0.1485116144156842,-0.028911253342854097,0.0,False
EE,10,2022-04-27,2022-04-28,2022-05-26,2022,-0.0572472920845069,-0.029605675208414308,0.0,False
EE,15,2022-05-04,2022-05-05,2022-06-03,2022,-0.1859534263233835,-0.024351143001646317,0.0,False
EE,20,2022-05-11,2022-05-12,2022-06-10,2022,-0.1896050453379736,-0.04659963237717921,0.0,False
FGI,2,2022-01-26,2022-01-27,2022-02-25,2022,0.1874859354733558,-0.026892916291523943,0.0,False
GCT,2,2022-08-19,2022-08-22,2022-09-20,2022,0.6130845660325841,0.1024555622803977,0.0,True
GCT,5,2022-08-24,2022-08-25,2022-09-23,2022,0.3824810473678317,0.06913180884409337,0.0,True
GCT,10,2022-08-31,2022-09-01,2022-09-30,2022,0.149363346361146,-0.046108376533015846,0.0,False
GCT,15,2022-09-08,2022-09-09,2022-10-07,2022,0.6144615597252878,-0.014425593434883153,0.0,False
GCT,20,2022-09-15,2022-09-16,2022-10-14,2022,0.5513754705583537,-0.03929368555184107,0.0,False
IE,2,2022-06-29,2022-06-30,2022-07-29,2022,0.1324174394368521,-0.028367841696966094,0.0,False
IE,5,2022-07-05,2022-07-06,2022-08-03,2022,0.1321337287572613,-0.0017026462331891075,0.0,False
IMMX,20,2022-01-13,2022-01-14,2022-02-14,2022,0.1221497040258604,0.04717739098147999,0.0,True
IOT,15,2022-01-05,2022-01-06,2022-02-04,2022,-0.0450034675722919,-0.055415060753488135,0.0,False
IOT,20,2022-01-12,2022-01-13,2022-02-11,2022,-0.0578483284714291,-0.03984059419949621,0.0,False
MAIA,2,2022-07-29,2022-08-01,2022-08-29,2022,0.4243218392068154,-0.028492434857592595,0.0,False
MAIA,5,2022-08-03,2022-08-04,2022-09-01,2022,0.1469299729486956,-0.04355937717076952,0.0,False
MBLY,2,2022-10-27,2022-10-28,2022-11-28,2022,0.0021660937410848,-0.014437629048011675,0.0,False
MBLY,5,2022-11-01,2022-11-02,2022-12-01,2022,-0.0932553267158788,-0.023460662312881523,0.0,False
MBLY,10,2022-11-08,2022-11-09,2022-12-08,2022,-0.1677144286363672,-0.08094095834721103,0.0,False
MBLY,15,2022-11-15,2022-11-16,2022-12-15,2022,-0.212404116055181,-0.10613744509911119,0.0,False
MBLY,20,2022-11-22,2022-11-23,2022-12-22,2022,-0.2438736151384311,-0.02037333562638663,0.0,False
NSTS,2,2022-01-20,2022-01-21,2022-02-18,2022,-0.0677005273645171,-0.033425479147405686,0.0,False
NU,20,2022-01-06,2022-01-07,2022-02-07,2022,0.0230040668197246,0.007964630258516577,0.0,True
PEPG,2,2022-05-09,2022-05-10,2022-06-08,2022,0.0720132014462474,-0.025218598454037143,0.0,False
PRME,2,2022-10-21,2022-10-24,2022-11-21,2022,-0.0932818455344744,-0.07737553408276486,0.0,False
PRME,5,2022-10-26,2022-10-27,2022-11-25,2022,-0.2190875890407574,-0.049090165783210855,0.0,False
PRME,10,2022-11-02,2022-11-03,2022-12-02,2022,0.2390859957931738,-0.05711342777569646,0.0,False
PRME,15,2022-11-09,2022-11-10,2022-12-09,2022,0.1305634563579915,-0.1053970196343267,0.0,False
PRME,20,2022-11-16,2022-11-17,2022-12-16,2022,0.0293456575768041,-0.20923121343060236,0.0,False
SKYX,2,2022-02-11,2022-02-14,2022-03-15,2022,-0.3223581577455195,0.0023452599650811024,0.0,True
SNAL,2,2022-11-11,2022-11-14,2022-12-13,2022,0.3133071600779249,0.062337538470971475,0.0,True
SNAL,5,2022-11-16,2022-11-17,2022-12-16,2022,0.4535544953331389,-0.026365103936247258,0.0,False
TPG,2,2022-01-14,2022-01-18,2022-02-15,2022,-0.0261148573337196,-0.057474279209031344,0.0,False
TPG,5,2022-01-20,2022-01-21,2022-02-18,2022,0.06424147329425,-0.12109784253981931,0.0,False
TPG,10,2022-01-27,2022-01-28,2022-02-28,2022,0.0336003346757421,-0.11268486716222455,0.0,False
TPG,15,2022-02-03,2022-02-04,2022-03-07,2022,0.0822737791671796,-0.09739241574569635,0.0,False
TPG,20,2022-02-10,2022-02-11,2022-03-14,2022,0.0620203179379711,-0.08911203273277053,0.0,False
ABVX,2,2023-10-23,2023-10-24,2023-11-21,2023,-0.1774605104687071,-0.10014838993209793,0.0,False
AESI,2,2023-03-10,2023-03-13,2023-04-11,2023,0.0259522541389276,-0.09999374829176218,0.0,False
AESI,5,2023-03-15,2023-03-16,2023-04-14,2023,-0.0692304676815201,-0.06588268888981821,0.0,False
AESI,10,2023-03-22,2023-03-23,2023-04-21,2023,-0.0710287614093431,-0.11467974269376638,0.0,False
AESI,15,2023-03-29,2023-03-30,2023-04-28,2023,-0.0621893909013221,-0.09186065732520525,0.0,False
AESI,20,2023-04-05,2023-04-06,2023-05-05,2023,0.0002916304381604,-0.05364705262834309,0.0,False
APGE,2,2023-07-17,2023-07-18,2023-08-15,2023,-0.1246720711301117,-0.10845684283217032,0.0,False
APGE,5,2023-07-20,2023-07-21,2023-08-18,2023,-0.2611457258203322,-0.11258770432615725,0.0,False
ARM,2,2023-09-15,2023-09-18,2023-10-16,2023,0.0488606510762161,-0.03483128263011057,0.0,False
ARM,5,2023-09-20,2023-09-21,2023-10-19,2023,-0.0235929396394965,-0.04422538241143308,0.0,False
ARM,10,2023-09-27,2023-09-28,2023-10-26,2023,-0.0132436547412907,-0.056080921394425574,0.0,False
ARM,15,2023-10-04,2023-10-05,2023-11-02,2023,0.0256323347654,-0.05286809448820074,0.0,False
ARM,20,2023-10-11,2023-10-12,2023-11-09,2023,0.0124111548671296,-0.027721694346488388,0.0,False
ATMU,2,2023-05-30,2023-05-31,2023-06-29,2023,-0.0018586780345458,-0.07369043078918651,0.0,False
ATMU,5,2023-06-02,2023-06-05,2023-07-05,2023,-0.0989948062639197,-0.06286304396743593,0.0,False
ATMU,10,2023-06-09,2023-06-12,2023-07-12,2023,-0.1725505360792334,-0.07989932438531445,0.0,False
ATMU,15,2023-06-16,2023-06-20,2023-07-19,2023,-0.1814971280025034,-0.0760620796783354,0.0,False
ATMU,20,2023-06-26,2023-06-27,2023-07-26,2023,-0.0615568000027104,-0.04624134516210236,0.0,False
BFRG,2,2023-02-15,2023-02-16,2023-03-17,2023,0.3829179148816788,-0.0457242117427561,0.0,False
BIRK,2,2023-10-12,2023-10-13,2023-11-10,2023,-0.0928799111528467,0.00777614097294932,0.0,True
BIRK,5,2023-10-17,2023-10-18,2023-11-15,2023,-0.0267844080180344,0.01729611757991939,0.0,True
BIRK,10,2023-10-24,2023-10-25,2023-11-22,2023,0.0078982527023161,0.018749337731948035,0.0,True
BIRK,15,2023-10-31,2023-11-01,2023-11-30,2023,-0.1003926447120752,-0.00570451518353838,0.0,False
BIRK,20,2023-11-07,2023-11-08,2023-12-07,2023,-0.0818332182175332,0.014463310451291294,0.0,True
CART,2,2023-09-20,2023-09-21,2023-10-19,2023,0.1317071387344239,0.034930871800601726,0.0,True
CART,5,2023-09-25,2023-09-26,2023-10-24,2023,0.0795372550009562,0.03507230494599731,0.0,True
CART,10,2023-10-02,2023-10-03,2023-10-31,2023,0.022656249617524,0.008039834985227506,0.0,True
CART,15,2023-10-09,2023-10-10,2023-11-07,2023,-0.1793190255851074,-0.05289408781474407,0.0,False
CART,20,2023-10-16,2023-10-17,2023-11-14,2023,-0.0374247256535505,-0.02099120945888537,0.0,False
CAVA,2,2023-06-16,2023-06-20,2023-07-19,2023,-0.2504997168172824,-0.04757691673449011,0.0,False
CAVA,5,2023-06-22,2023-06-23,2023-07-24,2023,-0.3274569121285808,-0.08436108377394598,0.0,False
CAVA,10,2023-06-29,2023-06-30,2023-07-31,2023,-0.2844612359994774,-0.1158366191449155,0.0,False
CAVA,15,2023-07-07,2023-07-10,2023-08-07,2023,-0.3246680233996217,-0.1695351342281172,0.0,False
CAVA,20,2023-07-14,2023-07-17,2023-08-14,2023,-0.0407386471604313,-0.10963912695546306,0.0,False
FEBO,2,2023-12-01,2023-12-04,2024-01-03,2023,-0.2336583362634838,0.062071479351783844,0.0,True
GENK,2,2023-06-29,2023-06-30,2023-07-31,2023,-0.3161821898210397,-0.031092893517545222,0.0,False
GENK,5,2023-07-05,2023-07-06,2023-08-03,2023,-0.1722532888403352,-0.05556422732390484,0.0,False
GNLX,2,2023-01-27,2023-01-30,2023-02-28,2023,-1.618284439980571,-0.0768745436394957,0.0,False
GPCR,2,2023-02-06,2023-02-07,2023-03-08,2023,-0.040052032252616,-0.11834632198209337,0.0,False
HG,2,2023-11-13,2023-11-14,2023-12-13,2023,0.0247553810705514,-0.03547608007500135,0.0,False
HG,5,2023-11-16,2023-11-17,2023-12-18,2023,0.10330636298868,-0.030286365431860248,0.0,False
HG,10,2023-11-24,2023-11-27,2023-12-26,2023,0.1120084998025244,-0.11847898199763124,0.0,False
HSAI,2,2023-02-10,2023-02-13,2023-03-14,2023,0.1074085270688005,-0.11893442491470699,0.0,False
HSAI,5,2023-02-15,2023-02-16,2023-03-17,2023,0.2718997417161183,-0.09004226192543031,0.0,False
HSAI,10,2023-02-23,2023-02-24,2023-03-24,2023,0.1675342408691682,-0.10497730627889608,0.0,False
HSAI,15,2023-03-02,2023-03-03,2023-03-31,2023,0.231310150435109,-0.10170516299074114,0.0,False
HSAI,20,2023-03-09,2023-03-10,2023-04-10,2023,0.3930239919040644,-0.08793530712019546,0.0,False
KGS,2,2023-06-30,2023-07-03,2023-08-01,2023,-0.1440663678374726,-0.0791017677945618,0.0,False
KGS,5,2023-07-06,2023-07-07,2023-08-04,2023,-0.1948959460017782,-0.09913582760992763,0.0,False
KGS,10,2023-07-13,2023-07-14,2023-08-11,2023,-0.2404247634218077,-0.14181237793092938,0.0,False
KGS,15,2023-07-20,2023-07-21,2023-08-18,2023,-0.1796509402794509,-0.1013481230044897,0.0,False
KGS,20,2023-07-27,2023-07-28,2023-08-25,2023,-0.0378858384341611,-0.12694212363898547,0.0,False
KVUE,2,2023-05-05,2023-05-08,2023-06-06,2023,0.0683059880539189,-0.05735270549357304,0.0,False
KVUE,5,2023-05-10,2023-05-11,2023-06-09,2023,0.0705078170311231,-0.0660205216277889,0.0,False
KVUE,10,2023-05-17,2023-05-18,2023-06-16,2023,0.0952323935619352,-0.035465895954308393,0.0,False
KVUE,15,2023-05-24,2023-05-25,2023-06-26,2023,0.0039481910577137,-0.07503520212167279,0.0,False
KVUE,20,2023-06-01,2023-06-02,2023-07-03,2023,-0.0388634585277189,-0.10793681433146009,0.0,False
KVYO,2,2023-09-21,2023-09-22,2023-10-20,2023,0.0838145344824337,-0.03282399895501699,0.0,False
KVYO,5,2023-09-26,2023-09-27,2023-10-25,2023,0.1022163397651085,-0.04988033915940538,0.0,False
KVYO,10,2023-10-03,2023-10-04,2023-11-01,2023,0.0682585839503094,-0.06526156132026635,0.0,False
KVYO,15,2023-10-10,2023-10-11,2023-11-08,2023,0.1907954379581774,-0.018936169501865,0.0,False
KVYO,20,2023-10-17,2023-10-18,2023-11-15,2023,0.1600107733612204,-0.03627859502726154,0.0,False
LXEO,2,2023-11-06,2023-11-07,2023-12-06,2023,-0.2983311933100288,0.06177871529983641,0.0,True
MLYS,2,2023-02-13,2023-02-14,2023-03-15,2023,-0.0035693105501729,-0.18835678138992232,0.0,False
MNR,2,2023-10-26,2023-10-27,2023-11-27,2023,0.1788986569440121,-0.11210471341737614,0.0,False
NMRA,2,2023-09-18,2023-09-19,2023-10-17,2023,0.2718070764472098,-0.05247233562040737,0.0,False
NMRA,5,2023-09-21,2023-09-22,2023-10-20,2023,-0.0219839123503102,-0.10778844762251759,0.0,False
NMRA,10,2023-09-28,2023-09-29,2023-10-27,2023,0.0178779754426545,-0.07313740747050038,0.0,False
NMRA,15,2023-10-05,2023-10-06,2023-11-03,2023,0.0039888719466377,-0.16856146043914647,0.0,False
NMRA,20,2023-10-12,2023-10-13,2023-11-10,2023,-0.2173482251931689,-0.17633260426396677,0.0,False
NXT,2,2023-02-10,2023-02-13,2023-03-14,2023,-0.1326426263817546,-0.03519422582492136,0.0,False
NXT,5,2023-02-15,2023-02-16,2023-03-17,2023,-0.0153899868043888,-0.039369904911447935,0.0,False
NXT,10,2023-02-23,2023-02-24,2023-03-24,2023,-0.0196651965773913,-0.07791413163008322,0.0,False
NXT,15,2023-03-02,2023-03-03,2023-03-31,2023,-0.0942969915706851,-0.07743603097982397,0.0,False
NXT,20,2023-03-09,2023-03-10,2023-04-10,2023,-0.0117287769659871,-0.05933300476759259,0.0,False
ODD,2,2023-07-20,2023-07-21,2023-08-18,2023,0.0283714156025234,-0.12673870649076538,0.0,False
ODD,5,2023-07-25,2023-07-26,2023-08-23,2023,0.0598084830912239,-0.13826813836124116,0.0,False
ODD,10,2023-08-01,2023-08-02,2023-08-30,2023,0.1567678925070856,-0.09627298326803675,0.0,False
ODD,15,2023-08-08,2023-08-09,2023-09-07,2023,0.2401556830085614,-0.10308175230231527,0.0,False
ODD,20,2023-08-15,2023-08-16,2023-09-14,2023,0.1389295392890911,-0.06451095039784986,0.0,False
RR,2,2023-11-20,2023-11-21,2023-12-20,2023,0.1693287436210577,0.0438734339201317,0.0,True
SGMT,2,2023-07-17,2023-07-18,2023-08-15,2023,-0.0394403361068045,-0.08681014314494101,0.0,False
SKWD,2,2023-01-17,2023-01-18,2023-02-15,2023,-0.0352750837144252,-0.06624397046605875,0.0,False
SKWD,5,2023-01-20,2023-01-23,2023-02-21,2023,-0.0373537564020644,-0.06940206312136414,0.0,False
SRFM,2,2023-07-28,2023-07-31,2023-08-28,2023,0.3824281327726057,0.01252839823977952,0.0,True
SRFM,5,2023-08-02,2023-08-03,2023-08-31,2023,-0.0131548816532343,0.005003984695582475,0.0,True
SVV,2,2023-06-30,2023-07-03,2023-08-01,2023,0.0006204161887506,-0.07753211405146554,0.0,False
SVV,5,2023-07-06,2023-07-07,2023-08-04,2023,-0.0524465993043698,-0.1038826521537161,0.0,False
SVV,10,2023-07-13,2023-07-14,2023-08-11,2023,-0.1385076408242468,-0.0880423699124508,0.0,False
SVV,15,2023-07-20,2023-07-21,2023-08-18,2023,-0.1914804899245337,-0.14777050735279001,0.0,False
SVV,20,2023-07-27,2023-07-28,2023-08-25,2023,-0.056014039307504,-0.13872447692007167,0.0,False
TXO,2,2023-01-30,2023-01-31,2023-03-01,2023,-0.1603338429857203,-0.05548339030998442,0.0,False
VTMX,2,2023-07-03,2023-07-05,2023-08-02,2023,-0.0132494709313439,-0.08187998691771323,0.0,False
VTMX,5,2023-07-07,2023-07-10,2023-08-07,2023,0.0409949822240481,-0.10703658688527756,0.0,False
VTMX,10,2023-07-14,2023-07-17,2023-08-14,2023,-0.023787219718609,-0.15472865168850702,0.0,False
VTMX,15,2023-07-21,2023-07-24,2023-08-21,2023,-0.1532152483831996,-0.15120493626518844,0.0,False
VTMX,20,2023-07-28,2023-07-31,2023-08-28,2023,-0.0987838108233788,-0.09681806507554426,0.0,False
AHR,2,2024-02-08,2024-02-09,2024-03-11,2024,-0.0589664117356367,-0.020181479019105285,0.0,False
AHR,5,2024-02-13,2024-02-14,2024-03-14,2024,-0.0061805428996754,-0.04228816472224682,0.0,False
AHR,10,2024-02-21,2024-02-22,2024-03-21,2024,-0.0394661540699046,-0.03896261680506053,0.0,False
AHR,15,2024-02-28,2024-02-29,2024-03-28,2024,-0.0917174946719776,-0.027933495187551186,0.0,False
AHR,20,2024-03-06,2024-03-07,2024-04-05,2024,-0.0094608901115951,-0.027009095992301457,0.0,False
ALAB,2,2024-03-21,2024-03-22,2024-04-22,2024,-0.1020514705407609,0.04117038954630703,0.0,True
ALAB,5,2024-03-26,2024-03-27,2024-04-25,2024,0.0386454884868281,-0.03484216382427703,0.0,False
ALAB,10,2024-04-03,2024-04-04,2024-05-02,2024,-0.2192192277149011,-0.05992485837497371,0.0,False
ALAB,15,2024-04-10,2024-04-11,2024-05-09,2024,-0.0072652264464504,-0.0498402651695066,0.0,False
ALAB,20,2024-04-17,2024-04-18,2024-05-16,2024,-0.0041573953358679,-0.06379608885893716,0.0,False
ALMS,2,2024-07-01,2024-07-02,2024-07-31,2024,0.0055825700283682,-0.01497964671308064,0.0,False
ANRO,2,2024-02-05,2024-02-06,2024-03-06,2024,0.3170117079142729,-0.05083737935230043,0.0,False
ANRO,5,2024-02-08,2024-02-09,2024-03-11,2024,0.2300107217042519,-0.021410411561411352,0.0,False
ANRO,10,2024-02-15,2024-02-16,2024-03-18,2024,0.0973134171719893,0.014556839797022485,0.0,True
ARDT,2,2024-07-19,2024-07-22,2024-08-19,2024,-0.0234744984662055,-0.005992426736416095,0.0,False
ARDT,5,2024-07-24,2024-07-25,2024-08-22,2024,-0.0056478767937312,-0.02765210896754642,0.0,False
ARDT,10,2024-07-31,2024-08-01,2024-08-29,2024,-0.1303078228264239,-0.013079781553300175,0.0,False
ARDT,15,2024-08-07,2024-08-08,2024-09-06,2024,-0.1914805196832712,-0.029305764124474602,0.0,False
ARTV,2,2024-07-22,2024-07-23,2024-08-20,2024,0.2078510411909377,-0.005711208667713874,0.0,False
AS,2,2024-02-02,2024-02-05,2024-03-05,2024,-0.0588991133307887,-0.006879665889652914,0.0,False
AS,5,2024-02-07,2024-02-08,2024-03-08,2024,-0.0162935936020162,-0.014843531003297829,0.0,False
AS,10,2024-02-14,2024-02-15,2024-03-15,2024,-0.0117706515512746,0.0030394245627748716,0.0,True
AS,15,2024-02-22,2024-02-23,2024-03-22,2024,-0.0493509847240757,-0.004210902127318954,0.0,False
AS,20,2024-02-29,2024-03-01,2024-04-01,2024,0.0803833349526456,-0.00994860829189559,0.0,False
AUNA,2,2024-03-25,2024-03-26,2024-04-24,2024,0.1817028383921349,-0.05905344934703764,0.0,False
AUNA,5,2024-03-28,2024-04-01,2024-04-29,2024,0.2766763228732862,-0.07034811887344676,0.0,False
AUNA,10,2024-04-05,2024-04-08,2024-05-06,2024,0.2248808214309241,-0.08366943156308478,0.0,False
AUNA,15,2024-04-12,2024-04-15,2024-05-13,2024,-0.1991080571970369,-0.02607186326408535,0.0,False
AUNA,20,2024-04-19,2024-04-22,2024-05-20,2024,-0.2559215546013701,-0.08385901273777548,0.0,False
AVBP,2,2024-01-29,2024-01-30,2024-02-28,2024,0.0382157598642199,-0.03863376840200666,0.0,False
AVBP,5,2024-02-01,2024-02-02,2024-03-04,2024,0.0042101944801304,-0.049560074602109476,0.0,False
AVR,2,2024-12-16,2024-12-17,2025-01-17,2024,-0.1093075992537997,0.014699350758747995,0.0,True
BCAX,2,2024-09-16,2024-09-17,2024-10-15,2024,0.2782195135014049,-0.04323677115253775,0.0,False
BCAX,5,2024-09-19,2024-09-20,2024-10-18,2024,0.1124608796419095,-0.0472542498402854,0.0,False
BCAX,10,2024-09-26,2024-09-27,2024-10-25,2024,0.1135478075885121,-0.03415039738738417,0.0,False
BCAX,15,2024-10-03,2024-10-04,2024-11-01,2024,-0.0418511694755431,-0.019385370182355616,0.0,False
BCAX,20,2024-10-10,2024-10-11,2024-11-08,2024,-0.2757830838031725,0.012120823226954713,0.0,True
BKV,2,2024-09-27,2024-09-30,2024-10-28,2024,0.0378815621115373,-0.048701622872152975,0.0,False
BKV,5,2024-10-02,2024-10-03,2024-10-31,2024,-0.0239439737355166,-0.06158263084524708,0.0,False
BKV,10,2024-10-09,2024-10-10,2024-11-07,2024,-0.0479328490839575,-0.04466924184931322,0.0,False
BKV,15,2024-10-16,2024-10-17,2024-11-14,2024,-0.1865066629649623,-0.013443978892095306,0.0,False
BKV,20,2024-10-23,2024-10-24,2024-11-21,2024,-0.1987155919962048,-0.01950674518379229,0.0,False
BOLD,2,2024-04-01,2024-04-02,2024-04-30,2024,0.191782362794723,-0.005099353632575316,0.0,False
BOLD,5,2024-04-04,2024-04-05,2024-05-03,2024,0.2639767329950285,-0.0017252233061198186,0.0,False
BOW,2,2024-05-24,2024-05-28,2024-06-26,2024,0.0800875264404007,-0.00026166956775045046,0.0,False
BOW,5,2024-05-30,2024-05-31,2024-07-01,2024,0.0851670849246805,-0.010065089560400906,0.0,False
BOW,10,2024-06-06,2024-06-07,2024-07-09,2024,0.0242662573499633,-0.028985876693907654,0.0,False
BOW,15,2024-06-13,2024-06-14,2024-07-16,2024,0.0082576721744526,-0.0038506820666441115,0.0,False
BTSG,2,2024-01-29,2024-01-30,2024-02-28,2024,0.0903794929096494,-0.03150564453875151,0.0,False
BTSG,5,2024-02-01,2024-02-02,2024-03-04,2024,0.2014998866541408,-0.05370392851328981,0.0,False
BTSG,10,2024-02-08,2024-02-09,2024-03-11,2024,0.1961837720422254,-0.10910403128680003,0.0,False
BTSG,15,2024-02-15,2024-02-16,2024-03-18,2024,0.155212554569411,-0.08915680143914033,0.0,False
BTSG,20,2024-02-23,2024-02-26,2024-03-25,2024,-0.0580976564116564,-0.0783868060420812,0.0,False
CAMP,2,2024-10-14,2024-10-15,2024-11-12,2024,-0.2093573289565869,-0.008311460827866341,0.0,False
CBLL,2,2024-10-14,2024-10-15,2024-11-12,2024,-0.138307617229048,-0.00063476851312138,0.0,False
CBLL,5,2024-10-17,2024-10-18,2024-11-15,2024,-0.0126411676920777,-0.006651566903898759,0.0,False
CBLL,10,2024-10-24,2024-10-25,2024-11-22,2024,0.0151126319338978,0.018168447862177625,0.0,True
CBLL,15,2024-10-31,2024-11-01,2024-12-02,2024,-0.0464001625906711,0.027862447212952918,0.0,True
CBLL,20,2024-11-07,2024-11-08,2024-12-09,2024,-0.0533849792467413,-0.0046620740860568305,0.0,False
CGON,2,2024-01-26,2024-01-29,2024-02-27,2024,-0.2518790414294934,-0.05857610267066503,0.0,False
CGON,5,2024-01-31,2024-02-01,2024-03-01,2024,-0.1315599513462462,-0.04631907037041815,0.0,False
CGON,10,2024-02-07,2024-02-08,2024-03-08,2024,0.1536879177664954,0.03128959747513343,0.0,True
CGON,15,2024-02-14,2024-02-15,2024-03-15,2024,0.1139161886263845,0.04985391035698014,0.0,True
CGON,20,2024-02-22,2024-02-23,2024-03-22,2024,0.1232091992518022,0.04471790679568891,0.0,True
CON,2,2024-07-26,2024-07-29,2024-08-26,2024,-0.0224622916208225,-0.0329500749711703,0.0,False
CON,5,2024-07-31,2024-08-01,2024-08-29,2024,-0.0308670864668758,-0.049343601358534606,0.0,False
CON,10,2024-08-07,2024-08-08,2024-09-06,2024,-0.0742281676319259,-0.03503193912198631,0.0,False
CON,15,2024-08-14,2024-08-15,2024-09-13,2024,-0.0103581501027805,0.002517324104712151,0.0,True
CON,20,2024-08-21,2024-08-22,2024-09-20,2024,0.0034035472412883,-0.013635489436069662,0.0,False
CTNM,2,2024-04-08,2024-04-09,2024-05-07,2024,-0.0214991695311029,-0.0261537807801262,0.0,False
CTRI,2,2024-04-22,2024-04-23,2024-05-21,2024,-0.0528849119280229,-0.03798970126268972,0.0,False
CTRI,5,2024-04-25,2024-04-26,2024-05-24,2024,-0.042152028844223,-0.06297261982454404,0.0,False
CTRI,10,2024-05-02,2024-05-03,2024-06-03,2024,-0.1141340571353257,-0.04481779192662635,0.0,False
CTRI,15,2024-05-09,2024-05-10,2024-06-10,2024,-0.0574195505299343,-0.014129781882891837,0.0,False
CTRI,20,2024-05-16,2024-05-17,2024-06-17,2024,-0.0148355114461726,-0.00020523841790314867,0.0,False
FBLA,2,2024-10-24,2024-10-25,2024-11-22,2024,-0.0380820543203627,0.013663511175600768,0.0,True
FLX,2,2024-10-07,2024-10-08,2024-11-05,2024,0.1273457011293717,0.004960769800033548,0.0,True
FVR,2,2024-10-03,2024-10-04,2024-11-01,2024,-0.0060833490873395,-0.02700452357680466,0.0,False
FVR,5,2024-10-08,2024-10-09,2024-11-06,2024,0.0137549468936356,-0.029178424901145923,0.0,False
FVR,10,2024-10-15,2024-10-16,2024-11-13,2024,-0.011477811775009,-0.024448541370491978,0.0,False
FVR,15,2024-10-22,2024-10-23,2024-11-20,2024,0.0244466205072218,0.018173318186833834,0.0,True
FVR,20,2024-10-29,2024-10-30,2024-11-27,2024,-0.0550538880498757,-0.014522394648557473,0.0,False
GAUZ,2,2024-06-07,2024-06-10,2024-07-10,2024,0.5050051991435157,-0.010844200526985273,0.0,False
GRDN,2,2024-09-27,2024-09-30,2024-10-28,2024,0.0004877161563061,-0.049445835213369,0.0,False
GRDN,5,2024-10-02,2024-10-03,2024-10-31,2024,-0.0925645183427821,-0.04452219521277783,0.0,False
GUTS,2,2024-02-05,2024-02-06,2024-03-06,2024,0.2377601979427583,-0.02258475065945824,0.0,False
HDL,2,2024-05-20,2024-05-21,2024-06-20,2024,0.2229146295197425,0.07972483921951068,0.0,True
IBTA,2,2024-04-22,2024-04-23,2024-05-21,2024,0.0010400201703628,-0.031650055929252366,0.0,False
IBTA,5,2024-04-25,2024-04-26,2024-05-24,2024,0.0211219843755784,-0.03290158184706808,0.0,False
IBTA,10,2024-05-02,2024-05-03,2024-06-03,2024,0.1984876056732568,-0.02806808667415542,0.0,False
IBTA,15,2024-05-09,2024-05-10,2024-06-10,2024,0.198740093461125,-0.031162299204966,0.0,False
IBTA,20,2024-05-16,2024-05-17,2024-06-17,2024,0.3798993344230171,-0.012031794903397963,0.0,False
INGM,2,2024-10-25,2024-10-28,2024-11-25,2024,0.1121014368144843,0.013551561281442132,0.0,True
INGM,5,2024-10-30,2024-10-31,2024-11-29,2024,0.0638557287682275,0.0018599707241103269,0.0,True
INGM,10,2024-11-06,2024-11-07,2024-12-06,2024,0.0628527263547596,-0.012201109641427121,0.0,False
INGM,15,2024-11-13,2024-11-14,2024-12-13,2024,0.0943857419659224,-0.010256423660677999,0.0,False
INGM,20,2024-11-20,2024-11-21,2024-12-20,2024,0.0630603457153204,0.00817665025457908,0.0,True
KLC,2,2024-10-10,2024-10-11,2024-11-08,2024,0.0085659484076529,0.007641831571071509,0.0,True
KLC,5,2024-10-15,2024-10-16,2024-11-13,2024,0.1007560003109385,0.003309162596446225,0.0,True
KLC,10,2024-10-22,2024-10-23,2024-11-20,2024,0.1734402175931125,-0.012554299481853206,0.0,False
KLC,15,2024-10-29,2024-10-30,2024-11-27,2024,0.1739613221350986,0.005261377719490423,0.0,True
KLC,20,2024-11-05,2024-11-06,2024-12-05,2024,0.1578034343957362,-0.015327187277547913,0.0,False
KSPI,2,2024-01-22,2024-01-23,2024-02-21,2024,-0.0860076763036506,-0.053217485182311036,0.0,False
KSPI,5,2024-01-25,2024-01-26,2024-02-26,2024,-0.102471413935693,-0.0785046419508661,0.0,False
KSPI,10,2024-02-01,2024-02-02,2024-03-04,2024,-0.1276225383443045,-0.07655105975579408,0.0,False
KSPI,15,2024-02-08,2024-02-09,2024-03-11,2024,-0.222795717346319,-0.016269857566147586,0.0,False
KSPI,20,2024-02-15,2024-02-16,2024-03-18,2024,-0.222195468996186,-0.033321329379245784,0.0,False
KYTX,2,2024-02-12,2024-02-13,2024-03-13,2024,0.0052120410372696,0.023728632636449233,0.0,True
KYTX,5,2024-02-15,2024-02-16,2024-03-18,2024,0.0910526612987633,-0.04077621064760615,0.0,False
KYTX,10,2024-02-23,2024-02-26,2024-03-25,2024,0.1552526636725828,0.0003575681489311443,0.0,True
KYTX,15,2024-03-01,2024-03-04,2024-04-02,2024,0.16732162732035,0.0017849591079962372,0.0,True
KYTX,20,2024-03-08,2024-03-11,2024-04-09,2024,0.1193504271081502,-0.010060366716721622,0.0,False
LB,2,2024-07-01,2024-07-02,2024-07-31,2024,-0.4546657239504251,0.012003608770620787,0.0,True
LB,5,2024-07-05,2024-07-08,2024-08-05,2024,-0.1515791037262769,0.012927200567331492,0.0,True
LB,10,2024-07-12,2024-07-15,2024-08-12,2024,-0.1589203376546717,-0.04684785812344325,0.0,False
LB,15,2024-07-19,2024-07-22,2024-08-19,2024,-0.2319365865713291,-0.10608244336528855,0.0,False
LB,20,2024-07-26,2024-07-29,2024-08-26,2024,-0.2710723340492018,-0.05625807382032721,0.0,False
LIF,2,2024-06-07,2024-06-10,2024-07-10,2024,-0.2030715329950596,0.004968550573927699,0.0,True
LIF,5,2024-06-12,2024-06-13,2024-07-15,2024,-0.2399090150901098,-0.008554456577431807,0.0,False
LIF,10,2024-06-20,2024-06-21,2024-07-22,2024,-0.0571410842946644,-0.019009937984943,0.0,False
LIF,15,2024-06-27,2024-06-28,2024-07-29,2024,-0.0426842267381226,-0.012815844820998111,0.0,False
LIF,20,2024-07-05,2024-07-08,2024-08-05,2024,0.0033380811004582,0.018950800011552242,0.0,True
LINE,2,2024-07-26,2024-07-29,2024-08-26,2024,-0.0148916914962592,0.0009230176015155613,0.0,True
LINE,5,2024-07-31,2024-08-01,2024-08-29,2024,0.0327517089406434,-0.020030700284781777,0.0,False
LINE,10,2024-08-07,2024-08-08,2024-09-06,2024,0.0827438218587842,-0.012261988636015202,0.0,False
LINE,15,2024-08-14,2024-08-15,2024-09-13,2024,-0.0064836530841321,-0.006176966206968198,0.0,False
LINE,20,2024-08-21,2024-08-22,2024-09-20,2024,0.0341058382298132,0.02729202076495264,0.0,True
LOAR,2,2024-04-26,2024-04-29,2024-05-28,2024,-0.0245365505017481,-0.023821051285078686,0.0,False
LOAR,5,2024-05-01,2024-05-02,2024-05-31,2024,-0.1196143243194121,-0.024796216873422892,0.0,False
LOAR,10,2024-05-08,2024-05-09,2024-06-07,2024,-0.2134558111583175,-0.007288309076613291,0.0,False
LOAR,15,2024-05-15,2024-05-16,2024-06-14,2024,-0.1585589614110088,0.005709832955936594,0.0,True
LOAR,20,2024-05-22,2024-05-23,2024-06-24,2024,0.0293445699082659,0.00266444597347498,0.0,True
MBX,2,2024-09-16,2024-09-17,2024-10-15,2024,-0.0892618513839077,-0.038228166400149866,0.0,False
MGX,2,2024-02-12,2024-02-13,2024-03-13,2024,0.0373614027241061,-0.03430408736136282,0.0,False
MGX,5,2024-02-15,2024-02-16,2024-03-18,2024,0.0928477824945463,-0.05123357132299852,0.0,False
MRX,2,2024-04-26,2024-04-29,2024-05-28,2024,-0.166966140761835,-0.025849407864714104,0.0,False
MRX,5,2024-05-01,2024-05-02,2024-05-31,2024,-0.0322897759887414,-0.036101129926647095,0.0,False
MRX,10,2024-05-08,2024-05-09,2024-06-07,2024,-0.0371036452065702,-0.05265840524369158,0.0,False
MRX,15,2024-05-15,2024-05-16,2024-06-14,2024,-0.0014315467887177,-0.016561092122168043,0.0,False
MRX,20,2024-05-22,2024-05-23,2024-06-24,2024,0.1163222195227737,-0.028443366157577622,0.0,False
NBBK,2,2023-12-29,2024-01-02,2024-01-31,2024,-0.0419804729131646,-0.04713129166534326,0.0,False
NBBK,5,2024-01-04,2024-01-05,2024-02-05,2024,0.0233747465722651,-0.07762152347546925,0.0,False
NBBK,10,2024-01-11,2024-01-12,2024-02-12,2024,0.0182744036746648,-0.09497354184816367,0.0,False
NBBK,15,2024-01-19,2024-01-22,2024-02-20,2024,-0.0012432135649146,-0.055127924237574885,0.0,False
NBBK,20,2024-01-26,2024-01-29,2024-02-27,2024,0.0434543962531658,-0.11121522564040541,0.0,False
PACS,2,2024-04-12,2024-04-15,2024-05-13,2024,-0.0482034349850583,-0.03611527737988082,0.0,False
PACS,5,2024-04-17,2024-04-18,2024-05-16,2024,-0.1621522646047239,-0.03050901858332581,0.0,False
PACS,10,2024-04-24,2024-04-25,2024-05-23,2024,-0.1858693982259931,-0.03710190969036237,0.0,False
PACS,15,2024-05-01,2024-05-02,2024-05-31,2024,-0.2317830282372131,-0.012021680822483314,0.0,False
PACS,20,2024-05-08,2024-05-09,2024-06-07,2024,-0.2121165652102598,-0.04638581813574076,0.0,False
PAL,2,2024-05-10,2024-05-13,2024-06-11,2024,0.0327006135622774,-0.024490213134145976,0.0,False
PONY,2,2024-11-29,2024-12-02,2024-12-31,2024,-0.1627112081089424,-0.025728192523094013,0.0,False
PONY,5,2024-12-04,2024-12-05,2025-01-06,2024,-0.3242466363926153,-0.02343206518029324,0.0,False
PONY,10,2024-12-11,2024-12-12,2025-01-14,2024,-0.0898347183939011,-0.04386856100426224,0.0,False
PONY,15,2024-12-18,2024-12-19,2025-01-22,2024,-0.064022419243038,-0.06190404309341243,0.0,False
PONY,20,2024-12-26,2024-12-27,2025-01-29,2024,0.040582761830067,-0.06943658862084806,0.0,False
RAPP,2,2024-06-10,2024-06-11,2024-07-11,2024,0.0805277911518685,-0.005571551282579858,0.0,False
RAPP,5,2024-06-13,2024-06-14,2024-07-16,2024,-0.1889138365199368,-0.025441753834232556,0.0,False
RAPP,10,2024-06-21,2024-06-24,2024-07-23,2024,0.0671567102082713,-0.020821233394868292,0.0,False
RAPP,15,2024-06-28,2024-07-01,2024-07-30,2024,0.0741646763302442,-0.05415460874408814,0.0,False
RAPP,20,2024-07-08,2024-07-09,2024-08-06,2024,-0.0946906689441367,0.01621667958842436,0.0,True
RBRK,2,2024-04-26,2024-04-29,2024-05-28,2024,0.1316292735561757,-0.0020317605482372955,0.0,False
RBRK,5,2024-05-01,2024-05-02,2024-05-31,2024,0.115024668889143,0.03114900466107635,0.0,True
RBRK,10,2024-05-08,2024-05-09,2024-06-07,2024,0.0054665744737066,0.035151892329244656,0.0,True
RBRK,15,2024-05-15,2024-05-16,2024-06-14,2024,0.0980322181235581,0.06411007447306946,0.0,True
RBRK,20,2024-05-22,2024-05-23,2024-06-24,2024,0.1427918042061834,0.050694228041176105,0.0,True
RDDT,2,2024-03-22,2024-03-25,2024-04-23,2024,0.0196835691601874,0.012999080335448594,0.0,True
RDDT,5,2024-03-27,2024-03-28,2024-04-26,2024,0.0982983087524713,0.0080273566019654,0.0,True
RDDT,10,2024-04-04,2024-04-05,2024-05-03,2024,-0.0597911462339215,-0.03282904724626825,0.0,False
RDDT,15,2024-04-11,2024-04-12,2024-05-10,2024,-0.2565111913863733,-0.022391644035651866,0.0,False
RDDT,20,2024-04-18,2024-04-19,2024-05-17,2024,-0.5178736806932164,0.04330291777037069,0.0,True
SARO,2,2024-10-03,2024-10-04,2024-11-01,2024,0.0987526355460056,-0.0033080646563466605,0.0,False
SARO,5,2024-10-08,2024-10-09,2024-11-06,2024,0.1063327574167574,-0.017699044489897887,0.0,False
SARO,10,2024-10-15,2024-10-16,2024-11-13,2024,0.1179512064330839,-0.02189831213800051,0.0,False
SARO,15,2024-10-22,2024-10-23,2024-11-20,2024,0.0589647267321316,-0.011699593952007823,0.0,False
SARO,20,2024-10-29,2024-10-30,2024-11-27,2024,0.0056962238193289,0.030968947262880697,0.0,True
SDHC,2,2024-01-12,2024-01-16,2024-02-13,2024,-0.1237091893503012,-0.05515982174233655,0.0,False
SDHC,5,2024-01-18,2024-01-19,2024-02-16,2024,-0.0904258358214149,-0.06579600520197693,0.0,False
SDHC,10,2024-01-25,2024-01-26,2024-02-26,2024,-0.0770712021861076,-0.04872494741247528,0.0,False
SDHC,15,2024-02-01,2024-02-02,2024-03-04,2024,-0.2278716887981265,-0.04460178709516561,0.0,False
SEPN,2,2024-10-28,2024-10-29,2024-11-26,2024,-0.151883894711871,-0.0060204940735185866,0.0,False
SEPN,5,2024-10-31,2024-11-01,2024-12-02,2024,-0.0290574281240162,-0.03299513057783343,0.0,False
SEPN,10,2024-11-07,2024-11-08,2024-12-09,2024,0.1067770963742419,-0.01546743014623916,0.0,False
SEPN,15,2024-11-14,2024-11-15,2024-12-16,2024,0.0189193178430556,-0.012222558765341982,0.0,False
SVCO,2,2024-05-10,2024-05-13,2024-06-11,2024,0.0696955701448641,-0.02703750495209691,0.0,False
SVCO,5,2024-05-15,2024-05-16,2024-06-14,2024,0.1151911908527941,-0.01899803257852648,0.0,False
TBBB,2,2024-02-12,2024-02-13,2024-03-13,2024,-0.0735448413302349,-0.017696229780512943,0.0,False
TBBB,5,2024-02-15,2024-02-16,2024-03-18,2024,-0.0830305874691562,-0.008403315808779099,0.0,False
TBBB,10,2024-02-23,2024-02-26,2024-03-25,2024,-0.1621157823714132,-0.009443072087761644,0.0,False
TBBB,15,2024-03-01,2024-03-04,2024-04-02,2024,-0.108348301932495,-0.019467866581609875,0.0,False
TBBB,20,2024-03-08,2024-03-11,2024-04-09,2024,-0.0562805315685442,-0.04814591938200087,0.0,False
TBN,2,2024-06-28,2024-07-01,2024-07-30,2024,-0.1219767658541473,-0.030077960600239022,0.0,False
TEM,2,2024-06-17,2024-06-18,2024-07-18,2024,-0.0983803351974194,0.037589805293983314,0.0,True
TEM,5,2024-06-21,2024-06-24,2024-07-23,2024,-0.3896100177151345,-0.025165397481282572,0.0,False
TEM,10,2024-06-28,2024-07-01,2024-07-30,2024,-0.2842857380324259,0.026616469932615194,0.0,True
TEM,15,2024-07-08,2024-07-09,2024-08-06,2024,-0.2360025278828619,0.03437177084046637,0.0,True
TEM,20,2024-07-15,2024-07-16,2024-08-13,2024,-0.1580383287591308,-0.015105487972515487,0.0,False
TTAN,2,2024-12-13,2024-12-16,2025-01-16,2024,-0.0705871035816423,-0.01719982338322497,0.0,False
TTAN,5,2024-12-18,2024-12-19,2025-01-22,2024,0.1211577986880185,-0.023422967623066195,0.0,False
TTAN,10,2024-12-26,2024-12-27,2025-01-29,2024,0.0500804773664076,-0.05135951052851307,0.0,False
TWFG,2,2024-07-19,2024-07-22,2024-08-19,2024,-0.1835537456936817,-0.0357836684782572,0.0,False
TWFG,5,2024-07-24,2024-07-25,2024-08-22,2024,-0.1671501379502228,-0.036559742231304065,0.0,False
TWFG,10,2024-07-31,2024-08-01,2024-08-29,2024,-0.1012492488519084,-0.049402718070794,0.0,False
TWFG,15,2024-08-07,2024-08-08,2024-09-06,2024,-0.2510621791272609,-0.010519704515664571,0.0,False
TWFG,20,2024-08-14,2024-08-15,2024-09-13,2024,-0.163893549874725,-0.012954038548856192,0.0,False
ULS,2,2024-04-15,2024-04-16,2024-05-14,2024,-0.0349359067529955,-0.014520985459582407,0.0,False
ULS,5,2024-04-18,2024-04-19,2024-05-17,2024,-0.0430809989427047,-0.025835781924608153,0.0,False
ULS,10,2024-04-25,2024-04-26,2024-05-24,2024,-0.2174666997899496,-0.02156394981809724,0.0,False
ULS,15,2024-05-02,2024-05-03,2024-06-03,2024,-0.1006818078395867,0.022606309813030887,0.0,True
ULS,20,2024-05-09,2024-05-10,2024-06-10,2024,-0.0850174065293451,0.023952644760910767,0.0,True
UPB,2,2024-10-14,2024-10-15,2024-11-12,2024,-0.1456206618474922,-0.013388059728806044,0.0,False
UPB,5,2024-10-17,2024-10-18,2024-11-15,2024,-0.088915557749094,-0.016757317377409642,0.0,False
UPB,10,2024-10-24,2024-10-25,2024-11-22,2024,0.2803737797632948,-0.001995110081181791,0.0,False
UPB,15,2024-10-31,2024-11-01,2024-12-02,2024,0.2388679925407352,-0.01371755586711423,0.0,False
UPB,20,2024-11-07,2024-11-08,2024-12-09,2024,0.1781094702804922,-0.0173138095287082,0.0,False
VIK,2,2024-05-02,2024-05-03,2024-06-03,2024,-0.1210850710635358,-0.004419143610521644,0.0,False
VIK,5,2024-05-07,2024-05-08,2024-06-06,2024,-0.043120566088856,-0.025015546556790183,0.0,False
VIK,10,2024-05-14,2024-05-15,2024-06-13,2024,-0.1426486293160381,-0.03601739354131804,0.0,False
VIK,15,2024-05-21,2024-05-22,2024-06-21,2024,-0.0363618174373268,0.0067278947219225,0.0,True
VIK,20,2024-05-29,2024-05-30,2024-06-28,2024,-0.0730591637059348,-0.0020878209326005218,0.0,False
WAY,2,2024-06-10,2024-06-11,2024-07-11,2024,0.0668820677935038,-0.005031250198586967,0.0,False
WAY,5,2024-06-13,2024-06-14,2024-07-16,2024,0.0073352123725117,0.0028389640305558064,0.0,True
WAY,10,2024-06-21,2024-06-24,2024-07-23,2024,-0.1005593389882511,-0.02841962867472244,0.0,False
WAY,15,2024-06-28,2024-07-01,2024-07-30,2024,-0.1128834496686616,-0.07634927518562559,0.0,False
WAY,20,2024-07-08,2024-07-09,2024-08-06,2024,-0.0938471719952389,-0.027089586630348515,0.0,False
WBTN,2,2024-06-28,2024-07-01,2024-07-30,2024,0.0490320271340597,-0.039586683958323064,0.0,False
WBTN,5,2024-07-03,2024-07-05,2024-08-02,2024,-0.0503827934114753,0.0350059586297239,0.0,True
WBTN,10,2024-07-11,2024-07-12,2024-08-09,2024,0.2571598335160013,-0.027023767725500625,0.0,False
WBTN,15,2024-07-18,2024-07-19,2024-08-16,2024,0.379888997525791,-0.047535963268379944,0.0,False
WBTN,20,2024-07-25,2024-07-26,2024-08-23,2024,0.3858407895910358,-0.04425387819980003,0.0,False
WRD,2,2024-10-28,2024-10-29,2024-11-26,2024,-0.018939787918883,0.020158276225136856,0.0,True
WRD,5,2024-10-31,2024-11-01,2024-12-02,2024,-0.0830400777120258,0.030031156164356334,0.0,True
XCH,2,2024-09-11,2024-09-12,2024-10-10,2024,-0.6356484066286368,0.10457224720314964,0.0,True
ZBIO,2,2024-09-16,2024-09-17,2024-10-15,2024,-0.0897630978190285,-0.048139005899413216,0.0,False
AAPG,2,2025-01-27,2025-01-28,2025-02-26,2025,-0.2378824481384815,0.008048731311942156,0.0,True
AARD,2,2025-02-14,2025-02-18,2025-03-18,2025,0.1465462364942461,0.04270586780942675,0.0,True
AERO,2,2025-11-07,2025-11-10,2025-12-09,2025,0.0518485685838261,-0.030408311966171137,0.0,False
AERO,5,2025-11-12,2025-11-13,2025-12-12,2025,-0.0546996889121015,-0.02160405666531557,0.0,False
AERO,10,2025-11-19,2025-11-20,2025-12-19,2025,-0.2530505840931683,0.001762859359818124,0.0,True
AERO,15,2025-11-26,2025-11-28,2025-12-29,2025,-0.1896165791003354,0.01018624886742847,0.0,True
AERO,20,2025-12-04,2025-12-05,2026-01-06,2025,-0.1155681809087869,-0.0304578510983955,0.0,False
AII,2,2025-05-09,2025-05-12,2025-06-10,2025,0.0918832761028529,0.006577719893766863,0.0,True
AIRO,2,2025-06-16,2025-06-17,2025-07-17,2025,0.2292601578027868,0.08113902695514599,0.0,True
AIRO,5,2025-06-20,2025-06-23,2025-07-22,2025,-0.0627187037645772,0.04660939241169861,0.0,True
AIRO,10,2025-06-27,2025-06-30,2025-07-29,2025,0.140325971637313,0.1250472101335364,0.0,True
AIRO,15,2025-07-07,2025-07-08,2025-08-05,2025,-0.0324079163656695,0.03644761079300271,0.0,True
AIRO,20,2025-07-14,2025-07-15,2025-08-12,2025,0.2993335684290595,0.08222555603323145,0.0,True
ALH,2,2025-10-10,2025-10-13,2025-11-10,2025,-0.0644158608734641,-0.014348409007861156,0.0,False
ALH,5,2025-10-15,2025-10-16,2025-11-13,2025,-0.0241433188997819,-0.024783001975034046,0.0,False
ALH,10,2025-10-22,2025-10-23,2025-11-20,2025,0.0754441643305628,-0.011598708172843425,0.0,False
ALH,15,2025-10-29,2025-10-30,2025-11-28,2025,0.0545975179066513,-0.023916199220713436,0.0,False
ALH,20,2025-11-05,2025-11-06,2025-12-05,2025,0.1503650263137307,-0.03265501391611157,0.0,False
AMBQ,2,2025-07-31,2025-08-01,2025-08-29,2025,0.0591837231314977,0.06313396394935722,0.0,True
AMBQ,5,2025-08-05,2025-08-06,2025-09-04,2025,-0.1453999419468888,0.03904387358599316,0.0,True
AMBQ,10,2025-08-12,2025-08-13,2025-09-11,2025,0.1158897088620157,0.03591270809037321,0.0,True
AMBQ,15,2025-08-19,2025-08-20,2025-09-18,2025,0.1369740720598977,0.00373239509523633,0.0,True
AMBQ,20,2025-08-26,2025-08-27,2025-09-25,2025,0.2916707302255824,0.03591270809037321,0.0,True
ANDG,2,2025-12-18,2025-12-19,2026-01-21,2025,0.1497407179277933,-0.022815016745290257,0.0,False
ANDG,5,2025-12-23,2025-12-24,2026-01-26,2025,0.0672734858113301,-0.07441355210583724,0.0,False
ANTA,2,2025-05-15,2025-05-16,2025-06-16,2025,-0.077443198427502,-0.0057624576264601836,0.0,False
ANTA,5,2025-05-20,2025-05-21,2025-06-20,2025,0.0909237813262092,0.08905545241261524,0.0,True
ARX,2,2025-07-25,2025-07-28,2025-08-25,2025,-0.0204523101669975,0.018047917429920665,0.0,True
ARX,5,2025-07-30,2025-07-31,2025-08-28,2025,0.195784358136069,0.015467503132357866,0.0,True
ARX,10,2025-08-06,2025-08-07,2025-09-05,2025,0.2899383856382971,0.013884489488655581,0.0,True
ARX,15,2025-08-13,2025-08-14,2025-09-12,2025,0.4125696172291936,0.0026266898254901127,0.0,True
ARX,20,2025-08-20,2025-08-21,2025-09-19,2025,0.5002880640112009,0.018455181456255312,0.0,True
ASIC,2,2025-06-12,2025-06-13,2025-07-15,2025,0.1540108031307117,-0.0063633327532489885,0.0,False
AUGO,2,2025-07-17,2025-07-18,2025-08-15,2025,-0.189163429945706,-0.024253306179340437,0.0,False
AUGO,5,2025-07-22,2025-07-23,2025-08-20,2025,-0.1163255134918534,-0.036676586806919695,0.0,False
AUGO,10,2025-07-29,2025-07-30,2025-08-27,2025,-0.2130707084284902,-0.0026603241625830806,0.0,False
AUGO,15,2025-08-05,2025-08-06,2025-09-04,2025,-0.2248956651500606,-0.02127312177954521,0.0,False
AUGO,20,2025-08-12,2025-08-13,2025-09-11,2025,-0.2065599893659424,-0.03985832414559361,0.0,False
BBNX,2,2025-01-31,2025-02-03,2025-03-04,2025,0.1627167703799716,-0.01916392098164092,0.0,False
BBNX,5,2025-02-05,2025-02-06,2025-03-07,2025,0.1910425223176148,-0.043144549835378194,0.0,False
BBNX,10,2025-02-12,2025-02-13,2025-03-14,2025,0.2026831981607889,-0.009033145420153904,0.0,False
BBNX,15,2025-02-20,2025-02-21,2025-03-21,2025,0.1897708584599418,0.010054948457392649,0.0,True
BBNX,20,2025-02-27,2025-02-28,2025-03-28,2025,0.3467852741371455,-0.012868188403402796,0.0,False
BETA,2,2025-11-05,2025-11-06,2025-12-05,2025,0.2425981094346687,-0.010667156631521586,0.0,False
BETA,5,2025-11-10,2025-11-11,2025-12-10,2025,0.066053552266433,-0.008261242370831846,0.0,False
BETA,10,2025-11-17,2025-11-18,2025-12-17,2025,-0.0187813684960079,0.01378396084294973,0.0,True
BETA,15,2025-11-24,2025-11-25,2025-12-24,2025,-0.0964359555259399,-0.03714953651806928,0.0,False
BETA,20,2025-12-02,2025-12-03,2026-01-02,2025,0.047206673727056,0.06945859580755642,0.0,True
BLLN,2,2025-11-07,2025-11-10,2025-12-09,2025,-0.0980529789080795,-0.03729924695688463,0.0,False
BLLN,5,2025-11-12,2025-11-13,2025-12-12,2025,-0.0436607042203701,-0.03564408659241925,0.0,False
BLLN,10,2025-11-19,2025-11-20,2025-12-19,2025,-0.0520285871626936,-0.0383995455009026,0.0,False
BLLN,15,2025-11-26,2025-11-28,2025-12-29,2025,0.3530034709611557,-0.014974861719907228,0.0,False
BLLN,20,2025-12-04,2025-12-05,2026-01-06,2025,0.0965453534710037,-0.09594752169085706,0.0,False
BLSH,2,2025-08-14,2025-08-15,2025-09-15,2025,0.3318743650198562,0.03874723954390876,0.0,True
BLSH,5,2025-08-19,2025-08-20,2025-09-18,2025,-0.0641502317800451,-0.015573472912483594,0.0,False
BLSH,10,2025-08-26,2025-08-27,2025-09-25,2025,0.0639765935482647,0.0224602416870419,0.0,True
BLSH,15,2025-09-03,2025-09-04,2025-10-02,2025,-0.288137548087394,-0.03536847789947047,0.0,False
BLSH,20,2025-09-10,2025-09-11,2025-10-09,2025,-0.3063540627004414,-0.003804528144163736,0.0,False
BRCB,2,2025-09-15,2025-09-16,2025-10-14,2025,0.0982422278210562,-0.05526630575577276,0.0,False
BRCB,5,2025-09-18,2025-09-19,2025-10-17,2025,0.133073441954213,-0.04652951104340356,0.0,False
BRCB,10,2025-09-25,2025-09-26,2025-10-24,2025,-0.0330811253527773,-0.08224215552858835,0.0,False
BRCB,15,2025-10-02,2025-10-03,2025-10-31,2025,-0.1604714907590335,-0.03664813240804698,0.0,False
BRCB,20,2025-10-09,2025-10-10,2025-11-07,2025,-0.0715125469121893,0.0073361558394645175,0.0,True
CAI,2,2025-06-20,2025-06-23,2025-07-22,2025,-0.0852859228955966,-0.02150938049915641,0.0,False
CAI,5,2025-06-25,2025-06-26,2025-07-25,2025,-0.0803588611858804,-0.016521400957987032,0.0,False
CAI,10,2025-07-02,2025-07-03,2025-08-01,2025,-0.0802107585907936,-0.006295307401906461,0.0,False
CAI,15,2025-07-10,2025-07-11,2025-08-08,2025,-0.1114002343142545,-0.018433552865583888,0.0,False
CAI,20,2025-07-17,2025-07-18,2025-08-15,2025,-0.1493402047356263,0.013621380903433768,0.0,True
CARL,2,2025-07-24,2025-07-25,2025-08-22,2025,0.1089853800650742,-0.020592108928995406,0.0,False
CARL,5,2025-07-29,2025-07-30,2025-08-27,2025,0.0396356139376326,-0.010233437787531694,0.0,False
CARL,10,2025-08-05,2025-08-06,2025-09-04,2025,-0.049295440701383,0.008784616847928422,0.0,True
CBC,2,2025-11-24,2025-11-25,2025-12-24,2025,0.027640250595474,-0.0056402275916650965,0.0,False
CBC,5,2025-11-28,2025-12-01,2025-12-30,2025,-0.023352355495802,0.0012630443746968938,0.0,True
CBC,10,2025-12-05,2025-12-08,2026-01-07,2025,-0.0446140107991944,-0.026670448209658502,0.0,False
CBC,15,2025-12-12,2025-12-15,2026-01-14,2025,-0.073625167966796,-0.02027505629951721,0.0,False
CBC,20,2025-12-19,2025-12-22,2026-01-22,2025,-0.0992804809584904,-0.022466037853969358,0.0,False
CBK,2,2025-10-03,2025-10-06,2025-11-03,2025,-0.0100736520966939,0.02526656239378385,0.0,True
CDNL,2,2025-12-11,2025-12-12,2026-01-13,2025,-0.0416137306563963,-0.03889542093211315,0.0,False
CDNL,5,2025-12-16,2025-12-17,2026-01-16,2025,-0.0314580124478723,-0.056375299554900414,0.0,False
CDNL,10,2025-12-23,2025-12-24,2026-01-26,2025,-0.1974119769677934,-0.0744705690640874,0.0,False
CEPF,2,2025-08-22,2025-08-25,2025-09-23,2025,0.0111210926041045,0.0007545947921088431,0.0,True
CEPF,5,2025-08-27,2025-08-28,2025-09-26,2025,-0.0027683584200795,-0.019075417761338438,0.0,False
CHA,2,2025-04-21,2025-04-22,2025-05-20,2025,0.2655664531424231,0.023349752983015212,0.0,True
CHA,5,2025-04-24,2025-04-25,2025-05-23,2025,0.1198833341818304,0.03050002134084536,0.0,True
CHA,10,2025-05-01,2025-05-02,2025-06-02,2025,0.1873195945639442,0.025594203753261893,0.0,True
CHA,15,2025-05-08,2025-05-09,2025-06-09,2025,0.018957147179576,0.014712590543410939,0.0,True
CHA,20,2025-05-15,2025-05-16,2025-06-16,2025,-0.0039226570371899,0.007906211853996353,0.0,True
CHYM,2,2025-06-13,2025-06-16,2025-07-16,2025,0.1306237893164072,0.0008193938899888767,0.0,True
CHYM,5,2025-06-18,2025-06-20,2025-07-21,2025,0.0032310748858672,0.0029594900521715023,0.0,True
CHYM,10,2025-06-26,2025-06-27,2025-07-28,2025,0.0217164538517954,0.05009395815237368,0.0,True
CHYM,15,2025-07-03,2025-07-07,2025-08-04,2025,-0.070636026514281,0.01455685814043716,0.0,True
CHYM,20,2025-07-11,2025-07-14,2025-08-11,2025,0.0135431331517899,0.011571391384956088,0.0,True
CRCL,2,2025-06-06,2025-06-09,2025-07-09,2025,-0.4911039472811279,0.15175420100486278,0.0,True
CRCL,5,2025-06-11,2025-06-12,2025-07-14,2025,-0.7381663355033428,-0.03542423316305611,0.0,False
CRCL,10,2025-06-18,2025-06-20,2025-07-21,2025,0.1146976737417987,0.04373850134343081,0.0,True
CRCL,15,2025-06-26,2025-06-27,2025-07-28,2025,0.163462817872733,0.16415511283639972,0.0,True
CRCL,20,2025-07-03,2025-07-07,2025-08-04,2025,0.1249405830215804,0.02198883994467355,0.0,True
CRWV,2,2025-03-31,2025-04-01,2025-04-30,2025,-0.1150990271199202,0.01868146644338939,0.0,True
CRWV,5,2025-04-03,2025-04-04,2025-05-05,2025,0.0581383614371705,0.1428166125448528,0.0,True
CRWV,10,2025-04-10,2025-04-11,2025-05-12,2025,-0.237022760480503,0.07674870173607538,0.0,True
CRWV,15,2025-04-17,2025-04-21,2025-05-19,2025,-1.0306344352987522,0.0628561400739218,0.0,True
CRWV,20,2025-04-25,2025-04-28,2025-05-27,2025,-1.865463217124248,0.0695438936453554,0.0,True
ETOR,2,2025-05-15,2025-05-16,2025-06-16,2025,0.0756621975330857,-0.01493317245251524,0.0,False
ETOR,5,2025-05-20,2025-05-21,2025-06-20,2025,0.0827722710224669,-0.021531255993824782,0.0,False
ETOR,10,2025-05-28,2025-05-29,2025-06-27,2025,0.0187138271838307,0.02387038088795953,0.0,True
ETOR,15,2025-06-04,2025-06-05,2025-07-07,2025,0.0616711835814537,0.011190915297849716,0.0,True
ETOR,20,2025-06-11,2025-06-12,2025-07-14,2025,0.0942720938078717,0.015459452819159598,0.0,True
EVMN,2,2025-11-07,2025-11-10,2025-12-09,2025,0.0430247712970465,-0.05058010069585636,0.0,False
FATN,2,2025-04-09,2025-04-10,2025-05-09,2025,0.1083955172116443,-0.024399416228231267,0.0,False
FATN,5,2025-04-14,2025-04-15,2025-05-14,2025,-0.1760427682222831,0.0016204431077646271,0.0,True
FATN,10,2025-04-22,2025-04-23,2025-05-21,2025,-0.0578288414698131,0.07391998391411461,0.0,True
FATN,15,2025-04-29,2025-04-30,2025-05-29,2025,-0.0714190509135174,-0.003751753614614395,0.0,False
FIG,2,2025-08-01,2025-08-04,2025-09-02,2025,0.4375573534697433,0.01776923707895337,0.0,True
FIG,5,2025-08-06,2025-08-07,2025-09-05,2025,0.3666859555544786,0.01650116238736713,0.0,True
FIG,10,2025-08-13,2025-08-14,2025-09-12,2025,0.3575507181837236,-0.029309311147717454,0.0,False
FIG,15,2025-08-20,2025-08-21,2025-09-19,2025,0.2184911362545294,-0.08115712828813107,0.0,False
FIG,20,2025-08-27,2025-08-28,2025-09-26,2025,0.2319772765041945,-0.06141823039654448,0.0,False
FIGR,2,2025-09-12,2025-09-15,2025-10-13,2025,-0.3426610065706467,0.006158283338693218,0.0,True
FIGR,5,2025-09-17,2025-09-18,2025-10-16,2025,-0.0863686024960469,0.005774269294345723,0.0,True
FIGR,10,2025-09-24,2025-09-25,2025-10-23,2025,-0.0355621995749588,0.002273750007626284,0.0,True
FIGR,15,2025-10-01,2025-10-02,2025-10-30,2025,-0.0650210353106059,-0.004886343599249016,0.0,False
FIGR,20,2025-10-08,2025-10-09,2025-11-06,2025,0.2304901965872713,0.031749638386273815,0.0,True
FLOC,2,2025-01-17,2025-01-21,2025-02-19,2025,0.1090008553360764,-0.020599552632588294,0.0,False
FLOC,5,2025-01-23,2025-01-24,2025-02-24,2025,0.0423707596386723,-0.021963137400465967,0.0,False
FLOC,10,2025-01-30,2025-01-31,2025-03-03,2025,0.0542797665654595,-0.042769914352733744,0.0,False
FLOC,15,2025-02-06,2025-02-07,2025-03-10,2025,0.1673376173654001,-0.01722528389036584,0.0,False
FLOC,20,2025-02-13,2025-02-14,2025-03-17,2025,0.0057989312820944,0.01095431130022826,0.0,True
FLY,2,2025-08-08,2025-08-11,2025-09-09,2025,0.101750274229214,0.030294230373494702,0.0,True
FLY,5,2025-08-13,2025-08-14,2025-09-12,2025,0.1348465524130497,0.029479934434775465,0.0,True
FLY,10,2025-08-20,2025-08-21,2025-09-19,2025,0.0382710222373584,-0.03529203062293848,0.0,False
FLY,15,2025-08-27,2025-08-28,2025-09-26,2025,0.2288869030287,0.08054414421059952,0.0,True
FLY,20,2025-09-04,2025-09-05,2025-10-03,2025,0.3486725293966819,-0.030747095043390637,0.0,False
FRMI,2,2025-10-02,2025-10-03,2025-10-31,2025,0.1261142881378258,0.03306923180128232,0.0,True
FRMI,5,2025-10-07,2025-10-08,2025-11-05,2025,0.0203254180815222,0.005892320921096655,0.0,True
FRMI,10,2025-10-14,2025-10-15,2025-11-12,2025,0.3071115505114581,-0.015857914410494438,0.0,False
FRMI,15,2025-10-21,2025-10-22,2025-11-19,2025,0.1875880014810295,-0.08328878863600184,0.0,False
FRMI,20,2025-10-28,2025-10-29,2025-11-26,2025,0.4157636183691734,-0.009291498729511282,0.0,False
GEMI,2,2025-09-15,2025-09-16,2025-10-14,2025,0.2917059154850542,0.06021582215999604,0.0,True
GEMI,5,2025-09-18,2025-09-19,2025-10-17,2025,0.1650761282667148,0.10939413125334302,0.0,True
GEMI,10,2025-09-25,2025-09-26,2025-10-24,2025,0.2316275514766128,0.1022221977505004,0.0,True
GEMI,15,2025-10-02,2025-10-03,2025-10-31,2025,0.1937766554084989,0.03512571852271829,0.0,True
GEMI,20,2025-10-09,2025-10-10,2025-11-07,2025,0.3375191565223975,0.11792745677333517,0.0,True
GLOO,2,2025-11-20,2025-11-21,2025-12-22,2025,0.3951462125621009,-0.052524623654534516,0.0,False
GLOO,5,2025-11-25,2025-11-26,2025-12-26,2025,0.3067163662828912,-0.059838699198167346,0.0,False
HCHL,2,2025-06-25,2025-06-26,2025-07-25,2025,0.1941229704615903,0.025382552461515398,0.0,True
HNGE,2,2025-05-23,2025-05-27,2025-06-25,2025,-0.0647656263973978,-0.009908034180721297,0.0,False
HNGE,5,2025-05-29,2025-05-30,2025-06-30,2025,-0.3028770702400213,0.0010845364348699331,0.0,True
HNGE,10,2025-06-05,2025-06-06,2025-07-08,2025,-0.0967723088482563,-0.017410524502548735,0.0,False
HNGE,15,2025-06-12,2025-06-13,2025-07-15,2025,-0.3089070728517442,-0.029767046831971247,0.0,False
HNGE,20,2025-06-20,2025-06-23,2025-07-22,2025,-0.0892181566452487,-0.026854560751327125,0.0,False
HTFL,2,2025-08-12,2025-08-13,2025-09-11,2025,-0.1005007539086292,0.013523645270537892,0.0,True
HTFL,5,2025-08-15,2025-08-18,2025-09-16,2025,0.0072431617282571,0.07476319348538812,0.0,True
HTFL,10,2025-08-22,2025-08-25,2025-09-23,2025,-0.2107555822895369,0.04020865863267388,0.0,True
HTFL,15,2025-08-29,2025-09-02,2025-09-30,2025,-0.0595689487401077,0.03855382596524277,0.0,True
HTFL,20,2025-09-08,2025-09-09,2025-10-07,2025,0.031498148764216,0.03243259223705977,0.0,True
HYNE,2,2025-12-05,2025-12-08,2026-01-07,2025,-0.0413603313795873,-0.056483283470020046,0.0,False
INR,2,2025-02-03,2025-02-04,2025-03-05,2025,0.1625635569114075,-0.016312013170452725,0.0,False
INR,5,2025-02-06,2025-02-07,2025-03-10,2025,0.0756767814412989,-0.0060978625701712755,0.0,False
INR,10,2025-02-13,2025-02-14,2025-03-17,2025,0.0168056397472034,0.009777968495822497,0.0,True
INR,15,2025-02-21,2025-02-24,2025-03-24,2025,0.0378772161135153,0.013188525974208732,0.0,True
INR,20,2025-02-28,2025-03-03,2025-03-31,2025,-0.1265515679913976,0.0258037445542147,0.0,True
JCAP,2,2025-06-27,2025-06-30,2025-07-29,2025,0.123213294170598,-0.0417465537019201,0.0,False
JCAP,5,2025-07-02,2025-07-03,2025-08-01,2025,0.0533138221674001,-0.054781932136153774,0.0,False
JCAP,10,2025-07-10,2025-07-11,2025-08-08,2025,-0.0442373252122737,-0.026148741867671677,0.0,False
KLAR,2,2025-09-12,2025-09-15,2025-10-13,2025,0.0818393318986608,0.03384684682552589,0.0,True
KLAR,5,2025-09-17,2025-09-18,2025-10-16,2025,0.1912363696134118,-0.02093873990418572,0.0,False
KLAR,10,2025-09-24,2025-09-25,2025-10-23,2025,0.1220116917793798,-0.03086086106112596,0.0,False
KLAR,15,2025-10-01,2025-10-02,2025-10-30,2025,0.0122162048686773,0.02993349763507379,0.0,True
KLAR,20,2025-10-08,2025-10-09,2025-11-06,2025,0.1555541727005968,0.028553799495510918,0.0,True
KMTS,2,2025-03-07,2025-03-10,2025-04-07,2025,-0.3158509940176692,-0.020834976330675395,0.0,False
KMTS,5,2025-03-12,2025-03-13,2025-04-10,2025,-0.2802645887450204,-0.016179763063464317,0.0,False
KMTS,10,2025-03-19,2025-03-20,2025-04-17,2025,-0.2006439930496682,-0.015458306701239747,0.0,False
KMTS,15,2025-03-26,2025-03-27,2025-04-25,2025,-0.1168825547285376,-0.011506220750153315,0.0,False
KMTS,20,2025-04-02,2025-04-03,2025-05-02,2025,0.0998005767229024,-0.0180123663980375,0.0,False
KRMN,2,2025-02-14,2025-02-18,2025-03-18,2025,-0.2320095983032302,-0.0027164971971843726,0.0,False
KRMN,5,2025-02-20,2025-02-21,2025-03-21,2025,-0.33669827161702,0.006520776138595934,0.0,True
KRMN,10,2025-02-27,2025-02-28,2025-03-28,2025,-0.2694683129338309,-0.009720909203345238,0.0,False
KRMN,15,2025-03-06,2025-03-07,2025-04-04,2025,-0.110165132137404,0.006424090217041932,0.0,True
KRMN,20,2025-03-13,2025-03-14,2025-04-11,2025,-0.0655514636028184,-0.0023017264684703875,0.0,False
LBRX,2,2025-09-12,2025-09-15,2025-10-13,2025,0.02475155055693,-0.02631433698725914,0.0,False
LGN,2,2025-09-15,2025-09-16,2025-10-14,2025,-0.0668191738869926,-0.0619213786615611,0.0,False
LGN,5,2025-09-18,2025-09-19,2025-10-17,2025,-0.1679101950915386,-0.06548712382757164,0.0,False
LGN,10,2025-09-25,2025-09-26,2025-10-24,2025,-0.1183872049040805,-0.06597907018478169,0.0,False
LGN,15,2025-10-02,2025-10-03,2025-10-31,2025,-0.393148128395451,-0.04529278452179252,0.0,False
LGN,20,2025-10-09,2025-10-10,2025-11-07,2025,-0.1771798477420149,-0.03791994121288896,0.0,False
LMRI,2,2025-12-12,2025-12-15,2026-01-14,2025,0.1529493197429436,-0.023439399994511088,0.0,False
LMRI,5,2025-12-17,2025-12-18,2026-01-20,2025,0.0999858847972997,-0.021737805059461025,0.0,False
LMRI,10,2025-12-24,2025-12-26,2026-01-27,2025,0.2242965248702808,-0.026971876812460695,0.0,False
MAZE,2,2025-02-03,2025-02-04,2025-03-05,2025,0.1427396457415616,0.027839035448609727,0.0,True
MAZE,5,2025-02-06,2025-02-07,2025-03-10,2025,-0.081741667360542,0.0537883231932018,0.0,True
MDLN,2,2025-12-18,2025-12-19,2026-01-21,2025,-0.1288178941074619,-0.04676988302928311,0.0,False
MDLN,5,2025-12-23,2025-12-24,2026-01-26,2025,-0.0368783566629708,-0.058710535254853556,0.0,False
MENS,2,2025-06-18,2025-06-20,2025-07-21,2025,-0.3151384343031408,0.004199156652409958,0.0,True
MH,2,2025-07-25,2025-07-28,2025-08-25,2025,0.1308352045639759,0.009957046447612453,0.0,True
MH,5,2025-07-30,2025-07-31,2025-08-28,2025,0.046776851094372,0.009089397759711687,0.0,True
MH,10,2025-08-06,2025-08-07,2025-09-05,2025,-0.1479132658556107,0.00835071855008153,0.0,True
MH,15,2025-08-13,2025-08-14,2025-09-12,2025,-0.0383149894748029,0.08054655794308585,0.0,True
MH,20,2025-08-20,2025-08-21,2025-09-19,2025,0.1567115413938072,0.08292616644018863,0.0,True
MIAX,2,2025-08-15,2025-08-18,2025-09-16,2025,-0.1909130326749211,0.018753683618370272,0.0,True
MIAX,5,2025-08-20,2025-08-21,2025-09-19,2025,-0.1323470080469009,0.014242815018660015,0.0,True
MIAX,10,2025-08-27,2025-08-28,2025-09-26,2025,-0.2060798253673168,0.01807285347817177,0.0,True
MIAX,15,2025-09-04,2025-09-05,2025-10-03,2025,-0.2005070775579759,-0.0008666745040537887,0.0,False
MIAX,20,2025-09-11,2025-09-12,2025-10-10,2025,-0.1964399784076165,0.023912194311664095,0.0,True
MNTN,2,2025-05-23,2025-05-27,2025-06-25,2025,0.2375518513764008,0.01403196819577058,0.0,True
MNTN,5,2025-05-29,2025-05-30,2025-06-30,2025,0.2060691449401603,0.015687128560235953,0.0,True
MNTN,10,2025-06-05,2025-06-06,2025-07-08,2025,0.1536286391638661,-0.0054140485253512905,0.0,False
MNTN,15,2025-06-12,2025-06-13,2025-07-15,2025,-0.2194716031278647,-0.08853085560576646,0.0,False
MNTN,20,2025-06-20,2025-06-23,2025-07-22,2025,-0.3304372182601249,-0.08141931471171802,0.0,False
MPLT,2,2025-10-28,2025-10-29,2025-11-26,2025,0.1780324703935952,0.01607241548549715,0.0,True
MPLT,5,2025-10-31,2025-11-03,2025-12-02,2025,0.206170057525466,0.013825997081701865,0.0,True
NAVN,2,2025-10-31,2025-11-03,2025-12-02,2025,0.1873795127827557,-0.011861119504875669,0.0,False
NAVN,5,2025-11-05,2025-11-06,2025-12-05,2025,0.2058146675255661,-0.01697010300944009,0.0,False
NAVN,10,2025-11-12,2025-11-13,2025-12-12,2025,0.1690689896695109,0.021697489264157297,0.0,True
NAVN,15,2025-11-19,2025-11-20,2025-12-19,2025,-0.0713231351086452,-0.09012681951258246,0.0,False
NAVN,20,2025-11-26,2025-11-28,2025-12-29,2025,-0.005289088427038,0.04236101727787943,0.0,True
NIQ,2,2025-07-24,2025-07-25,2025-08-22,2025,0.0845405065256552,-0.0027428475251536316,0.0,False
NIQ,5,2025-07-29,2025-07-30,2025-08-27,2025,0.1156825477897009,0.03198620455657827,0.0,True
NIQ,10,2025-08-05,2025-08-06,2025-09-04,2025,-0.0478295421493457,0.04530301005171145,0.0,True
NIQ,15,2025-08-12,2025-08-13,2025-09-11,2025,-0.0077254292568504,0.07327042248685645,0.0,True
NIQ,20,2025-08-19,2025-08-20,2025-09-18,2025,0.0356022073194528,0.0290106968757368,0.0,True
NNNN,2,2025-02-20,2025-02-21,2025-03-21,2025,-0.4707270481536802,0.006585006395447842,0.0,True
NP,2,2025-10-02,2025-10-03,2025-10-31,2025,0.0870612980765422,0.01271564345456406,0.0,True
NP,5,2025-10-07,2025-10-08,2025-11-05,2025,0.015421547937099,0.022740951138546853,0.0,True
NP,10,2025-10-14,2025-10-15,2025-11-12,2025,0.1013422900437103,0.005754660604741255,0.0,True
NP,15,2025-10-21,2025-10-22,2025-11-19,2025,0.0198866887480667,0.0043877631680373855,0.0,True
NP,20,2025-10-28,2025-10-29,2025-11-26,2025,-0.0254362264645736,0.0043877631680373855,0.0,True
NTSK,2,2025-09-19,2025-09-22,2025-10-20,2025,0.1053362114560069,-0.015149503429146704,0.0,False
NTSK,5,2025-09-24,2025-09-25,2025-10-23,2025,-0.0076598729951043,-0.03003586015630995,0.0,False
NTSK,10,2025-10-01,2025-10-02,2025-10-30,2025,-0.0680111269071261,0.015273374176126963,0.0,True
NTSK,15,2025-10-08,2025-10-09,2025-11-06,2025,-0.0146608653642522,0.03492865904462132,0.0,True
NTSK,20,2025-10-15,2025-10-16,2025-11-13,2025,0.1256565159049787,-0.020390995407959318,0.0,False
OMDA,2,2025-06-09,2025-06-10,2025-07-10,2025,0.2131876549899368,-0.02728384290242336,0.0,False
OMDA,5,2025-06-12,2025-06-13,2025-07-15,2025,-0.062734457937753,-0.07794981638818535,0.0,False
OMDA,10,2025-06-20,2025-06-23,2025-07-22,2025,-0.2410751871659194,-0.09463430136960795,0.0,False
OMDA,15,2025-06-27,2025-06-30,2025-07-29,2025,-0.0381224863826616,0.0530955054190463,0.0,True
OMDA,20,2025-07-07,2025-07-08,2025-08-05,2025,0.052728943101647,0.062062774612725816,0.0,True
OMSE,2,2025-05-14,2025-05-15,2025-06-13,2025,0.1507525245050181,-0.01801534414965894,0.0,False
PTRN,2,2025-09-22,2025-09-23,2025-10-21,2025,0.0113419032243724,-0.045055360704467896,0.0,False
PTRN,5,2025-09-25,2025-09-26,2025-10-24,2025,-0.41098093965742,-0.03793081300089475,0.0,False
PTRN,10,2025-10-02,2025-10-03,2025-10-31,2025,-0.2450115035812693,0.0005266378860948416,0.0,True
PTRN,15,2025-10-09,2025-10-10,2025-11-07,2025,-0.2569577791221508,-0.014176418640384734,0.0,False
PTRN,20,2025-10-16,2025-10-17,2025-11-14,2025,-0.2750980308269122,-0.04869755082034937,0.0,False
PXED,2,2025-10-10,2025-10-13,2025-11-10,2025,0.1110314919836967,0.027304948429054593,0.0,True
SAIL,2,2025-02-14,2025-02-18,2025-03-18,2025,0.0604215472777113,-0.0018571309521199799,0.0,False
SAIL,5,2025-02-20,2025-02-21,2025-03-21,2025,0.0319189225727676,0.005888474249112775,0.0,True
SAIL,10,2025-02-27,2025-02-28,2025-03-28,2025,0.0606777778662282,0.010150537399745047,0.0,True
SAIL,15,2025-03-06,2025-03-07,2025-04-04,2025,0.0829560935270319,0.004789216205712826,0.0,True
SAIL,20,2025-03-13,2025-03-14,2025-04-11,2025,-0.0675290666864965,0.025280715178091676,0.0,True
SFD,2,2025-01-29,2025-01-30,2025-02-28,2025,-0.0598544447461602,-0.020347431083605042,0.0,False
SFD,5,2025-02-03,2025-02-04,2025-03-05,2025,-0.0010592267929305,0.0018180864139380184,0.0,True
SFD,10,2025-02-10,2025-02-11,2025-03-12,2025,-0.0583405315665442,-0.013011297692341287,0.0,False
SFD,15,2025-02-18,2025-02-19,2025-03-19,2025,0.011829199103685,-0.01900781335900016,0.0,False
SFD,20,2025-02-25,2025-02-26,2025-03-26,2025,0.042256209733866,-0.0028396684213535255,0.0,False
SI,2,2025-08-01,2025-08-04,2025-09-02,2025,-0.1141754456461865,-0.04805361355293521,0.0,False
SION,2,2025-02-10,2025-02-11,2025-03-12,2025,0.1050841068320113,-0.051047478653961774,0.0,False
SLDE,2,2025-06-20,2025-06-23,2025-07-22,2025,0.2374656062447425,-0.04092723163102956,0.0,False
SLDE,5,2025-06-25,2025-06-26,2025-07-25,2025,0.0820383953544609,-0.06019033890472856,0.0,False
SLDE,10,2025-07-02,2025-07-03,2025-08-01,2025,0.0755738306155645,-0.023361830719355763,0.0,False
SLDE,15,2025-07-10,2025-07-11,2025-08-08,2025,0.0654671295290016,-0.01582189472564069,0.0,False
SLDE,20,2025-07-17,2025-07-18,2025-08-15,2025,0.1968313875244793,0.0253967440564137,0.0,True
SMA,2,2025-04-03,2025-04-04,2025-05-05,2025,-0.0165190315033616,0.002414616186682668,0.0,True
SMA,5,2025-04-08,2025-04-09,2025-05-08,2025,-0.0080504159954123,0.029068409459879797,0.0,True
SMA,10,2025-04-15,2025-04-16,2025-05-15,2025,0.0162408636171154,0.009817267799397535,0.0,True
SMA,15,2025-04-23,2025-04-24,2025-05-22,2025,-0.0827585668686264,-0.00533891743647433,0.0,False
SMA,20,2025-04-30,2025-05-01,2025-05-30,2025,-0.0416023273035944,-0.005402778402393659,0.0,False
STUB,2,2025-09-18,2025-09-19,2025-10-17,2025,0.136644068793383,0.0583738185826114,0.0,True
STUB,5,2025-09-23,2025-09-24,2025-10-22,2025,-0.0831803326185558,0.06360257224494209,0.0,True
STUB,10,2025-09-30,2025-10-01,2025-10-29,2025,-0.14330707478609,0.06450785643816284,0.0,True
STUB,15,2025-10-07,2025-10-08,2025-11-05,2025,-0.0567717947719687,0.11481096443828158,0.0,True
STUB,20,2025-10-14,2025-10-15,2025-11-12,2025,-0.0251867714670676,0.09829193348963138,0.0,True
TTAM,2,2025-02-10,2025-02-11,2025-03-12,2025,0.0397118526974579,-0.007707582124907996,0.0,False
TTAM,5,2025-02-13,2025-02-14,2025-03-17,2025,0.0207904515936558,-0.019330673668803432,0.0,False
TTAM,10,2025-02-21,2025-02-24,2025-03-24,2025,0.0585115797465193,-0.0030273375792622304,0.0,False
TTAM,15,2025-02-28,2025-03-03,2025-03-31,2025,0.0809606243105247,-0.006537119593819175,0.0,False
TTAM,20,2025-03-07,2025-03-10,2025-04-07,2025,0.1413459628179642,0.02347024986789746,0.0,True
TTAN,15,2025-01-03,2025-01-06,2025-02-05,2025,0.0224653197170196,-0.05404113589022665,0.0,False
TTAN,20,2025-01-13,2025-01-14,2025-02-12,2025,-0.0180520277652859,-0.022533940820228145,0.0,False
VIA,2,2025-09-15,2025-09-16,2025-10-14,2025,0.0721962719930561,-0.002592334298393601,0.0,False
VIA,5,2025-09-18,2025-09-19,2025-10-17,2025,-0.0006153195352291,0.009216587409065152,0.0,True
VIA,10,2025-09-25,2025-09-26,2025-10-24,2025,-0.0449240582508834,-0.027702008941355806,0.0,False
VIA,15,2025-10-02,2025-10-03,2025-10-31,2025,-0.1414200898884706,-0.005956289269085396,0.0,False
VIA,20,2025-10-09,2025-10-10,2025-11-07,2025,-0.1334515960531433,-0.0025457317906991688,0.0,False
VOYG,2,2025-06-12,2025-06-13,2025-07-15,2025,0.2117876995385102,-0.022215640234318837,0.0,False
VOYG,5,2025-06-17,2025-06-18,2025-07-18,2025,0.1910004046756728,-0.07247352767275425,0.0,False
VOYG,10,2025-06-25,2025-06-26,2025-07-25,2025,0.0778325348314926,-0.04791630950500416,0.0,False
VOYG,15,2025-07-02,2025-07-03,2025-08-01,2025,-0.0116231491420343,-0.08809096464242379,0.0,False
VOYG,20,2025-07-10,2025-07-11,2025-08-08,2025,0.2712571838449837,-0.03390000729678373,0.0,False
WBI,2,2025-09-18,2025-09-19,2025-10-17,2025,-0.0840780616285668,0.0011956049509465275,0.0,True
WBI,5,2025-09-23,2025-09-24,2025-10-22,2025,-0.0417834447736042,-0.02381262647308394,0.0,False
WBI,10,2025-09-30,2025-10-01,2025-10-29,2025,0.0934026887885691,0.01866430389288148,0.0,True
WBI,15,2025-10-07,2025-10-08,2025-11-05,2025,0.0679738399669351,0.01826839642824531,0.0,True
WBI,20,2025-10-14,2025-10-15,2025-11-12,2025,0.0067197483637592,-0.03136316061747795,0.0,False
WLTH,2,2025-12-16,2025-12-17,2026-01-16,2025,0.2539317301204207,0.06371118840081509,0.0,True
WLTH,5,2025-12-19,2025-12-22,2026-01-22,2025,0.2772619010277791,0.014124658962249494,0.0,True
WLTH,10,2025-12-29,2025-12-30,2026-01-29,2025,0.3222781910430358,-0.004944702852035458,0.0,False
WYFI,2,2025-08-08,2025-08-11,2025-09-09,2025,-0.2091487861373217,0.06508845771649653,0.0,True
WYFI,5,2025-08-13,2025-08-14,2025-09-12,2025,-0.2282031901750611,0.0687641668674332,0.0,True
WYFI,10,2025-08-20,2025-08-21,2025-09-19,2025,-0.5680274400388142,0.058354618007791494,0.0,True
WYFI,15,2025-08-27,2025-08-28,2025-09-26,2025,-0.3151506287300416,0.05385379934348571,0.0,True
WYFI,20,2025-09-04,2025-09-05,2025-10-03,2025,-0.918545237279736,0.05556925107885994,0.0,True
XZO,2,2025-11-06,2025-11-07,2025-12-08,2025,0.1030224259651117,0.0041797877666942315,0.0,True
XZO,5,2025-11-11,2025-11-12,2025-12-11,2025,-0.06837454569229,0.010864781087029955,0.0,True
XZO,10,2025-11-18,2025-11-19,2025-12-18,2025,-0.2623142179920635,-0.057528024099018124,0.0,False
YB,2,2025-05-01,2025-05-02,2025-06-02,2025,0.0549178367179602,0.06168652831152917,0.0,True
YDDL,2,2025-10-10,2025-10-13,2025-11-10,2025,0.1891335982660385,0.07657759198761566,0.0,True
AADX,2,2026-06-04,2026-06-05,2026-07-07,2026,-0.2946866218105973,0.0004070572146814772,0.0,True
AADX,5,2026-06-09,2026-06-10,2026-07-10,2026,-0.0708105516429278,0.0045652638606090605,0.0,True
AADX,10,2026-06-16,2026-06-17,2026-07-17,2026,0.1728242219292302,0.003826517010612097,0.0,True
AADX,15,2026-06-24,2026-06-25,2026-07-24,2026,-0.0227706693584046,-0.03968748690096005,0.0,False
AADX,20,2026-07-01,2026-07-02,2026-07-31,2026,0.1916779769121308,0.003826517010612097,0.0,True
AGBK,2,2026-02-12,2026-02-13,2026-03-16,2026,0.0117167607543038,0.007085256083218412,0.0,True
AGBK,5,2026-02-18,2026-02-19,2026-03-19,2026,0.0913591928684741,-0.040139814410957986,0.0,False
AGBK,10,2026-02-25,2026-02-26,2026-03-26,2026,0.2577264789836814,-0.030995757562232953,0.0,False
AGBK,15,2026-03-04,2026-03-05,2026-04-02,2026,0.2648179374112902,-0.023858307472912104,0.0,False
AGBK,20,2026-03-11,2026-03-12,2026-04-10,2026,0.293604367479549,-0.0033710049826286333,0.0,False
AGMB,2,2026-02-09,2026-02-10,2026-03-11,2026,0.0243263025714889,-0.026444629495778842,0.0,False
AKTS,2,2026-01-12,2026-01-13,2026-02-11,2026,0.1816007181052582,-0.002371310597678829,0.0,False
AKTS,5,2026-01-15,2026-01-16,2026-02-17,2026,0.0475124966909285,-0.010883610399091737,0.0,False
AKTS,10,2026-01-23,2026-01-26,2026-02-24,2026,0.0414893988187388,-0.04723969062445064,0.0,False
AKTS,15,2026-01-30,2026-02-02,2026-03-03,2026,-0.0691874374584676,-0.05738152534970388,0.0,False
AKTS,20,2026-02-06,2026-02-09,2026-03-10,2026,-0.0817370913922295,-0.04328205768309044,0.0,False
ALMR,2,2026-04-20,2026-04-21,2026-05-19,2026,0.073678658258962,-0.08849801807113869,0.0,False
ALMR,5,2026-04-23,2026-04-24,2026-05-22,2026,0.2239658145452146,-0.08144717317745521,0.0,False
ALMR,10,2026-04-30,2026-05-01,2026-06-01,2026,0.2338326532440296,-0.04199170657654094,0.0,False
ALMR,15,2026-05-07,2026-05-08,2026-06-08,2026,0.1507093695958533,-0.09540567483242013,0.0,False
ALMR,20,2026-05-14,2026-05-15,2026-06-15,2026,0.060934095495666,-0.04110917674055367,0.0,False
ANDG,10,2025-12-31,2026-01-02,2026-02-02,2026,0.1253523176981262,-0.02445750292385538,0.0,False
ANDG,15,2026-01-08,2026-01-09,2026-02-09,2026,0.0952873354428009,-0.057165934300365914,0.0,False
ANDG,20,2026-01-15,2026-01-16,2026-02-17,2026,0.0218619277799588,-0.027281972925253525,0.0,False
APC,2,2026-02-13,2026-02-17,2026-03-17,2026,-0.1002582764357848,-0.04587746685236781,0.0,False
APC,5,2026-02-19,2026-02-20,2026-03-20,2026,-0.0568415110014865,-0.03659573205394703,0.0,False
ARXS,2,2026-04-17,2026-04-20,2026-05-18,2026,0.1381804106219032,-0.05731180486821361,0.0,False
ARXS,5,2026-04-22,2026-04-23,2026-05-21,2026,0.0863765030601518,-0.07273229304963365,0.0,False
ARXS,10,2026-04-29,2026-04-30,2026-05-29,2026,-0.2258096813680554,-0.13546736428887432,0.0,False
ARXS,15,2026-05-06,2026-05-07,2026-06-05,2026,-0.1569742948635483,-0.0537314384456965,0.0,False
ARXS,20,2026-05-13,2026-05-14,2026-06-12,2026,-0.1887052908039081,-0.03544120649922481,0.0,False
AVEX,2,2026-04-20,2026-04-21,2026-05-19,2026,0.3213193188329946,0.028529535984506523,0.0,True
AVEX,5,2026-04-23,2026-04-24,2026-05-22,2026,0.1884646063744031,-0.04225314600029102,0.0,False
AVEX,10,2026-04-30,2026-05-01,2026-06-01,2026,-0.2478370798309601,-0.11567963534635685,0.0,False
AVEX,15,2026-05-07,2026-05-08,2026-06-08,2026,0.0103236723160775,-0.1507027867838077,0.0,False
AVEX,20,2026-05-14,2026-05-15,2026-06-15,2026,0.0459311116735754,-0.06350274804679525,0.0,False
AVLN,2,2026-05-01,2026-05-04,2026-06-02,2026,0.2001126436086869,-0.11056688215610717,0.0,False
AVLN,5,2026-05-06,2026-05-07,2026-06-05,2026,-0.0125365593832761,-0.11425127423557557,0.0,False
AVLN,10,2026-05-13,2026-05-14,2026-06-12,2026,-0.0097045130185498,-0.08179169261279305,0.0,False
AVLN,15,2026-05-20,2026-05-21,2026-06-22,2026,-0.2209184513224305,-0.05579062547802378,0.0,False
AVLN,20,2026-05-28,2026-05-29,2026-06-29,2026,-0.1318424153971732,-0.041148700095644336,0.0,False
BOBS,2,2026-02-06,2026-02-09,2026-03-10,2026,-0.1011108530062549,-0.014621330973409681,0.0,False
BOBS,5,2026-02-11,2026-02-12,2026-03-13,2026,0.0920216366132007,-0.022419697689342568,0.0,False
BOBS,10,2026-02-19,2026-02-20,2026-03-20,2026,0.2896468069485193,-0.026651615908432746,0.0,False
BOBS,15,2026-02-26,2026-02-27,2026-03-27,2026,0.4529275434458075,-0.033058231518617726,0.0,False
BOBS,20,2026-03-05,2026-03-06,2026-04-06,2026,0.3314980367621252,-0.024733773791575472,0.0,False
BTGO,2,2026-01-23,2026-01-26,2026-02-24,2026,0.3049523893021608,-0.0030314185589344427,0.0,False
BTGO,5,2026-01-28,2026-01-29,2026-02-27,2026,0.1931734466135548,-0.048068791237299346,0.0,False
BTGO,10,2026-02-04,2026-02-05,2026-03-06,2026,-0.0443713937202956,-0.1315664673317664,0.0,False
BTGO,15,2026-02-11,2026-02-12,2026-03-13,2026,-0.1911759547356744,-0.05445823481425738,0.0,False
BTGO,20,2026-02-19,2026-02-20,2026-03-20,2026,-0.0995164191743465,-0.031691685907713686,0.0,False
BXDC,2,2026-05-15,2026-05-18,2026-06-16,2026,-0.080358355632962,0.0004625507719583481,0.0,True
BXDC,5,2026-05-20,2026-05-21,2026-06-22,2026,0.0183321767372566,-0.0014325121886518224,0.0,False
BXDC,10,2026-05-28,2026-05-29,2026-06-29,2026,-0.0308510496005203,0.002747407581843806,0.0,True
BXDC,15,2026-06-04,2026-06-05,2026-07-07,2026,0.0153979462503976,-0.0013297527632945999,0.0,False
BXDC,20,2026-06-11,2026-06-12,2026-07-14,2026,0.0443535811226087,-0.006385214031222812,0.0,False
CBRS,2,2026-05-15,2026-05-18,2026-06-16,2026,0.2673257352506278,0.10358932924082932,0.0,True
CBRS,5,2026-05-20,2026-05-21,2026-06-22,2026,0.2225628936267444,0.03532596535621283,0.0,True
CBRS,10,2026-05-28,2026-05-29,2026-06-29,2026,0.0684195225570082,0.04692855218059678,0.0,True
CBRS,15,2026-06-04,2026-06-05,2026-07-07,2026,0.1203091074514408,0.017399169752511223,0.0,True
CBRS,20,2026-06-11,2026-06-12,2026-07-14,2026,0.095150860771187,0.04087100210750796,0.0,True
CDNL,15,2025-12-31,2026-01-02,2026-02-02,2026,-0.0462341731731584,-0.031679453180375246,0.0,False
CDNL,20,2026-01-08,2026-01-09,2026-02-09,2026,-0.1609554900080158,-0.0616675568342611,0.0,False
COAG,2,2026-05-04,2026-05-05,2026-06-03,2026,-0.0654673952837022,-0.04864215395596141,0.0,False
COAG,5,2026-05-07,2026-05-08,2026-06-08,2026,-0.0154582915635357,-0.05141985410699796,0.0,False
COAG,10,2026-05-14,2026-05-15,2026-06-15,2026,0.113112191139327,-0.03807299523664648,0.0,False
COAG,15,2026-05-21,2026-05-22,2026-06-23,2026,-0.1912798437618277,0.025806373132614545,0.0,True
DPC,2,2026-06-26,2026-06-29,2026-07-28,2026,0.012354753849984,0.005911534470088608,0.0,True
DPC,5,2026-07-01,2026-07-02,2026-07-31,2026,0.0086958795491325,0.00828402525737748,0.0,True
EIKN,2,2026-02-06,2026-02-09,2026-03-10,2026,0.0613766395046762,-0.03550537850685741,0.0,False
EIKN,5,2026-02-11,2026-02-12,2026-03-13,2026,0.1105139655544884,-0.02747206962737666,0.0,False
EIKN,10,2026-02-19,2026-02-20,2026-03-20,2026,0.1554136007613889,-0.03170398784646684,0.0,False
EIKN,15,2026-02-26,2026-02-27,2026-03-27,2026,0.2086713650360825,-0.03739220153848548,0.0,False
EIKN,20,2026-03-05,2026-03-06,2026-04-06,2026,0.2946398409861369,-0.04111380621142263,0.0,False
ELMT,2,2026-04-24,2026-04-27,2026-05-26,2026,0.0893290429629649,-0.047512258733492,0.0,False
ELMT,5,2026-04-29,2026-04-30,2026-05-29,2026,0.1224192198248049,-0.053574435507601874,0.0,False
ELMT,10,2026-05-06,2026-05-07,2026-06-05,2026,-0.1224065188067849,-0.05020611886248134,0.0,False
ELMT,15,2026-05-13,2026-05-14,2026-06-12,2026,-0.2496970065368166,0.014248463693536864,0.0,True
ELMT,20,2026-05-20,2026-05-21,2026-06-22,2026,-0.3771643226661236,-0.024936938064220232,0.0,False
EQPT,2,2026-01-26,2026-01-27,2026-02-25,2026,-0.001580066911894,-0.05382779981051993,0.0,False
EQPT,5,2026-01-29,2026-01-30,2026-03-02,2026,-0.0179026822184681,-0.06451346332038892,0.0,False
EQPT,10,2026-02-05,2026-02-06,2026-03-09,2026,0.0882346212465226,-0.05849989188216439,0.0,False
EQPT,15,2026-02-12,2026-02-13,2026-03-16,2026,0.1640833892237083,-0.054090413785351496,0.0,False
EQPT,20,2026-02-20,2026-02-23,2026-03-23,2026,0.2783275766618047,-0.05552481672325627,0.0,False
EROC,2,2026-06-11,2026-06-12,2026-07-14,2026,0.3099380890111454,0.03733319597256417,0.0,True
EROC,5,2026-06-16,2026-06-17,2026-07-17,2026,0.2494016256722597,0.028647533827091624,0.0,True
EROC,10,2026-06-24,2026-06-25,2026-07-24,2026,0.2607454238989009,0.020235494871969188,0.0,True
EROC,15,2026-07-01,2026-07-02,2026-07-31,2026,0.2984851606889294,0.025381973767156996,0.0,True
EROK,2,2026-05-15,2026-05-18,2026-06-16,2026,0.0560715597911852,-0.015433277031014426,0.0,False
EROK,5,2026-05-20,2026-05-21,2026-06-22,2026,0.0665997064589237,-0.01904857027625236,0.0,False
EROK,10,2026-05-28,2026-05-29,2026-06-29,2026,-0.0246651658069546,-0.01082549286125093,0.0,False
EROK,15,2026-06-04,2026-06-05,2026-07-07,2026,0.0238798973971329,-0.010307845374171506,0.0,False
EROK,20,2026-06-11,2026-06-12,2026-07-14,2026,-0.0503623270171336,0.011139985689704767,0.0,True
FCBM,2,2026-06-22,2026-06-23,2026-07-22,2026,0.0066889105321404,-0.03813983864758009,0.0,False
FISN,2,2026-06-22,2026-06-23,2026-07-22,2026,0.0356005791651607,0.13010220141930376,0.0,True
FISN,5,2026-06-25,2026-06-26,2026-07-27,2026,0.0482331797902906,0.005701155860379103,0.0,True
FPS,2,2026-02-06,2026-02-09,2026-03-10,2026,-0.1068118530446779,0.011023999416048171,0.0,True
FPS,5,2026-02-11,2026-02-12,2026-03-13,2026,-0.0307798596116041,0.00033833590617919575,0.0,True
FPS,10,2026-02-19,2026-02-20,2026-03-20,2026,-0.0697661008322255,0.002580033700590521,0.0,True
FPS,15,2026-02-26,2026-02-27,2026-03-27,2026,-0.1571890793251347,-0.01176847381109421,0.0,False
FPS,20,2026-03-05,2026-03-06,2026-04-06,2026,-0.0080550374188539,-0.01355025185742232,0.0,False
FRBT,2,2026-06-12,2026-06-15,2026-07-15,2026,-0.0670535806554813,-0.00029578602193340965,0.0,False
FRVO,2,2026-05-14,2026-05-15,2026-06-15,2026,0.0515579387023151,-0.022271397594694986,0.0,False
FRVO,5,2026-05-19,2026-05-20,2026-06-18,2026,0.0683922766300842,-0.0023212391725106244,0.0,False
FRVO,10,2026-05-27,2026-05-28,2026-06-26,2026,0.0568948476777125,0.013062022350235515,0.0,True
FRVO,15,2026-06-03,2026-06-04,2026-07-06,2026,0.2617013236618051,-0.002436887882463308,0.0,False
FRVO,20,2026-06-10,2026-06-11,2026-07-13,2026,0.231695731137545,-0.027437418471544846,0.0,False
GENB,2,2026-03-02,2026-03-03,2026-03-31,2026,-0.0965162348036883,-0.01878329411450492,0.0,False
GENB,5,2026-03-05,2026-03-06,2026-04-06,2026,-0.0441952488876818,-0.03131468198919505,0.0,False
GENB,10,2026-03-12,2026-03-13,2026-04-13,2026,0.0482225606199333,0.018265671895337537,0.0,True
GENB,15,2026-03-19,2026-03-20,2026-04-20,2026,0.0303772176365069,-0.05435904599273588,0.0,False
GENB,20,2026-03-26,2026-03-27,2026-04-27,2026,0.0629975473201207,-0.004814298867886367,0.0,False
GMRS,2,2026-05-14,2026-05-15,2026-06-15,2026,0.1212237502242228,-0.014527700314329272,0.0,False
GMRS,5,2026-05-19,2026-05-20,2026-06-18,2026,-0.0623951404646452,0.03513146772981801,0.0,True
GMRS,10,2026-05-27,2026-05-28,2026-06-26,2026,-0.2891047489824678,0.02426038131269775,0.0,True
GMRS,15,2026-06-03,2026-06-04,2026-07-06,2026,-0.4046450166120796,-0.005343832424887801,0.0,False
GMRS,20,2026-06-10,2026-06-11,2026-07-13,2026,-0.1192988921252506,0.010227323883319121,0.0,True
GMTL,2,2026-03-23,2026-03-24,2026-04-22,2026,-0.3144804784690567,-0.0037769352224242786,0.0,False
GMTL,5,2026-03-26,2026-03-27,2026-04-27,2026,-0.1119265931129024,-0.019849185368340492,0.0,False
HAWK,2,2026-05-08,2026-05-11,2026-06-09,2026,0.2258770112645007,-0.04708521239576486,0.0,False
HAWK,5,2026-05-13,2026-05-14,2026-06-12,2026,0.2685625097706735,-0.03082203497378424,0.0,False
HAWK,10,2026-05-20,2026-05-21,2026-06-22,2026,0.2590395983640103,-0.006780405619433903,0.0,False
HAWK,15,2026-05-28,2026-05-29,2026-06-29,2026,0.2738926794342035,0.01967852015292392,0.0,True
HAWK,20,2026-06-04,2026-06-05,2026-07-07,2026,0.207728459869527,0.0009471007961774983,0.0,True
HMH,2,2026-04-02,2026-04-06,2026-05-04,2026,-0.0704765145488568,-0.08664731843674481,0.0,False
HMH,5,2026-04-08,2026-04-09,2026-05-07,2026,-0.1989167196037673,-0.06882516028570948,0.0,False
HMH,10,2026-04-15,2026-04-16,2026-05-14,2026,-0.1147144441226328,-0.057503224402675225,0.0,False
HMH,15,2026-04-22,2026-04-23,2026-05-21,2026,-0.1288768517191867,-0.0883787541741948,0.0,False
HMH,20,2026-04-29,2026-04-30,2026-05-29,2026,-0.0092440486505197,-0.10541237542287789,0.0,False
INIO,2,2026-06-09,2026-06-10,2026-07-10,2026,0.0128366455376421,0.04292055003083724,0.0,True
INIO,5,2026-06-12,2026-06-15,2026-07-15,2026,0.0599999526546382,0.04869336806301428,0.0,True
INIO,10,2026-06-22,2026-06-23,2026-07-22,2026,0.2776763771441076,0.03867469079119627,0.0,True
INIO,15,2026-06-29,2026-06-30,2026-07-29,2026,0.3561322053591772,0.038885132455209206,0.0,True
JAN,2,2026-03-23,2026-03-24,2026-04-22,2026,0.0766847996494103,-0.0433170601228561,0.0,False
JAN,5,2026-03-26,2026-03-27,2026-04-27,2026,0.0656625988146204,-0.04938202192277949,0.0,False
JAN,10,2026-04-02,2026-04-06,2026-05-04,2026,0.0137076041485817,-0.057888571444339405,0.0,False
JAN,15,2026-04-10,2026-04-13,2026-05-11,2026,-0.1188198436966898,-0.08675938784322901,0.0,False
JAN,20,2026-04-17,2026-04-20,2026-05-18,2026,-0.0298860502611889,-0.06711516688550791,0.0,False
KARD,2,2026-06-22,2026-06-23,2026-07-22,2026,0.0014248766090318,0.04292890521540251,0.0,True
KARD,5,2026-06-25,2026-06-26,2026-07-27,2026,0.0362845764140617,0.031044406478505617,0.0,True
KLRA,2,2026-04-20,2026-04-21,2026-05-19,2026,0.2320541381512199,-0.07174711353904516,0.0,False
KLRA,5,2026-04-23,2026-04-24,2026-05-22,2026,0.1883201925466407,-0.06204032892544282,0.0,False
KLRA,10,2026-04-30,2026-05-01,2026-06-01,2026,0.123399662395904,-0.07807227325718083,0.0,False
KLRA,15,2026-05-07,2026-05-08,2026-06-08,2026,0.0993468476529071,-0.06523188788622539,0.0,False
KLRA,20,2026-05-14,2026-05-15,2026-06-15,2026,0.0440621796589892,0.011961349466938762,0.0,True
LCLN,2,2026-05-21,2026-05-22,2026-06-23,2026,-0.0635770478651664,-0.004703914407845722,0.0,False
LCLN,5,2026-05-27,2026-05-28,2026-06-26,2026,-0.1580447362588158,-0.006095701176787318,0.0,False
LCLN,10,2026-06-03,2026-06-04,2026-07-06,2026,-0.0391330451535059,-0.019134258529424786,0.0,False
LCLN,15,2026-06-10,2026-06-11,2026-07-13,2026,0.1035360869630835,0.010245113176857805,0.0,True
LCLN,20,2026-06-17,2026-06-18,2026-07-20,2026,0.0344934096646081,-0.024221290071692186,0.0,False
LFTO,2,2026-06-05,2026-06-08,2026-07-08,2026,0.1041125331735676,-0.0529703669706808,0.0,False
LFTO,5,2026-06-10,2026-06-11,2026-07-13,2026,0.0394327320928844,-0.05424479299753837,0.0,False
LFTO,10,2026-06-17,2026-06-18,2026-07-20,2026,0.0442473964500584,-0.05404905435025276,0.0,False
LFTO,15,2026-06-25,2026-06-26,2026-07-27,2026,0.0909840779172737,-0.07895637323875415,0.0,False
LIFE,2,2026-01-30,2026-02-02,2026-03-03,2026,0.1143816061071843,-0.01862280661821418,0.0,False
LIFE,5,2026-02-04,2026-02-05,2026-03-06,2026,-0.0513677722068188,-0.0627543324424495,0.0,False
LIFE,10,2026-02-11,2026-02-12,2026-03-13,2026,-0.2767279186003699,-0.14385690619923075,0.0,False
LMRI,15,2026-01-02,2026-01-05,2026-02-03,2026,0.3070282156573022,-0.023504669644158146,0.0,False
LMRI,20,2026-01-09,2026-01-12,2026-02-10,2026,0.1520767767562009,-0.046626150139544735,0.0,False
MAIR,2,2026-04-17,2026-04-20,2026-05-18,2026,-0.1713186574903984,-0.05616557680035491,0.0,False
MAIR,5,2026-04-22,2026-04-23,2026-05-21,2026,-0.0808366981937621,-0.05461949193948657,0.0,False
MAIR,10,2026-04-29,2026-04-30,2026-05-29,2026,-0.1483119319311038,-0.07371744684062373,0.0,False
MAIR,15,2026-05-06,2026-05-07,2026-06-05,2026,-0.0148740258991053,-0.05023936905840334,0.0,False
MAIR,20,2026-05-13,2026-05-14,2026-06-12,2026,0.0514119695088839,-0.03032720774339019,0.0,False
MANE,2,2026-02-05,2026-02-06,2026-03-09,2026,-0.4305736917863125,0.006518362338814003,0.0,True
MANE,5,2026-02-10,2026-02-11,2026-03-12,2026,-0.3751065381070938,0.003396792829079679,0.0,True
MANE,10,2026-02-18,2026-02-19,2026-03-19,2026,-0.2200700128810712,0.00519278380170868,0.0,True
MANE,15,2026-02-25,2026-02-26,2026-03-26,2026,-0.6745911553270181,0.0046849020151876275,0.0,True
MANE,20,2026-03-04,2026-03-05,2026-04-02,2026,-0.3926756990978888,0.018695108701995835,0.0,True
MDLN,10,2025-12-31,2026-01-02,2026-02-02,2026,-0.0844028393478024,-0.037307961960233865,0.0,False
MDLN,15,2026-01-08,2026-01-09,2026-02-09,2026,-0.1702734910627571,-0.06485029160079009,0.0,False
MDLN,20,2026-01-15,2026-01-16,2026-02-17,2026,-0.1203015358381774,-0.0519955570349757,0.0,False
MMED,2,2026-03-09,2026-03-10,2026-04-08,2026,0.2171484010916412,-0.014053587016128665,0.0,False
MMED,5,2026-03-12,2026-03-13,2026-04-13,2026,0.1409982014094889,0.013656893147209805,0.0,True
MMED,10,2026-03-19,2026-03-20,2026-04-20,2026,0.2853380310027896,0.0032739448091306375,0.0,True
MMED,15,2026-03-26,2026-03-27,2026-04-27,2026,0.3651585458485298,-0.026763582672267285,0.0,False
MMED,20,2026-04-02,2026-04-06,2026-05-04,2026,0.3045343556801954,-0.05921878911922147,0.0,False
MOBI,2,2026-05-11,2026-05-12,2026-06-10,2026,-0.1129511205715488,-0.04725398398589077,0.0,False
MWH,2,2026-02-13,2026-02-17,2026-03-17,2026,0.023170533497442,0.0062278636914919906,0.0,True
MWH,5,2026-02-19,2026-02-20,2026-03-20,2026,-0.0152956808368842,0.0069300582114845116,0.0,True
MWH,10,2026-02-26,2026-02-27,2026-03-27,2026,-0.0680088804052691,-0.01360138363497305,0.0,False
MWH,15,2026-03-05,2026-03-06,2026-04-06,2026,-0.0655621729910051,-0.0031588439969131815,0.0,False
MWH,20,2026-03-12,2026-03-13,2026-04-13,2026,-0.1389706696686124,0.02744018874353475,0.0,True
NHP,2,2026-04-23,2026-04-24,2026-05-22,2026,-0.1390081502414302,-0.055972683211909825,0.0,False
NHP,5,2026-04-28,2026-04-29,2026-05-28,2026,-0.0874112930015194,-0.05776721829239515,0.0,False
NHP,10,2026-05-05,2026-05-06,2026-06-04,2026,-0.0712045723787555,-0.09237546186101545,0.0,False
NHP,15,2026-05-12,2026-05-13,2026-06-11,2026,-0.1026890729392125,-0.03729411876034733,0.0,False
NHP,20,2026-05-19,2026-05-20,2026-06-18,2026,0.0276282100953626,-0.005722777248991468,0.0,False
ODTX,2,2026-05-11,2026-05-12,2026-06-10,2026,0.0268170185362252,-0.05136450044000617,0.0,False
ODTX,5,2026-05-14,2026-05-15,2026-06-15,2026,-0.0333924536897251,-0.026694653655003047,0.0,False
ODTX,10,2026-05-21,2026-05-22,2026-06-23,2026,-0.1122835423122272,-0.00582209625007466,0.0,False
ODTX,15,2026-05-29,2026-06-01,2026-06-30,2026,-0.105315498388213,-0.005651064632211348,0.0,False
ODTX,20,2026-06-05,2026-06-08,2026-07-08,2026,0.0304001692072532,-0.034153801937573405,0.0,False
OFRM,2,2026-02-09,2026-02-10,2026-03-11,2026,-0.0428940364262057,0.01982719851080897,0.0,True
OFRM,5,2026-02-12,2026-02-13,2026-03-16,2026,0.0665290018596979,-0.040243206845505565,0.0,False
OFRM,10,2026-02-20,2026-02-23,2026-03-23,2026,0.2028934737498418,-0.02755306146836376,0.0,False
OFRM,15,2026-02-27,2026-03-02,2026-03-30,2026,0.2661174662613397,-0.03068461055241926,0.0,False
OFRM,20,2026-03-06,2026-03-09,2026-04-07,2026,0.1821562975596402,-0.038091839651896595,0.0,False
OPTH,2,2026-05-21,2026-05-22,2026-06-23,2026,0.1809099052844749,0.0030407560154291666,0.0,True
PAYP,2,2026-03-13,2026-03-16,2026-04-14,2026,0.0074909801296282,0.01275908618707372,0.0,True
PAYP,5,2026-03-18,2026-03-19,2026-04-17,2026,-0.0808861890205351,-0.037040844329793036,0.0,False
PAYP,10,2026-03-25,2026-03-26,2026-04-24,2026,0.3063278947727156,-0.05433062092700214,0.0,False
PAYP,15,2026-04-01,2026-04-02,2026-05-01,2026,0.137571826413896,-0.1090082499283546,0.0,False
PAYP,20,2026-04-09,2026-04-10,2026-05-08,2026,0.1661477059024263,-0.11566738163067417,0.0,False
PBLS,2,2026-06-11,2026-06-12,2026-07-14,2026,-0.0500360365196963,0.03428031380376766,0.0,True
PBLS,5,2026-06-16,2026-06-17,2026-07-17,2026,-0.0305147443367567,0.021661915262862784,0.0,True
PBLS,10,2026-06-24,2026-06-25,2026-07-24,2026,-0.1777983035187501,0.02752415871249937,0.0,True
PBLS,15,2026-07-01,2026-07-02,2026-07-31,2026,-0.253831667936825,0.022698594094258662,0.0,True
PICS,2,2026-01-30,2026-02-02,2026-03-03,2026,0.154380508449957,0.010720720186470505,0.0,True
PICS,5,2026-02-04,2026-02-05,2026-03-06,2026,0.097664593655151,-0.014670927289763703,0.0,False
PICS,10,2026-02-11,2026-02-12,2026-03-13,2026,-0.0964466711602387,-0.027917681499012297,0.0,False
PICS,15,2026-02-19,2026-02-20,2026-03-20,2026,0.0490288715384041,0.02536747568881766,0.0,True
PICS,20,2026-02-26,2026-02-27,2026-03-27,2026,0.1812682837296397,0.0068239717582741985,0.0,True
PPHC,2,2026-01-29,2026-01-30,2026-03-02,2026,-0.0381995827896877,-0.029551065830794674,0.0,False
PS,2,2026-04-30,2026-05-01,2026-06-01,2026,-0.2126777996689479,0.008638048855213196,0.0,True
PS,5,2026-05-05,2026-05-06,2026-06-04,2026,-0.1528209524510226,-0.032668271497593854,0.0,False
PS,10,2026-05-12,2026-05-13,2026-06-11,2026,0.3227253929308895,-0.019315113493031076,0.0,False
PS,15,2026-05-19,2026-05-20,2026-06-18,2026,0.1634631219546471,-0.05940015582485488,0.0,False
PS,20,2026-05-27,2026-05-28,2026-06-26,2026,0.0338284225504735,-0.04194956842293703,0.0,False
QNT,2,2026-06-05,2026-06-08,2026-07-08,2026,-0.3198450650533426,0.02852718210849048,0.0,True
QNT,5,2026-06-10,2026-06-11,2026-07-13,2026,-0.2424509364736549,0.02351100837880436,0.0,True
QNT,10,2026-06-17,2026-06-18,2026-07-20,2026,0.0508809231290878,-0.009628332119996115,0.0,False
QNT,15,2026-06-25,2026-06-26,2026-07-27,2026,0.2092007947658312,-0.01835271604854188,0.0,False
REA,2,2026-05-07,2026-05-08,2026-06-08,2026,0.210221208470145,-0.0036519474491376273,0.0,False
REA,5,2026-05-12,2026-05-13,2026-06-11,2026,0.3954767655493274,0.002403333289432245,0.0,True
REA,10,2026-05-19,2026-05-20,2026-06-18,2026,0.2023075022345619,-0.030211222896752325,0.0,False
REA,15,2026-05-27,2026-05-28,2026-06-26,2026,0.2163500383535004,-0.03220114072068369,0.0,False
SBMT,2,2026-05-01,2026-05-04,2026-06-02,2026,0.1784023519653172,-0.03408198013757688,0.0,False
SGP,2,2026-02-09,2026-02-10,2026-03-11,2026,-0.1006989876115582,0.012953138646905817,0.0,True
SHAZ,2,2026-02-19,2026-02-20,2026-03-20,2026,0.1321666318270773,0.018549070466504506,0.0,True
SHAZ,5,2026-02-24,2026-02-25,2026-03-25,2026,0.0909566384670034,0.014697895814132868,0.0,True
SHAZ,10,2026-03-03,2026-03-04,2026-04-01,2026,-0.7224252400754576,-0.04720548495538265,0.0,False
SIND,2,2026-06-29,2026-06-30,2026-07-29,2026,-0.1005601719137794,-0.02403713236124404,0.0,False
SPCX,2,2026-06-15,2026-06-16,2026-07-16,2026,0.3136969554663141,0.02553710459713732,0.0,True
SPCX,5,2026-06-18,2026-06-22,2026-07-21,2026,0.2732805900998099,0.0009258113251430442,0.0,True
SPCX,10,2026-06-26,2026-06-29,2026-07-28,2026,0.2418666194220745,-0.054047601764554525,0.0,False
SPTX,2,2026-05-04,2026-05-05,2026-06-03,2026,0.0446743125777919,-0.051982440787230015,0.0,False
SPTX,5,2026-05-07,2026-05-08,2026-06-08,2026,-0.0522506701356848,-0.061900015152495304,0.0,False
SPTX,10,2026-05-14,2026-05-15,2026-06-15,2026,-0.0449219411595096,-0.01703382180003298,0.0,False
SPTX,15,2026-05-21,2026-05-22,2026-06-23,2026,-0.1687486708431916,-0.007219803180657692,0.0,False
SPTX,20,2026-05-29,2026-06-01,2026-06-30,2026,-0.2423416258723138,0.031077402852025093,0.0,True
SSMR,2,2026-06-05,2026-06-08,2026-07-08,2026,0.1006327666591847,-0.02408493745195335,0.0,False
SSMR,5,2026-06-10,2026-06-11,2026-07-13,2026,0.0572637782860165,-0.03585509969132838,0.0,False
SSMR,10,2026-06-17,2026-06-18,2026-07-20,2026,0.0204687908795925,-0.054563872950136635,0.0,False
SUJA,2,2026-05-08,2026-05-11,2026-06-09,2026,0.0988648274761649,-0.040871115148326004,0.0,False
SUJA,5,2026-05-13,2026-05-14,2026-06-12,2026,0.3524583252328302,-0.0086460503293332,0.0,False
SUJA,10,2026-05-20,2026-05-21,2026-06-22,2026,0.4303576858916459,0.01597083932672142,0.0,True
SUJA,15,2026-05-28,2026-05-29,2026-06-29,2026,0.2829459209690689,0.035387240738061106,0.0,True
SWMR,2,2026-03-18,2026-03-19,2026-04-17,2026,0.4279823418832075,0.07463958476672122,0.0,True
SWMR,5,2026-03-23,2026-03-24,2026-04-22,2026,-0.4049986892531736,0.014172699384686273,0.0,True
SWMR,10,2026-03-30,2026-03-31,2026-04-29,2026,0.3177442857300585,0.017418705205495606,0.0,True
SWMR,15,2026-04-07,2026-04-08,2026-05-06,2026,0.3641957709355854,0.00701788251231679,0.0,True
SWMR,20,2026-04-14,2026-04-15,2026-05-13,2026,0.2933532768771864,-0.03214530215716186,0.0,False
WHK,2,2026-06-10,2026-06-11,2026-07-13,2026,0.0123691264473665,-0.028105435183768044,0.0,False
WHK,5,2026-06-15,2026-06-16,2026-07-16,2026,5.4904872523454246e-05,-0.030148805613766864,0.0,False
WHK,10,2026-06-23,2026-06-24,2026-07-23,2026,0.0112988963185864,-0.02827341871492184,0.0,False
WHK,15,2026-06-30,2026-07-01,2026-07-30,2026,0.0367432228685247,-0.043880850164205495,0.0,False
WLTH,15,2026-01-06,2026-01-07,2026-02-05,2026,0.3351656411512998,-0.03747514543629292,0.0,False
WLTH,20,2026-01-13,2026-01-14,2026-02-12,2026,0.2514163341444053,-0.13735660435862543,0.0,False
XE,2,2026-04-27,2026-04-28,2026-05-27,2026,0.2607215647173764,0.00034470693758084355,0.0,True
XE,5,2026-04-30,2026-05-01,2026-06-01,2026,0.2370851409970635,-0.02841609636047946,0.0,False
XE,10,2026-05-07,2026-05-08,2026-06-08,2026,0.242013996357761,-0.062015780213846,0.0,False
XE,15,2026-05-14,2026-05-15,2026-06-15,2026,0.2793175534615492,-0.00800571992778192,0.0,False
XE,20,2026-05-21,2026-05-22,2026-06-23,2026,0.2004504244651027,0.013350545804174309,0.0,True
YSS,2,2026-01-30,2026-02-02,2026-03-03,2026,0.241705833891436,0.016404910960357028,0.0,True
YSS,5,2026-02-04,2026-02-05,2026-03-06,2026,0.034791009589145,-0.010502964859996144,0.0,False
YSS,10,2026-02-11,2026-02-12,2026-03-13,2026,0.1786756675578998,0.062227218594547794,0.0,True
YSS,15,2026-02-19,2026-02-20,2026-03-20,2026,0.0878906412424678,0.05778254260104084,0.0,True
YSS,20,2026-02-26,2026-02-27,2026-03-27,2026,-0.0653738940672386,0.043139755680667205,0.0,True
YSWY,2,2026-04-23,2026-04-24,2026-05-22,2026,-0.041188381260979,-0.07241272871081805,0.0,False
YSWY,5,2026-04-28,2026-04-29,2026-05-28,2026,0.1557392239851564,-0.06190210512368251,0.0,False
YSWY,10,2026-05-05,2026-05-06,2026-06-04,2026,0.2675191627226148,-0.06422756317680044,0.0,False
YSWY,15,2026-05-12,2026-05-13,2026-06-11,2026,0.0047779757641603,-0.048184121655017155,0.0,False
YSWY,20,2026-05-19,2026-05-20,2026-06-18,2026,0.1021016164939817,-0.0014042864012818674,0.0,False
